1757574235.574875593 -0.025258 0.023096 -0.142721 -0.002182 -0.097310 -0.023912 0.994964
1757574235.614048004 -0.046718 0.026440 -0.163651 0.000487 -0.096322 -0.024139 0.995057
1757574235.693412542 -0.046040 0.016502 -0.148718 0.002872 -0.093849 -0.024296 0.995286
1757574235.730770826 -0.055639 0.015862 -0.166461 0.004253 -0.098617 -0.023575 0.994837
1757574235.811659813 -0.062133 0.017711 -0.178499 0.004592 -0.101412 -0.023393 0.994559
1757574235.854249001 -0.062686 0.022344 -0.191895 0.003467 -0.102160 -0.023870 0.994475
1757574235.937688112 -0.053942 0.029556 -0.179851 0.005445 -0.105679 -0.024080 0.994094
1757574235.981572866 -0.051892 0.030725 -0.178474 0.004355 -0.104965 -0.023963 0.994178
1757574236.064673662 -0.044456 0.034488 -0.176115 0.003425 -0.104143 -0.024126 0.994264
1757574236.106283188 -0.043654 0.034600 -0.172092 0.002794 -0.103011 -0.024489 0.994375
1757574236.191486835 -0.037936 0.036814 -0.170040 0.002588 -0.102356 -0.024971 0.994431
1757574236.236249685 -0.033577 0.034043 -0.152199 0.001841 -0.100521 -0.024827 0.994623
1757574236.314201832 -0.028597 0.033646 -0.143734 0.002202 -0.099726 -0.024661 0.994707
1757574236.351757765 -0.028739 0.032443 -0.142091 0.002390 -0.099040 -0.024431 0.994781
1757574236.427098513 -0.024096 0.032476 -0.139398 0.002263 -0.098433 -0.024037 0.994851
1757574236.464218855 -0.024302 0.032582 -0.137904 0.002010 -0.097753 -0.023802 0.994924
1757574236.545471668 -0.020449 0.032857 -0.136292 0.000539 -0.095517 -0.023968 0.995139
1757574236.582750082 -0.021964 0.033550 -0.135436 0.000209 -0.094987 -0.024107 0.995187
1757574236.663734198 -0.019663 0.034269 -0.135657 0.000217 -0.094835 -0.024137 0.995200
1757574236.703766584 -0.020842 0.032720 -0.133824 0.000609 -0.094387 -0.024026 0.995245
1757574236.778219700 -0.020239 0.032669 -0.133655 0.000716 -0.094408 -0.023970 0.995245
1757574236.817402840 -0.018467 0.027603 -0.138787 -0.001092 -0.095973 -0.023961 0.995095
1757574236.895009518 -0.014352 0.027512 -0.137317 -0.000844 -0.095597 -0.023763 0.995136
1757574236.935365438 -0.014780 0.028064 -0.136954 -0.000580 -0.095186 -0.023818 0.995174
1757574237.013433933 -0.012814 0.027592 -0.136351 -0.000126 -0.095119 -0.023833 0.995181
1757574237.053318024 -0.016341 0.026579 -0.137850 0.000190 -0.095626 -0.023861 0.995131
1757574237.133484364 -0.020533 0.026297 -0.140612 -0.000577 -0.096025 -0.023684 0.995097
1757574237.166526794 -0.023880 0.025933 -0.141362 -0.000527 -0.096363 -0.023536 0.995068
1757574237.240467548 -0.019122 0.027010 -0.140473 -0.000589 -0.095961 -0.023574 0.995106
1757574237.277511120 -0.020852 0.026665 -0.141732 -0.000827 -0.096119 -0.023552 0.995091
1757574237.353777409 -0.018628 0.028139 -0.141781 -0.001376 -0.095688 -0.023662 0.995129
1757574237.391083241 -0.015571 0.031120 -0.139369 0.000084 -0.096363 -0.023591 0.995067
1757574237.471787930 -0.011198 0.031781 -0.138476 -0.000003 -0.095740 -0.023694 0.995124
1757574237.513460875 -0.013716 0.030567 -0.138030 -0.000074 -0.095241 -0.023799 0.995170
1757574237.590484858 -0.011324 0.030118 -0.136865 0.000029 -0.094833 -0.023881 0.995207
1757574237.629219055 -0.011250 0.028823 -0.136444 0.000109 -0.094467 -0.024195 0.995234
1757574237.704477787 -0.014369 0.029775 -0.131012 0.002377 -0.092273 -0.024190 0.995437
1757574237.735975027 -0.019120 0.028418 -0.129985 0.002690 -0.093090 -0.024064 0.995363
1757574237.811860561 -0.024715 0.030822 -0.133660 0.002120 -0.094797 -0.023827 0.995209
1757574237.847906351 -0.028071 0.030519 -0.136209 0.001639 -0.096079 -0.023663 0.995091
1757574237.921194792 -0.030819 0.031783 -0.138489 0.001258 -0.097307 -0.023517 0.994976
1757574237.958162546 -0.035760 0.035099 -0.139999 0.003983 -0.098698 -0.023124 0.994841
1757574238.031959534 -0.034725 0.035870 -0.140127 0.004010 -0.099015 -0.022975 0.994813
1757574238.069430113 -0.033494 0.034723 -0.140173 0.003938 -0.098775 -0.022985 0.994837
1757574238.144914389 -0.026808 0.036881 -0.137784 0.003697 -0.097731 -0.023230 0.994935
1757574238.180956602 -0.024302 0.035872 -0.135622 0.003637 -0.096573 -0.023502 0.995042
1757574238.263339996 -0.027362 0.038220 -0.133093 0.005004 -0.093613 -0.023445 0.995320
1757574238.300080061 -0.029951 0.037447 -0.131608 0.005078 -0.093118 -0.023458 0.995366
1757574238.378867149 -0.027886 0.038852 -0.130726 0.005225 -0.092715 -0.023474 0.995402
1757574238.416900635 -0.027571 0.037239 -0.131072 0.005018 -0.091983 -0.023569 0.995469
1757574238.493182659 -0.022917 0.040770 -0.130819 0.004333 -0.091118 -0.023758 0.995547
1757574238.527717590 -0.023744 0.039686 -0.128379 0.003867 -0.090906 -0.023811 0.995567
1757574238.601721764 -0.021471 0.039180 -0.128483 0.003832 -0.090313 -0.023865 0.995620
1757574238.634326220 -0.024245 0.036638 -0.128784 0.003847 -0.090325 -0.023734 0.995622
1757574238.710397720 -0.026508 0.036747 -0.129897 0.003847 -0.091213 -0.023497 0.995547
1757574238.743032217 -0.031722 0.035252 -0.131643 0.003853 -0.092239 -0.023306 0.995457
1757574238.813744068 -0.029960 0.032595 -0.144471 0.001849 -0.095035 -0.023228 0.995201
1757574238.849297762 -0.031372 0.030916 -0.147340 0.001654 -0.095578 -0.023208 0.995150
1757574238.918990612 -0.030615 0.030548 -0.148371 0.001692 -0.095782 -0.023169 0.995131
1757574238.952644825 -0.029894 0.028740 -0.148512 0.001706 -0.095394 -0.023295 0.995166
1757574239.022812128 -0.028728 0.028612 -0.148916 0.001804 -0.095340 -0.023230 0.995172
1757574239.051102400 -0.028945 0.028498 -0.151181 0.002279 -0.096980 -0.023032 0.995017
1757574239.122854710 -0.029536 0.028899 -0.152562 0.002100 -0.097346 -0.022915 0.994985
1757574239.157974243 -0.033014 0.028543 -0.153922 0.001866 -0.097863 -0.022479 0.994944
1757574239.227543354 -0.032301 0.029783 -0.154868 0.001517 -0.097907 -0.022800 0.994933
1757574239.263044596 -0.032779 0.028927 -0.155748 0.001286 -0.097728 -0.022931 0.994948
1757574239.341274977 -0.026677 0.030394 -0.154537 0.002568 -0.098897 -0.022817 0.994833
1757574239.372553349 -0.028351 0.029221 -0.155827 0.002426 -0.098619 -0.022944 0.994858
1757574239.449738503 -0.024652 0.028442 -0.154620 0.002568 -0.098184 -0.023173 0.994895
1757574239.484940052 -0.025984 0.027352 -0.155158 0.002471 -0.097929 -0.023220 0.994919
1757574239.555869102 -0.025958 0.027602 -0.154768 0.002311 -0.097964 -0.023130 0.994918
1757574239.590344667 -0.028457 0.029333 -0.154627 0.003125 -0.098465 -0.023055 0.994869
1757574239.660376072 -0.025659 0.029820 -0.153671 0.002900 -0.097962 -0.023218 0.994915
1757574239.691359282 -0.025999 0.028801 -0.152468 0.002816 -0.097640 -0.023211 0.994947
1757574239.768479586 -0.024471 0.028667 -0.151770 0.002619 -0.097580 -0.023136 0.994955
1757574239.803817987 -0.024678 0.028416 -0.151126 0.002415 -0.097821 -0.023148 0.994932
1757574239.880673170 -0.026798 0.030095 -0.144876 0.003400 -0.096915 -0.023220 0.995016
1757574239.918097019 -0.030469 0.030098 -0.144960 0.003137 -0.097633 -0.023160 0.994948
1757574239.991723299 -0.027965 0.030991 -0.144969 0.002714 -0.097946 -0.023223 0.994917
1757574240.025724173 -0.027042 0.031208 -0.144774 0.002459 -0.097729 -0.023307 0.994937
1757574240.094916344 -0.023700 0.031882 -0.143792 0.002255 -0.097521 -0.023408 0.994956
1757574240.130771875 -0.026787 0.032013 -0.143603 0.002000 -0.097257 -0.023451 0.994981
1757574240.206384182 -0.024187 0.033296 -0.142344 0.001993 -0.097071 -0.023510 0.994998
1757574240.236597300 -0.026259 0.032424 -0.141679 0.002205 -0.097180 -0.023420 0.994989
1757574240.312343359 -0.024843 0.032934 -0.139937 0.002688 -0.097396 -0.023352 0.994968
1757574240.345667839 -0.025475 0.031545 -0.140220 0.003055 -0.097376 -0.023326 0.994970
1757574240.416428328 -0.025686 0.031341 -0.138782 0.001285 -0.096538 -0.023650 0.995047
1757574240.444999933 -0.026788 0.030787 -0.139067 0.001384 -0.096513 -0.023700 0.995049
1757574240.515335798 -0.025843 0.033947 -0.139904 0.001212 -0.096958 -0.023611 0.995008
1757574240.547317743 -0.027177 0.033531 -0.139884 0.001284 -0.096900 -0.023610 0.995013
1757574240.621718168 -0.023502 0.035114 -0.139556 0.001340 -0.096774 -0.023666 0.995024
1757574240.661014795 -0.026797 0.034109 -0.138566 0.000593 -0.096645 -0.023684 0.995037
1757574240.734648943 -0.025413 0.036047 -0.138605 0.000571 -0.096649 -0.023647 0.995037
1757574240.773824453 -0.026793 0.035363 -0.139246 0.000588 -0.096730 -0.023593 0.995031
1757574240.846088171 -0.023731 0.037093 -0.139228 0.000562 -0.096375 -0.023684 0.995063
1757574240.874743938 -0.024384 0.034652 -0.139320 0.000944 -0.096070 -0.023644 0.995093
1757574240.956164360 -0.020255 0.029715 -0.140864 -0.001342 -0.095859 -0.023822 0.995109
1757574240.991489172 -0.023840 0.028072 -0.143310 -0.001334 -0.096267 -0.023696 0.995073
1757574241.066603422 -0.025437 0.027468 -0.145577 -0.000877 -0.096764 -0.023604 0.995027
1757574241.106651306 -0.027865 0.026532 -0.146966 -0.000668 -0.097071 -0.023474 0.995000
1757574241.182600021 -0.026225 0.027607 -0.149066 -0.000645 -0.096932 -0.023449 0.995015
1757574241.219192266 -0.027162 0.027642 -0.149736 -0.000746 -0.098006 -0.023310 0.994912
1757574241.285286903 -0.027934 0.027660 -0.151392 -0.000789 -0.097957 -0.023275 0.994918
1757574241.317604780 -0.029887 0.027069 -0.152220 -0.000759 -0.097772 -0.023165 0.994939
1757574241.387933969 -0.030265 0.026652 -0.153336 -0.000633 -0.097807 -0.023157 0.994936
1757574241.425041437 -0.031708 0.026379 -0.155288 -0.000781 -0.097439 -0.023144 0.994972
1757574241.501235008 -0.028457 0.027861 -0.155697 0.001056 -0.099232 -0.022954 0.994799
1757574241.537923336 -0.032112 0.026761 -0.158063 0.001037 -0.099350 -0.022886 0.994789
1757574241.615637064 -0.030592 0.026440 -0.158586 0.001058 -0.099024 -0.022880 0.994821
1757574241.655171156 -0.031039 0.026536 -0.159340 0.001006 -0.098544 -0.023075 0.994865
1757574241.723577499 -0.028012 0.027078 -0.158795 0.000825 -0.097552 -0.023222 0.994959
1757574241.760953903 -0.025287 0.031856 -0.139523 0.002227 -0.095455 -0.023574 0.995152
1757574241.837489367 -0.022884 0.032646 -0.136010 0.002758 -0.095074 -0.023608 0.995186
1757574241.878830910 -0.025884 0.031644 -0.134624 0.002915 -0.095064 -0.023588 0.995187
1757574241.952933073 -0.024363 0.032070 -0.133441 0.002912 -0.094828 -0.023566 0.995210
1757574241.991053581 -0.022654 0.032053 -0.132592 0.002889 -0.094202 -0.023693 0.995267
1757574242.070171833 -0.020394 0.032983 -0.133229 0.003662 -0.093793 -0.023684 0.995303
1757574242.105180264 -0.023684 0.032548 -0.133060 0.003646 -0.094037 -0.023677 0.995280
1757574242.181057453 -0.023090 0.033035 -0.132392 0.003752 -0.094183 -0.023614 0.995268
1757574242.215445042 -0.023016 0.031823 -0.132720 0.003775 -0.093941 -0.023613 0.995291
1757574242.291197538 -0.021897 0.031925 -0.132674 0.003865 -0.094192 -0.023569 0.995267
1757574242.330240250 -0.027351 0.031754 -0.136064 0.004541 -0.093154 -0.023531 0.995363
1757574242.404484749 -0.023670 0.032660 -0.136845 0.004356 -0.092669 -0.023559 0.995409
1757574242.442790747 -0.024120 0.034048 -0.137751 0.003885 -0.092636 -0.023571 0.995413
1757574242.510149956 -0.023046 0.036429 -0.139324 0.003292 -0.092822 -0.023615 0.995397
1757574242.550583601 -0.023163 0.036247 -0.140662 0.002891 -0.093042 -0.023701 0.995376
1757574242.620539427 -0.025359 0.033616 -0.146788 0.001906 -0.091795 -0.023643 0.995495
1757574242.650985718 -0.027156 0.031631 -0.147359 0.002057 -0.092124 -0.023610 0.995465
1757574242.723704815 -0.025747 0.031854 -0.148142 0.002166 -0.092752 -0.023673 0.995405
1757574242.761052370 -0.026389 0.031480 -0.149196 0.002318 -0.092967 -0.023585 0.995387
1757574242.830804586 -0.024292 0.031264 -0.149897 0.002692 -0.093429 -0.023545 0.995344
1757574242.865196705 -0.027499 0.028010 -0.163819 0.000187 -0.093538 -0.023635 0.995335
1757574242.940159798 -0.026362 0.028998 -0.164730 0.000021 -0.094196 -0.023617 0.995274
1757574242.974505424 -0.029431 0.029371 -0.164932 -0.000135 -0.094997 -0.023521 0.995200
1757574243.047846794 -0.028044 0.032058 -0.164464 -0.000369 -0.095608 -0.023600 0.995139
1757574243.085061550 -0.029468 0.031306 -0.163942 -0.000492 -0.096243 -0.023501 0.995080
1757574243.157908916 -0.027141 0.032628 -0.161370 -0.000809 -0.095444 -0.023621 0.995154
1757574243.196804285 -0.026093 0.032527 -0.159874 -0.000978 -0.095461 -0.023631 0.995152
1757574243.272459745 -0.020736 0.029263 -0.155085 0.000748 -0.094967 -0.023698 0.995198
1757574243.307731628 -0.019216 0.021766 -0.149883 0.003130 -0.094288 -0.023263 0.995268
1757574243.386937380 -0.015356 0.016975 -0.144748 0.005024 -0.093978 -0.021311 0.995333
1757574243.426285028 -0.011036 0.020050 -0.136411 0.007359 -0.092613 -0.018406 0.995505
1757574243.502612352 -0.009226 0.022359 -0.133608 0.007605 -0.092453 -0.015344 0.995570
1757574243.534833193 -0.013534 0.025388 -0.133887 0.006561 -0.092834 -0.013739 0.995565
1757574243.613839388 -0.014745 0.033129 -0.135948 0.005026 -0.093268 -0.012550 0.995549
1757574243.644672632 -0.018409 0.032365 -0.137421 0.004114 -0.094260 -0.012320 0.995463
1757574243.710917711 -0.033701 0.031236 -0.139332 0.003089 -0.096773 -0.013265 0.995213
1757574243.745503664 -0.034394 0.029150 -0.140482 0.002913 -0.096996 -0.013924 0.995183
1757574243.821560383 -0.035175 0.029713 -0.143729 0.002988 -0.097993 -0.014922 0.995071
1757574243.854233742 -0.038054 0.028130 -0.145734 0.003274 -0.099206 -0.016974 0.994917
1757574243.927518129 -0.034831 0.030474 -0.145276 0.003577 -0.099607 -0.019648 0.994826
1757574243.963685513 -0.034190 0.026517 -0.150293 -0.000723 -0.099244 -0.023057 0.994796
1757574244.037115812 -0.032793 0.028008 -0.150956 -0.000918 -0.099569 -0.023777 0.994746
1757574244.069121122 -0.031961 0.028771 -0.149558 -0.001041 -0.099031 -0.023619 0.994803
1757574244.140316725 -0.027370 0.032297 -0.148768 -0.001261 -0.098665 -0.023809 0.994835
1757574244.177151680 -0.025649 0.031487 -0.147611 -0.001386 -0.097749 -0.023557 0.994931
1757574244.253929853 -0.028627 0.033809 -0.145796 -0.000631 -0.095689 -0.023633 0.995130
1757574244.291449785 -0.030238 0.033838 -0.145698 -0.000721 -0.095755 -0.023718 0.995122
1757574244.363239288 -0.027432 0.036204 -0.146703 -0.000811 -0.095274 -0.023656 0.995170
1757574244.402973175 -0.028740 0.034983 -0.146913 -0.000786 -0.095350 -0.023495 0.995166
1757574244.475543499 -0.026045 0.034864 -0.146733 -0.000505 -0.094908 -0.023529 0.995208
1757574244.512570858 -0.028311 0.029867 -0.148217 -0.001311 -0.094747 -0.023269 0.995228
1757574244.582041264 -0.025392 0.029609 -0.148810 -0.000923 -0.094100 -0.023294 0.995290
1757574244.616020441 -0.024540 0.027920 -0.148643 -0.000578 -0.093941 -0.023473 0.995301
1757574244.685840845 -0.025927 0.026416 -0.150284 -0.000064 -0.094517 -0.023611 0.995243
1757574244.719541788 -0.027481 0.025032 -0.151218 0.000069 -0.094979 -0.023696 0.995197
1757574244.794476986 -0.021935 0.026783 -0.142902 -0.000568 -0.094150 -0.024160 0.995265
1757574244.829472303 -0.019413 0.025418 -0.142631 -0.000496 -0.093613 -0.024334 0.995311
1757574244.896654129 -0.015695 0.024644 -0.142082 -0.000231 -0.093186 -0.024500 0.995347
1757574244.926955938 -0.017331 0.022588 -0.142940 0.000079 -0.093417 -0.024980 0.995314
1757574245.003700018 -0.021725 0.022630 -0.145075 0.000270 -0.094297 -0.024877 0.995233
1757574245.044657469 -0.023680 0.026104 -0.134852 0.002533 -0.095209 -0.023858 0.995168
1757574245.117245436 -0.026316 0.027452 -0.137339 0.002899 -0.095661 -0.023699 0.995128
1757574245.149811983 -0.026413 0.027247 -0.137822 0.002853 -0.095742 -0.023727 0.995119
1757574245.220843554 -0.027293 0.029640 -0.140162 0.002655 -0.096141 -0.023706 0.995082
1757574245.252598524 -0.028572 0.029524 -0.141391 0.002492 -0.096416 -0.023690 0.995056
1757574245.325892687 -0.029140 0.033691 -0.143393 0.000187 -0.097941 -0.023880 0.994906
1757574245.360625982 -0.035599 0.036455 -0.150369 -0.000905 -0.099711 -0.023802 0.994731
1757574245.435294628 -0.034895 0.038479 -0.151413 -0.000957 -0.100019 -0.023756 0.994701
1757574245.471698999 -0.030880 0.032120 -0.146422 -0.000375 -0.099224 -0.023738 0.994782
1757574245.541794538 -0.024281 0.029060 -0.140827 0.000454 -0.098284 -0.023861 0.994872
1757574245.577497244 -0.027765 0.025310 -0.145429 -0.000788 -0.095846 -0.023994 0.995107
1757574245.655822039 -0.026616 0.027292 -0.145387 -0.000931 -0.096016 -0.023986 0.995090
1757574245.690968990 -0.028354 0.027785 -0.145473 -0.001204 -0.096023 -0.023953 0.995090
1757574245.765223265 -0.026899 0.032307 -0.146350 -0.001887 -0.095557 -0.024074 0.995131
1757574245.795071840 -0.029367 0.031215 -0.147126 -0.002490 -0.095651 -0.024082 0.995121
1757574245.869537830 -0.027331 0.040273 -0.146748 -0.000191 -0.096714 -0.023576 0.995033
1757574245.902927637 -0.028262 0.037598 -0.146168 -0.000486 -0.096384 -0.023615 0.995064
1757574245.973874092 -0.029146 0.037342 -0.146969 -0.000632 -0.096686 -0.023549 0.995036
1757574246.005177021 -0.034456 0.034076 -0.148145 -0.000708 -0.097211 -0.023385 0.994989
1757574246.083008051 -0.032428 0.035453 -0.148159 -0.000645 -0.096680 -0.023476 0.995038
1757574246.114212275 -0.028354 0.030583 -0.145988 -0.002096 -0.097268 -0.023664 0.994975
1757574246.184882879 -0.026642 0.032718 -0.147107 -0.002978 -0.096866 -0.023766 0.995009
1757574246.220863581 -0.028556 0.031160 -0.147557 -0.002901 -0.096521 -0.023772 0.995043
1757574246.303590775 -0.027602 0.035031 -0.148307 -0.003094 -0.096209 -0.023767 0.995073
1757574246.339026213 -0.030431 0.032324 -0.149142 -0.003051 -0.096117 -0.023656 0.995084
1757574246.415296078 -0.030423 0.030966 -0.146542 -0.004405 -0.096966 -0.023470 0.995001
1757574246.450333357 -0.034700 0.030507 -0.148231 -0.004455 -0.097181 -0.022911 0.994993
1757574246.526850224 -0.037397 0.035253 -0.150226 -0.004617 -0.097254 -0.022185 0.995002
1757574246.559628725 -0.038261 0.032653 -0.149377 -0.004444 -0.096968 -0.022045 0.995033
1757574246.636565924 -0.037363 0.033363 -0.148810 -0.004023 -0.096748 -0.021742 0.995063
1757574246.673660994 -0.036630 0.031737 -0.151038 -0.003263 -0.097627 -0.021616 0.994983
1757574246.750660896 -0.030837 0.032111 -0.149377 -0.002871 -0.097098 -0.022172 0.995024
1757574246.783904791 -0.031545 0.029092 -0.147754 -0.002429 -0.097085 -0.022598 0.995017
1757574246.858200550 -0.029577 0.029945 -0.147814 -0.002197 -0.097402 -0.023282 0.994970
1757574246.892493248 -0.025638 0.029355 -0.146527 -0.002043 -0.097083 -0.025540 0.994946
1757574246.967947960 -0.018646 0.023811 -0.148052 -0.002471 -0.098379 -0.027900 0.994755
1757574246.995317698 -0.018662 0.020319 -0.147878 -0.002581 -0.098253 -0.029473 0.994722
1757574247.070440292 -0.013909 0.020977 -0.147649 -0.002908 -0.098225 -0.030768 0.994684
1757574247.104184151 -0.016586 0.020172 -0.147186 -0.002686 -0.097424 -0.030067 0.994785
1757574247.170077324 -0.015416 0.014329 -0.144734 -0.000940 -0.095948 -0.028117 0.994989
1757574247.208256006 -0.010233 0.007561 -0.146435 -0.000509 -0.093118 -0.024879 0.995344
1757574247.282889843 -0.007560 0.001060 -0.143751 0.001507 -0.091319 -0.022026 0.995577
1757574247.316674471 -0.010772 0.006477 -0.143788 0.002371 -0.090808 -0.021058 0.995643
1757574247.387435436 -0.009142 0.002378 -0.144187 0.002440 -0.091358 -0.023368 0.995541
1757574247.421443224 -0.002902 0.007292 -0.143246 0.001493 -0.091514 -0.027833 0.995414
1757574247.493949652 0.006338 0.021251 -0.129388 0.001635 -0.090680 -0.029714 0.995435
1757574247.530747175 -0.007653 0.031242 -0.136177 0.000492 -0.091742 -0.027277 0.995409
1757574247.608461618 -0.026474 0.041478 -0.144178 -0.000654 -0.094510 -0.024357 0.995226
1757574247.642310381 -0.031952 0.038910 -0.154080 -0.001842 -0.097284 -0.024790 0.994946
1757574247.710494757 -0.039634 0.041680 -0.162287 -0.002685 -0.099815 -0.024919 0.994690
1757574247.746381998 -0.040165 0.039496 -0.161861 -0.002158 -0.103935 -0.024703 0.994275
1757574247.815207005 -0.042353 0.038299 -0.165112 -0.002362 -0.105177 -0.024288 0.994154
1757574247.847031593 -0.042316 0.035760 -0.163622 -0.002126 -0.105464 -0.024251 0.994125
1757574247.925615788 -0.038899 0.036360 -0.160024 -0.001900 -0.105011 -0.023879 0.994183
1757574247.965457201 -0.036103 0.035179 -0.153654 -0.001660 -0.103696 -0.023889 0.994321
1757574248.039432526 -0.039735 0.039529 -0.143477 -0.000339 -0.101414 -0.023050 0.994577
1757574248.071739674 -0.037825 0.038006 -0.142385 -0.000281 -0.099817 -0.023073 0.994738
1757574248.147978306 -0.028928 0.039480 -0.141909 -0.000462 -0.098335 -0.023266 0.994881
1757574248.186255217 -0.026696 0.036864 -0.142862 -0.000492 -0.096767 -0.022917 0.995043
1757574248.260200024 -0.019798 0.036824 -0.143294 -0.000363 -0.095194 -0.022605 0.995202
1757574248.298460722 -0.018767 0.033078 -0.146793 -0.000325 -0.093211 -0.023716 0.995364
1757574248.372457266 -0.009557 0.028930 -0.148276 -0.000260 -0.092212 -0.025672 0.995408
1757574248.403218031 -0.008343 0.022528 -0.150425 -0.000435 -0.091697 -0.027159 0.995416
1757574248.476416111 -0.001520 0.014736 -0.149273 0.000052 -0.091821 -0.029621 0.995335
1757574248.505139828 -0.001355 0.005883 -0.148198 0.000487 -0.092453 -0.032028 0.995202
1757574248.579474449 0.002513 0.011503 -0.138547 -0.001161 -0.091812 -0.035309 0.995150
1757574248.610979795 -0.001673 0.015769 -0.141716 -0.002906 -0.092540 -0.035207 0.995082
1757574248.676914215 -0.005893 0.031279 -0.148284 -0.005642 -0.092529 -0.033114 0.995143
1757574248.712668419 -0.011238 0.038604 -0.152935 -0.006701 -0.091630 -0.028121 0.995373
1757574248.786574125 -0.023102 0.027881 -0.151996 -0.005224 -0.091458 -0.023174 0.995526
1757574248.822741747 -0.015577 0.015599 -0.152797 -0.002683 -0.091787 -0.018806 0.995597
1757574248.889385223 -0.022259 0.004452 -0.152796 -0.000195 -0.092782 -0.016150 0.995555
1757574248.926669121 -0.029214 0.003299 -0.153628 0.001159 -0.094246 -0.015539 0.995427
1757574248.998343229 -0.033567 0.002237 -0.154975 0.001688 -0.095952 -0.017737 0.995226
1757574249.026074886 -0.034286 0.009473 -0.157140 0.001553 -0.097142 -0.021015 0.995047
1757574249.099453449 -0.032605 0.017270 -0.145899 0.004444 -0.097633 -0.025851 0.994877
1757574249.137978554 -0.019558 0.031244 -0.144941 0.003587 -0.097102 -0.030129 0.994812
1757574249.211610079 -0.004083 0.044278 -0.140898 0.002493 -0.095661 -0.032774 0.994871
1757574249.247651339 -0.007749 0.048546 -0.141452 0.001375 -0.095315 -0.033389 0.994886
1757574249.321041822 -0.018215 0.053001 -0.149716 0.000283 -0.097401 -0.032644 0.994710
1757574249.358732700 -0.026436 0.049638 -0.144858 0.000179 -0.100167 -0.031503 0.994472
1757574249.436750889 -0.032692 0.050954 -0.149880 -0.000099 -0.102173 -0.031568 0.994266
1757574249.472249985 -0.036151 0.044307 -0.153447 -0.000252 -0.103519 -0.031830 0.994118
1757574249.548523903 -0.037977 0.043990 -0.154036 -0.000195 -0.104144 -0.031462 0.994064
1757574249.585624695 -0.040668 0.039665 -0.153386 -0.000102 -0.103800 -0.029861 0.994150
1757574249.665920019 -0.043920 0.028638 -0.148322 -0.001417 -0.103788 -0.028177 0.994199
1757574249.702757835 -0.040764 0.024422 -0.153292 -0.001480 -0.102279 -0.027747 0.994368
1757574249.774582863 -0.016112 0.009537 -0.155019 -0.000596 -0.099022 -0.031389 0.994590
1757574249.808367252 -0.001226 0.001193 -0.156681 0.000132 -0.095840 -0.034431 0.994801
1757574249.883047581 0.022185 -0.009210 -0.158466 0.000648 -0.093091 -0.037758 0.994941
1757574249.913055658 0.015903 -0.015260 -0.163375 0.003124 -0.088253 -0.040805 0.995257
1757574249.986272097 0.026021 -0.015067 -0.165873 0.002449 -0.086382 -0.042485 0.995353
1757574250.023089647 0.020981 -0.011313 -0.165215 0.000570 -0.086447 -0.042493 0.995350
1757574250.092887163 0.015361 0.004644 -0.164032 -0.001532 -0.086974 -0.039821 0.995413
1757574250.129752398 0.008349 0.011029 -0.160200 -0.000314 -0.087019 -0.032774 0.995667
1757574250.202095509 0.012210 0.012617 -0.139616 0.001290 -0.087120 -0.024538 0.995895
1757574250.237021923 0.006097 0.014702 -0.138216 0.003967 -0.089058 -0.017588 0.995863
1757574250.303907633 0.007539 0.008877 -0.134831 0.007033 -0.087798 -0.010083 0.996062
1757574250.339532852 0.008835 0.009486 -0.130294 0.009704 -0.087415 -0.004870 0.996113
1757574250.411054850 0.005554 0.012039 -0.127751 0.010412 -0.088979 -0.003927 0.995971
1757574250.446832657 -0.020890 0.002525 -0.124244 0.009095 -0.093682 -0.009413 0.995516
1757574250.512443781 -0.025357 0.023747 -0.140065 0.004662 -0.096757 -0.016355 0.995163
1757574250.544107676 -0.027663 0.037340 -0.154410 -0.000230 -0.098947 -0.019589 0.994900
1757574250.619656086 -0.022460 0.058349 -0.159415 -0.002031 -0.099396 -0.026054 0.994705
1757574250.652497292 -0.033940 0.051577 -0.171817 -0.002861 -0.102552 -0.026417 0.994373
1757574250.724025011 -0.047391 0.047393 -0.165758 -0.001936 -0.102827 -0.026630 0.994341
1757574250.758948803 -0.046375 0.041194 -0.163865 -0.001107 -0.103384 -0.026946 0.994276
1757574250.833737850 -0.045041 0.037410 -0.160463 -0.000190 -0.103482 -0.026785 0.994271
1757574250.860367060 -0.044590 0.033344 -0.159566 0.000468 -0.103316 -0.026263 0.994302
1757574250.932104349 -0.037063 0.031646 -0.151693 0.001104 -0.101913 -0.025225 0.994473
1757574250.962470293 -0.039857 0.031704 -0.146668 0.001082 -0.101114 -0.023418 0.994599
1757574251.032556534 -0.031288 0.036157 -0.150444 0.000771 -0.099156 -0.022308 0.994821
1757574251.069169760 -0.031419 0.037687 -0.150862 0.000255 -0.098279 -0.022432 0.994906
1757574251.142628670 -0.029421 0.040909 -0.152609 -0.000198 -0.097943 -0.022645 0.994934
1757574251.172032595 -0.030572 0.038933 -0.150336 -0.000135 -0.097902 -0.022692 0.994937
1757574251.246627331 -0.030037 0.038814 -0.155543 -0.000774 -0.095020 -0.022729 0.995216
1757574251.280613422 -0.028661 0.035826 -0.154058 -0.000267 -0.094593 -0.022809 0.995255
1757574251.346891880 -0.027333 0.033256 -0.151590 0.000483 -0.094674 -0.022815 0.995247
1757574251.372095585 -0.029551 0.030160 -0.149582 0.001219 -0.095131 -0.022874 0.995201
1757574251.450469494 -0.031093 0.031665 -0.146972 0.001489 -0.095926 -0.022920 0.995123
1757574251.486406326 -0.032841 0.029474 -0.148391 -0.001318 -0.094952 -0.023301 0.995208
1757574251.565623999 -0.028821 0.029323 -0.147868 -0.001340 -0.095127 -0.023863 0.995178
1757574251.600956440 -0.029109 0.027368 -0.148942 -0.001284 -0.094943 -0.023974 0.995193
1757574251.672437191 -0.023156 0.025710 -0.148926 -0.001041 -0.094269 -0.024476 0.995245
1757574251.703325748 -0.020566 0.019330 -0.151475 -0.000645 -0.093389 -0.025864 0.995294
1757574251.776676178 -0.017084 0.014865 -0.151819 0.001194 -0.092172 -0.026996 0.995376
1757574251.807846546 -0.017099 0.010213 -0.151272 0.002101 -0.091862 -0.028094 0.995373
1757574251.883556366 -0.012343 0.001792 -0.150169 0.002543 -0.091930 -0.030695 0.995289
1757574251.917442799 -0.011953 -0.003814 -0.149626 0.002491 -0.091964 -0.033873 0.995183
1757574251.993296623 -0.009937 -0.008736 -0.146813 0.002186 -0.092376 -0.036919 0.995037
1757574252.029752970 -0.007106 0.001614 -0.139122 0.001885 -0.095862 -0.038917 0.994632
1757574252.104711294 -0.007879 0.002422 -0.139851 0.002015 -0.096620 -0.039819 0.994523
1757574252.138016701 -0.008505 0.002204 -0.141495 0.002168 -0.096572 -0.039552 0.994537
1757574252.213560820 -0.008511 0.003235 -0.141780 0.002520 -0.096814 -0.038815 0.994542
1757574252.251639843 -0.010742 0.006822 -0.143221 0.002379 -0.096672 -0.037583 0.994604
1757574252.327994823 -0.011150 0.011956 -0.147708 0.002563 -0.094535 -0.035212 0.994895
1757574252.361753702 -0.014459 0.016339 -0.147721 0.002263 -0.094451 -0.032977 0.994981
1757574252.436804295 -0.010855 0.022037 -0.148778 0.001747 -0.094040 -0.031173 0.995079
1757574252.470029116 -0.005778 0.020473 -0.148822 0.001400 -0.093072 -0.031403 0.995163
1757574252.537603140 0.004552 0.015160 -0.147765 0.001727 -0.091836 -0.033203 0.995219
1757574252.572306633 0.002936 0.012443 -0.142714 0.000985 -0.089124 -0.034263 0.995431
1757574252.649271250 0.002911 0.014408 -0.140710 0.000591 -0.089178 -0.033951 0.995437
1757574252.681552172 -0.000894 0.017670 -0.141350 -0.000229 -0.089528 -0.032996 0.995438
1757574252.760267973 -0.003999 0.022797 -0.142779 -0.001054 -0.089879 -0.031683 0.995448
1757574252.796251774 -0.005239 0.024830 -0.143161 -0.001189 -0.089568 -0.029521 0.995542
1757574252.866758585 -0.000397 0.021278 -0.142710 -0.000977 -0.089155 -0.026467 0.995666
1757574252.905755997 0.003589 0.013263 -0.139940 0.002198 -0.087811 -0.022294 0.995885
1757574252.979544640 0.008330 0.002471 -0.135738 0.006278 -0.086293 -0.018060 0.996086
1757574253.009905338 0.004873 0.005656 -0.133275 0.009332 -0.085780 -0.017057 0.996124
1757574253.083991528 0.010055 0.007738 -0.132379 0.009083 -0.085254 -0.018849 0.996140
1757574253.118867159 0.004751 0.009251 -0.097018 0.010381 -0.084891 -0.018002 0.996173
1757574253.193562269 0.006261 0.014177 -0.104359 0.007381 -0.086034 -0.015413 0.996146
1757574253.228485823 -0.007302 0.027020 -0.118020 0.004933 -0.088222 -0.018670 0.995914
1757574253.306032658 -0.018320 0.044991 -0.137814 0.002503 -0.091278 -0.022405 0.995570
1757574253.340727568 -0.031838 0.043873 -0.161930 0.001047 -0.096286 -0.025010 0.995039
1757574253.407656431 -0.045617 0.046418 -0.191814 -0.001060 -0.101909 -0.026913 0.994429
1757574253.441469431 -0.048763 0.045682 -0.206291 -0.001228 -0.104508 -0.027967 0.994130
1757574253.513924122 -0.044453 0.047008 -0.207923 -0.001807 -0.104771 -0.028454 0.994088
1757574253.548197508 -0.039981 0.041931 -0.196731 -0.001088 -0.104074 -0.027933 0.994177
1757574253.621917725 -0.024989 0.043111 -0.175232 -0.001128 -0.101999 -0.027555 0.994402
1757574253.659327269 -0.029979 0.031872 -0.157901 -0.001169 -0.101503 -0.025934 0.994496
1757574253.732212782 -0.021052 0.032661 -0.151945 -0.001123 -0.099762 -0.025200 0.994692
1757574253.763607740 -0.017974 0.031760 -0.145326 -0.000969 -0.097891 -0.025037 0.994882
1757574253.833316088 -0.001195 0.041744 -0.135973 -0.000556 -0.095609 -0.028401 0.995014
1757574253.870068789 0.013029 0.047938 -0.125102 0.000431 -0.093842 -0.033278 0.995031
1757574253.946544409 0.023530 0.048794 -0.131253 0.004252 -0.090505 -0.039087 0.995120
1757574253.984097242 0.028738 0.047646 -0.126927 0.005298 -0.089664 -0.042998 0.995029
1757574254.057097912 0.036528 0.047337 -0.123811 0.005667 -0.089752 -0.046013 0.994885
1757574254.091731787 0.033550 0.049827 -0.127146 0.004872 -0.090185 -0.047809 0.994765
1757574254.167070150 0.030769 0.052952 -0.132472 0.003168 -0.090908 -0.047265 0.994732
1757574254.200848579 0.011082 0.066029 -0.142656 0.000260 -0.090396 -0.044698 0.994902
1757574254.277851820 0.007974 0.046678 -0.139573 0.001188 -0.090156 -0.036683 0.995251
1757574254.309728622 0.006327 0.024174 -0.135566 0.003406 -0.090611 -0.027768 0.995493
1757574254.384993076 -0.004017 0.000098 -0.133581 0.006590 -0.091491 -0.022263 0.995535
1757574254.421249628 0.003302 -0.011939 -0.126409 0.009321 -0.090976 -0.017007 0.995664
1757574254.497643709 0.010101 -0.034095 -0.113097 0.010666 -0.092119 -0.011168 0.995628
1757574254.534945011 -0.005209 -0.033684 -0.124673 0.010283 -0.094847 -0.009251 0.995396
1757574254.605619431 -0.024606 -0.017918 -0.138802 0.007754 -0.097159 -0.012391 0.995162
1757574254.643694878 -0.032966 0.023639 -0.140313 0.004838 -0.096728 -0.021198 0.995073
1757574254.717950106 -0.024276 0.052582 -0.139238 0.002655 -0.095970 -0.026342 0.995032
1757574254.752565861 -0.027807 0.055213 -0.162764 0.001191 -0.096063 -0.026946 0.995010
1757574254.824995995 -0.034697 0.066693 -0.177690 0.000575 -0.097532 -0.028141 0.994834
1757574254.857121229 -0.043725 0.063019 -0.202058 -0.000691 -0.100796 -0.028929 0.994486
1757574254.924708366 -0.054763 0.070233 -0.226315 -0.001475 -0.104043 -0.030084 0.994117
1757574254.959663391 -0.056450 0.066977 -0.231397 -0.001332 -0.104660 -0.030623 0.994036
1757574255.041571856 -0.050556 0.050419 -0.189666 -0.000222 -0.105827 -0.030254 0.993924
1757574255.077322006 -0.044032 0.044391 -0.176434 0.000950 -0.103409 -0.029609 0.994198
1757574255.151792049 -0.032253 0.044521 -0.161185 0.001678 -0.100452 -0.028590 0.994530
1757574255.187354565 -0.029681 0.041639 -0.151526 0.001748 -0.098165 -0.025594 0.994839
1757574255.263876200 -0.019748 0.038344 -0.141769 0.002103 -0.096098 -0.023563 0.995091
1757574255.299737215 -0.013593 0.037940 -0.135263 0.001752 -0.095168 -0.022876 0.995197
1757574255.375307322 -0.007460 0.037652 -0.131830 0.002378 -0.094299 -0.023453 0.995265
1757574255.411961794 -0.012554 0.034475 -0.130437 0.002926 -0.094185 -0.023485 0.995273
1757574255.485317707 -0.016036 0.035354 -0.131902 0.002973 -0.094878 -0.023403 0.995209
1757574255.520621538 -0.023055 0.033716 -0.134677 0.002875 -0.096112 -0.023421 0.995091
1757574255.595979214 -0.025162 0.034951 -0.144180 0.000686 -0.095320 -0.024264 0.995151
1757574255.633347034 -0.024020 0.034102 -0.144459 0.000547 -0.095049 -0.025151 0.995155
1757574255.706636667 -0.017964 0.033052 -0.142056 0.001131 -0.094800 -0.026413 0.995145
1757574255.739241123 -0.013351 0.030368 -0.139458 0.001952 -0.093791 -0.027619 0.995207
1757574255.814149141 -0.000070 0.029767 -0.136247 0.002899 -0.092070 -0.029173 0.995321
1757574255.852516651 -0.002965 0.031062 -0.131032 0.004533 -0.089877 -0.031271 0.995451
1757574255.927691698 0.009799 0.035432 -0.126816 0.004572 -0.088774 -0.034214 0.995453
1757574255.961080074 0.013916 0.039396 -0.126514 0.004046 -0.088477 -0.037115 0.995378
1757574256.034604788 0.015276 0.044732 -0.129978 0.002853 -0.088909 -0.038497 0.995291
1757574256.066512346 0.010759 0.047305 -0.134704 0.001001 -0.089952 -0.038858 0.995187
1757574256.138856649 0.001969 0.055140 -0.137849 0.000136 -0.089487 -0.035056 0.995371
1757574256.170431614 0.001102 0.036712 -0.137000 0.001611 -0.089552 -0.027288 0.995607
1757574256.244858980 -0.002660 0.009281 -0.131382 0.005250 -0.089747 -0.019737 0.995755
1757574256.275722265 -0.005045 -0.006685 -0.127991 0.008697 -0.090171 -0.014198 0.995787
1757574256.349379063 -0.013812 -0.021605 -0.130256 0.011223 -0.091926 -0.011551 0.995636
1757574256.387979507 -0.007009 -0.022105 -0.112005 0.014556 -0.093920 -0.011951 0.995402
1757574256.458793163 -0.018669 -0.003300 -0.124206 0.012855 -0.095631 -0.015942 0.995206
1757574256.488220215 -0.026543 0.028858 -0.134074 0.009451 -0.096254 -0.022845 0.995050
1757574256.560560942 -0.019741 0.070820 -0.142546 0.004277 -0.095535 -0.031509 0.994918
1757574256.588620186 -0.025010 0.078039 -0.152688 0.002413 -0.095624 -0.035478 0.994782
1757574256.665766478 -0.020539 0.078152 -0.164025 -0.000119 -0.098211 -0.033264 0.994610
1757574256.693876982 -0.029053 0.064662 -0.179910 -0.001555 -0.100616 -0.031786 0.994416
1757574256.767521858 -0.040838 0.068089 -0.198676 -0.002519 -0.103256 -0.031886 0.994140
1757574256.797034740 -0.043542 0.061461 -0.204370 -0.002834 -0.104363 -0.031578 0.994034
1757574256.871461630 -0.042964 0.052344 -0.202335 -0.002794 -0.104452 -0.029681 0.994083
1757574256.906088114 -0.037944 0.039048 -0.185399 -0.003508 -0.104697 -0.027814 0.994109
1757574256.976155996 -0.032161 0.039950 -0.173776 -0.002495 -0.102715 -0.027642 0.994324
1757574257.006549597 -0.033417 0.036457 -0.166154 -0.001733 -0.100205 -0.026576 0.994610
1757574257.080110788 -0.016658 0.032444 -0.148896 -0.000074 -0.096704 -0.025612 0.994984
1757574257.111663818 -0.011907 0.032188 -0.137382 0.001159 -0.093462 -0.025159 0.995304
1757574257.191452980 0.001823 0.031675 -0.137280 0.001121 -0.090114 -0.025521 0.995604
1757574257.227707148 -0.001060 0.031912 -0.137597 0.001169 -0.089419 -0.026476 0.995641
1757574257.305034399 -0.000837 0.032267 -0.135604 0.001899 -0.089737 -0.027741 0.995577
1757574257.342579126 -0.004127 0.030286 -0.135488 0.002214 -0.090089 -0.028651 0.995519
1757574257.418688059 -0.001591 0.031616 -0.136255 0.002316 -0.090861 -0.030264 0.995401
1757574257.457047224 -0.002206 0.041170 -0.128055 0.003565 -0.090375 -0.033244 0.995346
1757574257.526720285 0.001059 0.045186 -0.127192 0.004433 -0.090995 -0.036167 0.995185
1757574257.561780453 -0.000418 0.049074 -0.129862 0.004476 -0.091355 -0.038942 0.995047
1757574257.631241798 0.002525 0.056422 -0.131104 0.004052 -0.091593 -0.041589 0.994919
1757574257.665328741 0.000140 0.055213 -0.135665 0.003253 -0.092217 -0.042884 0.994810
1757574257.736397266 -0.005507 0.066473 -0.144775 0.004008 -0.093755 -0.043227 0.994648
1757574257.761868954 -0.011097 0.065263 -0.148608 0.002480 -0.093900 -0.042734 0.994661
1757574257.835114956 -0.004559 0.058607 -0.148632 0.001087 -0.093254 -0.039821 0.994845
1757574257.864678860 -0.000124 0.046674 -0.139363 0.001890 -0.092295 -0.031452 0.995233
1757574257.937938452 0.004632 0.018587 -0.130306 0.005042 -0.091686 -0.022484 0.995521
1757574257.975275517 0.014128 0.004936 -0.133481 0.007887 -0.091227 -0.015007 0.995686
1757574258.049637318 0.014323 -0.018189 -0.128293 0.011348 -0.090982 -0.007404 0.995760
1757574258.078369379 0.011636 -0.022053 -0.129365 0.012190 -0.092115 -0.003312 0.995668
1757574258.144797564 -0.006891 -0.021559 -0.140072 0.010968 -0.094919 -0.003059 0.995420
1757574258.179641962 -0.021056 -0.006231 -0.151887 0.007811 -0.097357 -0.008629 0.995181
1757574258.244660616 -0.035411 0.017054 -0.143515 0.003926 -0.100775 -0.019481 0.994711
1757574258.276285887 -0.045418 0.051146 -0.154343 -0.001010 -0.100256 -0.027058 0.994593
1757574258.348818302 -0.034939 0.054734 -0.159325 -0.003479 -0.100843 -0.026924 0.994532
1757574258.378399372 -0.040289 0.051737 -0.167681 -0.004325 -0.101621 -0.026785 0.994453
1757574258.449689150 -0.051344 0.059605 -0.182807 -0.004697 -0.104276 -0.027904 0.994146
1757574258.482839584 -0.057690 0.054630 -0.172449 -0.003377 -0.106273 -0.028590 0.993920
1757574258.556904793 -0.063303 0.052618 -0.174493 -0.002122 -0.107688 -0.028918 0.993762
1757574258.589690685 -0.066381 0.048499 -0.177370 -0.001149 -0.108383 -0.028888 0.993689
1757574258.664152384 -0.060520 0.045486 -0.174205 -0.000606 -0.107940 -0.028318 0.993754
1757574258.692318916 -0.057148 0.041010 -0.169378 -0.000372 -0.106508 -0.026905 0.993948
1757574258.764180422 -0.049528 0.037266 -0.156109 -0.000324 -0.104581 -0.024895 0.994205
1757574258.801406145 -0.043571 0.036402 -0.151471 -0.000168 -0.102038 -0.023738 0.994497
1757574258.882761955 -0.030830 0.036690 -0.145526 -0.000162 -0.099907 -0.022780 0.994736
1757574258.916035652 -0.028354 0.034658 -0.141176 0.000235 -0.098188 -0.022426 0.994915
1757574258.996240854 -0.015751 0.036739 -0.134933 0.000511 -0.096499 -0.022414 0.995081
1757574259.033032894 -0.019349 0.030806 -0.144327 -0.000138 -0.092989 -0.023074 0.995400
1757574259.105876923 -0.017118 0.029492 -0.142533 0.000485 -0.092763 -0.022810 0.995427
1757574259.141970634 -0.016427 0.028375 -0.141707 0.000751 -0.092679 -0.023213 0.995425
1757574259.215371370 -0.013863 0.028404 -0.139831 0.001218 -0.092535 -0.023507 0.995431
1757574259.251966953 -0.015670 0.026534 -0.140992 0.001567 -0.092667 -0.023411 0.995421
1757574259.327533007 -0.020848 0.031547 -0.140081 0.003266 -0.092663 -0.023047 0.995425
1757574259.364271641 -0.020242 0.031425 -0.141299 0.003213 -0.092515 -0.022944 0.995442
1757574259.431073427 -0.019326 0.031554 -0.141421 0.003478 -0.092657 -0.022786 0.995431
1757574259.460289717 -0.021748 0.030780 -0.142478 0.003490 -0.092469 -0.022675 0.995451
1757574259.530283689 -0.018631 0.034405 -0.142804 0.003212 -0.092541 -0.023034 0.995437
1757574259.567004681 -0.020312 0.033513 -0.141069 0.004378 -0.093054 -0.024256 0.995356
1757574259.640609026 -0.015570 0.038882 -0.140630 0.004433 -0.092979 -0.026366 0.995309
1757574259.670959711 -0.014992 0.039176 -0.141537 0.004756 -0.093172 -0.029116 0.995213
1757574259.740358591 -0.008493 0.042781 -0.142027 0.004810 -0.093395 -0.032866 0.995075
1757574259.778153419 -0.006643 0.045941 -0.142723 0.004857 -0.093744 -0.037554 0.994876
1757574259.855361462 -0.012980 0.062162 -0.150903 0.005628 -0.093647 -0.041801 0.994712
1757574259.889193773 -0.014420 0.063288 -0.154501 0.005644 -0.094132 -0.044738 0.994538
1757574259.959656000 -0.005320 0.067826 -0.152779 0.005766 -0.093839 -0.047597 0.994432
1757574259.993378401 0.001121 0.072454 -0.147779 0.006640 -0.092676 -0.052771 0.994275
1757574260.069031239 0.010890 0.073509 -0.144932 0.007496 -0.092218 -0.056418 0.994111
1757574260.106636047 0.000970 0.068163 -0.142447 0.005610 -0.092981 -0.056605 0.994042
1757574260.174294949 -0.002165 0.065643 -0.146823 0.004479 -0.094111 -0.055457 0.994006
1757574260.204038143 -0.006424 0.068760 -0.150740 0.001816 -0.094233 -0.051833 0.994198
1757574260.279468775 -0.001342 0.059441 -0.146117 0.001494 -0.092330 -0.043876 0.994760
1757574260.314318657 0.004318 0.041122 -0.134465 0.003023 -0.090158 -0.033600 0.995356
1757574260.391570807 0.018236 0.018368 -0.130264 0.004423 -0.089273 -0.024562 0.995694
1757574260.425025940 0.029667 0.006131 -0.123693 0.007179 -0.088008 -0.016862 0.995951
1757574260.502852678 0.025666 -0.006275 -0.122376 0.009317 -0.088461 -0.011670 0.995968
1757574260.539916754 0.018109 -0.003490 -0.124949 0.009990 -0.090118 -0.011267 0.995817
1757574260.615995646 0.000965 0.005508 -0.132300 0.007322 -0.091971 -0.015683 0.995611
1757574260.647921085 -0.016613 0.028009 -0.128714 0.004790 -0.095304 -0.023016 0.995171
1757574260.715016842 -0.019514 0.049434 -0.133789 0.000672 -0.095413 -0.026761 0.995078
1757574260.752075434 -0.022086 0.034567 -0.149417 -0.002617 -0.097215 -0.023974 0.994971
1757574260.828137875 -0.040573 0.055428 -0.167914 -0.003958 -0.099747 -0.027044 0.994637
1757574260.859575987 -0.048718 0.049703 -0.189789 -0.004981 -0.103495 -0.027981 0.994224
1757574260.936064720 -0.057484 0.052345 -0.180214 -0.002689 -0.104985 -0.027525 0.994089
1757574260.967406750 -0.055481 0.045678 -0.178681 -0.001297 -0.105515 -0.027280 0.994043
1757574261.045464277 -0.049685 0.043268 -0.175644 -0.000310 -0.105481 -0.026913 0.994057
1757574261.078267097 -0.048462 0.037243 -0.169496 0.000703 -0.104534 -0.025873 0.994184
1757574261.149150848 -0.041508 0.037277 -0.163245 0.001032 -0.103564 -0.025085 0.994306
1757574261.184658766 -0.043538 0.032374 -0.157680 -0.000495 -0.103178 -0.023354 0.994389
1757574261.256953955 -0.034441 0.035265 -0.152976 -0.000608 -0.101264 -0.022731 0.994600
1757574261.293581247 -0.028780 0.033981 -0.146921 -0.000254 -0.098834 -0.022524 0.994849
1757574261.365505219 -0.018293 0.034185 -0.138973 0.000616 -0.096824 -0.022703 0.995042
1757574261.396435738 -0.018940 0.031972 -0.136925 0.000908 -0.095973 -0.022669 0.995125
1757574261.472498417 -0.021281 0.035037 -0.130938 0.002163 -0.095715 -0.022953 0.995142
1757574261.509472132 -0.026243 0.032465 -0.130880 0.002649 -0.096043 -0.022834 0.995112
1757574261.583403826 -0.024558 0.035369 -0.129866 0.003103 -0.096142 -0.023849 0.995077
1757574261.616914034 -0.026955 0.036149 -0.131623 0.003505 -0.096644 -0.025207 0.994994
1757574261.685722828 -0.024560 0.038810 -0.131788 0.003704 -0.096982 -0.026939 0.994915
1757574261.720406055 -0.028519 0.035019 -0.135070 0.002083 -0.096027 -0.028130 0.994979
1757574261.786730528 -0.021746 0.037978 -0.135419 0.002354 -0.095854 -0.029876 0.994944
1757574261.815601110 -0.021799 0.041578 -0.134893 0.002523 -0.095770 -0.032590 0.994867
1757574261.885432482 -0.014455 0.048455 -0.134300 0.002435 -0.095661 -0.035808 0.994767
1757574261.919905901 -0.014175 0.052183 -0.133509 0.002630 -0.095582 -0.039486 0.994635
1757574261.994996548 -0.008347 0.058449 -0.139934 0.001639 -0.094011 -0.043333 0.994626
1757574262.029210567 -0.010878 0.060063 -0.140102 0.001854 -0.094518 -0.044876 0.994509
1757574262.103371859 -0.011901 0.060388 -0.142493 0.001905 -0.095528 -0.045524 0.994383
1757574262.134157896 -0.013270 0.062236 -0.144470 0.002031 -0.095764 -0.046779 0.994302
1757574262.205467463 -0.008535 0.060553 -0.143274 0.001924 -0.094949 -0.045501 0.994440
1757574262.243150711 0.000254 0.051552 -0.141364 -0.000187 -0.094792 -0.041512 0.994631
1757574262.320006371 0.002206 0.048421 -0.143982 -0.001905 -0.094084 -0.037684 0.994849
1757574262.354914665 0.000481 0.046456 -0.142528 -0.003122 -0.092389 -0.033752 0.995146
1757574262.430535078 0.007095 0.032813 -0.135539 -0.002527 -0.090169 -0.027958 0.995531
1757574262.468451738 0.008065 0.017597 -0.128378 0.000233 -0.088247 -0.020968 0.995878
1757574262.541899681 0.018739 -0.006418 -0.124427 0.004153 -0.086533 -0.014720 0.996132
1757574262.579632521 0.012274 -0.009911 -0.119387 0.009049 -0.086861 -0.011281 0.996115
1757574262.656583786 0.002531 -0.014686 -0.120171 0.011460 -0.088379 -0.010961 0.995961
1757574262.693411112 -0.005546 0.000293 -0.124996 0.010129 -0.090096 -0.014689 0.995773
1757574262.768093109 -0.002256 0.022780 -0.131466 0.005881 -0.090128 -0.019934 0.995713
1757574262.794991016 -0.005570 0.023540 -0.126883 0.004386 -0.089597 -0.021795 0.995730
1757574262.864090443 -0.012024 0.024789 -0.146786 -0.000017 -0.093244 -0.019919 0.995444
1757574262.895950317 -0.026482 0.029008 -0.165568 -0.002600 -0.096856 -0.022004 0.995052
1757574262.967833757 -0.046997 0.045517 -0.180468 -0.002105 -0.099335 -0.026649 0.994695
1757574262.998308659 -0.053159 0.044777 -0.184279 -0.000619 -0.102344 -0.027882 0.994358
1757574263.071574688 -0.053113 0.050119 -0.158661 0.000281 -0.105220 -0.028301 0.994046
1757574263.107279062 -0.052176 0.049732 -0.159351 0.000919 -0.105351 -0.028376 0.994030
1757574263.181039095 -0.036582 0.042780 -0.150653 0.001424 -0.103696 -0.026258 0.994261
1757574263.216947794 -0.032732 0.034203 -0.145456 0.001988 -0.102149 -0.023788 0.994483
1757574263.295258045 -0.016888 0.029730 -0.137286 0.002302 -0.099706 -0.021631 0.994779
1757574263.333550453 -0.026633 0.025300 -0.146549 0.000134 -0.098842 -0.021464 0.994872
1757574263.405611515 -0.026931 0.032963 -0.144876 0.000163 -0.097861 -0.023588 0.994921
1757574263.438431740 -0.031638 0.030579 -0.148673 -0.000689 -0.098686 -0.023151 0.994849
1757574263.514995098 -0.032836 0.034656 -0.150732 -0.000787 -0.099484 -0.023573 0.994760
1757574263.548823357 -0.032202 0.031320 -0.149702 -0.001349 -0.099072 -0.023763 0.994796
1757574263.623755693 -0.025476 0.036448 -0.137983 0.000203 -0.099157 -0.023492 0.994794
1757574263.653398514 -0.027785 0.032945 -0.135549 0.000657 -0.098915 -0.023685 0.994814
1757574263.723475456 -0.023020 0.030825 -0.131344 0.001447 -0.098285 -0.024043 0.994867
1757574263.755815268 -0.022082 0.026298 -0.129246 0.002189 -0.097942 -0.023504 0.994912
1757574263.832060099 -0.019534 0.027732 -0.127732 0.002280 -0.097719 -0.023818 0.994926
1757574263.872292995 -0.026896 0.034029 -0.133666 0.003417 -0.096238 -0.024127 0.995060
1757574263.945183039 -0.025706 0.038478 -0.133732 0.003139 -0.096514 -0.024768 0.995018
1757574263.977951050 -0.029797 0.040751 -0.135658 0.002821 -0.096973 -0.025739 0.994950
1757574264.047289610 -0.028990 0.045647 -0.137157 0.002265 -0.097377 -0.026733 0.994886
1757574264.081624508 -0.030177 0.046840 -0.137752 0.002362 -0.097580 -0.027564 0.994843
1757574264.157736301 -0.029049 0.045394 -0.153141 0.000957 -0.095065 -0.029465 0.995034
1757574264.195326567 -0.028146 0.047004 -0.150642 0.001885 -0.094696 -0.031673 0.995000
1757574264.265272379 -0.024798 0.055050 -0.149173 0.002876 -0.094680 -0.034740 0.994897
1757574264.297010422 -0.026946 0.062548 -0.149610 0.003071 -0.095011 -0.038035 0.994745
1757574264.369791985 -0.025255 0.071762 -0.150488 0.002735 -0.095333 -0.041227 0.994588
1757574264.404931307 -0.026396 0.068109 -0.152751 0.000745 -0.095207 -0.044161 0.994477
1757574264.480816364 -0.022246 0.075786 -0.149588 0.001587 -0.094404 -0.048208 0.994365
1757574264.511802197 -0.025836 0.078342 -0.149926 0.002388 -0.094410 -0.049775 0.994285
1757574264.589046717 -0.022955 0.077920 -0.151337 0.002159 -0.094738 -0.050078 0.994240
1757574264.627077103 -0.024651 0.077497 -0.153657 0.001464 -0.094430 -0.048297 0.994358
1757574264.706653357 -0.012953 0.068568 -0.146603 -0.001519 -0.095883 -0.047016 0.994280
1757574264.740373611 -0.013756 0.066662 -0.147800 -0.004315 -0.094925 -0.043810 0.994511
1757574264.814682007 -0.002019 0.053694 -0.140817 -0.004654 -0.092706 -0.037123 0.994990
1757574264.847354889 0.004946 0.031947 -0.132173 -0.002175 -0.090583 -0.027942 0.995495
1757574264.923361778 0.006403 0.000504 -0.122133 0.003245 -0.089259 -0.020926 0.995783
1757574264.963034391 0.015597 -0.006724 -0.146933 0.008209 -0.087024 -0.015284 0.996055
1757574265.035544395 0.009112 -0.014097 -0.145898 0.012248 -0.087393 -0.012953 0.996014
1757574265.066822290 0.002482 -0.002751 -0.146843 0.012023 -0.088578 -0.015109 0.995882
1757574265.141643286 -0.002806 0.017727 -0.149342 0.008317 -0.088895 -0.020352 0.995798
1757574265.176766634 0.000369 0.029782 -0.153952 0.004008 -0.088344 -0.021890 0.995841
1757574265.251421928 0.004562 0.021384 -0.137511 0.001504 -0.090922 -0.016809 0.995715
1757574265.286792755 -0.023680 0.029903 -0.153040 -0.002091 -0.093567 -0.021151 0.995386
1757574265.365332603 -0.048761 0.049933 -0.169152 -0.003196 -0.097901 -0.026409 0.994841
1757574265.397640944 -0.055522 0.046794 -0.179734 -0.002948 -0.101694 -0.027075 0.994443
1757574265.469238043 -0.056185 0.043892 -0.176204 -0.000879 -0.102715 -0.026540 0.994356
1757574265.505192280 -0.046459 0.040098 -0.153835 0.001322 -0.103858 -0.026093 0.994249
1757574265.578574181 -0.035262 0.036161 -0.144751 0.003133 -0.102686 -0.024951 0.994396
1757574265.608044386 -0.034677 0.033460 -0.142026 0.004006 -0.101591 -0.024005 0.994529
1757574265.686630964 -0.026445 0.035100 -0.138258 0.003742 -0.100260 -0.023479 0.994677
1757574265.718228340 -0.030606 0.033739 -0.138797 0.003441 -0.099580 -0.023694 0.994741
1757574265.787097692 -0.030167 0.036154 -0.141446 0.001967 -0.099295 -0.023631 0.994775
1757574265.820208549 -0.033241 0.034820 -0.143183 0.001333 -0.099234 -0.023539 0.994785
1757574265.889670372 -0.031036 0.034675 -0.143998 0.001337 -0.099060 -0.023434 0.994805
1757574265.919059992 -0.034264 0.032581 -0.145052 0.001106 -0.098879 -0.023447 0.994823
1757574265.990485907 -0.029132 0.032899 -0.144540 0.000759 -0.098360 -0.023488 0.994873
1757574266.024403095 -0.030914 0.034710 -0.142536 0.003873 -0.098121 -0.022890 0.994904
1757574266.102544308 -0.026799 0.034984 -0.140450 0.004558 -0.097857 -0.022867 0.994927
1757574266.132160902 -0.029461 0.033828 -0.140816 0.003996 -0.097329 -0.023119 0.994976
1757574266.204290152 -0.025950 0.035457 -0.141031 0.003756 -0.097305 -0.023315 0.994974
1757574266.241402864 -0.028173 0.033305 -0.141537 0.003825 -0.097456 -0.023163 0.994963
1757574266.314154148 -0.026738 0.035700 -0.145121 0.004181 -0.095832 -0.023547 0.995110
1757574266.346465588 -0.029189 0.035193 -0.144979 0.004798 -0.095419 -0.024226 0.995131
1757574266.421778202 -0.026159 0.038229 -0.145021 0.004537 -0.095322 -0.025220 0.995117
1757574266.458660126 -0.029215 0.040458 -0.146639 0.004459 -0.095568 -0.026178 0.995069
1757574266.525732040 -0.031270 0.043485 -0.148534 0.004483 -0.095949 -0.027593 0.994994
1757574266.562335014 -0.040023 0.042848 -0.151919 0.003010 -0.096073 -0.029910 0.994920
1757574266.637056828 -0.037484 0.047503 -0.152000 0.002954 -0.095960 -0.032407 0.994853
1757574266.675871849 -0.038829 0.050510 -0.152264 0.003438 -0.095703 -0.035139 0.994784
1757574266.749189615 -0.036380 0.057083 -0.152034 0.003737 -0.095596 -0.038464 0.994670
1757574266.781101942 -0.039753 0.066893 -0.151412 0.003883 -0.094784 -0.044313 0.994504
1757574266.857930899 -0.039249 0.071511 -0.151542 0.003258 -0.095088 -0.048884 0.994262
1757574266.888851404 -0.043643 0.072551 -0.154218 0.003276 -0.095403 -0.050258 0.994164
1757574266.960030556 -0.041807 0.071619 -0.156180 0.002957 -0.095886 -0.049926 0.994135
1757574266.997527361 -0.039813 0.066682 -0.154868 0.002569 -0.095578 -0.047468 0.994286
1757574267.073450565 -0.034704 0.064465 -0.155690 0.000861 -0.095163 -0.045436 0.994424
1757574267.106851578 -0.020771 0.060467 -0.161198 -0.002459 -0.094133 -0.044576 0.994558
1757574267.180930138 -0.016222 0.058116 -0.161524 -0.004394 -0.093299 -0.041438 0.994766
1757574267.213993073 -0.008966 0.044334 -0.155299 -0.003281 -0.091198 -0.034345 0.995235
1757574267.283072948 0.001208 0.016336 -0.146425 0.000224 -0.089344 -0.024298 0.995704
1757574267.317193031 0.002480 -0.001005 -0.136831 0.006437 -0.088385 -0.016825 0.995923
1757574267.392556190 -0.003762 -0.004369 -0.135478 0.011508 -0.089240 -0.015253 0.995827
1757574267.417672634 -0.011310 0.007993 -0.136397 0.012529 -0.091469 -0.017218 0.995580
1757574267.488190174 -0.010778 0.016722 -0.139486 0.010454 -0.090316 -0.021632 0.995623
1757574267.525548697 -0.000069 0.027588 -0.139598 0.007058 -0.087972 -0.022937 0.995834
1757574267.597909927 0.001737 0.041862 -0.144302 0.002986 -0.087944 -0.023450 0.995845
1757574267.636870623 0.003860 0.031921 -0.139203 0.000990 -0.089930 -0.020158 0.995744
1757574267.712651968 -0.031419 0.044196 -0.146762 -0.000399 -0.093250 -0.023548 0.995364
1757574267.751814604 -0.052350 0.045230 -0.151760 0.000538 -0.098066 -0.026768 0.994820
1757574267.820850849 -0.079398 0.049939 -0.157924 0.003037 -0.102405 -0.028964 0.994316
1757574267.852048635 -0.085213 0.049447 -0.160032 0.003561 -0.104590 -0.031076 0.994023
1757574267.928290606 -0.080849 0.060691 -0.154937 0.005101 -0.106409 -0.032226 0.993787
1757574267.965034008 -0.079344 0.058929 -0.155898 0.004010 -0.104924 -0.035233 0.993848
1757574268.033834934 -0.068547 0.061604 -0.154990 0.002305 -0.102244 -0.038414 0.994015
1757574268.067449331 -0.058166 0.057813 -0.154856 0.001740 -0.098693 -0.039110 0.994348
1757574268.140965462 -0.038725 0.053523 -0.151663 0.003107 -0.095229 -0.038687 0.994699
1757574268.174924850 -0.026106 0.053168 -0.149531 0.003505 -0.091977 -0.038645 0.995005
1757574268.242558479 -0.021956 0.054803 -0.146554 0.004975 -0.090115 -0.041172 0.995068
1757574268.276571751 -0.025536 0.058746 -0.144532 0.006642 -0.089080 -0.045247 0.994974
1757574268.353238344 -0.024371 0.067317 -0.142821 0.007202 -0.088176 -0.050093 0.994818
1757574268.388327837 -0.027853 0.070484 -0.144281 0.007596 -0.087872 -0.053732 0.994653
1757574268.463949442 -0.035253 0.050187 -0.167406 0.003532 -0.088748 -0.058912 0.994304
1757574268.495069742 -0.040685 0.050589 -0.172302 0.002118 -0.089432 -0.059831 0.994192
1757574268.565758944 -0.036994 0.050848 -0.176499 -0.001144 -0.090514 -0.059029 0.994144
1757574268.599645138 -0.039006 0.048436 -0.178940 -0.005046 -0.091207 -0.054322 0.994336
1757574268.668098450 -0.025093 0.038986 -0.175109 -0.004853 -0.091627 -0.043278 0.994841
1757574268.704167843 -0.012214 0.028879 -0.153872 -0.000080 -0.091516 -0.029056 0.995380
1757574268.780198336 -0.004770 0.018720 -0.143579 0.006029 -0.092828 -0.017431 0.995511
1757574268.816705227 0.000150 0.019982 -0.135650 0.011491 -0.094366 -0.009970 0.995421
1757574268.891112089 -0.006302 0.017017 -0.131149 0.015511 -0.096278 -0.005595 0.995218
1757574268.922091007 -0.010983 0.026685 -0.125065 0.016911 -0.098304 -0.005184 0.994999
1757574268.998015404 -0.016067 0.032486 -0.124209 0.016412 -0.099880 -0.008497 0.994828
1757574269.024847507 -0.022594 0.034940 -0.125459 0.010839 -0.100130 -0.014467 0.994810
1757574269.094753504 -0.021867 0.043121 -0.130445 0.003016 -0.097738 -0.021618 0.994973
1757574269.129186869 -0.018900 0.039176 -0.134958 0.000025 -0.097081 -0.021742 0.995039
1757574269.199849367 -0.038502 0.045981 -0.134623 -0.000856 -0.099287 -0.021815 0.994819
1757574269.237302065 -0.059109 0.048643 -0.149386 -0.000432 -0.099586 -0.026982 0.994663
1757574269.309756041 -0.090440 0.057442 -0.154312 0.000474 -0.102190 -0.031864 0.994254
1757574269.344608307 -0.103505 0.057186 -0.156807 0.000935 -0.104334 -0.035169 0.993920
1757574269.415417671 -0.110027 0.061091 -0.159646 0.000712 -0.105349 -0.036750 0.993756
1757574269.451522827 -0.107726 0.057385 -0.160771 0.000276 -0.104009 -0.039786 0.993780
1757574269.526382208 -0.067435 0.065055 -0.169156 -0.001653 -0.103368 -0.039125 0.993872
1757574269.556801796 -0.060699 0.062261 -0.163957 -0.001727 -0.101332 -0.037804 0.994133
1757574269.625922441 -0.038161 0.054256 -0.154582 -0.003425 -0.097576 -0.035997 0.994571
1757574269.653713465 -0.036508 0.048953 -0.149049 -0.003095 -0.094305 -0.033070 0.994989
1757574269.724182844 -0.015034 0.023623 -0.138640 0.001101 -0.091688 -0.025883 0.995451
1757574269.758062601 -0.004052 0.004543 -0.145198 0.002042 -0.089321 -0.020129 0.995797
1757574269.832697392 0.004501 -0.020886 -0.136625 0.008238 -0.087681 -0.013784 0.996019
1757574269.863961935 0.001648 -0.022237 -0.135759 0.012073 -0.087838 -0.010483 0.996006
1757574269.938632011 -0.004898 -0.013037 -0.136730 0.011163 -0.089759 -0.012782 0.995819
1757574269.974463224 -0.007709 0.014762 -0.142191 0.006690 -0.090734 -0.018890 0.995674
1757574270.051879168 0.003235 0.033130 -0.133762 0.007435 -0.090314 -0.020221 0.995680
1757574270.086505175 -0.013247 0.034120 -0.138497 0.003057 -0.093213 -0.021270 0.995414
1757574270.157345295 -0.052197 0.051466 -0.151260 -0.001402 -0.099144 -0.026116 0.994729
1757574270.190851688 -0.070819 0.051965 -0.158231 -0.003723 -0.103928 -0.027896 0.994187
1757574270.261042118 -0.082168 0.055052 -0.160129 -0.003325 -0.106259 -0.029276 0.993902
1757574270.291652203 -0.084213 0.051456 -0.151682 -0.000598 -0.106184 -0.029923 0.993896
1757574270.360845327 -0.078150 0.049131 -0.145390 0.003184 -0.106028 -0.029859 0.993910
1757574270.394069195 -0.075294 0.046495 -0.145068 0.004819 -0.106039 -0.028464 0.993943
1757574270.465531111 -0.067461 0.049342 -0.141716 0.004473 -0.103757 -0.030428 0.994127
1757574270.502882481 -0.063944 0.049716 -0.140367 0.004909 -0.100826 -0.032944 0.994346
1757574270.579919100 -0.037462 0.056022 -0.154017 0.004145 -0.099970 -0.030928 0.994501
1757574270.612109900 -0.038570 0.051428 -0.156199 0.001881 -0.099240 -0.028154 0.994663
1757574270.684031725 -0.019849 0.051080 -0.152251 -0.001905 -0.097092 -0.026246 0.994927
1757574270.711211205 -0.020223 0.042731 -0.149155 -0.001215 -0.095103 -0.025972 0.995128
1757574270.779572487 -0.013640 0.040435 -0.143464 0.000722 -0.093323 -0.027202 0.995264
1757574270.817528009 -0.022371 0.038477 -0.142746 0.002820 -0.092574 -0.026980 0.995336
1757574270.888682365 -0.023371 0.043342 -0.142853 0.003504 -0.092160 -0.028331 0.995335
1757574270.922832727 -0.029904 0.048255 -0.142584 0.003723 -0.091996 -0.030051 0.995299
1757574270.994756222 -0.033105 0.055410 -0.143425 0.004644 -0.092355 -0.032801 0.995175
1757574271.032293320 -0.041514 0.060506 -0.146299 0.005485 -0.093156 -0.035933 0.994988
1757574271.110761166 -0.049429 0.060350 -0.154214 0.004956 -0.093821 -0.041530 0.994710
1757574271.147942543 -0.062938 0.071106 -0.158842 0.004468 -0.094632 -0.046749 0.994404
1757574271.225476027 -0.067816 0.080549 -0.163549 0.003027 -0.095139 -0.050617 0.994172
1757574271.254449606 -0.070656 0.081431 -0.165811 0.002231 -0.095615 -0.051013 0.994108
1757574271.323998213 -0.053474 0.070957 -0.162889 0.000113 -0.095192 -0.047674 0.994317
1757574271.351827621 -0.042388 0.053510 -0.166087 -0.001591 -0.092915 -0.040642 0.994843
1757574271.415914774 -0.009399 0.032802 -0.157871 -0.000664 -0.090653 -0.030120 0.995427
1757574271.452476501 0.001232 0.013756 -0.150417 0.002546 -0.089827 -0.021584 0.995720
1757574271.526816607 0.005282 -0.011697 -0.145722 0.006386 -0.090237 -0.014079 0.995800
1757574271.554097414 0.012314 -0.009148 -0.145162 0.008955 -0.090700 -0.011017 0.995777
1757574271.630359411 0.005136 0.002742 -0.143221 0.012539 -0.092582 -0.011806 0.995556
1757574271.666099787 -0.002261 0.014642 -0.142644 0.012220 -0.094087 -0.014850 0.995378
1757574271.739950657 -0.021300 0.027793 -0.143487 0.008589 -0.095009 -0.020804 0.995222
1757574271.769242048 -0.027142 0.037383 -0.145608 0.002832 -0.094486 -0.026398 0.995172
1757574271.840939522 -0.019197 0.043148 -0.146763 -0.001108 -0.094580 -0.026428 0.995166
1757574271.875991106 -0.026520 0.035763 -0.146363 -0.003196 -0.096887 -0.023225 0.995019
1757574271.952316761 -0.046441 0.044369 -0.147714 -0.003937 -0.098798 -0.025041 0.994785
1757574271.987226248 -0.058115 0.041749 -0.146816 -0.002852 -0.100968 -0.027123 0.994516
1757574272.058492661 -0.075221 0.043518 -0.146211 -0.000193 -0.102994 -0.028196 0.994282
1757574272.092592955 -0.077522 0.040852 -0.145629 0.001919 -0.103398 -0.030085 0.994183
1757574272.165264368 -0.060783 0.044197 -0.152231 0.001463 -0.103737 -0.029754 0.994159
1757574272.200792074 -0.053278 0.041967 -0.152920 0.001778 -0.102526 -0.028823 0.994311
1757574272.276529789 -0.036379 0.039167 -0.151702 0.001302 -0.101170 -0.027448 0.994490
1757574272.309889555 -0.032823 0.035747 -0.151461 0.001268 -0.099796 -0.026196 0.994662
1757574272.379955530 -0.016506 0.033671 -0.150304 0.000181 -0.098565 -0.024393 0.994832
1757574272.412420988 -0.022117 0.034538 -0.148350 0.002070 -0.096069 -0.023018 0.995106
1757574272.483911991 -0.014243 0.034126 -0.145632 0.002249 -0.094573 -0.022725 0.995256
1757574272.519034863 -0.015523 0.031811 -0.144756 0.002761 -0.093810 -0.022577 0.995330
1757574272.594613552 -0.013562 0.031358 -0.144541 0.003493 -0.093602 -0.022446 0.995351
1757574272.631006479 -0.017967 0.031078 -0.146195 0.004426 -0.093784 -0.022585 0.995327
1757574272.702071667 -0.026058 0.035292 -0.131965 0.006010 -0.095032 -0.023517 0.995178
1757574272.736217260 -0.034216 0.036886 -0.134770 0.005902 -0.095961 -0.024376 0.995069
1757574272.810095072 -0.039140 0.043302 -0.137207 0.005867 -0.096473 -0.025925 0.994981
1757574272.840416908 -0.043400 0.044081 -0.139396 0.005458 -0.096641 -0.027119 0.994935
1757574272.918638706 -0.048084 0.052917 -0.141530 0.005180 -0.096905 -0.029447 0.994844
1757574272.948136806 -0.047407 0.046577 -0.151393 0.001686 -0.098551 -0.031717 0.994625
1757574273.018623590 -0.050779 0.051348 -0.154469 0.001623 -0.098510 -0.034185 0.994547
1757574273.052138567 -0.055260 0.051232 -0.155814 0.001447 -0.098041 -0.036159 0.994524
1757574273.121255636 -0.050958 0.052838 -0.154795 0.001582 -0.097114 -0.037552 0.994563
1757574273.156850815 -0.050719 0.050860 -0.155979 0.001735 -0.096278 -0.038146 0.994622
1757574273.235089540 -0.043522 0.051647 -0.150329 0.003119 -0.096812 -0.038142 0.994567
1757574273.269318581 -0.048009 0.051467 -0.150400 0.003412 -0.096786 -0.038447 0.994557
1757574273.345335484 -0.045118 0.052793 -0.150873 0.003704 -0.096550 -0.039528 0.994536
1757574273.381065369 -0.050778 0.055647 -0.151496 0.004022 -0.095972 -0.042950 0.994449
1757574273.458161592 -0.055072 0.059195 -0.152260 0.004244 -0.095178 -0.049117 0.994239
1757574273.494640112 -0.055327 0.045759 -0.170916 0.003880 -0.091959 -0.053551 0.994314
1757574273.566770792 -0.056563 0.046475 -0.172953 0.003348 -0.092220 -0.056214 0.994145
1757574273.602527857 -0.057149 0.047122 -0.172938 0.002956 -0.092661 -0.055981 0.994118
1757574273.678501844 -0.054175 0.046827 -0.172044 0.001688 -0.093326 -0.055770 0.994071
1757574273.711903334 -0.053682 0.046072 -0.170785 -0.000858 -0.093688 -0.052642 0.994209
1757574273.789079666 -0.027770 0.033100 -0.173645 -0.002526 -0.092384 -0.043229 0.994781
1757574273.825300932 -0.007143 0.019486 -0.169017 -0.001610 -0.090826 -0.028255 0.995465
1757574273.896217823 0.020141 0.005272 -0.161567 0.001929 -0.089585 -0.014802 0.995867
1757574273.928830385 0.025263 0.000709 -0.155109 0.006646 -0.089464 -0.006568 0.995946
1757574273.996665478 0.022547 -0.007467 -0.149623 0.011014 -0.090581 -0.003217 0.995823
1757574274.028679609 0.034568 0.032721 -0.159921 0.015022 -0.090210 -0.002377 0.995807
1757574274.103451014 0.026458 0.037015 -0.154743 0.013239 -0.091148 -0.005902 0.995732
1757574274.134649277 0.014188 0.040212 -0.152836 0.007925 -0.091999 -0.012868 0.995644
1757574274.209158182 0.002147 0.052841 -0.154115 0.002278 -0.092401 -0.018393 0.995549
1757574274.240564585 -0.019810 0.051807 -0.148218 -0.000484 -0.096001 -0.019573 0.995189
1757574274.320149660 -0.044978 0.051117 -0.131923 -0.001671 -0.098544 -0.023766 0.994847
1757574274.357053518 -0.067682 0.033332 -0.114345 -0.000599 -0.102360 -0.028439 0.994341
1757574274.436020613 -0.093978 0.024507 -0.104237 -0.000431 -0.105138 -0.032385 0.993930
1757574274.469454765 -0.100902 0.010331 -0.099798 0.002649 -0.105470 -0.036028 0.993766
1757574274.543045759 -0.106616 0.006504 -0.101467 0.003015 -0.105527 -0.038045 0.993684
1757574274.580237865 -0.106190 0.039162 -0.146255 -0.000701 -0.106563 -0.042542 0.993395
1757574274.650638580 -0.095657 0.042501 -0.155226 -0.002384 -0.104799 -0.044901 0.993476
1757574274.682881355 -0.088856 0.032964 -0.158749 -0.001319 -0.102219 -0.043337 0.993817
1757574274.748337030 -0.059202 0.029501 -0.158432 -0.000223 -0.099258 -0.040912 0.994220
1757574274.778117180 -0.054978 0.030160 -0.164731 0.000088 -0.096490 -0.039343 0.994556
1757574274.849639177 -0.035406 0.052858 -0.152382 0.001722 -0.093370 -0.037806 0.994912
1757574274.875450611 -0.039609 0.052456 -0.151369 0.000631 -0.091671 -0.036771 0.995110
1757574274.941484213 -0.025890 0.049808 -0.150990 -0.001589 -0.090487 -0.035210 0.995274
1757574274.974711418 -0.024839 0.043638 -0.151628 -0.002871 -0.090004 -0.032212 0.995416
1757574275.043304920 -0.007562 0.029372 -0.147305 -0.001417 -0.089421 -0.026241 0.995647
1757574275.083294868 0.013774 0.013115 -0.154712 -0.000034 -0.088506 -0.018121 0.995911
1757574275.159451485 0.031428 -0.006676 -0.150575 0.004881 -0.086961 -0.009948 0.996150
1757574275.195642948 0.031431 -0.009479 -0.146598 0.009865 -0.087252 -0.005129 0.996124
1757574275.270452738 0.021605 -0.015293 -0.143268 0.014241 -0.088647 -0.005129 0.995948
1757574275.305679798 0.017877 -0.006548 -0.143351 0.014175 -0.088698 -0.008751 0.995919
1757574275.381729841 0.038291 0.040305 -0.181560 0.012285 -0.087089 -0.010843 0.996066
1757574275.417243481 0.021751 0.052144 -0.175071 0.007386 -0.089082 -0.013568 0.995904
1757574275.488045931 -0.006213 0.057050 -0.166283 0.002869 -0.092259 -0.021001 0.995509
1757574275.523523569 -0.036933 0.046406 -0.137326 0.000775 -0.098388 -0.025795 0.994813
1757574275.595116854 -0.067504 0.034702 -0.117211 0.001147 -0.103116 -0.031023 0.994185
1757574275.627959967 -0.071967 0.009142 -0.110121 0.001329 -0.105518 -0.038470 0.993672
1757574275.703494787 -0.077704 0.000239 -0.130411 0.004630 -0.103173 -0.047709 0.993508
1757574275.738917589 -0.069380 -0.018761 -0.158547 0.008283 -0.096591 -0.059516 0.993509
1757574275.808408022 -0.059929 -0.015612 -0.179131 0.008156 -0.090952 -0.067800 0.993511
1757574275.845271587 -0.061470 -0.018712 -0.188935 0.004273 -0.088316 -0.071409 0.993520
1757574275.921079874 -0.022660 -0.000832 -0.177703 -0.001624 -0.089411 -0.070296 0.993510
1757574275.957934141 -0.017456 0.015202 -0.166744 -0.003665 -0.092719 -0.060156 0.993867
1757574276.026752472 0.004459 0.032419 -0.164068 -0.003459 -0.093892 -0.048429 0.994398
1757574276.055389404 0.014371 0.048092 -0.158029 -0.001161 -0.095679 -0.032875 0.994869
1757574276.129269600 0.036489 0.060691 -0.144912 0.003117 -0.098117 -0.017687 0.995013
1757574276.162677050 0.012104 0.063417 -0.137269 0.004556 -0.097709 -0.007420 0.995177
1757574276.230837822 0.021362 0.066838 -0.130309 0.006596 -0.098083 -0.000079 0.995156
1757574276.263308525 0.024283 0.064804 -0.129262 0.007918 -0.098058 0.000058 0.995149
1757574276.342565298 0.020273 0.057587 -0.131488 0.008647 -0.097442 -0.003231 0.995198
1757574276.376698971 0.010566 0.047724 -0.140887 0.005405 -0.096463 -0.011441 0.995256
1757574276.447940588 0.002019 0.043311 -0.156881 0.002899 -0.095145 -0.019949 0.995259
1757574276.482992887 -0.012010 0.041935 -0.157920 0.001332 -0.096435 -0.021718 0.995101
1757574276.559006453 -0.041578 0.043370 -0.154347 0.000256 -0.099272 -0.024425 0.994761
1757574276.593586922 -0.060079 0.030761 -0.147534 -0.001009 -0.101990 -0.028348 0.994381
1757574276.666378975 -0.087657 0.019215 -0.145650 -0.001934 -0.104077 -0.034901 0.993955
1757574276.707080603 -0.100581 0.028558 -0.160162 -0.001753 -0.104385 -0.038494 0.993790
1757574276.780670166 -0.093610 0.033278 -0.163358 -0.002721 -0.103914 -0.038557 0.993835
1757574276.811810970 -0.086447 0.031180 -0.167763 -0.003167 -0.102226 -0.038986 0.993992
1757574276.887599468 -0.062654 0.036020 -0.167171 -0.003226 -0.100035 -0.036398 0.994313
1757574276.926128149 -0.043287 0.039456 -0.172251 -0.004112 -0.097171 -0.031321 0.994766
1757574276.999089003 -0.004888 0.035214 -0.159564 -0.006255 -0.094953 -0.026157 0.995118
1757574277.031495571 -0.002096 0.029344 -0.161529 -0.004521 -0.092988 -0.024738 0.995350
1757574277.103461504 0.002900 0.026540 -0.160698 -0.002406 -0.091211 -0.025700 0.995497
1757574277.134331226 -0.007397 0.031497 -0.157883 -0.003768 -0.089877 -0.028408 0.995541
1757574277.215627432 -0.012194 0.041450 -0.155834 -0.005726 -0.089495 -0.031142 0.995484
1757574277.248370171 -0.019908 0.040077 -0.156610 -0.009992 -0.090207 -0.031576 0.995372
1757574277.323627234 -0.019057 0.043748 -0.155975 -0.013784 -0.092365 -0.027938 0.995238
1757574277.357550621 -0.025801 0.026597 -0.162090 -0.011871 -0.094049 -0.024697 0.995190
1757574277.429436445 -0.035238 0.008355 -0.169306 -0.006690 -0.096364 -0.023309 0.995051
1757574277.458391666 -0.037605 0.005985 -0.167767 0.000452 -0.099070 -0.021439 0.994849
1757574277.528750181 -0.042474 -0.011702 -0.158123 0.006182 -0.100046 -0.020895 0.994744
1757574277.553041458 -0.024313 -0.011388 -0.140240 0.010396 -0.097947 -0.017974 0.994975
1757574277.629645586 -0.011135 -0.013798 -0.132738 0.010806 -0.095747 -0.013249 0.995259
1757574277.657567501 -0.015188 -0.005084 -0.138006 0.007953 -0.096039 -0.010351 0.995292
1757574277.727040768 -0.027664 0.009624 -0.149229 0.003376 -0.097871 -0.011076 0.995132
1757574277.759365082 -0.018540 0.029803 -0.140172 0.004183 -0.100005 -0.014585 0.994871
1757574277.833494186 -0.013267 0.038146 -0.140905 -0.000266 -0.099163 -0.017093 0.994924
1757574277.865939617 -0.001290 0.035472 -0.145571 -0.002040 -0.095942 -0.017570 0.995230
1757574277.939767122 0.001164 0.036189 -0.148011 -0.002360 -0.093626 -0.019479 0.995414
1757574277.965618610 -0.014359 0.034360 -0.147757 -0.002181 -0.094220 -0.021915 0.995308
1757574278.043398142 -0.018248 0.032219 -0.158855 -0.004675 -0.093987 -0.023107 0.995294
1757574278.078282356 -0.019291 0.028315 -0.157990 -0.003668 -0.094434 -0.022709 0.995265
1757574278.155448675 -0.018652 0.028514 -0.156290 -0.001948 -0.094492 -0.022897 0.995260
1757574278.186569214 -0.019279 0.027060 -0.154688 -0.000593 -0.094300 -0.022942 0.995279
1757574278.262181997 -0.022341 0.027467 -0.154142 0.000644 -0.095373 -0.023289 0.995169
1757574278.293399096 -0.025341 0.026599 -0.153956 0.001091 -0.095652 -0.023341 0.995141
1757574278.370379686 -0.023220 0.032668 -0.151563 0.001956 -0.095587 -0.023226 0.995148
1757574278.407947063 -0.023832 0.031216 -0.151567 0.001620 -0.095533 -0.023232 0.995154
1757574278.479641914 -0.021736 0.032779 -0.151968 0.000684 -0.095218 -0.023746 0.995173
1757574278.519815445 -0.019893 0.030502 -0.152146 -0.000004 -0.094748 -0.023472 0.995224
1757574278.593717098 -0.017045 0.030461 -0.152082 -0.000067 -0.094558 -0.023341 0.995246
1757574278.628251791 -0.020491 0.028495 -0.152876 -0.000436 -0.094548 -0.023275 0.995248
1757574278.703637362 -0.021066 0.033396 -0.149522 0.000995 -0.095722 -0.023654 0.995126
1757574278.742740393 -0.025129 0.031478 -0.150978 0.000775 -0.096249 -0.023655 0.995076
1757574278.814385653 -0.024295 0.030272 -0.151591 0.000764 -0.096277 -0.023376 0.995080
1757574278.843973875 -0.024931 0.028236 -0.152631 0.000446 -0.096267 -0.023514 0.995078
1757574278.914150000 -0.023180 0.028761 -0.153444 -0.000116 -0.095914 -0.024080 0.995098
1757574278.944371462 -0.022969 0.026932 -0.154333 -0.000211 -0.095816 -0.023681 0.995117
1757574279.012346983 -0.023191 0.031319 -0.150094 0.001728 -0.095866 -0.023396 0.995118
1757574279.041989565 -0.023977 0.030487 -0.150330 0.002024 -0.095539 -0.023472 0.995147
1757574279.115566492 -0.022138 0.029177 -0.150133 0.002464 -0.095582 -0.023377 0.995144
1757574279.150479317 -0.023342 0.028166 -0.150296 0.002752 -0.095384 -0.023425 0.995161
1757574279.220469475 -0.018618 0.027675 -0.148848 0.003144 -0.094476 -0.023642 0.995241
1757574279.254301071 -0.020640 0.026589 -0.148158 0.003231 -0.094279 -0.023824 0.995255
1757574279.326251507 -0.016459 0.024477 -0.151165 0.003772 -0.091752 -0.024174 0.995481
1757574279.362003088 -0.019320 0.024705 -0.149508 0.003914 -0.092192 -0.022996 0.995468
1757574279.431184053 -0.023712 0.024116 -0.149090 0.004297 -0.093159 -0.022910 0.995378
1757574279.464063168 -0.028354 0.023250 -0.148629 0.004710 -0.094456 -0.022854 0.995256
1757574279.528905153 -0.029567 0.024182 -0.147979 0.004881 -0.095090 -0.022822 0.995195
1757574279.564506769 -0.029509 0.025950 -0.147848 0.004241 -0.095291 -0.022482 0.995186
1757574279.639944077 -0.021302 0.029040 -0.148169 0.003549 -0.094739 -0.022668 0.995238
1757574279.674074411 -0.020108 0.030015 -0.151541 0.001965 -0.094163 -0.022911 0.995291
1757574279.749038219 -0.019640 0.035422 -0.152327 -0.000334 -0.094121 -0.022746 0.995301
1757574279.784726858 -0.023856 0.033344 -0.154825 -0.001778 -0.094464 -0.023740 0.995244
1757574279.849616289 -0.025407 0.035190 -0.155608 -0.002681 -0.095095 -0.023198 0.995194
1757574279.880540371 -0.027553 0.033015 -0.156720 -0.003293 -0.095488 -0.023241 0.995154
1757574279.958056688 -0.027839 0.039333 -0.154538 -0.001938 -0.097528 -0.023323 0.994958
1757574279.992930412 -0.031754 0.038971 -0.154645 -0.003290 -0.098208 -0.023629 0.994880
1757574280.061193705 -0.036676 0.037172 -0.152976 -0.002995 -0.099444 -0.024434 0.994739
1757574280.096626043 -0.037766 0.030173 -0.152526 -0.001401 -0.099793 -0.024477 0.994706
1757574280.171861649 -0.031138 0.024423 -0.151747 0.000509 -0.099208 -0.024901 0.994755
1757574280.202280998 -0.030077 0.024547 -0.152665 0.001049 -0.098101 -0.025154 0.994858
1757574280.278479338 -0.023070 0.029797 -0.146033 0.002927 -0.096647 -0.024879 0.995003
1757574280.311405659 -0.028234 0.030453 -0.146219 0.002037 -0.096595 -0.024281 0.995026
1757574280.385082483 -0.025750 0.030590 -0.145949 0.001567 -0.096842 -0.023031 0.995032
1757574280.421416521 -0.030624 0.029930 -0.146257 0.001052 -0.097687 -0.022825 0.994955
1757574280.494145155 -0.030404 0.026721 -0.146400 0.001213 -0.097681 -0.022955 0.994952
1757574280.529472589 -0.021500 0.026325 -0.144747 0.001074 -0.096165 -0.022394 0.995113
1757574280.602489233 -0.015451 0.023769 -0.148611 0.000156 -0.093286 -0.021158 0.995415
1757574280.633274555 -0.010719 0.025027 -0.148232 -0.000214 -0.091787 -0.019911 0.995580
1757574280.708337545 -0.005662 0.023119 -0.146633 -0.000226 -0.091189 -0.018275 0.995666
1757574280.740893126 -0.007194 0.023006 -0.147601 0.000064 -0.091596 -0.016919 0.995653
1757574280.813694954 -0.008116 0.020532 -0.145902 0.000837 -0.092820 -0.015726 0.995558
1757574280.850558043 -0.009355 0.021982 -0.146027 0.001596 -0.093903 -0.013872 0.995483
1757574280.922480345 -0.009246 0.031198 -0.144299 0.002065 -0.095115 -0.011524 0.995397
1757574280.959608555 -0.009412 0.038681 -0.141793 0.001551 -0.096095 -0.007214 0.995345
1757574281.026437283 -0.007699 0.045026 -0.140292 0.001061 -0.096928 -0.002617 0.995287
1757574281.057040215 -0.008995 0.047668 -0.138965 0.001468 -0.096947 -0.000469 0.995288
1757574281.131153107 -0.009815 0.051215 -0.139449 0.000834 -0.097010 -0.000404 0.995283
1757574281.159652233 -0.014394 0.051309 -0.138700 -0.000408 -0.097502 -0.002924 0.995231
1757574281.235099792 -0.017799 0.054178 -0.144468 -0.002152 -0.096966 -0.007545 0.995257
1757574281.266116858 -0.021743 0.045832 -0.144862 -0.002167 -0.097401 -0.012334 0.995166
1757574281.339713573 -0.030107 0.037935 -0.144416 -0.000853 -0.097911 -0.017215 0.995046
1757574281.376376629 -0.030317 0.032608 -0.144928 0.000826 -0.097613 -0.019157 0.995040
1757574281.451450586 -0.026518 0.027241 -0.145015 0.002334 -0.096670 -0.020310 0.995106
1757574281.480872393 -0.028399 0.026310 -0.145659 0.003256 -0.096544 -0.021322 0.995095
1757574281.551106930 -0.034009 0.025893 -0.139254 0.005101 -0.097178 -0.022167 0.995007
1757574281.583445787 -0.037168 0.025650 -0.139688 0.005403 -0.097690 -0.022211 0.994954
1757574281.652886868 -0.039782 0.026210 -0.139615 0.005568 -0.098862 -0.021919 0.994844
1757574281.683403492 -0.044096 0.028377 -0.139400 0.005213 -0.099932 -0.021110 0.994757
1757574281.755491018 -0.047153 0.026581 -0.140201 0.005164 -0.099254 -0.025273 0.994728
1757574281.790263414 -0.041963 0.024582 -0.140825 0.004465 -0.098057 -0.031454 0.994674
1757574281.863811255 -0.052242 0.030559 -0.145979 0.004275 -0.097240 -0.039541 0.994466
1757574281.894839287 -0.054638 0.031221 -0.148645 0.001148 -0.097056 -0.041048 0.994431
1757574281.971693516 -0.051569 0.039225 -0.148330 -0.001235 -0.097067 -0.041013 0.994432
1757574282.006392956 -0.043712 0.038326 -0.152014 -0.003050 -0.096280 -0.038260 0.994614
1757574282.081335068 -0.027708 0.040070 -0.152076 -0.004099 -0.095856 -0.032336 0.994861
1757574282.114922523 -0.022220 0.034507 -0.151061 -0.003074 -0.096399 -0.024429 0.995038
1757574282.188517332 -0.015884 0.024749 -0.151648 -0.002910 -0.097188 -0.023901 0.994975
1757574282.227820396 -0.019271 0.021732 -0.149856 -0.001481 -0.097809 -0.022160 0.994957
1757574282.299066067 -0.010298 0.017086 -0.147637 -0.000908 -0.098348 -0.017437 0.994999
1757574282.338348389 -0.001199 0.018059 -0.141455 -0.001094 -0.097795 -0.010944 0.995146
1757574282.412750959 0.012945 0.019728 -0.136039 -0.001565 -0.096950 -0.005230 0.995274
1757574282.448167562 0.018119 0.020115 -0.133486 -0.002079 -0.096246 -0.002949 0.995351
1757574282.530792475 0.016039 0.023105 -0.136606 -0.000238 -0.094632 -0.002971 0.995508
1757574282.566630602 0.009310 0.023250 -0.138222 -0.000170 -0.094692 -0.004658 0.995496
1757574282.641444921 0.003396 0.022614 -0.139445 -0.000025 -0.095153 -0.006863 0.995439
1757574282.676067829 0.000225 0.023190 -0.141160 -0.000102 -0.095461 -0.008849 0.995394
1757574282.745314837 -0.001312 0.023206 -0.142582 -0.000585 -0.095472 -0.009893 0.995383
1757574282.781041622 -0.003535 0.024581 -0.142738 -0.001304 -0.095431 -0.010172 0.995383
1757574282.853575945 -0.003159 0.030916 -0.138869 -0.000912 -0.097834 -0.009600 0.995156
1757574282.889440775 -0.003243 0.031029 -0.139575 -0.001333 -0.097539 -0.008997 0.995190
1757574282.963124514 -0.001016 0.030670 -0.138498 -0.001579 -0.097199 -0.008473 0.995228
1757574283.002256155 -0.001851 0.029174 -0.138961 -0.001452 -0.096704 -0.008179 0.995279
1757574283.073575974 -0.000208 0.028153 -0.138977 -0.001056 -0.096356 -0.008184 0.995313
1757574283.109515190 -0.001602 0.027301 -0.139752 -0.000782 -0.096252 -0.008294 0.995322
1757574283.188891411 -0.010452 0.029063 -0.145220 -0.002981 -0.095860 -0.008984 0.995350
1757574283.215308428 -0.012801 0.030179 -0.147006 -0.002920 -0.096037 -0.009171 0.995331
1757574283.288110256 -0.011400 0.030329 -0.147118 -0.002770 -0.096139 -0.009202 0.995322
1757574283.321111679 -0.013493 0.030916 -0.148054 -0.002775 -0.096310 -0.009276 0.995304
1757574283.392086744 -0.015121 0.029591 -0.148236 -0.002518 -0.096751 -0.009717 0.995258
1757574283.422082186 -0.017446 0.028067 -0.147994 -0.002020 -0.096656 -0.010471 0.995261
1757574283.494722605 -0.010615 0.029698 -0.143661 0.000032 -0.097270 -0.011723 0.995189
1757574283.528070688 -0.011976 0.028552 -0.143299 0.000699 -0.097005 -0.012698 0.995203
1757574283.592481375 -0.011906 0.026195 -0.142377 0.001369 -0.096704 -0.013903 0.995215
1757574283.629644632 -0.014896 0.025253 -0.141430 0.001920 -0.096704 -0.014559 0.995205
1757574283.705173731 -0.015568 0.022404 -0.140618 0.002535 -0.097122 -0.015280 0.995152
1757574283.742313623 -0.019562 0.020816 -0.141173 0.002934 -0.097314 -0.016677 0.995110
1757574283.814562559 -0.027469 0.023597 -0.136897 0.004200 -0.098344 -0.017652 0.994987
1757574283.846327543 -0.028915 0.025045 -0.137179 0.003857 -0.098667 -0.019034 0.994931
1757574283.915684938 -0.030593 0.025993 -0.138043 0.003239 -0.098880 -0.020617 0.994881
1757574283.949741602 -0.029956 0.026454 -0.138935 0.002614 -0.098561 -0.022218 0.994880
1757574284.024987459 -0.025634 0.028045 -0.137863 0.002278 -0.098004 -0.022879 0.994920
1757574284.056340218 -0.028130 0.027967 -0.138422 0.002344 -0.097391 -0.023275 0.994971
1757574284.131799459 -0.028127 0.027094 -0.147752 -0.000834 -0.096791 -0.023690 0.995022
1757574284.164782047 -0.037114 0.026282 -0.151115 -0.000770 -0.098071 -0.024431 0.994879
1757574284.232183695 -0.044109 0.027365 -0.153405 -0.000256 -0.099755 -0.024460 0.994711
1757574284.268891811 -0.048324 0.026963 -0.154620 0.000150 -0.101615 -0.024854 0.994513
1757574284.343494892 -0.052392 0.031743 -0.156100 -0.000975 -0.102899 -0.025085 0.994375
1757574284.376302958 -0.048999 0.031862 -0.157650 -0.002778 -0.102906 -0.025808 0.994352
1757574284.452410698 -0.039457 0.040013 -0.160933 -0.004644 -0.101527 -0.026001 0.994482
1757574284.490459919 -0.031752 0.035957 -0.159444 -0.005328 -0.100142 -0.025210 0.994639
1757574284.562898636 -0.022238 0.031776 -0.155704 -0.004922 -0.098860 -0.024663 0.994783
1757574284.599096775 -0.023367 0.028532 -0.152069 -0.004356 -0.097896 -0.024387 0.994888
1757574284.672532320 -0.012198 0.025717 -0.146130 -0.004066 -0.096508 -0.024034 0.995034
1757574284.704039335 -0.012334 0.025528 -0.140958 -0.003951 -0.094922 -0.023972 0.995188
1757574284.782566547 -0.009577 0.025016 -0.135178 -0.002596 -0.095256 -0.023512 0.995172
1757574284.816800594 -0.015414 0.022547 -0.135561 -0.001584 -0.095348 -0.023231 0.995172
1757574284.892923355 -0.013599 0.019135 -0.133944 -0.000531 -0.095555 -0.023121 0.995155
1757574284.928530931 -0.017056 0.018521 -0.135795 0.000489 -0.096098 -0.022941 0.995107
1757574285.000994444 -0.015805 0.016984 -0.136909 0.000910 -0.096778 -0.022907 0.995042
1757574285.034347296 -0.018755 0.018820 -0.139230 0.000813 -0.097354 -0.022967 0.994984
1757574285.107016563 -0.016204 0.020807 -0.140688 0.001451 -0.096204 -0.022801 0.995099
1757574285.144510984 -0.021038 0.023001 -0.143006 0.000625 -0.096564 -0.023143 0.995058
1757574285.214900970 -0.024961 0.023410 -0.146184 0.000299 -0.097788 -0.023117 0.994939
1757574285.248542309 -0.027319 0.024270 -0.146662 -0.000163 -0.098148 -0.023529 0.994894
1757574285.319439173 -0.019849 0.023334 -0.143713 -0.000163 -0.097623 -0.023248 0.994952
1757574285.351578236 -0.019850 0.022798 -0.141299 0.000573 -0.096762 -0.023010 0.995041
1757574285.423247576 -0.011593 0.017196 -0.142251 0.000001 -0.097300 -0.022658 0.994997
1757574285.459633112 -0.014691 0.017810 -0.141670 0.000818 -0.096657 -0.022612 0.995060
1757574285.530463457 -0.010061 0.017925 -0.139477 0.001074 -0.095762 -0.022474 0.995150
1757574285.562139273 -0.012003 0.020889 -0.141314 0.000967 -0.095109 -0.022470 0.995213
1757574285.637023926 -0.009886 0.022572 -0.141667 0.000673 -0.094624 -0.022493 0.995259
1757574285.672138214 -0.015958 0.025447 -0.144657 0.000237 -0.094826 -0.022894 0.995231
1757574285.751014948 -0.016171 0.024270 -0.156089 -0.001598 -0.094190 -0.023197 0.995283
1757574285.785800695 -0.024179 0.019716 -0.158248 0.000378 -0.095098 -0.023386 0.995193
1757574285.860124111 -0.038345 0.024676 -0.163489 -0.000096 -0.098034 -0.023634 0.994902
1757574285.895549297 -0.045872 0.027960 -0.166456 -0.001525 -0.100174 -0.024839 0.994659
1757574285.969415903 -0.048263 0.030951 -0.167643 -0.002604 -0.101195 -0.025691 0.994531
1757574286.004389286 -0.045410 0.028142 -0.165053 -0.002855 -0.100726 -0.025605 0.994581
1757574286.077920198 -0.027371 0.029557 -0.156298 -0.001138 -0.102728 -0.024731 0.994401
1757574286.112223148 -0.026391 0.025896 -0.152559 -0.000643 -0.101412 -0.023417 0.994569
1757574286.189672947 -0.014103 0.024740 -0.146840 -0.000012 -0.099679 -0.022538 0.994764
1757574286.223179340 -0.018841 0.023471 -0.145172 0.000947 -0.098690 -0.022379 0.994866
1757574286.295170784 -0.017292 0.023365 -0.143303 0.002094 -0.098242 -0.022537 0.994905
1757574286.326324940 -0.023110 0.023111 -0.143810 0.002887 -0.098195 -0.023054 0.994896
1757574286.401831865 -0.026312 0.028330 -0.137825 0.005492 -0.098695 -0.022691 0.994844
1757574286.431719542 -0.029332 0.027177 -0.138300 0.005644 -0.098523 -0.022734 0.994859
1757574286.502877474 -0.028810 0.031886 -0.137934 0.005396 -0.098249 -0.023898 0.994860
1757574286.539106846 -0.032305 0.032659 -0.138782 0.004513 -0.097802 -0.025130 0.994878
1757574286.613498688 -0.030202 0.036589 -0.136753 0.003960 -0.096984 -0.026577 0.994923
1757574286.647006750 -0.034249 0.034928 -0.136499 0.004704 -0.096254 -0.028214 0.994946
1757574286.720754623 -0.039860 0.038165 -0.141024 0.005925 -0.096091 -0.030371 0.994891
1757574286.750640154 -0.047905 0.038482 -0.143357 0.006519 -0.096780 -0.031884 0.994774
1757574286.820432663 -0.056006 0.042015 -0.146172 0.005592 -0.097752 -0.035124 0.994575
1757574286.855090141 -0.055688 0.036527 -0.138260 0.012151 -0.094809 -0.038384 0.994681
1757574286.925825834 -0.045894 0.037645 -0.130905 0.015959 -0.091719 -0.043269 0.994716
1757574286.960268259 -0.054588 0.046175 -0.126340 0.015066 -0.089887 -0.046516 0.994751
1757574287.036511183 -0.061747 0.045778 -0.143017 0.012838 -0.089227 -0.047416 0.994799
1757574287.069746256 -0.068138 0.045680 -0.146376 0.008191 -0.090530 -0.045955 0.994799
1757574287.143015862 -0.059829 0.049867 -0.143450 0.001571 -0.092151 -0.042597 0.994832
1757574287.174391747 -0.058833 0.047069 -0.146547 -0.006518 -0.093770 -0.038439 0.994830
1757574287.243118763 -0.052985 0.046043 -0.145366 -0.015259 -0.097104 -0.031495 0.994659
1757574287.280082226 -0.053129 0.031946 -0.155552 -0.008815 -0.098974 -0.027441 0.994672
1757574287.351708174 -0.059818 0.007721 -0.155638 -0.001058 -0.099687 -0.026024 0.994678
1757574287.386578083 -0.057303 0.017458 -0.149365 0.004815 -0.102267 -0.021627 0.994510
1757574287.461944103 -0.053763 0.021382 -0.147773 0.006537 -0.104457 -0.015917 0.994381
1757574287.497026920 -0.036773 0.033241 -0.140053 0.004481 -0.104809 -0.009932 0.994433
1757574287.570915222 -0.030579 0.037563 -0.140899 0.002398 -0.103211 -0.004999 0.994644
1757574287.605464935 -0.003710 0.040066 -0.140695 0.000450 -0.099448 0.003747 0.995036
1757574287.678090096 0.049369 0.014208 -0.136245 -0.001781 -0.097417 0.013832 0.995146
1757574287.711823702 0.058866 0.002701 -0.133790 -0.002151 -0.097229 0.018009 0.995097
1757574287.788312674 0.058746 -0.002737 -0.131420 -0.001247 -0.096979 0.018358 0.995116
1757574287.818952084 0.051755 0.004670 -0.135330 -0.001182 -0.096767 0.014958 0.995194
1757574287.899173737 0.039950 0.008614 -0.137998 -0.003011 -0.095886 0.008967 0.995347
1757574287.930317879 0.028364 0.012531 -0.142215 -0.005071 -0.094188 -0.000636 0.995541
1757574288.004825592 0.003107 0.022045 -0.145080 -0.004923 -0.091991 -0.012336 0.995671
1757574288.041665316 -0.027807 0.023876 -0.152064 -0.003974 -0.094850 -0.021590 0.995249
1757574288.116307735 -0.058762 0.029415 -0.159292 -0.002100 -0.098561 -0.025950 0.994790
1757574288.147851229 -0.069922 0.031746 -0.158198 -0.000192 -0.100942 -0.029626 0.994451
1757574288.218887568 -0.082740 0.040313 -0.159141 0.001911 -0.100997 -0.033918 0.994307
1757574288.250871897 -0.083929 0.043996 -0.159661 0.004222 -0.099846 -0.037085 0.994303
1757574288.326664686 -0.078214 0.050458 -0.162406 0.003912 -0.098272 -0.044234 0.994168
1757574288.363341093 -0.079666 0.051507 -0.161913 0.002548 -0.096935 -0.047198 0.994168
1757574288.435797215 -0.061123 0.052973 -0.157467 -0.001498 -0.095823 -0.045707 0.994347
1757574288.461086750 -0.063169 0.049968 -0.157715 -0.007785 -0.095626 -0.042383 0.994484
1757574288.532212973 -0.043416 0.047572 -0.156396 -0.012003 -0.096422 -0.034834 0.994658
1757574288.558787346 -0.035819 0.031414 -0.158792 -0.007812 -0.096594 -0.026730 0.994934
1757574288.633175850 -0.027961 0.010350 -0.155176 0.000175 -0.096587 -0.020820 0.995107
1757574288.665431976 -0.037932 0.012189 -0.148492 0.006998 -0.099830 -0.016649 0.994841
1757574288.738705635 -0.048108 0.010712 -0.148715 0.009211 -0.102602 -0.014233 0.994578
1757574288.775758982 -0.041579 0.017325 -0.142054 0.008622 -0.103461 -0.014185 0.994495
1757574288.846328735 -0.045193 0.026936 -0.137887 0.005024 -0.104110 -0.016470 0.994417
1757574288.885856867 -0.043374 0.038126 -0.137680 0.000815 -0.103228 -0.022421 0.994405
1757574288.959117413 -0.022700 0.045975 -0.152350 -0.004103 -0.100523 -0.025086 0.994610
1757574288.990443707 -0.009754 0.034467 -0.148123 -0.006025 -0.096623 -0.023468 0.995026
1757574289.065867662 -0.002180 0.028786 -0.143584 -0.004810 -0.095670 -0.022441 0.995149
1757574289.097503662 -0.017411 0.030951 -0.146249 -0.003928 -0.097093 -0.022445 0.995014
1757574289.171375990 -0.031600 0.037513 -0.153546 -0.002918 -0.099100 -0.024665 0.994767
1757574289.204365969 -0.039835 0.042275 -0.157698 -0.002535 -0.100360 -0.026806 0.994587
1757574289.273924589 -0.042892 0.052106 -0.165044 -0.001930 -0.100705 -0.029687 0.994471
1757574289.307690144 -0.045839 0.051393 -0.165656 -0.001228 -0.100815 -0.031256 0.994413
1757574289.381371260 -0.039504 0.048784 -0.164693 -0.000756 -0.100938 -0.030814 0.994415
1757574289.416207552 -0.037266 0.039383 -0.164543 -0.000441 -0.100613 -0.027129 0.994556
1757574289.488598824 -0.025737 0.032935 -0.159950 0.000151 -0.099931 -0.024030 0.994704
1757574289.520383358 -0.026814 0.030429 -0.159081 0.000460 -0.099534 -0.023859 0.994748
1757574289.598041296 -0.014294 0.037031 -0.146647 0.001759 -0.098378 -0.023825 0.994862
1757574289.631977320 -0.018940 0.041100 -0.146520 -0.000416 -0.097223 -0.024047 0.994972
1757574289.696943283 -0.011345 0.049717 -0.145177 -0.003128 -0.095939 -0.024342 0.995085
1757574289.721919537 -0.018216 0.047835 -0.148003 -0.004572 -0.095477 -0.024593 0.995117
1757574289.795271635 -0.007016 0.041828 -0.139002 -0.003515 -0.094150 -0.024473 0.995251
1757574289.829611540 -0.009167 0.035019 -0.134667 -0.001779 -0.092859 -0.024285 0.995381
1757574289.900899410 -0.015499 0.021488 -0.142624 0.001926 -0.092263 -0.024084 0.995441
1757574289.935248137 -0.028454 0.011998 -0.141289 0.007523 -0.093063 -0.024291 0.995335
1757574290.008672953 -0.028088 0.005766 -0.139448 0.009793 -0.093211 -0.023820 0.995313
1757574290.038212776 -0.023204 0.015091 -0.129975 0.009928 -0.091923 -0.023357 0.995443
1757574290.114954233 -0.010387 0.019836 -0.119890 0.008785 -0.089818 -0.022529 0.995665
1757574290.140503883 -0.009013 0.020275 -0.112300 0.007507 -0.088095 -0.021866 0.995844
1757574290.216017008 0.005491 0.020861 -0.120816 0.006570 -0.087556 -0.020550 0.995926
1757574290.252336502 0.004082 0.019492 -0.120431 0.005712 -0.087243 -0.019737 0.995975
1757574290.326114893 -0.002584 0.020789 -0.123239 0.005462 -0.088053 -0.019598 0.995908
1757574290.357200146 -0.006960 0.020046 -0.128569 0.005345 -0.089691 -0.020274 0.995749
1757574290.424071074 -0.021750 0.022914 -0.139962 0.005019 -0.092655 -0.021195 0.995460
1757574290.459312439 -0.032493 0.025256 -0.150674 0.004329 -0.095581 -0.022139 0.995166
1757574290.535271645 -0.040453 0.028858 -0.148667 0.005701 -0.096255 -0.022851 0.995078
1757574290.567651510 -0.043015 0.026888 -0.148222 0.006119 -0.097495 -0.023614 0.994937
1757574290.642453194 -0.047633 0.025431 -0.149247 0.006596 -0.098332 -0.024139 0.994839
1757574290.671822309 -0.046517 0.025687 -0.148009 0.006441 -0.098377 -0.024205 0.994834
1757574290.744219065 -0.040784 0.026935 -0.146078 0.005798 -0.097591 -0.023859 0.994924
1757574290.775635242 -0.034365 0.022984 -0.141009 0.005949 -0.096040 -0.023187 0.995090
1757574290.845889568 -0.021364 0.018355 -0.137004 0.004067 -0.094917 -0.022277 0.995228
1757574290.874541759 -0.021755 0.030115 -0.142304 0.003318 -0.094119 -0.022019 0.995312
1757574290.950778723 -0.027118 0.033389 -0.146631 0.002353 -0.095106 -0.022771 0.995204
1757574290.984283686 -0.035281 0.033321 -0.149267 0.001753 -0.096561 -0.023702 0.995043
1757574291.059906960 -0.042441 0.033373 -0.152468 0.001106 -0.097963 -0.024026 0.994899
1757574291.096512079 -0.041412 0.033225 -0.151806 0.000723 -0.098061 -0.024346 0.994882
1757574291.169661999 -0.033541 0.028269 -0.152048 -0.000009 -0.099518 -0.024656 0.994730
1757574291.200862169 -0.033672 0.026716 -0.152510 0.000225 -0.099138 -0.023820 0.994788
1757574291.268182516 -0.032000 0.025253 -0.151791 0.000969 -0.098840 -0.023964 0.994814
1757574291.292937994 -0.032998 0.024949 -0.151321 0.001493 -0.098841 -0.024097 0.994810
1757574291.361872435 -0.033806 0.022734 -0.151781 0.001791 -0.099491 -0.023813 0.994752
1757574291.394373894 -0.036289 0.022790 -0.151682 0.002289 -0.099881 -0.023732 0.994714
1757574291.470388889 -0.032353 0.026207 -0.149676 0.002865 -0.102016 -0.024298 0.994482
1757574291.503771782 -0.031460 0.029088 -0.149585 0.000930 -0.100832 -0.023678 0.994621
1757574291.581341028 -0.017600 0.033034 -0.143454 -0.001769 -0.098700 -0.023542 0.994837
1757574291.613498926 -0.013339 0.032307 -0.140892 -0.002669 -0.096231 -0.023171 0.995086
1757574291.689896345 -0.006817 0.032013 -0.139205 -0.002621 -0.095115 -0.023055 0.995196
1757574291.720031500 -0.014035 0.029069 -0.140665 -0.002186 -0.094797 -0.022895 0.995231
1757574291.795008183 -0.017154 0.031871 -0.134883 -0.000007 -0.094246 -0.022555 0.995293
1757574291.824593544 -0.022481 0.029547 -0.138027 0.001230 -0.094642 -0.022699 0.995252
1757574291.896708488 -0.026678 0.029003 -0.141880 0.001692 -0.095806 -0.022804 0.995137
1757574291.934425116 -0.032417 0.028154 -0.148282 0.001866 -0.097601 -0.022841 0.994962
1757574292.003989697 -0.037433 0.028529 -0.152886 0.001767 -0.099072 -0.022681 0.994820
1757574292.034520864 -0.039190 0.027711 -0.156458 0.001312 -0.100086 -0.022761 0.994718
1757574292.115313530 -0.033257 0.031926 -0.154003 0.002065 -0.102189 -0.022741 0.994503
1757574292.148552179 -0.035698 0.031793 -0.154553 0.002110 -0.102610 -0.022938 0.994455
1757574292.218639612 -0.027800 0.031645 -0.152455 0.002312 -0.101961 -0.022571 0.994530
1757574292.254411936 -0.024486 0.029062 -0.149371 0.002164 -0.100618 -0.021508 0.994690
1757574292.324859619 -0.014448 0.031969 -0.145307 0.001534 -0.099689 -0.020696 0.994802
1757574292.361854553 -0.014728 0.030346 -0.142723 0.000827 -0.098855 -0.019788 0.994905
1757574292.434314966 -0.015975 0.031707 -0.144924 0.000752 -0.098200 -0.019691 0.994972
1757574292.465394258 -0.020476 0.030557 -0.144266 -0.000587 -0.097613 -0.019907 0.995025
1757574292.539840460 -0.011261 0.033407 -0.137977 -0.002077 -0.096338 -0.019826 0.995149
1757574292.574620247 -0.015077 0.032034 -0.139206 -0.003166 -0.096043 -0.019944 0.995172
1757574292.649547815 -0.005150 0.033310 -0.134119 -0.005043 -0.095094 -0.019328 0.995268
1757574292.679548740 -0.006277 0.028714 -0.133841 -0.005276 -0.094235 -0.018331 0.995367
1757574292.754304647 0.000661 0.024644 -0.131240 -0.003545 -0.092806 -0.020247 0.995472
1757574292.788351297 -0.011344 0.014974 -0.135959 0.001004 -0.093600 -0.021583 0.995375
1757574292.857790709 -0.022873 0.011739 -0.142388 0.003928 -0.094665 -0.022381 0.995250
1757574292.891891956 -0.032331 0.015687 -0.147425 0.005273 -0.097143 -0.022371 0.995005
1757574292.964839697 -0.047961 0.013165 -0.160721 0.005065 -0.100548 -0.018023 0.994756
1757574292.999989986 -0.052405 0.014228 -0.166954 0.002547 -0.102820 -0.012987 0.994612
1757574293.077233791 -0.041141 0.015716 -0.178083 -0.001511 -0.103722 -0.010192 0.994553
1757574293.109543800 -0.026910 0.016082 -0.174106 -0.002988 -0.102552 -0.008866 0.994684
1757574293.181479931 -0.010729 0.015391 -0.159046 -0.002378 -0.099691 -0.009589 0.994969
1757574293.214780569 -0.002194 0.011763 -0.146230 -0.000413 -0.096936 -0.011495 0.995224
1757574293.288208485 0.015517 0.007387 -0.124664 0.003352 -0.092208 -0.013948 0.995636
1757574293.323235035 0.022791 0.007037 -0.113411 0.005953 -0.089408 -0.015613 0.995855
1757574293.397817612 0.014040 0.006650 -0.116476 0.005478 -0.087667 -0.018997 0.995954
1757574293.432147741 0.001442 0.018915 -0.123793 0.004773 -0.089321 -0.020630 0.995778
1757574293.505975723 -0.011460 0.029944 -0.131354 0.002706 -0.091684 -0.022003 0.995541
1757574293.536881447 -0.023565 0.036787 -0.145128 0.000125 -0.094394 -0.023206 0.995264
1757574293.613320112 -0.032219 0.038935 -0.153397 -0.000813 -0.096418 -0.023331 0.995067
1757574293.644528389 -0.035310 0.027492 -0.155063 0.000063 -0.097000 -0.020358 0.995076
1757574293.720033407 -0.035850 0.014960 -0.153717 0.002595 -0.098421 -0.015558 0.995020
1757574293.755600452 -0.035177 0.012588 -0.153001 0.005078 -0.097961 -0.014646 0.995070
1757574293.832107544 -0.032217 0.009208 -0.152600 0.005339 -0.097700 -0.010435 0.995147
1757574293.865254164 -0.018444 0.010473 -0.146009 0.006263 -0.094711 -0.009051 0.995444
1757574293.936230659 -0.004856 0.016871 -0.142979 0.004831 -0.093572 -0.003937 0.995593
1757574293.968458891 -0.014295 0.019722 -0.142991 0.002707 -0.094246 0.000237 0.995545
1757574294.045369148 -0.004873 0.023697 -0.139048 0.000237 -0.094889 0.003119 0.995483
1757574294.082622766 -0.008398 0.027263 -0.140756 -0.002178 -0.096139 0.000153 0.995365
1757574294.151952744 -0.015316 0.028095 -0.143173 -0.005475 -0.096783 -0.006796 0.995267
1757574294.182462931 -0.023006 0.031144 -0.153159 -0.007414 -0.097348 -0.015200 0.995107
1757574294.260890722 -0.024123 0.031069 -0.157447 -0.006631 -0.097339 -0.022042 0.994985
1757574294.294892788 -0.026670 0.027928 -0.158553 -0.005134 -0.096879 -0.024270 0.994987
1757574294.371641397 -0.035956 0.033883 -0.153207 -0.003506 -0.097873 -0.024321 0.994895
1757574294.405989408 -0.039648 0.032368 -0.150751 -0.002420 -0.097847 -0.024072 0.994907
1757574294.480080128 -0.035353 0.027970 -0.149124 -0.000365 -0.097000 -0.023386 0.995010
1757574294.516407251 -0.034849 0.023727 -0.148951 0.002044 -0.096452 -0.023970 0.995047
1757574294.587709427 -0.037396 0.019964 -0.150301 0.003623 -0.096619 -0.025877 0.994978
1757574294.622502804 -0.040956 0.018340 -0.152394 0.004883 -0.097320 -0.028516 0.994833
1757574294.694732428 -0.045639 0.022888 -0.146351 0.006905 -0.097611 -0.029972 0.994749
1757574294.728027344 -0.045113 0.023237 -0.149102 0.006527 -0.098497 -0.029845 0.994668
1757574294.806241274 -0.040855 0.026665 -0.148331 0.005849 -0.098626 -0.027622 0.994724
1757574294.838235855 -0.038530 0.025210 -0.149787 0.005104 -0.098888 -0.024333 0.994788
1757574294.909019947 -0.032711 0.029610 -0.148431 0.004041 -0.098286 -0.022733 0.994890
1757574294.940513611 -0.035235 0.030124 -0.150214 0.003044 -0.098401 -0.022012 0.994899
1757574295.009033203 -0.031122 0.035527 -0.151732 0.002786 -0.099487 -0.021883 0.994794
1757574295.042769670 -0.030139 0.033738 -0.151011 0.000650 -0.099060 -0.021613 0.994846
1757574295.115340471 -0.021517 0.038456 -0.147936 -0.001717 -0.098205 -0.021547 0.994931
1757574295.145663977 -0.021867 0.032499 -0.146308 -0.003763 -0.097298 -0.020974 0.995027
1757574295.221736908 -0.007647 0.038440 -0.139959 -0.006873 -0.096031 -0.019788 0.995158
1757574295.256233454 -0.009560 0.034572 -0.139853 -0.011247 -0.095648 -0.016831 0.995209
1757574295.333783150 -0.021820 0.038955 -0.144576 -0.009794 -0.096832 -0.016060 0.995123
1757574295.368628979 -0.025043 0.022619 -0.141076 -0.004712 -0.095322 -0.016065 0.995306
1757574295.440029860 -0.025065 0.004012 -0.136355 0.001081 -0.093904 -0.017063 0.995434
1757574295.472361803 -0.031751 0.004300 -0.135295 0.006397 -0.094423 -0.016872 0.995369
1757574295.545656443 -0.039599 -0.003637 -0.138103 0.009764 -0.096024 -0.015469 0.995211
1757574295.579432964 -0.040775 0.004858 -0.138336 0.010024 -0.098088 -0.014289 0.995025
1757574295.655002356 -0.040694 0.007378 -0.155871 0.007992 -0.101184 -0.013609 0.994743
1757574295.689678192 -0.048635 0.015765 -0.165270 0.006342 -0.103546 -0.015959 0.994476
1757574295.764278412 -0.056557 0.025043 -0.170842 0.004440 -0.105333 -0.021740 0.994189
1757574295.799026489 -0.049799 0.032786 -0.173948 0.001568 -0.104705 -0.025779 0.994168
1757574295.865481615 -0.032615 0.038226 -0.167215 -0.000239 -0.101711 -0.026967 0.994448
1757574295.900504589 -0.018480 0.033610 -0.156428 -0.001966 -0.097756 -0.023911 0.994921
1757574295.979321957 -0.012774 0.032890 -0.144949 -0.002532 -0.095391 -0.020650 0.995222
1757574296.011543274 -0.022608 0.032122 -0.145057 -0.002859 -0.094988 -0.021529 0.995242
1757574296.088772535 -0.034318 0.038564 -0.158156 -0.002763 -0.096963 -0.023331 0.995011
1757574296.120300531 -0.037863 0.036571 -0.168786 -0.002451 -0.098941 -0.024309 0.994793
1757574296.188946962 -0.039359 0.040609 -0.176425 -0.002674 -0.100230 -0.024943 0.994648
1757574296.211816549 -0.039376 0.040298 -0.180079 -0.003788 -0.100809 -0.025298 0.994577
1757574296.286880732 -0.030280 0.050689 -0.184195 -0.004913 -0.101631 -0.026031 0.994469
1757574296.322684050 -0.033635 0.053031 -0.185203 -0.006581 -0.102003 -0.026434 0.994411
1757574296.399396658 -0.029969 0.043501 -0.183734 -0.004820 -0.102195 -0.025806 0.994418
1757574296.436319351 -0.029783 0.023944 -0.177895 0.000075 -0.101785 -0.024944 0.994494
1757574296.505511284 -0.015839 0.012898 -0.161060 0.003538 -0.099313 -0.024492 0.994748
1757574296.537042141 -0.014708 0.020574 -0.147905 0.004144 -0.097223 -0.024402 0.994955
1757574296.603582144 -0.004908 0.029355 -0.144085 0.004350 -0.096122 -0.024215 0.995065
1757574296.633609772 -0.007603 0.033636 -0.139165 0.003172 -0.094991 -0.024660 0.995168
1757574296.706568956 -0.008970 0.037819 -0.141820 0.001329 -0.094983 -0.023559 0.995199
1757574296.732337952 -0.014176 0.039311 -0.146355 -0.000069 -0.095312 -0.023276 0.995175
1757574296.804788351 -0.017451 0.041294 -0.152805 -0.001126 -0.096259 -0.023167 0.995086
1757574296.836002827 -0.019526 0.037204 -0.157546 -0.000438 -0.097455 -0.023053 0.994973
1757574296.912226677 -0.019417 0.019536 -0.142804 0.001915 -0.093675 -0.020875 0.995382
1757574296.943206787 -0.016909 0.007232 -0.129065 0.005110 -0.091823 -0.017497 0.995609
1757574297.011008978 -0.017059 -0.003492 -0.123495 0.006790 -0.090989 -0.013957 0.995731
1757574297.037648916 -0.020518 0.001107 -0.127137 0.006451 -0.091532 -0.012781 0.995699
1757574297.111850500 -0.030776 0.009940 -0.148986 0.005401 -0.095512 -0.016072 0.995284
1757574297.147389650 -0.022846 0.010395 -0.145529 0.005299 -0.095372 -0.016675 0.995288
1757574297.215685844 -0.014267 0.010049 -0.145243 0.005012 -0.094530 -0.016097 0.995379
1757574297.247266531 -0.016219 0.015893 -0.143292 0.001930 -0.093672 -0.016479 0.995465
1757574297.320013523 -0.015037 0.025759 -0.142094 -0.001239 -0.092885 -0.017223 0.995527
1757574297.351645470 -0.017379 0.015630 -0.147662 -0.002759 -0.093343 -0.014195 0.995529
1757574297.427779198 -0.026080 0.020642 -0.157564 -0.002549 -0.094787 -0.015996 0.995366
1757574297.462747097 -0.032870 0.020110 -0.165327 -0.001933 -0.096354 -0.018117 0.995180
1757574297.540250540 -0.032715 0.026243 -0.166232 -0.000063 -0.098849 -0.019877 0.994904
1757574297.570482492 -0.032400 0.025850 -0.164361 0.001186 -0.099019 -0.021282 0.994857
1757574297.644402742 -0.029377 0.025788 -0.160848 0.002120 -0.098630 -0.022034 0.994878
1757574297.674658060 -0.029611 0.025846 -0.159080 0.002717 -0.098235 -0.022591 0.994903
1757574297.749947786 -0.024780 0.025153 -0.155223 0.003302 -0.097584 -0.022406 0.994970
1757574297.785146713 -0.026544 0.025782 -0.156901 0.003641 -0.097752 -0.022310 0.994954
1757574297.851731539 -0.031857 0.025747 -0.151995 0.003374 -0.095324 -0.022349 0.995190
1757574297.885591745 -0.032077 0.025496 -0.151217 0.003138 -0.095106 -0.022368 0.995211
1757574297.958867788 -0.025162 0.025268 -0.145995 0.002989 -0.094179 -0.021877 0.995310
1757574297.990752220 -0.025868 0.021178 -0.144460 0.003003 -0.093878 -0.021147 0.995355
1757574298.061496973 -0.021685 0.018450 -0.139812 0.003249 -0.093023 -0.020221 0.995453
1757574298.096043587 -0.023755 0.016263 -0.142652 0.003346 -0.093598 -0.019736 0.995409
1757574298.172091722 -0.012124 0.020665 -0.147174 0.003055 -0.094162 -0.019867 0.995354
1757574298.210078478 -0.013018 0.019447 -0.149555 0.003061 -0.094685 -0.019869 0.995304
1757574298.279052496 -0.014753 0.020288 -0.151538 0.003768 -0.095148 -0.020148 0.995252
1757574298.310933590 -0.017822 0.019656 -0.154253 0.003840 -0.095605 -0.020254 0.995206
1757574298.386144400 -0.021693 0.028140 -0.159862 0.003250 -0.096564 -0.021883 0.995081
1757574298.410936832 -0.025783 0.029128 -0.161535 0.002805 -0.096768 -0.022857 0.995041
1757574298.482792616 -0.033589 0.029127 -0.158838 0.002667 -0.096716 -0.023212 0.995038
1757574298.514689445 -0.036521 0.026828 -0.160806 0.002278 -0.096985 -0.023138 0.995014
1757574298.586039782 -0.037476 0.028890 -0.164316 0.002064 -0.097647 -0.023059 0.994952
1757574298.623947859 -0.040634 0.028100 -0.166694 0.001764 -0.098026 -0.023065 0.994915
1757574298.695173979 -0.037697 0.030114 -0.165147 0.001522 -0.097934 -0.023129 0.994923
1757574298.729983568 -0.037528 0.028528 -0.164000 0.001155 -0.097758 -0.023157 0.994940
1757574298.801165342 -0.029833 0.039400 -0.164083 0.001691 -0.099559 -0.023632 0.994750
1757574298.836031914 -0.033375 0.038628 -0.167908 0.000700 -0.100168 -0.023838 0.994685
1757574298.913561344 -0.033005 0.043003 -0.170121 -0.000313 -0.100346 -0.024077 0.994661
1757574298.941370726 -0.035133 0.039316 -0.172716 -0.000783 -0.100687 -0.024086 0.994626
1757574299.010622263 -0.031421 0.040095 -0.171283 -0.000273 -0.100642 -0.024091 0.994631
1757574299.041564465 -0.032466 0.037532 -0.170462 0.000630 -0.100985 -0.023975 0.994599
1757574299.109817743 -0.036105 0.029924 -0.175234 -0.000543 -0.099686 -0.023782 0.994735
1757574299.144097090 -0.035737 0.027456 -0.175058 -0.000349 -0.099021 -0.023880 0.994799
1757574299.216295719 -0.030927 0.028417 -0.172950 -0.000216 -0.098680 -0.023797 0.994835
1757574299.250047445 -0.034022 0.026856 -0.173616 0.000167 -0.098846 -0.023637 0.994822
1757574299.329837322 -0.030746 0.029785 -0.172845 -0.000111 -0.098761 -0.023701 0.994829
1757574299.365885019 -0.033147 0.028543 -0.172450 -0.000123 -0.098467 -0.023618 0.994860
1757574299.446096420 -0.023304 0.032697 -0.178706 -0.000290 -0.099632 -0.023790 0.994740
1757574299.477971792 -0.025746 0.031264 -0.180605 -0.000070 -0.100133 -0.023901 0.994687
1757574299.550174952 -0.022620 0.032699 -0.178828 0.000045 -0.099901 -0.023880 0.994711
1757574299.586734056 -0.023585 0.031610 -0.179278 -0.000168 -0.099260 -0.023985 0.994772
1757574299.657576799 -0.019454 0.032458 -0.178878 -0.000372 -0.098743 -0.023853 0.994827
1757574299.692541361 -0.022202 0.032141 -0.179776 -0.001011 -0.098288 -0.023823 0.994872
1757574299.760162830 -0.023957 0.034727 -0.172915 -0.001148 -0.094633 -0.023782 0.995227
1757574299.787014008 -0.031178 0.031743 -0.173334 -0.001529 -0.094067 -0.023849 0.995279
1757574299.859652519 -0.029557 0.033070 -0.173487 -0.001491 -0.094356 -0.023730 0.995255
1757574299.887159586 -0.032863 0.029486 -0.173022 -0.000947 -0.094104 -0.023558 0.995283
1757574299.961138725 -0.030388 0.037261 -0.168694 0.000082 -0.093117 -0.025708 0.995323
1757574299.992256403 -0.036669 0.042601 -0.167447 0.000613 -0.092001 -0.028033 0.995364
1757574300.061728477 -0.025272 0.054875 -0.162182 0.002969 -0.095512 -0.029701 0.994981
1757574300.097512484 -0.031506 0.065683 -0.163478 0.003183 -0.095837 -0.033048 0.994843
1757574300.170541763 -0.036674 0.083073 -0.166590 0.003034 -0.096334 -0.037754 0.994628
1757574300.207122087 -0.044733 0.096035 -0.168303 0.002705 -0.096137 -0.042451 0.994459
1757574300.280443430 -0.048094 0.103946 -0.170537 0.002578 -0.096488 -0.045292 0.994300
1757574300.312427282 -0.052754 0.105492 -0.172805 0.001983 -0.096435 -0.046042 0.994272
1757574300.389870405 -0.051520 0.101267 -0.174129 0.001838 -0.098908 -0.044810 0.994085
1757574300.422261238 -0.051699 0.092113 -0.169507 0.000921 -0.097490 -0.041240 0.994381
1757574300.492299795 -0.042205 0.062979 -0.152542 0.002982 -0.094743 -0.035054 0.994880
1757574300.526748419 -0.036541 0.028926 -0.136243 0.005777 -0.091889 -0.026504 0.995400
1757574300.606637239 -0.031596 -0.003393 -0.126503 0.008473 -0.090679 -0.019630 0.995651
1757574300.636867762 -0.032472 -0.004298 -0.131269 0.009692 -0.091451 -0.017448 0.995610
1757574300.711030722 -0.022706 0.009261 -0.132285 0.010931 -0.092671 -0.020345 0.995429
1757574300.737411976 -0.023765 0.025362 -0.134747 0.007208 -0.092188 -0.023788 0.995431
1757574300.811406612 -0.014091 0.028574 -0.131489 0.004137 -0.091074 -0.022378 0.995584
1757574300.846708536 -0.017917 0.015964 -0.138066 0.000160 -0.091343 -0.016289 0.995686
1757574300.917615891 -0.022904 0.032678 -0.147852 -0.002030 -0.092645 -0.020421 0.995488
1757574300.945123911 -0.034403 0.033349 -0.166935 -0.003660 -0.096110 -0.023489 0.995087
1757574301.013115644 -0.059696 0.039788 -0.161576 -0.001740 -0.099630 -0.023991 0.994734
1757574301.043734074 -0.055567 0.035070 -0.161331 -0.000565 -0.099759 -0.023686 0.994729
1757574301.115126848 -0.049962 0.032312 -0.157455 0.001379 -0.099194 -0.023296 0.994794
1757574301.151593447 -0.046138 0.028158 -0.154452 0.002979 -0.098326 -0.022835 0.994888
1757574301.226690531 -0.038917 0.028146 -0.149889 0.003655 -0.097280 -0.022547 0.994995
1757574301.258486271 -0.037341 0.026989 -0.148902 0.003345 -0.096570 -0.022430 0.995068
1757574301.331591129 -0.032825 0.030320 -0.150300 0.002401 -0.097051 -0.022697 0.995018
1757574301.364941597 -0.035998 0.029744 -0.153254 0.001576 -0.097390 -0.022933 0.994981
1757574301.439035177 -0.035131 0.032782 -0.155017 0.000948 -0.097691 -0.023171 0.994947
1757574301.476034641 -0.037437 0.030689 -0.157641 0.000509 -0.098216 -0.023170 0.994895
1757574301.548940659 -0.036206 0.031014 -0.158378 0.000730 -0.098408 -0.023301 0.994873
1757574301.579297066 -0.035701 0.027953 -0.158689 0.000916 -0.098575 -0.023377 0.994855
1757574301.650386810 -0.036145 0.030563 -0.168197 -0.000129 -0.100301 -0.023427 0.994681
1757574301.682037115 -0.035929 0.029643 -0.168110 0.000037 -0.100050 -0.023452 0.994706
1757574301.752342939 -0.029461 0.028954 -0.164204 0.000234 -0.099341 -0.023242 0.994782
1757574301.785345554 -0.029554 0.026526 -0.163109 0.000397 -0.099104 -0.022977 0.994812
1757574301.854766846 -0.026297 0.028260 -0.161708 0.000387 -0.098880 -0.023052 0.994832
1757574301.886615753 -0.028567 0.026754 -0.165073 0.000406 -0.099446 -0.023189 0.994773
1757574301.957057714 -0.028326 0.030304 -0.157546 0.001024 -0.095823 -0.022823 0.995136
1757574301.991556644 -0.029027 0.027604 -0.158389 0.001336 -0.096140 -0.022607 0.995110
1757574302.056959629 -0.026220 0.029336 -0.158750 0.001044 -0.096219 -0.022555 0.995104
1757574302.088300943 -0.026539 0.027393 -0.159245 0.001169 -0.096327 -0.022390 0.995097
1757574302.157289505 -0.024477 0.027975 -0.160079 0.001720 -0.096556 -0.022441 0.995073
1757574302.185389757 -0.023648 0.026192 -0.156780 0.002414 -0.096137 -0.022894 0.995102
1757574302.264079571 -0.026188 0.028231 -0.155073 0.002122 -0.094342 -0.023942 0.995250
1757574302.296052217 -0.034661 0.033156 -0.154485 0.002227 -0.094087 -0.026537 0.995208
1757574302.366587877 -0.037441 0.046156 -0.154945 0.002299 -0.094078 -0.030597 0.995092
1757574302.400622845 -0.048046 0.055357 -0.158884 0.002417 -0.094750 -0.034801 0.994890
1757574302.478518248 -0.058762 0.068721 -0.163865 0.002074 -0.095710 -0.038513 0.994662
1757574302.510515928 -0.065805 0.071745 -0.168483 0.001930 -0.096501 -0.039863 0.994532
1757574302.588500261 -0.056063 0.069811 -0.173723 0.001589 -0.098603 -0.039009 0.994361
1757574302.620378256 -0.057582 0.068951 -0.171469 0.001397 -0.098328 -0.038882 0.994393
1757574302.693919897 -0.054274 0.073822 -0.164510 0.001341 -0.096856 -0.041216 0.994444
1757574302.723389626 -0.059586 0.075600 -0.163276 0.001041 -0.096108 -0.042134 0.994478
1757574302.794026613 -0.052753 0.071986 -0.161310 0.000157 -0.095782 -0.040864 0.994563
1757574302.823750734 -0.055167 0.070107 -0.160704 -0.001078 -0.095293 -0.039343 0.994671
1757574302.891551018 -0.040461 0.064959 -0.155016 -0.000878 -0.095199 -0.037025 0.994769
1757574302.927014351 -0.026951 0.045953 -0.141474 -0.000356 -0.093208 -0.030985 0.995164
1757574303.002346754 -0.023195 0.017573 -0.136784 0.001100 -0.092787 -0.022858 0.995423
1757574303.037225723 -0.024428 -0.000590 -0.134041 0.003907 -0.092876 -0.016089 0.995540
1757574303.111249447 -0.014559 -0.017549 -0.118464 0.008071 -0.091062 -0.013065 0.995727
1757574303.141123295 -0.008366 -0.011537 -0.108298 0.010772 -0.088874 -0.014485 0.995879
1757574303.213173628 -0.008853 0.008776 -0.120483 0.012863 -0.087357 -0.017261 0.995944
1757574303.244353056 -0.013023 0.021511 -0.123386 0.010582 -0.087005 -0.018888 0.995973
1757574303.319052219 -0.025357 0.035612 -0.129653 0.006789 -0.089939 -0.017498 0.995770
1757574303.348412752 -0.037953 0.037744 -0.137617 0.003379 -0.092890 -0.019521 0.995479
1757574303.418456078 -0.051825 0.047541 -0.150982 0.001516 -0.096702 -0.022684 0.995054
1757574303.454403639 -0.062678 0.044505 -0.161674 0.001430 -0.100685 -0.025593 0.994588
1757574303.530555487 -0.066532 0.035822 -0.164604 -0.001182 -0.103389 -0.026760 0.994280
1757574303.564174652 -0.067941 0.030298 -0.163222 -0.000633 -0.104878 -0.027178 0.994113
1757574303.634297132 -0.061824 0.031490 -0.161022 -0.000817 -0.104104 -0.027047 0.994198
1757574303.669492722 -0.054184 0.029175 -0.159605 -0.000941 -0.101948 -0.027037 0.994422
1757574303.742651939 -0.047737 0.027846 -0.159374 -0.000205 -0.099830 -0.029172 0.994577
1757574303.777470589 -0.050798 0.025154 -0.158859 0.000310 -0.097314 -0.032082 0.994736
1757574303.851512671 -0.038220 0.044163 -0.152856 0.003019 -0.096932 -0.034457 0.994690
1757574303.886236191 -0.044951 0.048102 -0.146232 0.003859 -0.095317 -0.037512 0.994732
1757574303.959159374 -0.045017 0.048733 -0.144040 0.004512 -0.094521 -0.040919 0.994671
1757574303.987629652 -0.051003 0.048368 -0.142933 0.003876 -0.093957 -0.042785 0.994649
1757574304.055792332 -0.049273 0.053016 -0.142004 0.002250 -0.093528 -0.042982 0.994686
1757574304.086414099 -0.052916 0.053498 -0.143147 -0.000504 -0.093332 -0.041996 0.994749
1757574304.158989668 -0.046050 0.048352 -0.151179 -0.002210 -0.093740 -0.037874 0.994874
1757574304.188375711 -0.045627 0.037375 -0.150531 -0.001660 -0.093749 -0.028570 0.995184
1757574304.265559196 -0.045399 0.021469 -0.149980 0.001283 -0.093937 -0.019424 0.995388
1757574304.301554918 -0.042288 0.014983 -0.148481 0.003771 -0.094229 -0.011787 0.995474
1757574304.368083000 -0.044390 0.006155 -0.148527 0.006463 -0.095241 -0.008543 0.995397
1757574304.402716398 -0.048321 0.007400 -0.148899 0.008615 -0.096426 -0.008096 0.995270
1757574304.479461670 -0.053532 0.011972 -0.145560 0.010475 -0.096493 -0.013275 0.995190
1757574304.516749144 -0.049034 0.014862 -0.147787 0.013763 -0.094181 -0.015293 0.995342
1757574304.590762615 -0.048671 0.018188 -0.142691 0.012224 -0.093159 -0.019237 0.995390
1757574304.628860235 -0.057908 0.029436 -0.145657 0.008060 -0.093510 -0.023397 0.995311
1757574304.702591896 -0.062855 0.042954 -0.146328 0.003870 -0.095341 -0.026312 0.995089
1757574304.736382008 -0.076256 0.044582 -0.148773 0.000172 -0.098282 -0.028298 0.994756
1757574304.809717655 -0.068275 0.033363 -0.148976 -0.003718 -0.100620 -0.029514 0.994480
1757574304.841486692 -0.077207 0.017599 -0.150033 -0.005471 -0.102510 -0.034306 0.994125
1757574304.913394690 -0.088442 0.014313 -0.152939 -0.006094 -0.103831 -0.037399 0.993873
1757574304.945167065 -0.089323 0.008446 -0.153721 -0.006057 -0.104174 -0.037952 0.993816
1757574305.019257545 -0.078920 0.010620 -0.154064 -0.006515 -0.103440 -0.037370 0.993912
1757574305.049540520 -0.067366 0.011564 -0.156913 -0.006687 -0.101735 -0.034618 0.994187
1757574305.128409624 -0.049382 0.034333 -0.172744 -0.005590 -0.100900 -0.033563 0.994315
1757574305.160045147 -0.044336 0.032881 -0.165957 -0.005570 -0.098028 -0.027747 0.994781
1757574305.233825445 -0.017656 0.018671 -0.145810 -0.002678 -0.093858 -0.019103 0.995399
1757574305.267374277 -0.008407 -0.005186 -0.133921 0.001624 -0.091414 -0.009175 0.995769
1757574305.338238716 -0.003147 -0.027053 -0.130698 0.006841 -0.091598 -0.002074 0.995770
1757574305.372658968 -0.007963 -0.021325 -0.134969 0.009563 -0.093011 -0.002344 0.995616
1757574305.448626041 0.000447 -0.001941 -0.138293 0.010333 -0.093728 -0.006862 0.995521
1757574305.478995562 -0.008685 0.012981 -0.137491 0.008082 -0.094240 -0.015434 0.995397
1757574305.553333998 -0.019653 0.027896 -0.138841 0.005210 -0.095325 -0.020222 0.995227
1757574305.584830761 -0.037073 0.032865 -0.147199 0.002207 -0.098267 -0.022712 0.994898
1757574305.658832312 -0.062139 0.041170 -0.157929 0.000036 -0.102584 -0.026596 0.994369
1757574305.694246292 -0.079089 0.038071 -0.166775 -0.001807 -0.105756 -0.029564 0.993951
1757574305.771488667 -0.095225 0.051560 -0.189403 -0.002702 -0.108232 -0.031495 0.993623
1757574305.802780628 -0.096993 0.048018 -0.191330 -0.002942 -0.108300 -0.031562 0.993613
1757574305.878497124 -0.081241 0.050312 -0.184868 -0.003708 -0.106724 -0.030113 0.993826
1757574305.916532755 -0.068576 0.048121 -0.177662 -0.004934 -0.104013 -0.029257 0.994133
1757574305.987334967 -0.049795 0.044695 -0.169328 -0.004204 -0.101555 -0.027285 0.994447
1757574306.022769451 -0.037713 0.036872 -0.161710 -0.001610 -0.098440 -0.024076 0.994850
1757574306.097553015 -0.025971 0.037408 -0.159827 0.000722 -0.097012 -0.023525 0.995005
1757574306.128887653 -0.031219 0.041225 -0.151849 0.000459 -0.093301 -0.025295 0.995317
1757574306.201026678 -0.027941 0.047318 -0.147649 -0.001594 -0.090029 -0.027273 0.995564
1757574306.236191988 -0.036496 0.045853 -0.146954 -0.004308 -0.088019 -0.027703 0.995724
1757574306.307029486 -0.033603 0.034007 -0.143748 -0.004680 -0.086863 -0.025422 0.995885
1757574306.342269421 -0.025350 0.009362 -0.135876 -0.000713 -0.086924 -0.019026 0.996033
1757574306.411958456 -0.024083 -0.007971 -0.125644 0.002350 -0.087577 -0.011472 0.996089
1757574306.434911728 -0.025912 -0.010210 -0.127335 0.005188 -0.088862 -0.007479 0.996002
1757574306.502782106 -0.032811 -0.020186 -0.131562 0.007484 -0.090765 -0.005578 0.995829
1757574306.538009882 -0.039662 -0.014852 -0.140806 0.008683 -0.093521 -0.006997 0.995555
1757574306.610641479 -0.045679 0.000090 -0.149430 0.007311 -0.096182 -0.012315 0.995261
1757574306.644553661 -0.050603 0.026308 -0.163475 0.003577 -0.098303 -0.020650 0.994936
1757574306.715688944 -0.062426 0.042504 -0.162297 0.000915 -0.100024 -0.024772 0.994676
1757574306.743191004 -0.070497 0.043289 -0.161674 -0.001657 -0.101111 -0.026778 0.994513
1757574306.815905571 -0.075823 0.049972 -0.164844 -0.003638 -0.103316 -0.024904 0.994330
1757574306.847043037 -0.084005 0.044615 -0.165887 -0.003495 -0.104695 -0.025979 0.994159
1757574306.918554306 -0.092612 0.043438 -0.167384 -0.002559 -0.105695 -0.027673 0.994010
1757574306.952781677 -0.096935 0.041079 -0.167955 -0.002215 -0.106248 -0.028802 0.993920
1757574307.032188177 -0.096613 0.049409 -0.199708 -0.003092 -0.105536 -0.029166 0.993983
1757574307.064587355 -0.094781 0.044949 -0.196775 -0.003115 -0.104844 -0.028762 0.994068
1757574307.135895491 -0.083242 0.044456 -0.189697 -0.003796 -0.103105 -0.025754 0.994330
1757574307.163035154 -0.079027 0.043844 -0.182329 -0.003792 -0.101485 -0.025278 0.994509
1757574307.229428291 -0.066193 0.045650 -0.170150 -0.004687 -0.099097 -0.024946 0.994754
1757574307.264385939 -0.065491 0.041883 -0.164075 -0.005151 -0.097603 -0.024133 0.994919
1757574307.339634180 -0.043129 0.039208 -0.167630 -0.003286 -0.097064 -0.023814 0.994988
1757574307.369626999 -0.040188 0.036828 -0.159329 -0.001341 -0.095963 -0.023827 0.995099
1757574307.445929766 -0.028313 0.032546 -0.146820 0.000148 -0.094244 -0.023728 0.995266
1757574307.479153395 -0.027703 0.034729 -0.138609 0.000339 -0.093260 -0.023923 0.995354
1757574307.548622608 -0.023295 0.035996 -0.132967 0.000613 -0.092538 -0.024032 0.995419
1757574307.579253197 -0.027684 0.036786 -0.136537 0.000890 -0.093118 -0.024460 0.995354
1757574307.654216766 -0.018352 0.032008 -0.138954 -0.000207 -0.091859 -0.024471 0.995471
1757574307.690259218 -0.018301 0.027754 -0.142977 0.001643 -0.093050 -0.024127 0.995368
1757574307.764300346 -0.016240 0.021426 -0.144813 0.003519 -0.093845 -0.023443 0.995305
1757574307.795523643 -0.018682 0.022324 -0.146846 0.004141 -0.094404 -0.023311 0.995252
1757574307.864507675 -0.022325 0.019599 -0.153475 0.005727 -0.096354 -0.022769 0.995070
1757574307.897698641 -0.020677 0.020031 -0.149190 0.006519 -0.095834 -0.022532 0.995121
1757574307.972870111 -0.013493 0.018881 -0.144294 0.008329 -0.096424 -0.021798 0.995067
1757574308.005649328 -0.011557 0.017223 -0.140897 0.008756 -0.095528 -0.021230 0.995162
1757574308.078658819 -0.003669 0.022751 -0.135564 0.007752 -0.094281 -0.021594 0.995281
1757574308.110037327 -0.007504 0.024137 -0.136191 0.006431 -0.093874 -0.022040 0.995319
1757574308.180540800 -0.005552 0.031512 -0.136760 0.005092 -0.093793 -0.022944 0.995314
1757574308.215960741 -0.009230 0.037962 -0.136922 0.003348 -0.093382 -0.026340 0.995276
1757574308.289972067 -0.022826 0.047634 -0.145207 -0.000491 -0.093613 -0.030454 0.995143
1757574308.320925474 -0.036930 0.048255 -0.153006 -0.004184 -0.095083 -0.029086 0.995036
1757574308.398104906 -0.036620 0.048154 -0.154912 -0.007333 -0.095648 -0.025023 0.995074
1757574308.430045843 -0.037130 0.039777 -0.152014 -0.006263 -0.095567 -0.024680 0.995097
1757574308.503028154 -0.029172 0.027655 -0.145780 -0.001323 -0.095012 -0.023929 0.995188
1757574308.531637430 -0.025939 0.023439 -0.141431 0.003906 -0.094681 -0.022503 0.995246
1757574308.609437227 -0.026811 0.011919 -0.145578 0.006658 -0.093710 -0.020457 0.995367
1757574308.642456532 -0.020610 0.014885 -0.141151 0.010688 -0.092302 -0.021224 0.995447
1757574308.713129282 -0.009033 0.021919 -0.134217 0.007892 -0.090430 -0.017524 0.995717
1757574308.747162580 -0.020382 0.023246 -0.139621 0.004949 -0.091990 -0.012685 0.995667
1757574308.823430538 -0.031944 0.021224 -0.146790 0.004659 -0.094987 -0.009966 0.995418
1757574308.855428696 -0.036647 0.024248 -0.150458 0.003760 -0.096868 -0.011211 0.995227
1757574308.924329519 -0.030512 0.032815 -0.156380 0.002732 -0.097362 -0.015534 0.995124
1757574308.960059404 -0.033773 0.033567 -0.156045 0.001108 -0.095695 -0.020085 0.995207
1757574309.035475254 -0.043675 0.036173 -0.156346 -0.001888 -0.095959 -0.023007 0.995118
1757574309.067687035 -0.064636 0.035756 -0.158837 -0.005169 -0.099137 -0.024527 0.994758
1757574309.143737078 -0.082477 0.036246 -0.160817 -0.006675 -0.101568 -0.027306 0.994431
1757574309.177697420 -0.088164 0.033333 -0.160578 -0.005017 -0.102130 -0.030661 0.994286
1757574309.250942707 -0.081378 0.035308 -0.177578 -0.004296 -0.102999 -0.032963 0.994126
1757574309.285708427 -0.073347 0.033710 -0.178978 -0.001524 -0.102147 -0.031995 0.994253
1757574309.358253241 -0.051798 0.037472 -0.179227 -0.000371 -0.100576 -0.028403 0.994524
1757574309.391860485 -0.048192 0.036972 -0.178361 -0.001210 -0.100509 -0.025816 0.994600
1757574309.467027426 -0.028476 0.033983 -0.177442 0.002461 -0.096972 -0.024521 0.994982
1757574309.501229048 -0.025669 0.037609 -0.169177 0.003673 -0.095349 -0.024865 0.995127
1757574309.573283672 -0.033474 0.039826 -0.149102 0.004604 -0.094215 -0.025092 0.995225
1757574309.607156277 -0.040918 0.039025 -0.148320 0.002005 -0.094285 -0.024756 0.995235
1757574309.678666353 -0.036233 0.044036 -0.146895 -0.001419 -0.094585 -0.023707 0.995233
1757574309.712045908 -0.043043 0.046875 -0.150196 -0.006895 -0.095390 -0.022530 0.995161
1757574309.783707142 -0.057350 0.043315 -0.158737 -0.005519 -0.098047 -0.025979 0.994827
1757574309.815383911 -0.068088 0.028783 -0.168180 -0.000586 -0.099273 -0.028246 0.994659
1757574309.887441874 -0.062141 0.031422 -0.178081 0.001634 -0.099631 -0.024982 0.994709
1757574309.919734478 -0.062321 0.033176 -0.173858 0.004804 -0.099915 -0.024758 0.994676
1757574309.995759487 -0.069329 0.031293 -0.180218 0.006589 -0.101339 -0.025099 0.994513
1757574310.028571606 -0.068056 0.033097 -0.177558 0.005249 -0.101946 -0.022969 0.994511
1757574310.102412939 -0.067290 0.035777 -0.176402 0.002242 -0.102132 -0.019789 0.994572
1757574310.139510155 -0.062069 0.035787 -0.172799 -0.001885 -0.101270 -0.016698 0.994717
1757574310.217556238 -0.061390 0.030976 -0.186938 -0.006111 -0.099950 -0.017024 0.994828
1757574310.250919104 -0.047956 0.026512 -0.172949 -0.005287 -0.097296 -0.017007 0.995096
1757574310.324498415 -0.032044 0.022069 -0.151997 -0.002452 -0.093993 -0.017782 0.995411
1757574310.356467485 -0.026524 0.022288 -0.142228 0.001161 -0.092336 -0.019594 0.995534
1757574310.432895184 -0.021697 0.023040 -0.136155 0.003311 -0.091578 -0.021375 0.995563
1757574310.465825081 -0.029721 0.028875 -0.138201 0.002589 -0.092388 -0.022235 0.995471
1757574310.532935858 -0.023805 0.034415 -0.156544 -0.000002 -0.093548 -0.022322 0.995365
1757574310.562389374 -0.022322 0.038583 -0.153736 -0.001527 -0.092903 -0.021445 0.995443
1757574310.630155087 -0.019441 0.037548 -0.146740 0.000590 -0.092174 -0.021504 0.995511
1757574310.662645817 -0.026439 0.034514 -0.148367 0.003722 -0.093245 -0.022079 0.995391
1757574310.733700514 -0.034736 0.034700 -0.152596 0.004850 -0.094487 -0.022199 0.995267
1757574310.766111612 -0.043852 0.038308 -0.162722 0.005088 -0.096833 -0.023614 0.995007
1757574310.839753628 -0.053973 0.043180 -0.165534 0.004481 -0.097885 -0.024613 0.994883
1757574310.877071857 -0.059147 0.044805 -0.174816 0.002856 -0.100023 -0.023887 0.994694
1757574310.951072216 -0.062161 0.049950 -0.180002 0.000840 -0.101268 -0.023471 0.994582
1757574310.985295534 -0.062454 0.048702 -0.183675 -0.000941 -0.101785 -0.023228 0.994535
1757574311.061546326 -0.056629 0.051824 -0.182237 -0.002308 -0.101406 -0.023095 0.994574
1757574311.094474077 -0.051993 0.049563 -0.178101 -0.003458 -0.099574 -0.022877 0.994761
1757574311.166258335 -0.047864 0.048506 -0.156683 -0.002798 -0.096450 -0.022082 0.995089
1757574311.203388691 -0.048412 0.047159 -0.149515 -0.006001 -0.094337 -0.021875 0.995282
1757574311.270758390 -0.046981 0.045050 -0.150773 -0.006899 -0.094390 -0.021460 0.995280
1757574311.301385880 -0.055626 0.033673 -0.155821 -0.002425 -0.095177 -0.023651 0.995176
1757574311.371320963 -0.050135 0.024877 -0.154715 0.002109 -0.095466 -0.022693 0.995172
1757574311.404531479 -0.052987 0.026006 -0.148993 0.005679 -0.095903 -0.022554 0.995119
1757574311.479306221 -0.057262 0.021283 -0.151360 0.007878 -0.097474 -0.021542 0.994974
1757574311.514501333 -0.056703 0.019261 -0.151787 0.009302 -0.098876 -0.017904 0.994895
1757574311.592018843 -0.060310 0.020503 -0.154702 0.009231 -0.100136 -0.014749 0.994822
1757574311.623305321 -0.056467 0.024784 -0.155150 0.008374 -0.100426 -0.013205 0.994822
1757574311.694960594 -0.056147 0.027960 -0.154060 0.007279 -0.100331 -0.013846 0.994831
1757574311.727570057 -0.051460 0.028660 -0.154965 0.007162 -0.099831 -0.016102 0.994848
1757574311.804163694 -0.040208 0.025808 -0.166795 0.005233 -0.099392 -0.020054 0.994833
1757574311.838478088 -0.036052 0.035941 -0.166091 0.002354 -0.097934 -0.022211 0.994942
1757574311.905023098 -0.024813 0.040891 -0.156381 -0.000075 -0.095275 -0.022335 0.995200
1757574311.938976049 -0.021222 0.034702 -0.150045 -0.001281 -0.093302 -0.019065 0.995454
1757574312.013007164 -0.026500 0.045094 -0.155199 -0.002037 -0.093398 -0.022434 0.995374
1757574312.043620825 -0.034128 0.042720 -0.159764 -0.002563 -0.094101 -0.023476 0.995283
1757574312.111342192 -0.043113 0.047695 -0.157003 -0.000943 -0.097317 -0.023622 0.994973
1757574312.144958258 -0.045571 0.046104 -0.158512 0.000244 -0.097993 -0.024259 0.994891
1757574312.221254349 -0.046306 0.045315 -0.161091 0.001071 -0.098498 -0.024920 0.994825
1757574312.253583193 -0.049009 0.044664 -0.165033 0.001538 -0.099202 -0.025201 0.994747
1757574312.328646660 -0.044975 0.043301 -0.163773 0.001916 -0.099174 -0.024529 0.994766
1757574312.363174677 -0.041737 0.042307 -0.160774 0.002343 -0.098775 -0.024150 0.994814
1757574312.435902834 -0.041815 0.045661 -0.168771 0.001373 -0.097881 -0.023230 0.994926
1757574312.470164061 -0.042408 0.043405 -0.168260 0.001954 -0.097694 -0.022806 0.994953
1757574312.543375254 -0.038423 0.041595 -0.164813 0.002586 -0.097196 -0.022265 0.995013
1757574312.580383778 -0.035236 0.042615 -0.157896 0.003053 -0.095803 -0.022459 0.995142
1757574312.653167725 -0.029530 0.042985 -0.152010 0.003700 -0.094552 -0.022692 0.995254
1757574312.681074619 -0.031951 0.042504 -0.152338 0.004102 -0.094266 -0.022704 0.995280
1757574312.760280848 -0.035714 0.034084 -0.132904 0.003468 -0.093292 -0.022796 0.995372
1757574312.795697212 -0.040167 0.034297 -0.137014 0.002523 -0.093896 -0.022397 0.995327
1757574312.869509220 -0.045078 0.040268 -0.141944 0.001504 -0.094683 -0.023562 0.995227
1757574312.906489849 -0.049807 0.038381 -0.148857 0.000340 -0.095560 -0.023350 0.995150
1757574312.983939886 -0.051294 0.040152 -0.153775 -0.000624 -0.096260 -0.023239 0.995085
1757574313.018945694 -0.053744 0.040289 -0.158319 -0.001779 -0.096741 -0.023528 0.995030
1757574313.096388578 -0.047871 0.046362 -0.172730 -0.003112 -0.098919 -0.023569 0.994811
1757574313.129908800 -0.047967 0.043099 -0.175672 -0.001797 -0.099645 -0.023909 0.994734
1757574313.205038309 -0.038852 0.035275 -0.171230 0.000453 -0.099057 -0.023731 0.994799
1757574313.237823963 -0.031578 0.032661 -0.159296 0.002380 -0.097383 -0.023220 0.994973
1757574313.310976505 -0.022951 0.031538 -0.150292 0.003562 -0.095864 -0.023384 0.995113
1757574313.346068144 -0.026323 0.032312 -0.145003 0.003958 -0.095304 -0.023503 0.995163
1757574313.422204494 -0.036956 0.034891 -0.166990 0.005000 -0.097784 -0.023030 0.994929
1757574313.461540699 -0.037394 0.035048 -0.165074 0.004939 -0.097321 -0.022977 0.994976
1757574313.531085968 -0.035389 0.034974 -0.161697 0.004999 -0.096940 -0.023132 0.995009
1757574313.563323021 -0.038037 0.035595 -0.164990 0.004564 -0.097175 -0.023282 0.994984
1757574313.635574579 -0.040377 0.037787 -0.168918 0.003583 -0.097818 -0.023464 0.994921
1757574313.663512230 -0.041931 0.040133 -0.176413 0.002750 -0.098536 -0.023236 0.994858
1757574313.734882355 -0.038679 0.033620 -0.158414 0.003319 -0.096854 -0.022655 0.995035
1757574313.766079187 -0.040843 0.034920 -0.161270 0.001890 -0.096797 -0.022624 0.995045
1757574313.839781523 -0.040790 0.040556 -0.166926 -0.000793 -0.096946 -0.022746 0.995029
1757574313.865166903 -0.043201 0.042375 -0.168592 -0.002533 -0.096939 -0.022937 0.995023
1757574313.940382481 -0.039691 0.035574 -0.167392 -0.000939 -0.097027 -0.022768 0.995021
1757574313.971695900 -0.033014 0.025614 -0.156485 0.003036 -0.096558 -0.020679 0.995108
1757574314.045010567 -0.043000 0.012773 -0.154723 0.005946 -0.097477 -0.017432 0.995067
1757574314.079247475 -0.040158 0.013526 -0.151654 0.008803 -0.097187 -0.015701 0.995103
1757574314.148271799 -0.033932 0.011111 -0.147985 0.011161 -0.097002 -0.015515 0.995101
1757574314.181985855 -0.032482 0.017414 -0.145370 0.010761 -0.096229 -0.017742 0.995143
1757574314.254667759 -0.019930 0.029849 -0.136244 0.008388 -0.093879 -0.019866 0.995350
1757574314.288247347 -0.014702 0.033519 -0.131291 0.006103 -0.091707 -0.017900 0.995606
1757574314.369552851 -0.014514 0.032868 -0.132625 0.002731 -0.091925 -0.016875 0.995619
1757574314.402107477 -0.039694 0.037437 -0.146641 -0.001105 -0.094080 -0.021858 0.995324
1757574314.474489927 -0.058087 0.044172 -0.161194 -0.005295 -0.096386 -0.024309 0.995033
1757574314.507148504 -0.059462 0.042568 -0.166909 -0.006750 -0.097462 -0.025077 0.994900
1757574314.575424910 -0.060408 0.039922 -0.171599 -0.006084 -0.098362 -0.024895 0.994821
1757574314.605080605 -0.061573 0.035808 -0.176282 -0.005185 -0.099166 -0.025034 0.994742
1757574314.679170847 -0.065129 0.033197 -0.183596 -0.004606 -0.100252 -0.023665 0.994670
1757574314.717571259 -0.063918 0.032219 -0.184046 -0.003996 -0.100145 -0.023449 0.994688
1757574314.788364887 -0.059638 0.033300 -0.183022 -0.004109 -0.099723 -0.023323 0.994733
1757574314.818355322 -0.059372 0.033343 -0.182132 -0.004610 -0.099145 -0.023377 0.994788
1757574314.891171217 -0.055134 0.037415 -0.182508 -0.005760 -0.098727 -0.023334 0.994824
1757574314.927369833 -0.057638 0.037187 -0.184463 -0.006656 -0.098782 -0.023436 0.994811
1757574315.002890348 -0.055038 0.038105 -0.171598 -0.006492 -0.097413 -0.023750 0.994939
1757574315.040966272 -0.054944 0.038479 -0.171478 -0.007406 -0.097046 -0.023765 0.994969
1757574315.114354372 -0.051375 0.038862 -0.172443 -0.006839 -0.097285 -0.023759 0.994949
1757574315.151845455 -0.051301 0.035454 -0.172433 -0.005440 -0.097226 -0.023800 0.994963
1757574315.222379684 -0.044972 0.025777 -0.165797 -0.002094 -0.096641 -0.023898 0.995030
1757574315.256380796 -0.039383 0.011863 -0.160579 0.002787 -0.096148 -0.023300 0.995090
1757574315.334591389 -0.039328 0.019617 -0.174181 0.003452 -0.098246 -0.023149 0.994887
1757574315.368979692 -0.042964 0.029740 -0.178937 0.001643 -0.098741 -0.023414 0.994836
1757574315.434796810 -0.043143 0.039979 -0.180352 -0.001408 -0.098493 -0.023657 0.994856
1757574315.465837955 -0.045338 0.042289 -0.182215 -0.003356 -0.098245 -0.023862 0.994870
1757574315.545424938 -0.042453 0.045546 -0.182220 -0.004569 -0.097909 -0.024009 0.994895
1757574315.579608202 -0.040665 0.043203 -0.182421 -0.004551 -0.097480 -0.023783 0.994943
1757574315.656832695 -0.044015 0.027483 -0.161730 -0.002529 -0.096222 -0.023897 0.995070
1757574315.693227291 -0.044717 0.020168 -0.159912 0.000966 -0.096700 -0.023656 0.995032
1757574315.771317005 -0.039903 0.013589 -0.158015 0.004999 -0.096773 -0.023371 0.995020
1757574315.805211306 -0.038669 0.018187 -0.157410 0.006162 -0.096695 -0.023252 0.995023
1757574315.873995304 -0.034478 0.023260 -0.156444 0.005443 -0.096436 -0.023253 0.995053
1757574315.912654638 -0.038919 0.030312 -0.158756 0.002490 -0.096174 -0.023348 0.995088
1757574315.986841202 -0.036886 0.034620 -0.163837 0.004044 -0.096921 -0.023008 0.995018
1757574316.017008543 -0.042334 0.034976 -0.165771 0.001802 -0.096952 -0.023335 0.995014
1757574316.094046116 -0.046896 0.039150 -0.173142 -0.002056 -0.097476 -0.023590 0.994956
1757574316.127030611 -0.059433 0.039067 -0.182931 -0.005624 -0.098532 -0.023875 0.994832
1757574316.197486162 -0.063665 0.039730 -0.188038 -0.007828 -0.098855 -0.023869 0.994785
1757574316.229064465 -0.061991 0.034247 -0.186336 -0.006707 -0.098610 -0.023361 0.994829
1757574316.299967766 -0.037418 0.025666 -0.184866 -0.003255 -0.098776 -0.020143 0.994900
1757574316.333899021 -0.015143 0.015227 -0.172547 0.001754 -0.097607 -0.016029 0.995094
1757574316.408046007 -0.000009 0.008911 -0.163664 0.004820 -0.096952 -0.012166 0.995203
1757574316.441312075 0.000844 0.011156 -0.163318 0.005521 -0.097063 -0.010330 0.995209
1757574316.511294603 -0.008369 0.013487 -0.168380 0.004053 -0.098243 -0.010716 0.995097
1757574316.541697741 -0.019018 0.019409 -0.174644 0.002089 -0.099522 -0.012586 0.994954
1757574316.617050171 -0.017182 0.025949 -0.175945 -0.000184 -0.098241 -0.016886 0.995019
1757574316.653441429 -0.037762 0.032185 -0.184635 -0.006301 -0.097471 -0.022321 0.994968
1757574316.729021311 -0.046914 0.037387 -0.192607 -0.010922 -0.096883 -0.025078 0.994920
1757574316.764558315 -0.048365 0.037174 -0.195850 -0.011496 -0.097312 -0.023425 0.994912
1757574316.834860086 -0.071563 0.042243 -0.205836 -0.010577 -0.099191 -0.027396 0.994635
1757574316.868006706 -0.079875 0.042697 -0.211209 -0.009022 -0.101115 -0.028187 0.994434
1757574316.940577745 -0.076252 0.048591 -0.206056 -0.007153 -0.101631 -0.027607 0.994413
1757574316.978675842 -0.069156 0.046507 -0.199165 -0.004706 -0.101000 -0.027032 0.994508
1757574317.051960468 -0.057699 0.045333 -0.192900 -0.003331 -0.099951 -0.026107 0.994644
1757574317.085001230 -0.054541 0.044120 -0.188133 -0.003331 -0.098961 -0.025376 0.994762
1757574317.157675982 -0.049945 0.046562 -0.187062 -0.003872 -0.098584 -0.025115 0.994804
1757574317.191957235 -0.054284 0.045683 -0.186432 -0.004908 -0.098522 -0.025147 0.994805
1757574317.262879372 -0.052795 0.051971 -0.211267 -0.007083 -0.102692 -0.025432 0.994363
1757574317.294358253 -0.057895 0.054493 -0.219646 -0.010176 -0.103547 -0.025652 0.994242
1757574317.371373653 -0.053337 0.055147 -0.215098 -0.009711 -0.103185 -0.025429 0.994290
1757574317.402297258 -0.049344 0.049447 -0.209126 -0.007756 -0.102234 -0.025215 0.994410
1757574317.468127728 -0.042544 0.039953 -0.204321 -0.002925 -0.102052 -0.024830 0.994465
1757574317.499234915 -0.041765 0.038276 -0.200421 -0.000477 -0.101686 -0.024613 0.994512
1757574317.575327635 -0.054259 0.035650 -0.188055 0.001569 -0.101881 -0.023427 0.994520
1757574317.607477188 -0.055800 0.035746 -0.186198 0.002058 -0.101445 -0.023262 0.994567
1757574317.685383081 -0.052154 0.041296 -0.184229 0.001319 -0.101013 -0.023218 0.994613
1757574317.714149475 -0.055575 0.041318 -0.185044 0.000481 -0.100880 -0.023184 0.994628
1757574317.783935070 -0.052118 0.043777 -0.182822 -0.000082 -0.100459 -0.022999 0.994675
1757574317.813816547 -0.052747 0.041012 -0.182083 0.000430 -0.100316 -0.022815 0.994694
1757574317.884523392 -0.050774 0.036159 -0.180240 -0.001357 -0.097491 -0.023730 0.994953
1757574317.919038057 -0.048405 0.039421 -0.176551 -0.000743 -0.096849 -0.025695 0.994967
1757574317.986886501 -0.047995 0.045593 -0.174537 0.000142 -0.096552 -0.028784 0.994912
1757574318.017529011 -0.049032 0.051391 -0.173057 0.000767 -0.096167 -0.031337 0.994872
1757574318.089891195 -0.048870 0.058893 -0.175647 0.001100 -0.096673 -0.033466 0.994753
1757574318.124293327 -0.056215 0.065886 -0.179376 0.000932 -0.097039 -0.035511 0.994646
1757574318.202182055 -0.072594 0.062320 -0.184340 0.002272 -0.100221 -0.035839 0.994317
1757574318.234910727 -0.079545 0.067068 -0.188628 0.002168 -0.100768 -0.037121 0.994215
1757574318.309454918 -0.080330 0.071540 -0.188409 0.002087 -0.100401 -0.038909 0.994184
1757574318.345311403 -0.083488 0.073657 -0.189362 0.002222 -0.100400 -0.039841 0.994147
1757574318.414512873 -0.081632 0.074555 -0.188145 0.002154 -0.100053 -0.040126 0.994170
1757574318.449199915 -0.084360 0.077955 -0.187099 0.001902 -0.099618 -0.040015 0.994219
1757574318.525967121 -0.073547 0.081611 -0.184653 0.001784 -0.099214 -0.040906 0.994223
1757574318.551278114 -0.078609 0.082169 -0.183690 0.001221 -0.098810 -0.041758 0.994229
1757574318.617435932 -0.075183 0.081748 -0.182139 0.000748 -0.098745 -0.041224 0.994258
1757574318.652708292 -0.075202 0.078060 -0.181483 0.000628 -0.098549 -0.039988 0.994328
1757574318.728933096 -0.073051 0.077544 -0.182442 -0.001447 -0.098376 -0.037981 0.994423
1757574318.761402845 -0.076347 0.075230 -0.183481 -0.003448 -0.097911 -0.035564 0.994554
1757574318.834167004 -0.062512 0.064161 -0.182196 -0.003459 -0.097788 -0.031610 0.994699
1757574318.864077568 -0.050331 0.043898 -0.173075 -0.002195 -0.096278 -0.024762 0.995044
1757574318.936282635 -0.026443 0.012802 -0.155047 0.004085 -0.094641 -0.016888 0.995360
1757574318.970941544 -0.012128 0.001682 -0.146174 0.011496 -0.094197 -0.011770 0.995418
1757574319.046984673 -0.014529 0.001371 -0.145364 0.014274 -0.094961 -0.011592 0.995311
1757574319.076988459 -0.021611 0.016851 -0.146013 0.012964 -0.095470 -0.014217 0.995246
1757574319.152719259 -0.012618 0.040382 -0.156027 0.010798 -0.094342 -0.016325 0.995347
1757574319.186796904 -0.031426 0.050285 -0.162846 0.006612 -0.096926 -0.018749 0.995093
1757574319.255870342 -0.055145 0.054328 -0.170407 0.000920 -0.099889 -0.022674 0.994740
1757574319.294811726 -0.080103 0.049868 -0.178346 -0.003106 -0.102681 -0.026372 0.994360
1757574319.368417978 -0.101576 0.051133 -0.186733 -0.006221 -0.104823 -0.028673 0.994058
1757574319.403650522 -0.114258 0.046192 -0.192631 -0.007899 -0.105834 -0.031353 0.993858
1757574319.478162527 -0.123552 0.045895 -0.209651 -0.010892 -0.105690 -0.030667 0.993866
1757574319.514388323 -0.111220 0.043339 -0.208768 -0.012459 -0.104369 -0.028050 0.994065
1757574319.589659691 -0.092183 0.040639 -0.206621 -0.010844 -0.102808 -0.026429 0.994291
1757574319.624505520 -0.087880 0.035211 -0.206385 -0.008162 -0.101810 -0.025458 0.994445
1757574319.695698261 -0.070537 0.030777 -0.204276 -0.003562 -0.100756 -0.024685 0.994599
1757574319.732731104 -0.068590 0.034540 -0.200911 -0.000916 -0.099395 -0.025444 0.994722
1757574319.803636312 -0.060900 0.045671 -0.166102 0.002115 -0.097021 -0.026953 0.994915
1757574319.836922169 -0.060790 0.049098 -0.157411 0.002945 -0.095238 -0.027919 0.995059
1757574319.907481909 -0.059029 0.052021 -0.155236 0.002239 -0.094628 -0.028348 0.995107
1757574319.942992687 -0.065087 0.053300 -0.160496 -0.001680 -0.094499 -0.028637 0.995112
1757574320.012447119 -0.068829 0.051447 -0.166716 -0.006393 -0.094619 -0.026433 0.995142
1757574320.045365095 -0.065298 0.039417 -0.170542 -0.004165 -0.095647 -0.023570 0.995127
1757574320.114861727 -0.046416 0.018987 -0.167169 -0.001028 -0.096024 -0.017874 0.995218
1757574320.148665190 -0.026452 0.009935 -0.157991 0.005924 -0.095020 -0.012592 0.995378
1757574320.219403744 -0.009790 0.002322 -0.154716 0.012430 -0.094870 -0.008690 0.995374
1757574320.249932766 -0.008145 0.007904 -0.156398 0.014493 -0.095663 -0.007256 0.995282
1757574320.322684526 -0.014684 0.013213 -0.158506 0.013277 -0.096921 -0.008954 0.995163
1757574320.351948023 -0.021531 0.026189 -0.158435 0.010664 -0.097650 -0.014909 0.995052
1757574320.429909229 -0.025600 0.034159 -0.165929 0.010171 -0.095922 -0.019842 0.995139
1757574320.462241650 -0.042867 0.044836 -0.167846 0.006254 -0.095720 -0.023185 0.995119
1757574320.539690733 -0.054811 0.055142 -0.163874 0.002803 -0.097694 -0.023205 0.994942
1757574320.574870110 -0.074963 0.049761 -0.165916 -0.002474 -0.099886 -0.026655 0.994639
1757574320.649884462 -0.095848 0.051300 -0.171639 -0.009210 -0.101892 -0.028443 0.994346
1757574320.682260036 -0.123856 0.043482 -0.195609 -0.015649 -0.102669 -0.029305 0.994161
1757574320.748117685 -0.138697 0.045825 -0.203797 -0.014439 -0.102875 -0.033321 0.994031
1757574320.775816441 -0.142268 0.043152 -0.206893 -0.011827 -0.102212 -0.035711 0.994051
1757574320.849294186 -0.135087 0.046744 -0.208672 -0.009274 -0.101377 -0.036583 0.994132
1757574320.885093689 -0.135093 0.049112 -0.209785 -0.007223 -0.100735 -0.036852 0.994204
1757574320.964781284 -0.111562 0.050935 -0.194327 -0.004785 -0.100198 -0.034369 0.994362
1757574320.999020100 -0.106675 0.048210 -0.186358 -0.003946 -0.098669 -0.032823 0.994571
1757574321.069549322 -0.092973 0.044864 -0.178717 -0.004348 -0.097304 -0.031147 0.994758
1757574321.103601694 -0.091241 0.039203 -0.174148 -0.005271 -0.096257 -0.028929 0.994922
1757574321.178061962 -0.080518 0.037716 -0.169220 -0.006671 -0.095196 -0.027139 0.995066
1757574321.213447094 -0.061804 0.045639 -0.183157 -0.007875 -0.097393 -0.025957 0.994876
1757574321.292357206 -0.054159 0.035743 -0.174801 -0.005947 -0.096244 -0.021849 0.995100
1757574321.325040817 -0.041744 0.009229 -0.165953 -0.002429 -0.094678 -0.013838 0.995409
1757574321.398292542 -0.030582 -0.009305 -0.162571 0.003854 -0.094200 -0.005512 0.995531
1757574321.433675528 -0.027493 -0.014745 -0.166214 0.009382 -0.095529 -0.001221 0.995382
1757574321.511543274 -0.015365 0.002038 -0.162751 0.011235 -0.094819 -0.001306 0.995430
1757574321.545724869 -0.019928 0.015535 -0.163555 0.011330 -0.096122 -0.004616 0.995294
1757574321.614386797 -0.027206 0.021107 -0.164062 0.009249 -0.098108 -0.009657 0.995086
1757574321.644814968 -0.036700 0.030219 -0.168083 0.005489 -0.099704 -0.017729 0.994844
1757574321.717554092 -0.046357 0.047826 -0.170985 0.000487 -0.100043 -0.023626 0.994702
1757574321.753542185 -0.079148 0.043939 -0.173380 -0.004276 -0.098776 -0.024114 0.994808
1757574321.828009844 -0.109172 0.046173 -0.178322 -0.010816 -0.099876 -0.027049 0.994573
1757574321.860195398 -0.123242 0.041882 -0.179078 -0.013749 -0.101003 -0.029564 0.994352
1757574321.931518078 -0.133723 0.040357 -0.180959 -0.013565 -0.101548 -0.031680 0.994234
1757574321.969656229 -0.131188 0.036760 -0.179376 -0.012603 -0.101117 -0.031810 0.994286
1757574322.048128366 -0.115431 0.047698 -0.217214 -0.013728 -0.102626 -0.030231 0.994166
1757574322.084910631 -0.117162 0.045347 -0.218044 -0.012333 -0.102255 -0.030261 0.994221
1757574322.154833078 -0.106266 0.034421 -0.213438 -0.007851 -0.101319 -0.029310 0.994391
1757574322.181579351 -0.105094 0.036276 -0.203817 -0.006932 -0.099555 -0.029425 0.994573
1757574322.254559994 -0.092550 0.035221 -0.188522 -0.007873 -0.096884 -0.028273 0.994863
1757574322.293517113 -0.071216 0.037681 -0.188595 -0.005606 -0.098421 -0.024868 0.994818
1757574322.367472887 -0.051616 0.014653 -0.168425 -0.003252 -0.094812 -0.019193 0.995305
1757574322.399047613 -0.043809 0.001955 -0.159275 0.003391 -0.092877 -0.013687 0.995578
1757574322.474951506 -0.042466 -0.009166 -0.162107 0.008574 -0.093549 -0.011942 0.995506
1757574322.508736610 -0.044565 0.001098 -0.168131 0.009833 -0.095260 -0.014403 0.995300
1757574322.580889225 -0.038213 0.025594 -0.158150 0.008987 -0.095051 -0.019854 0.995234
1757574322.614888191 -0.050976 0.038527 -0.158065 0.003978 -0.095366 -0.024394 0.995135
1757574322.690675974 -0.051963 0.043211 -0.159011 -0.001428 -0.095509 -0.023447 0.995151
1757574322.723645687 -0.059404 0.042061 -0.163894 -0.005411 -0.097213 -0.020406 0.995040
1757574322.796671152 -0.078736 0.050476 -0.171834 -0.010005 -0.098343 -0.023588 0.994823
1757574322.828343391 -0.077652 0.055902 -0.188240 -0.012107 -0.099976 -0.025910 0.994579
1757574322.896883488 -0.086911 0.053398 -0.197678 -0.013680 -0.101103 -0.027266 0.994408
1757574322.927672863 -0.085721 0.045950 -0.197173 -0.012803 -0.101467 -0.026740 0.994397
1757574323.000818014 -0.076751 0.042086 -0.193383 -0.010914 -0.100778 -0.026002 0.994509
1757574323.034368515 -0.069895 0.040091 -0.186463 -0.009492 -0.099384 -0.025359 0.994681
1757574323.111470938 -0.040750 0.030111 -0.202730 -0.006131 -0.102747 -0.023603 0.994409
1757574323.148825645 -0.037912 0.029734 -0.192068 -0.004641 -0.099887 -0.022888 0.994725
1757574323.223743200 -0.033002 0.036237 -0.182148 -0.005467 -0.097631 -0.022797 0.994947
1757574323.257157803 -0.041458 0.038753 -0.178260 -0.007556 -0.096539 -0.023146 0.995031
1757574323.327015638 -0.042220 0.045141 -0.177989 -0.010304 -0.096090 -0.023810 0.995035
1757574323.360713005 -0.046800 0.050514 -0.171096 -0.012812 -0.094463 -0.024901 0.995134
1757574323.432682514 -0.044859 0.051287 -0.171189 -0.012446 -0.094697 -0.025528 0.995101
1757574323.466096401 -0.046380 0.041629 -0.172226 -0.009159 -0.095519 -0.025327 0.995063
1757574323.539659977 -0.038215 0.034789 -0.165210 -0.004975 -0.095315 -0.024990 0.995121
1757574323.574395895 -0.038206 0.033397 -0.161237 -0.001725 -0.095259 -0.024828 0.995141
1757574323.647626877 -0.049375 0.024571 -0.159846 0.000488 -0.097113 -0.023611 0.994993
1757574323.683099270 -0.052911 0.028159 -0.160693 0.001199 -0.097472 -0.023547 0.994959
1757574323.758789778 -0.050877 0.030925 -0.160020 0.001000 -0.097421 -0.023773 0.994959
1757574323.798023224 -0.052515 0.032231 -0.162099 0.000424 -0.097459 -0.023592 0.994960
1757574323.872688293 -0.052544 0.033430 -0.163547 -0.000573 -0.097868 -0.023449 0.994923
1757574323.913092852 -0.050486 0.042774 -0.178921 -0.003413 -0.098398 -0.024082 0.994850
1757574323.991427660 -0.050383 0.044541 -0.185831 -0.005249 -0.099248 -0.024113 0.994757
1757574324.021125793 -0.052304 0.038328 -0.186011 -0.004033 -0.099736 -0.024069 0.994715
1757574324.096477985 -0.054783 0.026959 -0.175541 -0.004384 -0.097460 -0.020323 0.995022
1757574324.127722025 -0.048118 0.012119 -0.158103 0.000520 -0.094219 -0.012634 0.995471
1757574324.202109098 -0.038419 -0.002944 -0.132463 0.005131 -0.091294 -0.004357 0.995801
1757574324.234103441 -0.033916 -0.001509 -0.122949 0.005869 -0.088283 0.001118 0.996078
1757574324.312224627 -0.025706 0.001098 -0.111314 0.008054 -0.084209 0.002559 0.996412
1757574324.346488237 -0.031911 0.014842 -0.117996 0.008084 -0.086333 -0.003725 0.996227
1757574324.414011478 -0.053303 0.027146 -0.130670 0.006689 -0.091446 -0.012194 0.995713
1757574324.449894190 -0.065428 0.040708 -0.158326 0.003171 -0.095582 -0.021690 0.995180
1757574324.525885582 -0.093627 0.046182 -0.163163 -0.002037 -0.098935 -0.026301 0.994744
1757574324.557582140 -0.091966 0.039810 -0.166560 -0.003268 -0.100579 -0.027688 0.994538
1757574324.636639833 -0.095410 0.043169 -0.169186 -0.002292 -0.100981 -0.029052 0.994461
1757574324.671656132 -0.093777 0.041822 -0.170895 -0.000756 -0.101193 -0.029847 0.994419
1757574324.744033337 -0.113408 0.038786 -0.170594 -0.001374 -0.100615 -0.028274 0.994523
1757574324.772356510 -0.112381 0.034171 -0.168374 -0.001853 -0.100005 -0.027115 0.994616
1757574324.838784695 -0.094940 0.037390 -0.163887 -0.002836 -0.099400 -0.023834 0.994758
1757574324.872689009 -0.085523 0.034328 -0.160828 -0.003586 -0.099005 -0.021851 0.994841
1757574324.951099873 -0.074721 0.035285 -0.160042 -0.006603 -0.098511 -0.020272 0.994908
1757574324.981944799 -0.075498 0.018909 -0.179652 -0.008525 -0.099211 -0.020486 0.994819
1757574325.055593252 -0.075874 0.023832 -0.180482 -0.012853 -0.097997 -0.020976 0.994883
1757574325.089582443 -0.084590 0.024948 -0.180697 -0.016090 -0.095189 -0.024148 0.995036
1757574325.160072803 -0.081103 0.029856 -0.179712 -0.020237 -0.093789 -0.024001 0.995097
1757574325.191231966 -0.083107 0.026488 -0.176878 -0.022861 -0.091455 -0.023958 0.995258
1757574325.260517597 -0.043828 0.050702 -0.171572 -0.020720 -0.091998 -0.022424 0.995291
1757574325.293693066 -0.044787 0.041143 -0.179088 -0.014277 -0.094425 -0.027183 0.995058
1757574325.367699146 -0.053343 0.027784 -0.180117 -0.004609 -0.095369 -0.032354 0.994905
1757574325.398333788 -0.031299 0.034989 -0.165609 0.001481 -0.094678 -0.032510 0.994976
1757574325.467738628 -0.017875 0.031530 -0.156002 0.003969 -0.093550 -0.029696 0.995164
1757574325.504816532 -0.035512 0.030419 -0.150925 0.004403 -0.092256 -0.027837 0.995336
1757574325.576533794 -0.043541 0.036499 -0.153558 0.003087 -0.093085 -0.026455 0.995302
1757574325.608390331 -0.050240 0.043868 -0.156758 0.001755 -0.094606 -0.024634 0.995208
1757574325.675480843 -0.054945 0.046775 -0.157464 -0.000098 -0.095070 -0.023835 0.995185
1757574325.710069895 -0.050990 0.042588 -0.161692 -0.001780 -0.096214 -0.022563 0.995103
1757574325.783893347 -0.058372 0.034369 -0.182358 -0.002757 -0.096314 -0.023319 0.995074
1757574325.815759897 -0.059009 0.035764 -0.185504 -0.003002 -0.096183 -0.023265 0.995087
1757574325.887285233 -0.061725 0.041536 -0.187974 -0.003931 -0.096104 -0.021853 0.995124
1757574325.915678263 -0.056009 0.037102 -0.186433 -0.003903 -0.095511 -0.021108 0.995197
1757574325.983097076 -0.057761 0.035092 -0.187823 -0.003695 -0.095393 -0.020227 0.995227
1757574326.018228769 -0.061583 0.041528 -0.179193 -0.003784 -0.093222 -0.019614 0.995445
1757574326.094103336 -0.063011 0.042688 -0.176530 -0.003551 -0.094355 -0.018661 0.995357
1757574326.124705791 -0.060903 0.047193 -0.175181 -0.003101 -0.095213 -0.016706 0.995312
1757574326.200973988 -0.060298 0.047060 -0.170653 -0.002939 -0.096908 -0.015658 0.995166
1757574326.239601374 -0.061073 0.041592 -0.167641 -0.002822 -0.099151 -0.018277 0.994901
1757574326.317205906 -0.066294 0.036600 -0.145623 -0.001453 -0.098430 -0.020977 0.994922
1757574326.356863737 -0.061818 0.037519 -0.146320 -0.000948 -0.098135 -0.021226 0.994946
1757574326.431870699 -0.063279 0.029639 -0.147543 0.000166 -0.098260 -0.022703 0.994902
1757574326.468116999 -0.063231 0.019812 -0.141663 0.002097 -0.099334 -0.026137 0.994709
1757574326.536208630 -0.064779 0.013655 -0.144436 0.003711 -0.099474 -0.031856 0.994523
1757574326.568847656 -0.053383 0.023248 -0.130547 0.002497 -0.098877 -0.038169 0.994364
1757574326.636246443 -0.052342 0.011472 -0.129284 0.005193 -0.098680 -0.042260 0.994208
1757574326.672699928 -0.047341 0.005051 -0.125810 0.008577 -0.098704 -0.043366 0.994135
1757574326.746986866 -0.045988 0.003135 -0.124338 0.012717 -0.097889 -0.042509 0.994208
1757574326.779025316 -0.041331 0.016014 -0.125175 0.014413 -0.096372 -0.038486 0.994497
1757574326.853887320 -0.046417 0.030705 -0.147509 0.014859 -0.097602 -0.028951 0.994693
1757574326.885334492 -0.047077 0.042905 -0.156811 0.011276 -0.097394 -0.020688 0.994967
1757574326.956650734 -0.040167 0.056843 -0.158299 0.008865 -0.096848 -0.015708 0.995136
1757574326.992647409 -0.039756 0.060767 -0.165558 0.002938 -0.096241 -0.013985 0.995256
1757574327.064991951 -0.039238 0.071642 -0.173524 -0.001847 -0.095210 -0.015359 0.995337
1757574327.096200466 -0.034857 0.054804 -0.168066 -0.006948 -0.094792 -0.019101 0.995290
1757574327.171446562 -0.047808 0.052484 -0.166936 -0.011760 -0.097470 -0.021207 0.994943
1757574327.204655409 -0.065589 0.034051 -0.170391 -0.010475 -0.100806 -0.022325 0.994600
1757574327.279425859 -0.067805 0.025552 -0.175508 -0.008179 -0.101994 -0.022284 0.994502
1757574327.314610004 -0.068114 0.026893 -0.174247 -0.002789 -0.101801 -0.022527 0.994546
1757574327.386260271 -0.054502 0.024274 -0.168971 -0.000539 -0.100989 -0.023377 0.994613
1757574327.420187235 -0.055608 0.028178 -0.166205 0.000192 -0.099926 -0.023605 0.994715
1757574327.492201090 -0.054381 0.028194 -0.163256 -0.000386 -0.098686 -0.023938 0.994831
1757574327.526528120 -0.054799 0.031750 -0.161480 -0.001528 -0.097648 -0.024098 0.994928
1757574327.603459358 -0.052614 0.033389 -0.160371 -0.002493 -0.097190 -0.024240 0.994967
1757574327.640398979 -0.056894 0.031447 -0.170803 -0.002906 -0.097100 -0.023874 0.994984
1757574327.714888334 -0.062566 0.035452 -0.174777 -0.004195 -0.098170 -0.023761 0.994877
1757574327.746904135 -0.062118 0.032825 -0.180101 -0.004522 -0.098480 -0.023785 0.994844
1757574327.825752735 -0.057205 0.027959 -0.183616 -0.004085 -0.098520 -0.023975 0.994838
1757574327.859371901 -0.062301 0.027637 -0.187846 -0.003922 -0.099121 -0.024309 0.994771
1757574327.933073521 -0.055644 0.036775 -0.159319 -0.001603 -0.097946 -0.025161 0.994872
1757574327.965550661 -0.057179 0.037057 -0.156056 -0.001966 -0.097930 -0.025311 0.994869
1757574328.041665316 -0.055373 0.036849 -0.154731 -0.002121 -0.097519 -0.025362 0.994908
1757574328.079437971 -0.057105 0.036855 -0.152408 -0.002128 -0.097223 -0.025573 0.994932
1757574328.154282093 -0.058105 0.037007 -0.150134 -0.001926 -0.097469 -0.026257 0.994890
1757574328.186577082 -0.061224 0.039437 -0.179312 -0.002624 -0.099764 -0.027063 0.994640
1757574328.261297941 -0.063166 0.037760 -0.181929 -0.001714 -0.100606 -0.027687 0.994540
1757574328.292941093 -0.063598 0.038511 -0.182843 -0.001355 -0.100767 -0.027747 0.994522
1757574328.364892721 -0.060049 0.036686 -0.181257 -0.000452 -0.100607 -0.027751 0.994539
1757574328.401034594 -0.060786 0.037288 -0.180095 -0.000195 -0.100398 -0.027492 0.994567
1757574328.476627111 -0.051972 0.036706 -0.184606 -0.000233 -0.100468 -0.026561 0.994586
1757574328.507332802 -0.052356 0.039378 -0.182035 -0.001015 -0.099661 -0.026288 0.994674
1757574328.580513954 -0.047719 0.041093 -0.175893 -0.001853 -0.098210 -0.026903 0.994800
1757574328.616543055 -0.046699 0.042560 -0.172003 -0.002195 -0.096913 -0.028404 0.994885
1757574328.694911718 -0.042705 0.046500 -0.167066 -0.002142 -0.095759 -0.030604 0.994932
1757574328.733922958 -0.052602 0.042850 -0.157157 -0.002898 -0.093637 -0.032363 0.995076
1757574328.804582596 -0.053717 0.046161 -0.155903 -0.002656 -0.092784 -0.035500 0.995050
1757574328.835074663 -0.054055 0.044908 -0.157283 -0.002014 -0.092670 -0.038961 0.994932
1757574328.908281326 -0.053898 0.046671 -0.158635 -0.001086 -0.092897 -0.042138 0.994783
1757574328.941832781 -0.055572 0.043726 -0.164272 -0.000536 -0.094149 -0.041719 0.994683
1757574329.022222281 -0.057869 0.037959 -0.169052 0.000968 -0.096304 -0.039284 0.994576
1757574329.055887938 -0.066067 0.038678 -0.175786 -0.000240 -0.098479 -0.035731 0.994497
1757574329.131251335 -0.067823 0.045012 -0.184406 -0.004286 -0.099563 -0.032742 0.994483
1757574329.167355537 -0.066750 0.048930 -0.187985 -0.007448 -0.099485 -0.028164 0.994613
1757574329.245077848 -0.063242 0.040624 -0.186714 -0.007825 -0.098983 -0.023255 0.994787
1757574329.282929420 -0.068504 0.034441 -0.179591 -0.004899 -0.099980 -0.019569 0.994785
1757574329.356711388 -0.071275 0.020517 -0.174129 -0.001558 -0.099886 -0.017189 0.994849
1757574329.391005278 -0.070340 0.018550 -0.168893 0.002344 -0.099513 -0.016786 0.994892
1757574329.470186710 -0.063825 0.010855 -0.158472 0.006555 -0.097999 -0.018990 0.994984
1757574329.505920172 -0.055349 0.015083 -0.150293 0.007981 -0.095015 -0.020414 0.995235
1757574329.582579613 -0.034507 0.012864 -0.137048 0.010339 -0.092230 -0.018972 0.995503
1757574329.618275881 -0.025847 0.017740 -0.125211 0.013336 -0.087818 -0.016886 0.995904
1757574329.692070246 -0.027309 0.029884 -0.126340 0.011235 -0.088302 -0.014460 0.995925
1757574329.732455015 -0.043615 0.035939 -0.134916 0.008756 -0.092751 -0.015965 0.995523
1757574329.806633949 -0.065718 0.047787 -0.150957 0.005220 -0.098142 -0.021864 0.994918
1757574329.844605923 -0.083075 0.050421 -0.168859 -0.000293 -0.100970 -0.027913 0.994498
1757574329.920297623 -0.099634 0.052220 -0.171152 -0.004638 -0.102304 -0.032934 0.994197
1757574329.952196836 -0.107586 0.044064 -0.172605 -0.005883 -0.102357 -0.035997 0.994079
1757574330.027308941 -0.102916 0.049035 -0.174721 -0.004700 -0.101552 -0.035945 0.994170
1757574330.060391903 -0.098000 0.051481 -0.180661 -0.002427 -0.100376 -0.034926 0.994333
1757574330.134097338 -0.076101 0.050879 -0.157889 0.000330 -0.097631 -0.031406 0.994727
1757574330.169577360 -0.059336 0.049401 -0.151699 0.003025 -0.096413 -0.027320 0.994962
1757574330.243753433 -0.037097 0.049314 -0.146687 0.004598 -0.095569 -0.022688 0.995154
1757574330.280899525 -0.031639 0.047883 -0.144512 0.004827 -0.095377 -0.020352 0.995221
1757574330.351746798 -0.037997 0.051162 -0.145325 0.002497 -0.095442 -0.020131 0.995228
1757574330.379871368 -0.042305 0.048599 -0.164345 -0.000008 -0.096132 -0.021013 0.995147
1757574330.454106569 -0.047919 0.051235 -0.165764 -0.003497 -0.096674 -0.022295 0.995060
1757574330.486178160 -0.049537 0.045801 -0.166249 -0.006395 -0.096475 -0.023084 0.995047
1757574330.559165716 -0.040809 0.050514 -0.165051 -0.009448 -0.095364 -0.022057 0.995153
1757574330.589193106 -0.032842 0.048954 -0.163516 -0.011880 -0.093454 -0.020477 0.995342
1757574330.661008835 -0.023647 0.032651 -0.161488 -0.012021 -0.091750 -0.024470 0.995409
1757574330.693180084 -0.030207 0.020876 -0.164095 -0.007491 -0.090775 -0.023315 0.995570
1757574330.760637522 -0.040120 0.018522 -0.165323 -0.004186 -0.090336 -0.024080 0.995611
1757574330.792037010 -0.039311 0.024313 -0.161943 -0.005006 -0.090536 -0.022951 0.995616
1757574330.863577366 -0.056470 0.023372 -0.168328 -0.006461 -0.093049 -0.022339 0.995390
1757574330.899166107 -0.069519 0.020006 -0.160379 -0.005949 -0.095543 -0.021658 0.995172
1757574330.972477198 -0.064057 0.016010 -0.137145 -0.007308 -0.099261 -0.022369 0.994783
1757574331.005686045 -0.066032 0.037846 -0.138032 -0.009274 -0.101724 -0.021410 0.994539
1757574331.081034899 -0.064510 0.040275 -0.136304 -0.008109 -0.102866 -0.019675 0.994468
1757574331.119222641 -0.056727 0.036383 -0.137968 -0.004720 -0.102469 -0.017932 0.994563
1757574331.199198246 -0.045556 0.042674 -0.153625 -0.002572 -0.102635 -0.017666 0.994559
1757574331.234091520 -0.043291 0.053967 -0.162530 -0.002486 -0.101418 -0.017698 0.994683
1757574331.310533524 -0.038037 0.058609 -0.164111 -0.003391 -0.100196 -0.017503 0.994808
1757574331.349049807 -0.036545 0.055758 -0.169930 -0.004208 -0.098095 -0.017598 0.995013
1757574331.423490763 -0.035774 0.050562 -0.175824 -0.004917 -0.097912 -0.019809 0.994986
1757574331.465046406 -0.047406 0.038606 -0.161592 -0.005131 -0.096273 -0.023081 0.995074
1757574331.533544779 -0.051895 0.028319 -0.162900 -0.002972 -0.096875 -0.023480 0.995015
1757574331.571612597 -0.059286 0.025076 -0.170155 -0.001567 -0.098864 -0.023406 0.994824
1757574331.647586823 -0.064041 0.020676 -0.174628 -0.000719 -0.100198 -0.023471 0.994690
1757574331.681727886 -0.063084 0.020900 -0.178536 0.000183 -0.100839 -0.023368 0.994628
1757574331.752944708 -0.057414 0.017635 -0.157144 0.000298 -0.098505 -0.023872 0.994850
1757574331.789552450 -0.057621 0.018201 -0.153452 0.002653 -0.098310 -0.023637 0.994872
1757574331.862344265 -0.056663 0.013208 -0.151993 0.005965 -0.098816 -0.023348 0.994814
1757574331.902463436 -0.057926 0.014539 -0.150624 0.008831 -0.099580 -0.023250 0.994719
1757574331.975390673 -0.057535 0.020838 -0.148343 0.009551 -0.099376 -0.026234 0.994658
1757574332.016843081 -0.059887 0.045804 -0.164398 0.010419 -0.100131 -0.031039 0.994435
1757574332.092632055 -0.051098 0.060993 -0.156778 0.007079 -0.098428 -0.027409 0.994741
1757574332.125725031 -0.062867 0.061457 -0.167901 -0.002184 -0.099395 -0.025316 0.994724
1757574332.202877283 -0.067556 0.062658 -0.174696 -0.006314 -0.100203 -0.024935 0.994634
1757574332.240702152 -0.071187 0.053237 -0.177275 -0.008212 -0.100308 -0.024538 0.994620
1757574332.317540884 -0.066798 0.045538 -0.205335 -0.011918 -0.101790 -0.024358 0.994436
1757574332.349301577 -0.064863 0.038906 -0.203581 -0.010550 -0.101382 -0.023935 0.994504
1757574332.425063133 -0.058441 0.033508 -0.195901 -0.007478 -0.100306 -0.023854 0.994643
1757574332.461513281 -0.053506 0.032043 -0.189598 -0.003716 -0.099250 -0.023702 0.994773
1757574332.539394140 -0.047283 0.028349 -0.184802 -0.001042 -0.098556 -0.023586 0.994851
1757574332.572072506 -0.042816 0.035648 -0.183461 0.003367 -0.099417 -0.023446 0.994764
1757574332.649810076 -0.039896 0.040468 -0.181665 0.003343 -0.099476 -0.023522 0.994756
1757574332.685690880 -0.041136 0.043580 -0.185951 0.000923 -0.099947 -0.023801 0.994708
1757574332.759703636 -0.040444 0.048143 -0.188812 -0.001345 -0.100381 -0.023974 0.994659
1757574332.792647362 -0.039845 0.047511 -0.188814 -0.002734 -0.100162 -0.024152 0.994674
1757574332.867404938 -0.050289 0.039989 -0.175893 -0.005140 -0.098098 -0.023804 0.994879
1757574332.896237850 -0.051599 0.037783 -0.172772 -0.004988 -0.097428 -0.023885 0.994943
1757574332.972594023 -0.047394 0.039120 -0.169629 -0.003841 -0.096939 -0.023911 0.994996
1757574333.000403404 -0.048213 0.038904 -0.167304 -0.003116 -0.096049 -0.023988 0.995083
1757574333.074780703 -0.043783 0.040598 -0.164431 -0.002187 -0.095573 -0.023862 0.995134
1757574333.107597113 -0.046326 0.038517 -0.158271 -0.002239 -0.097298 -0.023679 0.994971
1757574333.180674314 -0.045844 0.037845 -0.161107 -0.002670 -0.097883 -0.023578 0.994915
1757574333.219321251 -0.048409 0.037055 -0.161548 -0.003186 -0.098039 -0.023642 0.994897
1757574333.294533014 -0.047845 0.035983 -0.161930 -0.002983 -0.098190 -0.023497 0.994886
1757574333.330173969 -0.050153 0.033944 -0.159920 -0.002726 -0.097980 -0.023645 0.994904
1757574333.404756546 -0.042159 0.041139 -0.153953 0.000899 -0.097036 -0.024068 0.994989
1757574333.437647581 -0.044593 0.040736 -0.152944 0.001520 -0.097066 -0.024221 0.994982
1757574333.515891314 -0.046778 0.039264 -0.155128 0.001946 -0.097795 -0.024157 0.994911
1757574333.554590940 -0.050167 0.039211 -0.157257 0.002401 -0.098277 -0.024106 0.994864
1757574333.629559994 -0.048645 0.039163 -0.156519 0.002682 -0.098349 -0.024139 0.994856
1757574333.662209034 -0.044386 0.038638 -0.165772 0.002312 -0.099180 -0.024366 0.994768
1757574333.733967066 -0.041092 0.038707 -0.164301 0.002350 -0.098937 -0.024345 0.994793
1757574333.769215822 -0.043522 0.038892 -0.163183 0.002358 -0.098884 -0.024292 0.994800
1757574333.838209391 -0.041797 0.040178 -0.162617 0.001796 -0.098901 -0.024244 0.994800
1757574333.877918482 -0.043375 0.040444 -0.162350 0.001849 -0.099044 -0.024255 0.994786
1757574333.954239845 -0.047450 0.033936 -0.159176 -0.000874 -0.097761 -0.023918 0.994922
1757574333.986517668 -0.051294 0.030987 -0.159827 -0.000548 -0.097923 -0.023687 0.994912
1757574334.052024603 -0.050447 0.030820 -0.160502 -0.000514 -0.098208 -0.023634 0.994885
1757574334.087488651 -0.051255 0.030667 -0.159993 -0.000266 -0.097988 -0.023465 0.994911
1757574334.163860559 -0.047936 0.029986 -0.159131 -0.000111 -0.097862 -0.023394 0.994925
1757574334.200174570 -0.048181 0.024250 -0.168461 -0.003440 -0.096809 -0.023531 0.995019
1757574334.269343615 -0.046821 0.023099 -0.173081 -0.003957 -0.097333 -0.023549 0.994965
1757574334.298232794 -0.049064 0.022481 -0.175226 -0.004000 -0.097549 -0.023428 0.994947
1757574334.370431423 -0.046400 0.022753 -0.175858 -0.004461 -0.097515 -0.023439 0.994948
1757574334.405056477 -0.048316 0.023681 -0.177839 -0.004763 -0.097702 -0.023392 0.994929
1757574334.479998827 -0.046115 0.022784 -0.182032 -0.004517 -0.097607 -0.023321 0.994942
1757574334.519327879 -0.046472 0.022499 -0.184219 -0.004787 -0.097702 -0.023207 0.994934
1757574334.594527483 -0.044150 0.021926 -0.186831 -0.004768 -0.097935 -0.023088 0.994914
1757574334.630939722 -0.044168 0.022764 -0.187399 -0.004626 -0.097905 -0.023053 0.994918
1757574334.705432892 -0.038480 0.024037 -0.186175 -0.004908 -0.097537 -0.022999 0.994954
1757574334.740267992 -0.049896 0.022056 -0.173970 -0.005929 -0.095478 -0.022922 0.995150
1757574334.809697628 -0.047919 0.022983 -0.171470 -0.006076 -0.094846 -0.023050 0.995207
1757574334.842360258 -0.048135 0.021766 -0.174182 -0.006143 -0.095039 -0.023048 0.995188
1757574334.915987492 -0.047708 0.024110 -0.176599 -0.006795 -0.095494 -0.023090 0.995139
1757574334.948064804 -0.049164 0.024182 -0.179555 -0.007701 -0.096048 -0.023240 0.995076
1757574335.021540403 -0.044206 0.028124 -0.181381 -0.006763 -0.098002 -0.022947 0.994899
1757574335.056743145 -0.044886 0.027533 -0.181245 -0.007020 -0.098137 -0.023074 0.994881
1757574335.127559185 -0.040856 0.028020 -0.179157 -0.006613 -0.097703 -0.023143 0.994925
1757574335.163967371 -0.040464 0.026372 -0.176260 -0.005730 -0.097153 -0.023156 0.994984
1757574335.233655214 -0.037003 0.026489 -0.176347 -0.005025 -0.097081 -0.023244 0.994992
1757574335.271736145 -0.045194 0.021019 -0.164351 -0.005907 -0.097142 -0.023207 0.994982
1757574335.338317156 -0.044874 0.019944 -0.165334 -0.004975 -0.097460 -0.023093 0.994959
1757574335.373336792 -0.045655 0.020180 -0.168682 -0.004854 -0.097910 -0.023238 0.994912
1757574335.447921276 -0.044749 0.020768 -0.173196 -0.005062 -0.098433 -0.023258 0.994859
1757574335.489073277 -0.045016 0.020362 -0.174786 -0.004801 -0.098783 -0.023285 0.994825
1757574335.561665773 -0.049811 0.024518 -0.163695 -0.001927 -0.098555 -0.023184 0.994860
1757574335.592669487 -0.051630 0.023768 -0.164123 -0.001078 -0.098674 -0.023158 0.994850
1757574335.664669752 -0.048796 0.023485 -0.163824 -0.000172 -0.098631 -0.023178 0.994854
1757574335.692260981 -0.051362 0.023434 -0.162977 0.000661 -0.098514 -0.023129 0.994867
1757574335.764839649 -0.049787 0.024391 -0.161337 0.001432 -0.098597 -0.023004 0.994860
1757574335.801357269 -0.044918 0.021199 -0.168605 -0.000750 -0.098434 -0.023412 0.994868
1757574335.872684717 -0.043086 0.020496 -0.167710 0.000026 -0.098389 -0.023293 0.994875
1757574335.904872417 -0.044032 0.021201 -0.166692 0.000517 -0.098164 -0.023190 0.994900
1757574335.978657961 -0.041838 0.022442 -0.166681 0.000620 -0.098140 -0.023210 0.994902
1757574336.009772539 -0.043862 0.022707 -0.167493 0.000450 -0.098097 -0.023095 0.994909
1757574336.082693338 -0.041642 0.029344 -0.168796 0.002993 -0.098451 -0.023005 0.994871
1757574336.111545086 -0.042769 0.031066 -0.169086 0.003013 -0.098040 -0.023036 0.994911
1757574336.190619230 -0.037530 0.031416 -0.167259 0.002615 -0.097555 -0.023064 0.994959
1757574336.222369909 -0.041146 0.032385 -0.166107 0.002260 -0.097284 -0.023116 0.994986
1757574336.292457104 -0.041367 0.034053 -0.166623 0.000720 -0.097187 -0.023190 0.994996
1757574336.328075647 -0.051744 0.029916 -0.171675 0.000281 -0.097903 -0.023021 0.994930
1757574336.406954527 -0.052972 0.030465 -0.169825 -0.000304 -0.097889 -0.023001 0.994931
1757574336.441855192 -0.056838 0.029746 -0.167799 -0.000615 -0.097378 -0.023062 0.994980
