id: 0
T_world_origin: 
  0.979653  0.0453061   -0.19552 -0.0231097
-0.0464401    0.99892 -0.0012171  0.0231113
  0.195254  0.0102723   0.980699   -0.14381
         0          0          0          1
T_origin_endpoint_L: 
    0.999999  0.000705221   0.00153975  -0.00189125
-0.000721038     0.999947    0.0102961 -0.000101066
  -0.0015324   -0.0102972     0.999946   0.00148779
           0            0            0            1
T_origin_endpoint_R: 
    0.999999 -0.000675926   0.00147862   -0.0380346
 0.000665545     0.999975   0.00700947   0.00485299
 -0.00148332  -0.00700848     0.999974   -0.0169393
           0            0            0            1
T_lidar_imu: 
1 0 0 0
0 1 0 0
0 0 1 0
0 0 0 1
imu_bias:  0.00110471 -0.00255021   0.0118933   0.0863296  0.00778858  0.00607974
frame_id: 2
num_frames: 1882
frame_0
id: 0
stamp: 1757574235.574875593
T_odom_lidar: 
   0.979918   0.0480079   -0.193535  -0.0252579
 -0.0471584    0.998847  0.00899641   0.0230964
   0.193744 0.000311053    0.981052   -0.142721
          0           0           0           1
T_world_lidar: 
   0.979918   0.0480079   -0.193535  -0.0252579
 -0.0471584    0.998847  0.00899641   0.0230964
   0.193744 0.000311053    0.981052   -0.142721
          0           0           0           1
v_world_imu: -0.0454237   -0.11805    0.76512
frame_1
id: 1
stamp: 1757574235.614048004
T_odom_lidar: 
  0.980279  0.0479458  -0.191715 -0.0467177
-0.0481333   0.998834 0.00368152  0.0264402
  0.191668 0.00561897   0.981444  -0.163651
         0          0          0          1
T_world_lidar: 
  0.980279  0.0479458  -0.191715 -0.0467177
-0.0481333   0.998834 0.00368152  0.0264402
  0.191668 0.00561897   0.981444  -0.163651
         0          0          0          1
v_world_imu: -0.0454237   -0.11805    0.76512
frame_2
id: 2
stamp: 1757574235.693412542
T_odom_lidar: 
   0.981204   0.0478233   -0.186952  -0.0460398
 -0.0489014    0.998803 -0.00115652   0.0165023
   0.186673    0.010277    0.982368   -0.148718
          0           0           0           1
T_world_lidar: 
   0.981204   0.0478233   -0.186952  -0.0460398
 -0.0489014    0.998803 -0.00115652   0.0165023
   0.186673    0.010277    0.982368   -0.148718
          0           0           0           1
v_world_imu: -0.0454237   -0.11805    0.76512
frame_3
id: 3
stamp: 1757574235.730770826
T_odom_lidar: 
  0.979438  0.0460672  -0.196417 -0.0556394
-0.0477448   0.998852 -0.0038122  0.0158616
  0.196016  0.0131117   0.980513  -0.166461
         0          0          0          1
T_world_lidar: 
  0.979438  0.0460672  -0.196417 -0.0556394
-0.0477448   0.998852 -0.0038122  0.0158616
  0.196016  0.0131117   0.980513  -0.166461
         0          0          0          1
v_world_imu: -0.0454237   -0.11805    0.76512
frame_4
id: 4
stamp: 1757574235.811659813
T_odom_lidar: 
   0.978337   0.0455992   -0.201935  -0.0621327
 -0.0474621    0.998863 -0.00439022   0.0177112
   0.201506   0.0138794    0.979389   -0.178499
          0           0           0           1
T_world_lidar: 
   0.978337   0.0455992   -0.201935  -0.0621327
 -0.0474621    0.998863 -0.00439022   0.0177112
   0.201506   0.0138794    0.979389   -0.178499
          0           0           0           1
v_world_imu: -0.0454237   -0.11805    0.76512
frame_5
id: 5
stamp: 1757574235.854249001
T_odom_lidar: 
   0.977987    0.046768   -0.203357   -0.062686
 -0.0481847    0.998836 -0.00201808   0.0223436
   0.203026   0.0117724    0.979103   -0.191895
          0           0           0           1
T_world_lidar: 
   0.977987    0.046768   -0.203357   -0.062686
 -0.0481847    0.998836 -0.00201808   0.0223436
   0.203026   0.0117724    0.979103   -0.191895
          0           0           0           1
v_world_imu: -0.0454237   -0.11805    0.76512
frame_6
id: 6
stamp: 1757574235.937688112
T_odom_lidar: 
   0.976504   0.0467242   -0.210371  -0.0539423
 -0.0490257    0.998781 -0.00573562   0.0295563
   0.209847   0.0159145    0.977605   -0.179851
          0           0           0           1
T_world_lidar: 
   0.976504   0.0467242   -0.210371  -0.0539423
 -0.0490257    0.998781 -0.00573562   0.0295563
   0.209847   0.0159145    0.977605   -0.179851
          0           0           0           1
v_world_imu: -0.0454237   -0.11805    0.76512
frame_7
id: 7
stamp: 1757574235.981572866
T_odom_lidar: 
   0.976816   0.0467327   -0.208916  -0.0518924
 -0.0485612    0.998814 -0.00362906   0.0307252
   0.208498   0.0136901    0.977927   -0.178474
          0           0           0           1
T_world_lidar: 
   0.976816   0.0467327   -0.208916  -0.0518924
 -0.0485612    0.998814 -0.00362906   0.0307252
   0.208498   0.0136901    0.977927   -0.178474
          0           0           0           1
v_world_imu: -0.0454237   -0.11805    0.76512
frame_8
id: 8
stamp: 1757574236.064673662
T_odom_lidar: 
   0.977144   0.0472622   -0.207257  -0.0444565
 -0.0486887    0.998812 -0.00178459    0.034488
   0.206927   0.0118349    0.978285   -0.176115
          0           0           0           1
T_world_lidar: 
   0.977144   0.0472622   -0.207257  -0.0444565
 -0.0486887    0.998812 -0.00178459    0.034488
   0.206927   0.0118349    0.978285   -0.176115
          0           0           0           1
v_world_imu: -0.0454237   -0.11805    0.76512
frame_9
id: 9
stamp: 1757574236.106283188
T_odom_lidar: 
    0.977578    0.0481261    -0.204999    -0.043654
  -0.0492775     0.998785 -0.000512123    0.0346002
    0.204726    0.0106025     0.978762    -0.172092
           0            0            0            1
T_world_lidar: 
    0.977578    0.0481261    -0.204999    -0.043654
  -0.0492775     0.998785 -0.000512123    0.0346002
    0.204726    0.0106025     0.978762    -0.172092
           0            0            0            1
v_world_imu: -0.0454237   -0.11805    0.76512
frame_10
id: 10
stamp: 1757574236.191486835
T_odom_lidar: 
   0.977799   0.0491338   -0.203702  -0.0379358
 -0.0501933     0.99874 -3.4642e-05   0.0368136
   0.203443   0.0102583    0.979033    -0.17004
          0           0           0           1
T_world_lidar: 
   0.977799   0.0491338   -0.203702  -0.0379358
 -0.0501933     0.99874 -3.4642e-05   0.0368136
   0.203443   0.0102583    0.979033    -0.17004
          0           0           0           1
v_world_imu: -0.0454237   -0.11805    0.76512
frame_11
id: 11
stamp: 1757574236.236249685
T_odom_lidar: 
  0.978558  0.0490169  -0.200052 -0.0335775
-0.0497571    0.99876 0.00132923  0.0340432
  0.199869 0.00865327   0.979784  -0.152199
         0          0          0          1
T_world_lidar: 
  0.978558  0.0490169  -0.200052 -0.0335775
-0.0497571    0.99876 0.00132923  0.0340432
  0.199869 0.00865327   0.979784  -0.152199
         0          0          0          1
v_world_imu: -0.0454237   -0.11805    0.76512
frame_12
id: 12
stamp: 1757574236.314201832
T_odom_lidar: 
   0.978893   0.0486221   -0.198506  -0.0285966
 -0.0495005    0.998774 0.000538197   0.0336464
   0.198288  0.00929929      0.9801   -0.143734
          0           0           0           1
T_world_lidar: 
   0.978893   0.0486221   -0.198506  -0.0285966
 -0.0495005    0.998774 0.000538197   0.0336464
   0.198288  0.00929929      0.9801   -0.143734
          0           0           0           1
v_world_imu: -0.0454237   -0.11805    0.76512
frame_13
id: 13
stamp: 1757574236.351757765
T_odom_lidar: 
   0.979189   0.0481333   -0.197163  -0.0287392
 -0.0490801    0.998795 8.41303e-05   0.0324435
   0.196929  0.00959438    0.980371   -0.142091
          0           0           0           1
T_world_lidar: 
   0.979189   0.0481333   -0.197163  -0.0287392
 -0.0490801    0.998795 8.41303e-05   0.0324435
   0.196929  0.00959438    0.980371   -0.142091
          0           0           0           1
v_world_imu: -0.0454237   -0.11805    0.76512
frame_14
id: 14
stamp: 1757574236.427098513
T_odom_lidar: 
   0.979466   0.0473802   -0.195961  -0.0240955
 -0.0482711    0.998834 0.000230165    0.032476
   0.195743  0.00923379    0.980612   -0.139398
          0           0           0           1
T_world_lidar: 
   0.979466   0.0473802   -0.195961  -0.0240955
 -0.0482711    0.998834 0.000230165    0.032476
   0.195743  0.00923379    0.980612   -0.139398
          0           0           0           1
v_world_imu: -0.0454237   -0.11805    0.76512
frame_15
id: 15
stamp: 1757574236.464218855
T_odom_lidar: 
   0.979756   0.0469702   -0.194609  -0.0243025
 -0.0477562    0.998859 0.000653438   0.0325817
   0.194418  0.00865359    0.980881   -0.137904
          0           0           0           1
T_world_lidar: 
   0.979756   0.0469702   -0.194609  -0.0243025
 -0.0477562    0.998859 0.000653438   0.0325817
   0.194418  0.00865359    0.980881   -0.137904
          0           0           0           1
v_world_imu: -0.0454237   -0.11805    0.76512
frame_16
id: 16
stamp: 1757574236.545471668
T_odom_lidar: 
  0.980604  0.0475995  -0.190131 -0.0204485
-0.0478054   0.998851 0.00350588  0.0328569
   0.19008 0.00565143   0.981752  -0.136292
         0          0          0          1
T_world_lidar: 
  0.980604  0.0475995  -0.190131 -0.0204485
-0.0478054   0.998851 0.00350588  0.0328569
   0.19008 0.00565143   0.981752  -0.136292
         0          0          0          1
v_world_imu: -0.0454237   -0.11805    0.76512
frame_17
id: 17
stamp: 1757574236.582750082
T_odom_lidar: 
  0.980793  0.0479415   -0.18907  -0.021964
-0.0480211   0.998838 0.00416268  0.0335496
   0.18905 0.00499664   0.981955  -0.135436
         0          0          0          1
T_world_lidar: 
  0.980793  0.0479415   -0.18907  -0.021964
-0.0480211   0.998838 0.00416268  0.0335496
   0.18905 0.00499664   0.981955  -0.135436
         0          0          0          1
v_world_imu: -0.0454237   -0.11805    0.76512
frame_18
id: 18
stamp: 1757574236.663734198
T_odom_lidar: 
  0.980847  0.0480005   -0.18877 -0.0196635
-0.0480827   0.998835 0.00414682  0.0342693
  0.188749 0.00500919   0.982013  -0.135657
         0          0          0          1
T_world_lidar: 
  0.980847  0.0480005   -0.18877 -0.0196635
-0.0480827   0.998835 0.00414682  0.0342693
  0.188749 0.00500919   0.982013  -0.135657
         0          0          0          1
v_world_imu: -0.0454237   -0.11805    0.76512
frame_19
id: 19
stamp: 1757574236.703766584
T_odom_lidar: 
  0.981028  0.0477088  -0.187906 -0.0208416
-0.0479389   0.998845 0.00332267    0.03272
  0.187847 0.00574835   0.982181  -0.133824
         0          0          0          1
T_world_lidar: 
  0.981028  0.0477088  -0.187906 -0.0208416
-0.0479389   0.998845 0.00332267    0.03272
  0.187847 0.00574835   0.982181  -0.133824
         0          0          0          1
v_world_imu: -0.0454237   -0.11805    0.76512
frame_20
id: 20
stamp: 1757574236.778219700
T_odom_lidar: 
  0.981025  0.0475775  -0.187953 -0.0202395
-0.0478479    0.99885 0.00310098  0.0326693
  0.187885 0.00595102   0.982173  -0.133655
         0          0          0          1
T_world_lidar: 
  0.981025  0.0475775  -0.187953 -0.0202395
-0.0478479    0.99885 0.00310098  0.0326693
  0.187885 0.00595102   0.982173  -0.133655
         0          0          0          1
v_world_imu: -0.0454237   -0.11805    0.76512
frame_21
id: 21
stamp: 1757574236.817402840
T_odom_lidar: 
   0.98043  0.0478973  -0.190952 -0.0184673
-0.0474779   0.998849 0.00677319  0.0276029
  0.191057 0.00242538   0.981576  -0.138787
         0          0          0          1
T_world_lidar: 
   0.98043  0.0478973  -0.190952 -0.0184673
-0.0474779   0.998849 0.00677319  0.0276029
  0.191057 0.00242538   0.981576  -0.138787
         0          0          0          1
v_world_imu: -0.0454237   -0.11805    0.76512
frame_22
id: 22
stamp: 1757574236.895009518
T_odom_lidar: 
  0.980593  0.0474556  -0.190225 -0.0143517
-0.0471328   0.998869 0.00622329  0.0275124
  0.190305  0.0028633   0.981721  -0.137317
         0          0          0          1
T_world_lidar: 
  0.980593  0.0474556  -0.190225 -0.0143517
-0.0471328   0.998869 0.00622329  0.0275124
  0.190305  0.0028633   0.981721  -0.137317
         0          0          0          1
v_world_imu: -0.0454237   -0.11805    0.76512
frame_23
id: 23
stamp: 1757574236.935365438
T_odom_lidar: 
  0.980745  0.0475173  -0.189426 -0.0147803
-0.0472964   0.998865 0.00568919  0.0280645
  0.189481 0.00337954   0.981878  -0.136954
         0          0          0          1
T_world_lidar: 
  0.980745  0.0475173  -0.189426 -0.0147803
-0.0472964   0.998865 0.00568919  0.0280645
  0.189481 0.00337954   0.981878  -0.136954
         0          0          0          1
v_world_imu: -0.0454237   -0.11805    0.76512
frame_24
id: 24
stamp: 1757574237.013433933
T_odom_lidar: 
  0.980769  0.0474606  -0.189316 -0.0128143
-0.0474126   0.998864 0.00478499  0.0275917
  0.189328 0.00428299   0.981905  -0.136351
         0          0          0          1
T_world_lidar: 
  0.980769  0.0474606  -0.189316 -0.0128143
-0.0474126   0.998864 0.00478499  0.0275917
  0.189328 0.00428299   0.981905  -0.136351
         0          0          0          1
v_world_imu: -0.0454237   -0.11805    0.76512
frame_25
id: 25
stamp: 1757574237.053318024
T_odom_lidar: 
  0.980573  0.0474537   -0.19033 -0.0163411
-0.0475263   0.998861 0.00418584  0.0265787
  0.190312 0.00494116   0.981711   -0.13785
         0          0          0          1
T_world_lidar: 
  0.980573  0.0474537   -0.19033 -0.0163411
-0.0475263   0.998861 0.00418584  0.0265787
  0.190312 0.00494116   0.981711   -0.13785
         0          0          0          1
v_world_imu: -0.0454237   -0.11805    0.76512
frame_26
id: 26
stamp: 1757574237.133484364
T_odom_lidar: 
  0.980436  0.0472474  -0.191082 -0.0205334
-0.0470258   0.998877 0.00569713  0.0262969
  0.191137  0.0034001   0.981558  -0.140612
         0          0          0          1
T_world_lidar: 
  0.980436  0.0472474  -0.191082 -0.0205334
-0.0470258   0.998877 0.00569713  0.0262969
  0.191137  0.0034001   0.981558  -0.140612
         0          0          0          1
v_world_imu: -0.0454237   -0.11805    0.76512
frame_27
id: 27
stamp: 1757574237.166526794
T_odom_lidar: 
  0.980321  0.0469407  -0.191751 -0.0238805
-0.0467374   0.998892 0.00558561  0.0259332
    0.1918 0.00348623   0.981428  -0.141362
         0          0          0          1
T_world_lidar: 
  0.980321  0.0469407  -0.191751 -0.0238805
-0.0467374   0.998892 0.00558561  0.0259332
    0.1918 0.00348623   0.981428  -0.141362
         0          0          0          1
v_world_imu: -0.0454237   -0.11805    0.76512
frame_28
id: 28
stamp: 1757574237.240467548
T_odom_lidar: 
  0.980471    0.04703  -0.190956 -0.0191217
 -0.046804   0.998888 0.00569602  0.0270102
  0.191011  0.0033527   0.981582  -0.140473
         0          0          0          1
T_world_lidar: 
  0.980471    0.04703  -0.190956 -0.0191217
 -0.046804   0.998888 0.00569602  0.0270102
  0.191011  0.0033527   0.981582  -0.140473
         0          0          0          1
v_world_imu: -0.0454237   -0.11805    0.76512
frame_29
id: 29
stamp: 1757574237.277511120
T_odom_lidar: 
  0.980413  0.0470317  -0.191256 -0.0208519
-0.0467139   0.998889 0.00617269  0.0266652
  0.191334 0.00288252   0.981521  -0.141732
         0          0          0          1
T_world_lidar: 
  0.980413  0.0470317  -0.191256 -0.0208519
-0.0467139   0.998889 0.00617269  0.0266652
  0.191334 0.00288252   0.981521  -0.141732
         0          0          0          1
v_world_imu: -0.0454237   -0.11805    0.76512
frame_30
id: 30
stamp: 1757574237.353777409
T_odom_lidar: 
  0.980568  0.0473566   -0.19038 -0.0186275
  -0.04683   0.998876 0.00726663  0.0281389
   0.19051 0.00179004   0.981684  -0.141781
         0          0          0          1
T_world_lidar: 
  0.980568  0.0473566   -0.19038 -0.0186275
  -0.04683   0.998876 0.00726663  0.0281389
   0.19051 0.00179004   0.981684  -0.141781
         0          0          0          1
v_world_imu: -0.0454237   -0.11805    0.76512
frame_31
id: 31
stamp: 1757574237.391083241
T_odom_lidar: 
  0.980315  0.0469323   -0.19178 -0.0155707
-0.0469648   0.998887 0.00437921    0.03112
  0.191772 0.00471389   0.981428  -0.139369
         0          0          0          1
T_world_lidar: 
  0.980315  0.0469323   -0.19178 -0.0155707
-0.0469648   0.998887 0.00437921    0.03112
  0.191772 0.00471389   0.981428  -0.139369
         0          0          0          1
v_world_imu: -0.0454237   -0.11805    0.76512
frame_32
id: 32
stamp: 1757574237.471787930
T_odom_lidar: 
  0.980545  0.0471566  -0.190545 -0.0111978
-0.0471555   0.998877 0.00454277  0.0317807
  0.190546 0.00453087   0.981668  -0.138476
         0          0          0          1
T_world_lidar: 
  0.980545  0.0471566  -0.190545 -0.0111978
-0.0471555   0.998877 0.00454277  0.0317807
  0.190546 0.00453087   0.981668  -0.138476
         0          0          0          1
v_world_imu: -0.0454237   -0.11805    0.76512
frame_33
id: 33
stamp: 1757574237.513460875
T_odom_lidar: 
  0.980725  0.0473829  -0.189559 -0.0137165
-0.0473546   0.998867 0.00468102  0.0305668
  0.189566 0.00438571   0.981858   -0.13803
         0          0          0          1
T_world_lidar: 
  0.980725  0.0473829  -0.189559 -0.0137165
-0.0473546   0.998867 0.00468102  0.0305668
  0.189566 0.00438571   0.981858   -0.13803
         0          0          0          1
v_world_imu: -0.0454237   -0.11805    0.76512
frame_34
id: 34
stamp: 1757574237.590484858
T_odom_lidar: 
  0.980873  0.0475266  -0.188758 -0.0113241
-0.0475376   0.998859 0.00447179   0.030118
  0.188755 0.00458684   0.982013  -0.136865
         0          0          0          1
T_world_lidar: 
  0.980873  0.0475266  -0.188758 -0.0113241
-0.0475376   0.998859 0.00447179   0.030118
  0.188755 0.00458684   0.982013  -0.136865
         0          0          0          1
v_world_imu: -0.0454237   -0.11805    0.76512
frame_35
id: 35
stamp: 1757574237.629219055
T_odom_lidar: 
  0.980981  0.0481387   -0.18804 -0.0112496
-0.0481798   0.998829 0.00435473   0.028823
  0.188029 0.00478781   0.982152  -0.136444
         0          0          0          1
T_world_lidar: 
  0.980981  0.0481387   -0.18804 -0.0112496
-0.0481798   0.998829 0.00435473   0.028823
  0.188029 0.00478781   0.982152  -0.136444
         0          0          0          1
v_world_imu: -0.0454237   -0.11805    0.76512
frame_36
id: 36
stamp: 1757574237.704477787
T_odom_lidar: 
    0.981801    0.0477205    -0.183819   -0.0143692
  -0.0485979     0.998818 -0.000268723    0.0297753
    0.183589   0.00919704      0.98296    -0.131012
           0            0            0            1
T_world_lidar: 
    0.981801    0.0477205    -0.183819   -0.0143692
  -0.0485979     0.998818 -0.000268723    0.0297753
    0.183589   0.00919704      0.98296    -0.131012
           0            0            0            1
v_world_imu: -0.0454237   -0.11805    0.76512
frame_37
id: 37
stamp: 1757574237.735975027
T_odom_lidar: 
     0.98151    0.0474037    -0.185446   -0.0191205
  -0.0484055     0.998827 -0.000875531    0.0284179
    0.185188   0.00983597     0.982654    -0.129985
           0            0            0            1
T_world_lidar: 
     0.98151    0.0474037    -0.185446   -0.0191205
  -0.0484055     0.998827 -0.000875531    0.0284179
    0.185188   0.00983597     0.982654    -0.129985
           0            0            0            1
v_world_imu: -0.0454237   -0.11805    0.76512
frame_38
id: 38
stamp: 1757574237.811860561
T_odom_lidar: 
   0.980891   0.0470248   -0.188787  -0.0247148
 -0.0478285    0.998856 0.000298578   0.0308216
   0.188585  0.00873654    0.982018    -0.13366
          0           0           0           1
T_world_lidar: 
   0.980891   0.0470248   -0.188787  -0.0247148
 -0.0478285    0.998856 0.000298578   0.0308216
   0.188585  0.00873654    0.982018    -0.13366
          0           0           0           1
v_world_imu: -0.0454237   -0.11805    0.76512
frame_39
id: 39
stamp: 1757574237.847906351
T_odom_lidar: 
  0.980418   0.046778  -0.191292 -0.0280711
 -0.047408   0.998875 0.00128452  0.0305186
  0.191137 0.00780941   0.981532  -0.136209
         0          0          0          1
T_world_lidar: 
  0.980418   0.046778  -0.191292 -0.0280711
 -0.047408   0.998875 0.00128452  0.0305186
  0.191137 0.00780941   0.981532  -0.136209
         0          0          0          1
v_world_imu: -0.0454237   -0.11805    0.76512
frame_40
id: 40
stamp: 1757574237.921194792
T_odom_lidar: 
  0.979957  0.0465524  -0.193695  -0.030819
 -0.047042   0.998891 0.00207356   0.031783
  0.193576 0.00707979    0.98106  -0.138489
         0          0          0          1
T_world_lidar: 
  0.979957  0.0465524  -0.193695  -0.030819
 -0.047042   0.998891 0.00207356   0.031783
  0.193576 0.00707979    0.98106  -0.138489
         0          0          0          1
v_world_imu: -0.0454237   -0.11805    0.76512
frame_41
id: 41
stamp: 1757574237.958162546
T_odom_lidar: 
   0.979448   0.0452242   -0.196561  -0.0357597
 -0.0467965    0.998899 -0.00335953   0.0350992
   0.196193   0.0124889    0.980486   -0.139999
          0           0           0           1
T_world_lidar: 
   0.979448   0.0452242   -0.196561  -0.0357597
 -0.0467965    0.998899 -0.00335953   0.0350992
   0.196193   0.0124889    0.980486   -0.139999
          0           0           0           1
v_world_imu: -0.0454237   -0.11805    0.76512
frame_42
id: 42
stamp: 1757574238.031959534
T_odom_lidar: 
   0.979336   0.0449168   -0.197187  -0.0347252
 -0.0465052    0.998912 -0.00342964   0.0358698
   0.196818    0.012529     0.98036   -0.140127
          0           0           0           1
T_world_lidar: 
   0.979336   0.0449168   -0.197187  -0.0347252
 -0.0465052    0.998912 -0.00342964   0.0358698
   0.196818    0.012529     0.98036   -0.140127
          0           0           0           1
v_world_imu: -0.0454237   -0.11805    0.76512
frame_43
id: 43
stamp: 1757574238.069430113
T_odom_lidar: 
    0.97943   0.0449553   -0.196711  -0.0334943
 -0.0465111    0.998912 -0.00329432   0.0347227
   0.196349   0.0123758    0.980456   -0.140173
          0           0           0           1
T_world_lidar: 
    0.97943   0.0449553   -0.196711  -0.0334943
 -0.0465111    0.998912 -0.00329432   0.0347227
   0.196349   0.0123758    0.980456   -0.140173
          0           0           0           1
v_world_imu: -0.0454237   -0.11805    0.76512
frame_44
id: 44
stamp: 1757574238.144914389
T_odom_lidar: 
   0.979818   0.0455025   -0.194644  -0.0268078
 -0.0469478    0.998893 -0.00281617   0.0368806
   0.194301   0.0118975     0.98087   -0.137784
          0           0           0           1
T_world_lidar: 
   0.979818   0.0455025   -0.194644  -0.0268078
 -0.0469478    0.998893 -0.00281617   0.0368806
   0.194301   0.0118975     0.98087   -0.137784
          0           0           0           1
v_world_imu: -0.0454237   -0.11805    0.76512
frame_45
id: 45
stamp: 1757574238.180956602
T_odom_lidar: 
  0.980243  0.0460692  -0.192359 -0.0243016
 -0.047474   0.998869 -0.0026978  0.0358721
  0.192017  0.0117766   0.981321  -0.135622
         0          0          0          1
T_world_lidar: 
  0.980243  0.0460692  -0.192359 -0.0243016
 -0.047474   0.998869 -0.0026978  0.0358721
  0.192017  0.0117766   0.981321  -0.135622
         0          0          0          1
v_world_imu: -0.0454237   -0.11805    0.76512
frame_46
id: 46
stamp: 1757574238.263339996
T_odom_lidar: 
  0.981374   0.045733  -0.186584 -0.0273624
-0.0476067   0.998851  -0.005571  0.0382197
  0.186115  0.0143499   0.982423  -0.133093
         0          0          0          1
T_world_lidar: 
  0.981374   0.045733  -0.186584 -0.0273624
-0.0476067   0.998851  -0.005571  0.0382197
  0.186115  0.0143499   0.982423  -0.133093
         0          0          0          1
v_world_imu: -0.0454237   -0.11805    0.76512
frame_47
id: 47
stamp: 1757574238.300080061
T_odom_lidar: 
   0.981557    0.045753   -0.185611  -0.0299509
 -0.0476445    0.998848 -0.00574077    0.037447
   0.185135   0.0144783    0.982606   -0.131608
          0           0           0           1
T_world_lidar: 
   0.981557    0.045753   -0.185611  -0.0299509
 -0.0476445    0.998848 -0.00574077    0.037447
   0.185135   0.0144783    0.982606   -0.131608
          0           0           0           1
v_world_imu: -0.0454237   -0.11805    0.76512
frame_48
id: 48
stamp: 1757574238.378867149
T_odom_lidar: 
   0.981706   0.0457642   -0.184823  -0.0278861
  -0.047702    0.998843 -0.00604983   0.0388519
   0.184332   0.0147556    0.982753   -0.130726
          0           0           0           1
T_world_lidar: 
   0.981706   0.0457642   -0.184823  -0.0278861
  -0.047702    0.998843 -0.00604983   0.0388519
   0.184332   0.0147556    0.982753   -0.130726
          0           0           0           1
v_world_imu: -0.0454237   -0.11805    0.76512
frame_49
id: 49
stamp: 1757574238.416900635
T_odom_lidar: 
   0.981967   0.0460012   -0.183369  -0.0275707
 -0.0478475    0.998839 -0.00565502   0.0372388
   0.182896   0.0143268    0.983028   -0.131072
          0           0           0           1
T_world_lidar: 
   0.981967   0.0460012   -0.183369  -0.0275707
 -0.0478475    0.998839 -0.00565502   0.0372388
   0.182896   0.0143268    0.983028   -0.131072
          0           0           0           1
v_world_imu: -0.0454237   -0.11805    0.76512
frame_50
id: 50
stamp: 1757574238.493182659
T_odom_lidar: 
   0.982266   0.0465155    -0.18163  -0.0229167
 -0.0480947    0.998834 -0.00429765   0.0407697
   0.181219   0.0129569    0.983357   -0.130819
          0           0           0           1
T_world_lidar: 
   0.982266   0.0465155    -0.18163  -0.0229167
 -0.0480947    0.998834 -0.00429765   0.0407697
   0.181219   0.0129569    0.983357   -0.130819
          0           0           0           1
v_world_imu: -0.0454237   -0.11805    0.76512
frame_51
id: 51
stamp: 1757574238.527717590
T_odom_lidar: 
   0.982338   0.0467077   -0.181191  -0.0237444
 -0.0481138    0.998836 -0.00337048   0.0396865
   0.180823   0.0120287    0.983442   -0.128379
          0           0           0           1
T_world_lidar: 
   0.982338   0.0467077   -0.181191  -0.0237444
 -0.0481138    0.998836 -0.00337048   0.0396865
   0.180823   0.0120287    0.983442   -0.128379
          0           0           0           1
v_world_imu: -0.0454237   -0.11805    0.76512
frame_52
id: 52
stamp: 1757574238.601721764
T_odom_lidar: 
   0.982548   0.0468282   -0.180018  -0.0214709
 -0.0482126    0.998832 -0.00332011   0.0391797
   0.179652   0.0119413    0.983658   -0.128483
          0           0           0           1
T_world_lidar: 
   0.982548   0.0468282   -0.180018  -0.0214709
 -0.0482126    0.998832 -0.00332011   0.0391797
   0.179652   0.0119413    0.983658   -0.128483
          0           0           0           1
v_world_imu: -0.0454237   -0.11805    0.76512
frame_53
id: 53
stamp: 1757574238.634326220
T_odom_lidar: 
   0.982556   0.0465655   -0.180042  -0.0242452
 -0.0479555    0.998844 -0.00337306   0.0366382
   0.179676   0.0119482    0.983653   -0.128784
          0           0           0           1
T_world_lidar: 
   0.982556   0.0465655   -0.180042  -0.0242452
 -0.0479555    0.998844 -0.00337306   0.0366382
   0.179676   0.0119482    0.983653   -0.128784
          0           0           0           1
v_world_imu: -0.0454237   -0.11805    0.76512
frame_54
id: 54
stamp: 1757574238.710397720
T_odom_lidar: 
   0.982256   0.0460824   -0.181794  -0.0265078
  -0.047486    0.998866 -0.00337329   0.0367471
   0.181432   0.0119461    0.983331   -0.129897
          0           0           0           1
T_world_lidar: 
   0.982256   0.0460824   -0.181794  -0.0265078
  -0.047486    0.998866 -0.00337329   0.0367471
   0.181432   0.0119461    0.983331   -0.129897
          0           0           0           1
v_world_imu: -0.0454237   -0.11805    0.76512
frame_55
id: 55
stamp: 1757574238.743032217
T_odom_lidar: 
   0.981898   0.0456899   -0.183819  -0.0317223
 -0.0471116    0.998884 -0.00337222   0.0352524
    0.18346   0.0119712    0.982954   -0.131643
          0           0           0           1
T_world_lidar: 
   0.981898   0.0456899   -0.183819  -0.0317223
 -0.0471116    0.998884 -0.00337222   0.0352524
    0.18346   0.0119712    0.982954   -0.131643
          0           0           0           1
v_world_imu: -0.0454237   -0.11805    0.76512
frame_56
id: 56
stamp: 1757574238.813744068
T_odom_lidar: 
   0.980858   0.0458821   -0.189244  -0.0299604
 -0.0465851    0.998914 0.000734093   0.0325946
   0.189072   0.0080959     0.98193   -0.144471
          0           0           0           1
T_world_lidar: 
   0.980858   0.0458821   -0.189244  -0.0299604
 -0.0465851    0.998914 0.000734093   0.0325946
   0.189072   0.0080959     0.98193   -0.144471
          0           0           0           1
v_world_imu: -0.0454237   -0.11805    0.76512
frame_57
id: 57
stamp: 1757574238.849297762
T_odom_lidar: 
  0.980652  0.0458746  -0.190306 -0.0313718
 -0.046507   0.998917 0.00114424   0.030916
  0.190152 0.00772844   0.981724   -0.14734
         0          0          0          1
T_world_lidar: 
  0.980652  0.0458746  -0.190306 -0.0313718
 -0.046507   0.998917 0.00114424   0.030916
  0.190152 0.00772844   0.981724   -0.14734
         0          0          0          1
v_world_imu: -0.0454237   -0.11805    0.76512
frame_58
id: 58
stamp: 1757574238.918990612
T_odom_lidar: 
  0.980578  0.0457878   -0.19071 -0.0306146
 -0.046436   0.998921 0.00107092  0.0305482
  0.190553 0.00780567   0.981646  -0.148371
         0          0          0          1
T_world_lidar: 
  0.980578  0.0457878   -0.19071 -0.0306146
 -0.046436   0.998921 0.00107092  0.0305482
  0.190553 0.00780567   0.981646  -0.148371
         0          0          0          1
v_world_imu: -0.0454237   -0.11805    0.76512
frame_59
id: 59
stamp: 1757574238.952644825
T_odom_lidar: 
  0.980715  0.0460399  -0.189945 -0.0298941
-0.0466909   0.998909 0.00104875  0.0287405
  0.189786 0.00784017   0.981794  -0.148512
         0          0          0          1
T_world_lidar: 
  0.980715  0.0460399  -0.189945 -0.0298941
-0.0466909   0.998909 0.00104875  0.0287405
  0.189786 0.00784017   0.981794  -0.148512
         0          0          0          1
v_world_imu: -0.0454237   -0.11805    0.76512
frame_60
id: 60
stamp: 1757574239.022812128
T_odom_lidar: 
   0.980741   0.0458921   -0.189843  -0.0287282
   -0.04658    0.998914 0.000839097   0.0286121
   0.189676  0.00801996    0.981814   -0.148916
          0           0           0           1
T_world_lidar: 
   0.980741   0.0458921   -0.189843  -0.0287282
   -0.04658    0.998914 0.000839097   0.0286121
   0.189676  0.00801996    0.981814   -0.148916
          0           0           0           1
v_world_imu: -0.0454237   -0.11805    0.76512
frame_61
id: 61
stamp: 1757574239.051102400
T_odom_lidar: 
    0.980129    0.0453921    -0.193099   -0.0289448
  -0.0462762     0.998929 -6.84786e-05    0.0284979
    0.192889   0.00900302     0.981179    -0.151181
           0            0            0            1
T_world_lidar: 
    0.980129    0.0453921    -0.193099   -0.0289448
  -0.0462762     0.998929 -6.84786e-05    0.0284979
    0.192889   0.00900302     0.981179    -0.151181
           0            0            0            1
v_world_imu: -0.0454237   -0.11805    0.76512
frame_62
id: 62
stamp: 1757574239.122854710
T_odom_lidar: 
   0.979997   0.0451904   -0.193812   -0.029536
 -0.0460082    0.998941 0.000281594   0.0288991
    0.19362  0.00864099    0.981039   -0.152562
          0           0           0           1
T_world_lidar: 
   0.979997   0.0451904   -0.193812   -0.029536
 -0.0460082    0.998941 0.000281594   0.0288991
    0.19362  0.00864099    0.981039   -0.152562
          0           0           0           1
v_world_imu: -0.0454237   -0.11805    0.76512
frame_63
id: 63
stamp: 1757574239.157974243
T_odom_lidar: 
   0.979835   0.0443646    -0.19482  -0.0330144
 -0.0450949    0.998982 0.000687495   0.0285432
   0.194653  0.00811177    0.980839   -0.153922
          0           0           0           1
T_world_lidar: 
   0.979835   0.0443646    -0.19482  -0.0330144
 -0.0450949    0.998982 0.000687495   0.0285432
   0.194653  0.00811177    0.980839   -0.153922
          0           0           0           1
v_world_imu: -0.0454237   -0.11805    0.76512
frame_64
id: 64
stamp: 1757574239.227543354
T_odom_lidar: 
  0.979789   0.045071   -0.19489 -0.0323013
-0.0456651   0.998956 0.00144573  0.0297826
  0.194752 0.00748316   0.980824  -0.154868
         0          0          0          1
T_world_lidar: 
  0.979789   0.045071   -0.19489 -0.0323013
-0.0456651   0.998956 0.00144573  0.0297826
  0.194752 0.00748316   0.980824  -0.154868
         0          0          0          1
v_world_imu: -0.0454237   -0.11805    0.76512
frame_65
id: 65
stamp: 1757574239.263044596
T_odom_lidar: 
  0.979847  0.0453783  -0.194528 -0.0327786
 -0.045881   0.998945 0.00192296  0.0289272
   0.19441 0.00704095   0.980895  -0.155748
         0          0          0          1
T_world_lidar: 
  0.979847  0.0453783  -0.194528 -0.0327786
 -0.045881   0.998945 0.00192296  0.0289272
   0.19441 0.00704095   0.980895  -0.155748
         0          0          0          1
v_world_imu: -0.0454237   -0.11805    0.76512
frame_66
id: 66
stamp: 1757574239.341274977
T_odom_lidar: 
    0.979398    0.0448905    -0.196889   -0.0266768
  -0.0459062     0.998946 -0.000595461    0.0303936
    0.196654   0.00962161     0.980426    -0.154537
           0            0            0            1
T_world_lidar: 
    0.979398    0.0448905    -0.196889   -0.0266768
  -0.0459062     0.998946 -0.000595461    0.0303936
    0.196654   0.00962161     0.980426    -0.154537
           0            0            0            1
v_world_imu: -0.0454237   -0.11805    0.76512
frame_67
id: 67
stamp: 1757574239.372553349
T_odom_lidar: 
    0.979496    0.0451734    -0.196335   -0.0283507
  -0.0461305     0.998935 -0.000301919    0.0292205
    0.196113   0.00935277     0.980537    -0.155827
           0            0            0            1
T_world_lidar: 
    0.979496    0.0451734    -0.196335   -0.0283507
  -0.0461305     0.998935 -0.000301919    0.0292205
    0.196113   0.00935277     0.980537    -0.155827
           0            0            0            1
v_world_imu: -0.0454237   -0.11805    0.76512
frame_68
id: 68
stamp: 1757574239.449738503
T_odom_lidar: 
   0.979646   0.0456055   -0.195484  -0.0246515
 -0.0466141    0.998913 -0.00055948   0.0284423
   0.195246  0.00966041    0.980707    -0.15462
          0           0           0           1
T_world_lidar: 
   0.979646   0.0456055   -0.195484  -0.0246515
 -0.0466141    0.998913 -0.00055948   0.0284423
   0.195246  0.00966041    0.980707    -0.15462
          0           0           0           1
v_world_imu: -0.0454237   -0.11805    0.76512
frame_69
id: 69
stamp: 1757574239.484940052
T_odom_lidar: 
   0.979742   0.0457209   -0.194977  -0.0259844
 -0.0466887    0.998909 -0.00036813   0.0273523
   0.194748  0.00946389    0.980808   -0.155158
          0           0           0           1
T_world_lidar: 
   0.979742   0.0457209   -0.194977  -0.0259844
 -0.0466887    0.998909 -0.00036813   0.0273523
   0.194748  0.00946389    0.980808   -0.155158
          0           0           0           1
v_world_imu: -0.0454237   -0.11805    0.76512
frame_70
id: 70
stamp: 1757574239.555869102
T_odom_lidar: 
    0.979736    0.0455719     -0.19504   -0.0259582
  -0.0464773     0.998919 -6.59118e-05    0.0276025
    0.194826   0.00912953     0.980795    -0.154768
           0            0            0            1
T_world_lidar: 
    0.979736    0.0455719     -0.19504   -0.0259582
  -0.0464773     0.998919 -6.59118e-05    0.0276025
    0.194826   0.00912953     0.980795    -0.154768
           0            0            0            1
v_world_imu: -0.0454237   -0.11805    0.76512
frame_71
id: 71
stamp: 1757574239.590344667
T_odom_lidar: 
   0.979546   0.0452577   -0.196063  -0.0284573
 -0.0464887    0.998917 -0.00167858    0.029333
   0.195774   0.0107589     0.98059   -0.154627
          0           0           0           1
T_world_lidar: 
   0.979546   0.0452577   -0.196063  -0.0284573
 -0.0464887    0.998917 -0.00167858    0.029333
   0.195774   0.0107589     0.98059   -0.154627
          0           0           0           1
v_world_imu: -0.0454237   -0.11805    0.76512
frame_72
id: 72
stamp: 1757574239.660376072
T_odom_lidar: 
   0.979729   0.0456313   -0.195062  -0.0256593
 -0.0467676    0.998905 -0.00122121   0.0298202
   0.194793    0.010319     0.98079   -0.153671
          0           0           0           1
T_world_lidar: 
   0.979729   0.0456313   -0.195062  -0.0256593
 -0.0467676    0.998905 -0.00122121   0.0298202
   0.194793    0.010319     0.98079   -0.153671
          0           0           0           1
v_world_imu: -0.0454237   -0.11805    0.76512
frame_73
id: 73
stamp: 1757574239.691359282
T_odom_lidar: 
  0.979855  0.0456381  -0.194424 -0.0259991
-0.0467382   0.998907 -0.0010718  0.0288014
  0.194163  0.0101372   0.980917  -0.152468
         0          0          0          1
T_world_lidar: 
  0.979855  0.0456381  -0.194424 -0.0259991
-0.0467382   0.998907 -0.0010718  0.0288014
  0.194163  0.0101372   0.980917  -0.152468
         0          0          0          1
v_world_imu: -0.0454237   -0.11805    0.76512
frame_74
id: 74
stamp: 1757574239.768479586
T_odom_lidar: 
    0.979886     0.045528    -0.194297   -0.0244713
  -0.0465502     0.998916 -0.000696087    0.0286674
    0.194055   0.00972667     0.980942     -0.15177
           0            0            0            1
T_world_lidar: 
    0.979886     0.045528    -0.194297   -0.0244713
  -0.0465502     0.998916 -0.000696087    0.0286674
    0.194055   0.00972667     0.980942     -0.15177
           0            0            0            1
v_world_imu: -0.0454237   -0.11805    0.76512
frame_75
id: 75
stamp: 1757574239.803817987
T_odom_lidar: 
     0.97979    0.0455883    -0.194763   -0.0246782
  -0.0465333     0.998917 -0.000277161    0.0284163
    0.194539   0.00933452      0.98085    -0.151126
           0            0            0            1
T_world_lidar: 
     0.97979    0.0455883    -0.194763   -0.0246782
  -0.0465333     0.998917 -0.000277161    0.0284163
    0.194539   0.00933452      0.98085    -0.151126
           0            0            0            1
v_world_imu: -0.0454237   -0.11805    0.76512
frame_76
id: 76
stamp: 1757574239.880673170
T_odom_lidar: 
   0.980137    0.045549   -0.193022  -0.0267975
 -0.0468669    0.998899 -0.00226512   0.0300945
   0.192707   0.0112665    0.981192   -0.144876
          0           0           0           1
T_world_lidar: 
   0.980137    0.045549   -0.193022  -0.0267975
 -0.0468669    0.998899 -0.00226512   0.0300945
   0.192707   0.0112665    0.981192   -0.144876
          0           0           0           1
v_world_imu: -0.0454237   -0.11805    0.76512
frame_77
id: 77
stamp: 1757574239.918097019
T_odom_lidar: 
   0.979863   0.0454739   -0.194425  -0.0304694
 -0.0466991    0.998908 -0.00172032    0.030098
   0.194134   0.0107651    0.980916    -0.14496
          0           0           0           1
T_world_lidar: 
   0.979863   0.0454739   -0.194425  -0.0304694
 -0.0466991    0.998908 -0.00172032    0.030098
   0.194134   0.0107651    0.980916    -0.14496
          0           0           0           1
v_world_imu: -0.0454237   -0.11805    0.76512
frame_78
id: 78
stamp: 1757574239.991723299
T_odom_lidar: 
    0.979735    0.0456775    -0.195023   -0.0279649
  -0.0467406     0.998907 -0.000850558     0.030991
    0.194771    0.0099488     0.980798    -0.144969
           0            0            0            1
T_world_lidar: 
    0.979735    0.0456775    -0.195023   -0.0279649
  -0.0467406     0.998907 -0.000850558     0.030991
    0.194771    0.0099488     0.980798    -0.144969
           0            0            0            1
v_world_imu: -0.0454237   -0.11805    0.76512
frame_79
id: 79
stamp: 1757574240.025724173
T_odom_lidar: 
   0.979812   0.0458982   -0.194582  -0.0270422
 -0.0468594    0.998901 -0.00033731   0.0312081
   0.194353  0.00944852    0.980886   -0.144774
          0           0           0           1
T_world_lidar: 
   0.979812   0.0458982   -0.194582  -0.0270422
 -0.0468594    0.998901 -0.00033731   0.0312081
   0.194353  0.00944852    0.980886   -0.144774
          0           0           0           1
v_world_imu: -0.0454237   -0.11805    0.76512
frame_80
id: 80
stamp: 1757574240.094916344
T_odom_lidar: 
   0.979884   0.0461399   -0.194163  -0.0237001
 -0.0470194    0.998894 7.88645e-05    0.031882
   0.193952  0.00905215    0.980969   -0.143792
          0           0           0           1
T_world_lidar: 
   0.979884   0.0461399   -0.194163  -0.0237001
 -0.0470194    0.998894 7.88645e-05    0.031882
   0.193952  0.00905215    0.980969   -0.143792
          0           0           0           1
v_world_imu: -0.0454237   -0.11805    0.76512
frame_81
id: 81
stamp: 1757574240.130771875
T_odom_lidar: 
   0.979982   0.0462781   -0.193632  -0.0267867
 -0.0470559    0.998892 0.000582535   0.0320131
   0.193445  0.00854067    0.981074   -0.143603
          0           0           0           1
T_world_lidar: 
   0.979982   0.0462781   -0.193632  -0.0267867
 -0.0470559    0.998892 0.000582535   0.0320131
   0.193445  0.00854067    0.981074   -0.143603
          0           0           0           1
v_world_imu: -0.0454237   -0.11805    0.76512
frame_82
id: 82
stamp: 1757574240.206384182
T_odom_lidar: 
   0.980049    0.046397   -0.193264  -0.0241868
 -0.0471709    0.998887 0.000597622   0.0332962
   0.193077  0.00853076    0.981147   -0.142344
          0           0           0           1
T_world_lidar: 
   0.980049    0.046397   -0.193264  -0.0241868
 -0.0471709    0.998887 0.000597622   0.0332962
   0.193077  0.00853076    0.981147   -0.142344
          0           0           0           1
v_world_imu: -0.0454237   -0.11805    0.76512
frame_83
id: 83
stamp: 1757574240.236597300
T_odom_lidar: 
   0.980015   0.0461761   -0.193488  -0.0262588
  -0.047033    0.998893 0.000164712   0.0324237
   0.193282  0.00893893    0.981103   -0.141679
          0           0           0           1
T_world_lidar: 
   0.980015   0.0461761   -0.193488  -0.0262588
  -0.047033    0.998893 0.000164712   0.0324237
   0.193282  0.00893893    0.981103   -0.141679
          0           0           0           1
v_world_imu: -0.0454237   -0.11805    0.76512
frame_84
id: 84
stamp: 1757574240.312343359
T_odom_lidar: 
    0.979937    0.0459455    -0.193937    -0.024843
  -0.0469925     0.998895 -0.000799341    0.0329337
    0.193686   0.00989689     0.981014    -0.139937
           0            0            0            1
T_world_lidar: 
    0.979937    0.0459455    -0.193937    -0.024843
  -0.0469925     0.998895 -0.000799341    0.0329337
    0.193686   0.00989689     0.981014    -0.139937
           0            0            0            1
v_world_imu: -0.0454237   -0.11805    0.76512
frame_85
id: 85
stamp: 1757574240.345667839
T_odom_lidar: 
   0.979948   0.0458216   -0.193915  -0.0254747
 -0.0470117    0.998893 -0.00153736   0.0315453
    0.19363   0.0106228    0.981017    -0.14022
          0           0           0           1
T_world_lidar: 
   0.979948   0.0458216   -0.193915  -0.0254747
 -0.0470117    0.998893 -0.00153736   0.0315453
    0.19363   0.0106228    0.981017    -0.14022
          0           0           0           1
v_world_imu: -0.0454237   -0.11805    0.76512
frame_86
id: 86
stamp: 1757574240.416428328
T_odom_lidar: 
  0.980242  0.0468168   -0.19218 -0.0256861
-0.0473131   0.998878 0.00200831  0.0313409
  0.192058 0.00712401   0.981358  -0.138782
         0          0          0          1
T_world_lidar: 
  0.980242  0.0468168   -0.19218 -0.0256861
-0.0473131   0.998878 0.00200831  0.0313409
  0.192058 0.00712401   0.981358  -0.138782
         0          0          0          1
v_world_imu: -0.0454237   -0.11805    0.76512
frame_87
id: 87
stamp: 1757574240.444999933
T_odom_lidar: 
  0.980247   0.046898  -0.192136 -0.0267878
-0.0474325   0.998873 0.00181956  0.0307867
  0.192004 0.00732984   0.981367  -0.139067
         0          0          0          1
T_world_lidar: 
  0.980247   0.046898  -0.192136 -0.0267878
-0.0474325   0.998873 0.00181956  0.0307867
  0.192004 0.00732984   0.981367  -0.139067
         0          0          0          1
v_world_imu: -0.0454237   -0.11805    0.76512
frame_88
id: 88
stamp: 1757574240.515335798
T_odom_lidar: 
  0.980083  0.0467502  -0.193005 -0.0258432
-0.0472203   0.998882 0.00216622  0.0339466
   0.19289 0.00699068   0.981195  -0.139904
         0          0          0          1
T_world_lidar: 
  0.980083  0.0467502  -0.193005 -0.0258432
-0.0472203   0.998882 0.00216622  0.0339466
   0.19289 0.00699068   0.981195  -0.139904
         0          0          0          1
v_world_imu: -0.0454237   -0.11805    0.76512
frame_89
id: 89
stamp: 1757574240.547317743
T_odom_lidar: 
  0.980106  0.0467366  -0.192894 -0.0271766
-0.0472343   0.998882 0.00202033  0.0335308
  0.192772 0.00713104   0.981218  -0.139884
         0          0          0          1
T_world_lidar: 
  0.980106  0.0467366  -0.192894 -0.0271766
-0.0472343   0.998882 0.00202033  0.0335308
  0.192772 0.00713104   0.981218  -0.139884
         0          0          0          1
v_world_imu: -0.0454237   -0.11805    0.76512
frame_90
id: 90
stamp: 1757574240.621718168
T_odom_lidar: 
  0.980149  0.0468376  -0.192649 -0.0235022
-0.0473564   0.998876 0.00191371  0.0351141
  0.192522 0.00724745   0.981266  -0.139556
         0          0          0          1
T_world_lidar: 
  0.980149  0.0468376  -0.192649 -0.0235022
-0.0473564   0.998876 0.00191371  0.0351141
  0.192522 0.00724745   0.981266  -0.139556
         0          0          0          1
v_world_imu: -0.0454237   -0.11805    0.76512
frame_91
id: 91
stamp: 1757574240.661014795
T_odom_lidar: 
  0.980198  0.0470182  -0.192359 -0.0267968
-0.0472473   0.998877 0.00339814  0.0341095
  0.192303 0.00575761   0.981319  -0.138566
         0          0          0          1
T_world_lidar: 
  0.980198  0.0470182  -0.192359 -0.0267968
-0.0472473   0.998877 0.00339814  0.0341095
  0.192303 0.00575761   0.981319  -0.138566
         0          0          0          1
v_world_imu: -0.0454237   -0.11805    0.76512
frame_92
id: 92
stamp: 1757574240.734648943
T_odom_lidar: 
  0.980199  0.0469493  -0.192366 -0.0254128
-0.0471699   0.998881 0.00343525  0.0360471
  0.192312 0.00570668   0.981317  -0.138605
         0          0          0          1
T_world_lidar: 
  0.980199  0.0469493  -0.192366 -0.0254128
-0.0471699   0.998881 0.00343525  0.0360471
  0.192312 0.00570668   0.981317  -0.138605
         0          0          0          1
v_world_imu: -0.0454237   -0.11805    0.76512
frame_93
id: 93
stamp: 1757574240.773824453
T_odom_lidar: 
  0.980173   0.046838  -0.192526 -0.0267932
-0.0470655   0.998886 0.00339406  0.0353631
   0.19247 0.00573457   0.981286  -0.139246
         0          0          0          1
T_world_lidar: 
  0.980173   0.046838  -0.192526 -0.0267932
-0.0470655   0.998886 0.00339406  0.0353631
   0.19247 0.00573457   0.981286  -0.139246
         0          0          0          1
v_world_imu: -0.0454237   -0.11805    0.76512
frame_94
id: 94
stamp: 1757574240.846088171
T_odom_lidar: 
  0.980302  0.0470252  -0.191825 -0.0237306
-0.0472419   0.998878 0.00344624  0.0370935
  0.191772 0.00568382   0.981423  -0.139228
         0          0          0          1
T_world_lidar: 
  0.980302  0.0470252  -0.191825 -0.0237306
-0.0472419   0.998878 0.00344624  0.0370935
  0.191772 0.00568382   0.981423  -0.139228
         0          0          0          1
v_world_imu: -0.0454237   -0.11805    0.76512
frame_95
id: 95
stamp: 1757574240.874743938
T_odom_lidar: 
  0.980423  0.0468752  -0.191242  -0.024384
-0.0472381    0.99888 0.00266338  0.0346522
  0.191153 0.00642269   0.981539   -0.13932
         0          0          0          1
T_world_lidar: 
  0.980423  0.0468752  -0.191242  -0.024384
-0.0472381    0.99888 0.00266338  0.0346522
  0.191153 0.00642269   0.981539   -0.13932
         0          0          0          1
v_world_imu: -0.0454237   -0.11805    0.76512
frame_96
id: 96
stamp: 1757574240.956164360
T_odom_lidar: 
  0.980487  0.0476683  -0.190716 -0.0202546
-0.0471537   0.998861 0.00723786  0.0297151
  0.190844 0.00189634   0.981619  -0.140864
         0          0          0          1
T_world_lidar: 
  0.980487  0.0476683  -0.190716 -0.0202546
-0.0471537   0.998861 0.00723786  0.0297151
  0.190844 0.00189634   0.981619  -0.140864
         0          0          0          1
v_world_imu: -0.0454237   -0.11805    0.76512
frame_97
id: 97
stamp: 1757574240.991489172
T_odom_lidar: 
  0.980342  0.0474158  -0.191521 -0.0238399
-0.0469021   0.998873 0.00721723  0.0280724
  0.191648 0.00190738   0.981462   -0.14331
         0          0          0          1
T_world_lidar: 
  0.980342  0.0474158  -0.191521 -0.0238399
-0.0469021   0.998873 0.00721723  0.0280724
  0.191648 0.00190738   0.981462   -0.14331
         0          0          0          1
v_world_imu: -0.0454237   -0.11805    0.76512
frame_98
id: 98
stamp: 1757574241.066603422
T_odom_lidar: 
  0.980159  0.0471435  -0.192525 -0.0254371
-0.0468041   0.998884 0.00631294  0.0274677
  0.192608 0.00282329   0.981272  -0.145577
         0          0          0          1
T_world_lidar: 
  0.980159  0.0471435  -0.192525 -0.0254371
-0.0468041   0.998884 0.00631294  0.0274677
  0.192608 0.00282329   0.981272  -0.145577
         0          0          0          1
v_world_imu: -0.0454237   -0.11805    0.76512
frame_99
id: 99
stamp: 1757574241.106651306
T_odom_lidar: 
  0.980052  0.0468437   -0.19314 -0.0278651
-0.0465843   0.998897  0.0058867  0.0265325
  0.193203 0.00322804   0.981154  -0.146966
         0          0          0          1
T_world_lidar: 
  0.980052  0.0468437   -0.19314 -0.0278651
-0.0465843   0.998897  0.0058867  0.0265325
  0.193203 0.00322804   0.981154  -0.146966
         0          0          0          1
v_world_imu: -0.0454237   -0.11805    0.76512
frame_100
id: 100
stamp: 1757574241.182600021
T_odom_lidar: 
  0.980109  0.0467894  -0.192867 -0.0262248
-0.0465395   0.998899 0.00582853   0.027607
  0.192927 0.00326331   0.981208  -0.149066
         0          0          0          1
T_world_lidar: 
  0.980109  0.0467894  -0.192867 -0.0262248
-0.0465395   0.998899 0.00582853   0.027607
  0.192927 0.00326331   0.981208  -0.149066
         0          0          0          1
v_world_imu: -0.0454237   -0.11805    0.76512
frame_101
id: 101
stamp: 1757574241.219192266
T_odom_lidar: 
  0.979703  0.0465286  -0.194981 -0.0271623
-0.0462364   0.998912 0.00605253  0.0276415
   0.19505 0.00308551   0.980788  -0.149736
         0          0          0          1
T_world_lidar: 
  0.979703  0.0465286  -0.194981 -0.0271623
-0.0462364   0.998912 0.00605253  0.0276415
   0.19505 0.00308551   0.980788  -0.149736
         0          0          0          1
v_world_imu: -0.0454237   -0.11805    0.76512
frame_102
id: 102
stamp: 1757574241.285286903
T_odom_lidar: 
  0.979726  0.0464679  -0.194881  -0.027934
-0.0461587   0.998915 0.00613013  0.0276602
  0.194955  0.0029896   0.980808  -0.151392
         0          0          0          1
T_world_lidar: 
  0.979726  0.0464679  -0.194881  -0.027934
-0.0461587   0.998915 0.00613013  0.0276602
  0.194955  0.0029896   0.980808  -0.151392
         0          0          0          1
v_world_imu: -0.0454237   -0.11805    0.76512
frame_103
id: 103
stamp: 1757574241.317604780
T_odom_lidar: 
  0.979808  0.0462434  -0.194519 -0.0298874
-0.0459465   0.998926  0.0060402  0.0270692
   0.19459 0.00301926    0.98088   -0.15222
         0          0          0          1
T_world_lidar: 
  0.979808  0.0462434  -0.194519 -0.0298874
-0.0459465   0.998926  0.0060402  0.0270692
   0.19459 0.00301926    0.98088   -0.15222
         0          0          0          1
v_world_imu: -0.0454237   -0.11805    0.76512
frame_104
id: 104
stamp: 1757574241.387933969
T_odom_lidar: 
  0.979795  0.0462034  -0.194595 -0.0302654
-0.0459558   0.998927 0.00578895  0.0266515
  0.194654 0.00327078   0.980867  -0.153336
         0          0          0          1
T_world_lidar: 
  0.979795  0.0462034  -0.194595 -0.0302654
-0.0459558   0.998927 0.00578895  0.0266515
  0.194654 0.00327078   0.980867  -0.153336
         0          0          0          1
v_world_imu: -0.0454237   -0.11805    0.76512
frame_105
id: 105
stamp: 1757574241.425041437
T_odom_lidar: 
   0.97994  0.0462079  -0.193862 -0.0317076
-0.0459037   0.998927 0.00606348   0.026379
  0.193934 0.00295712    0.98101  -0.155288
         0          0          0          1
T_world_lidar: 
   0.97994  0.0462079  -0.193862 -0.0317076
-0.0459037   0.998927 0.00606348   0.026379
  0.193934 0.00295712    0.98101  -0.155288
         0          0          0          1
v_world_imu: -0.0454237   -0.11805    0.76512
frame_106
id: 106
stamp: 1757574241.501235008
T_odom_lidar: 
  0.979252  0.0454601   -0.19748 -0.0284575
-0.0458793   0.998944 0.00245425   0.027861
  0.197383 0.00665692   0.980304  -0.155697
         0          0          0          1
T_world_lidar: 
  0.979252  0.0454601   -0.19748 -0.0284575
-0.0458793   0.998944 0.00245425   0.027861
  0.197383 0.00665692   0.980304  -0.155697
         0          0          0          1
v_world_imu: -0.0454237   -0.11805    0.76512
frame_107
id: 107
stamp: 1757574241.537923336
T_odom_lidar: 
  0.979211  0.0453281  -0.197712  -0.032112
-0.0457402    0.99895  0.0024847   0.026761
  0.197618 0.00661036   0.980257  -0.158063
         0          0          0          1
T_world_lidar: 
  0.979211  0.0453281  -0.197712  -0.032112
-0.0457402    0.99895  0.0024847   0.026761
  0.197618 0.00661036   0.980257  -0.158063
         0          0          0          1
v_world_imu: -0.0454237   -0.11805    0.76512
frame_108
id: 108
stamp: 1757574241.615637064
T_odom_lidar: 
  0.979341  0.0453131  -0.197072 -0.0305922
-0.0457322   0.998951 0.00242625  0.0264399
  0.196975  0.0066364   0.980386  -0.158586
         0          0          0          1
T_world_lidar: 
  0.979341  0.0453131  -0.197072 -0.0305922
-0.0457322   0.998951 0.00242625  0.0264399
  0.196975  0.0066364   0.980386  -0.158586
         0          0          0          1
v_world_imu: -0.0454237   -0.11805    0.76512
frame_109
id: 109
stamp: 1757574241.655171156
T_odom_lidar: 
  0.979513  0.0457148  -0.196122 -0.0310394
-0.0461114   0.998933 0.00254563  0.0265365
  0.196029    0.00655   0.980576   -0.15934
         0          0          0          1
T_world_lidar: 
  0.979513  0.0457148  -0.196122 -0.0310394
-0.0461114   0.998933 0.00254563  0.0265365
  0.196029    0.00655   0.980576   -0.15934
         0          0          0          1
v_world_imu: -0.0454237   -0.11805    0.76512
frame_110
id: 110
stamp: 1757574241.723577499
T_odom_lidar: 
  0.979889  0.0460489  -0.194159 -0.0280118
-0.0463708    0.99892 0.00288935   0.027078
  0.194082 0.00617204   0.980966  -0.158795
         0          0          0          1
T_world_lidar: 
  0.979889  0.0460489  -0.194159 -0.0280118
-0.0463708    0.99892 0.00288935   0.027078
  0.194082 0.00617204   0.980966  -0.158795
         0          0          0          1
v_world_imu: -0.0454237   -0.11805    0.76512
frame_111
id: 111
stamp: 1757574241.760953903
T_odom_lidar: 
   0.980665   0.0464935   -0.190089  -0.0252874
 -0.0473436    0.998879 6.86345e-05   0.0318558
   0.189879   0.0089322    0.981767   -0.139523
          0           0           0           1
T_world_lidar: 
   0.980665   0.0464935   -0.190089  -0.0252874
 -0.0473436    0.998879 6.86345e-05   0.0318558
   0.189879   0.0089322    0.981767   -0.139523
          0           0           0           1
v_world_imu: -0.0454237   -0.11805    0.76512
frame_112
id: 112
stamp: 1757574241.837489367
T_odom_lidar: 
    0.980807    0.0464643    -0.189364   -0.0228843
  -0.0475131      0.99887 -0.000999765    0.0326464
    0.189103   0.00997783     0.981907     -0.13601
           0            0            0            1
T_world_lidar: 
    0.980807    0.0464643    -0.189364   -0.0228843
  -0.0475131      0.99887 -0.000999765    0.0326464
    0.189103   0.00997783     0.981907     -0.13601
           0            0            0            1
v_world_imu: -0.0454237   -0.11805    0.76512
frame_113
id: 113
stamp: 1757574241.878830910
T_odom_lidar: 
   0.980813   0.0463945    -0.18935  -0.0258841
  -0.047503     0.99887 -0.00131771   0.0316437
   0.189074   0.0102871    0.981909   -0.134624
          0           0           0           1
T_world_lidar: 
   0.980813   0.0463945    -0.18935  -0.0258841
  -0.047503     0.99887 -0.00131771   0.0316437
   0.189074   0.0102871    0.981909   -0.134624
          0           0           0           1
v_world_imu: -0.0454237   -0.11805    0.76512
frame_114
id: 114
stamp: 1757574241.952933073
T_odom_lidar: 
   0.980904   0.0463547   -0.188885  -0.0243626
 -0.0474595    0.998872 -0.00132745   0.0320705
   0.188611   0.0102665    0.981998   -0.133441
          0           0           0           1
T_world_lidar: 
   0.980904   0.0463547   -0.188885  -0.0243626
 -0.0474595    0.998872 -0.00132745   0.0320705
   0.188611   0.0102665    0.981998   -0.133441
          0           0           0           1
v_world_imu: -0.0454237   -0.11805    0.76512
frame_115
id: 115
stamp: 1757574241.991053581
T_odom_lidar: 
  0.981129  0.0466174  -0.187649  -0.022654
-0.0477061   0.998861 -0.0012873  0.0320528
  0.187375   0.010215   0.982235  -0.132592
         0          0          0          1
T_world_lidar: 
  0.981129  0.0466174  -0.187649  -0.022654
-0.0477061   0.998861 -0.0012873  0.0320528
  0.187375   0.010215   0.982235  -0.132592
         0          0          0          1
v_world_imu: -0.0454237   -0.11805    0.76512
frame_116
id: 116
stamp: 1757574242.070171833
T_odom_lidar: 
   0.981284   0.0464588   -0.186878  -0.0203938
 -0.0478325    0.998851 -0.00284584   0.0329832
   0.186531   0.0117314    0.982379   -0.133229
          0           0           0           1
T_world_lidar: 
   0.981284   0.0464588   -0.186878  -0.0203938
 -0.0478325    0.998851 -0.00284584   0.0329832
   0.186531   0.0117314    0.982379   -0.133229
          0           0           0           1
v_world_imu: -0.0454237   -0.11805    0.76512
frame_117
id: 117
stamp: 1757574242.105180264
T_odom_lidar: 
   0.981193   0.0464457   -0.187359  -0.0236837
 -0.0478171    0.998852 -0.00280418   0.0325479
   0.187014   0.0117104    0.982287    -0.13306
          0           0           0           1
T_world_lidar: 
   0.981193   0.0464457   -0.187359  -0.0236837
 -0.0478171    0.998852 -0.00280418   0.0325479
   0.187014   0.0117104    0.982287    -0.13306
          0           0           0           1
v_world_imu: -0.0454237   -0.11805    0.76512
frame_118
id: 118
stamp: 1757574242.181057453
T_odom_lidar: 
   0.981144   0.0462969   -0.187651  -0.0230899
 -0.0477103    0.998857 -0.00302003   0.0330353
   0.187297    0.011916    0.982231   -0.132392
          0           0           0           1
T_world_lidar: 
   0.981144   0.0462969   -0.187651  -0.0230899
 -0.0477103    0.998857 -0.00302003   0.0330353
   0.187297    0.011916    0.982231   -0.132392
          0           0           0           1
v_world_imu: -0.0454237   -0.11805    0.76512
frame_119
id: 119
stamp: 1757574242.215445042
T_odom_lidar: 
   0.981235   0.0462943   -0.187176  -0.0230159
 -0.0477126    0.998856 -0.00307719   0.0318234
   0.186819   0.0119501    0.982322    -0.13272
          0           0           0           1
T_world_lidar: 
   0.981235   0.0462943   -0.187176  -0.0230159
 -0.0477126    0.998856 -0.00307719   0.0318234
   0.186819   0.0119501    0.982322    -0.13272
          0           0           0           1
v_world_imu: -0.0454237   -0.11805    0.76512
frame_120
id: 120
stamp: 1757574242.291197538
T_odom_lidar: 
   0.981145   0.0461878   -0.187675   -0.021897
 -0.0476438    0.998859 -0.00325232   0.0319246
   0.187311   0.0121325    0.982226   -0.132674
          0           0           0           1
T_world_lidar: 
   0.981145   0.0461878   -0.187675   -0.021897
 -0.0476438    0.998859 -0.00325232   0.0319246
   0.187311   0.0121325    0.982226   -0.132674
          0           0           0           1
v_world_imu: -0.0454237   -0.11805    0.76512
frame_121
id: 121
stamp: 1757574242.330240250
T_odom_lidar: 
   0.981537    0.045997   -0.185657  -0.0273505
 -0.0476891    0.998851 -0.00465593   0.0317535
   0.185229   0.0134238    0.982604   -0.136064
          0           0           0           1
T_world_lidar: 
   0.981537    0.045997   -0.185657  -0.0273505
 -0.0476891    0.998851 -0.00465593   0.0317535
   0.185229   0.0134238    0.982604   -0.136064
          0           0           0           1
v_world_imu: -0.0454237   -0.11805    0.76512
frame_122
id: 122
stamp: 1757574242.404484749
T_odom_lidar: 
   0.981715   0.0460952   -0.184692  -0.0236705
   -0.04771    0.998852 -0.00430636   0.0326605
   0.184281   0.0130393    0.982787   -0.136845
          0           0           0           1
T_world_lidar: 
   0.981715   0.0460952   -0.184692  -0.0236705
   -0.04771    0.998852 -0.00430636   0.0326605
   0.184281   0.0130393    0.982787   -0.136845
          0           0           0           1
v_world_imu: -0.0454237   -0.11805    0.76512
frame_123
id: 123
stamp: 1757574242.442790747
T_odom_lidar: 
   0.981726   0.0462063   -0.184606  -0.0241195
 -0.0476459    0.998859 -0.00336748   0.0340482
    0.18424   0.0121017    0.982807   -0.137751
          0           0           0           1
T_world_lidar: 
   0.981726   0.0462063   -0.184606  -0.0241195
 -0.0476459    0.998859 -0.00336748   0.0340482
    0.18424   0.0121017    0.982807   -0.137751
          0           0           0           1
v_world_imu: -0.0454237   -0.11805    0.76512
frame_124
id: 124
stamp: 1757574242.510149956
T_odom_lidar: 
   0.981653   0.0464009   -0.184945  -0.0230456
 -0.0476232    0.998863 -0.00217017   0.0364285
   0.184634   0.0109381    0.982746   -0.139324
          0           0           0           1
T_world_lidar: 
   0.981653   0.0464009   -0.184945  -0.0230456
 -0.0476232    0.998863 -0.00217017   0.0364285
   0.184634   0.0109381    0.982746   -0.139324
          0           0           0           1
v_world_imu: -0.0454237   -0.11805    0.76512
frame_125
id: 125
stamp: 1757574242.550583601
T_odom_lidar: 
   0.981563   0.0466452   -0.185361  -0.0231631
 -0.0477211     0.99886 -0.00134452   0.0362473
   0.185087   0.0101653     0.98267   -0.140662
          0           0           0           1
T_world_lidar: 
   0.981563   0.0466452   -0.185361  -0.0231631
 -0.0477211     0.99886 -0.00134452   0.0362473
   0.185087   0.0101653     0.98267   -0.140662
          0           0           0           1
v_world_imu: -0.0454237   -0.11805    0.76512
frame_126
id: 126
stamp: 1757574242.620539427
T_odom_lidar: 
   0.982029   0.0467222   -0.182853  -0.0253589
 -0.0474219    0.998875 0.000546119   0.0336164
   0.182673  0.00813495     0.98314   -0.146788
          0           0           0           1
T_world_lidar: 
   0.982029   0.0467222   -0.182853  -0.0253589
 -0.0474219    0.998875 0.000546119   0.0336164
   0.182673  0.00813495     0.98314   -0.146788
          0           0           0           1
v_world_imu: -0.0454237   -0.11805    0.76512
frame_127
id: 127
stamp: 1757574242.650985718
T_odom_lidar: 
   0.981911   0.0466263   -0.183511  -0.0271557
 -0.0473844    0.998877 0.000254014   0.0316314
   0.183316  0.00844612    0.983018   -0.147359
          0           0           0           1
T_world_lidar: 
   0.981911   0.0466263   -0.183511  -0.0271557
 -0.0473844    0.998877 0.000254014   0.0316314
   0.183316  0.00844612    0.983018   -0.147359
          0           0           0           1
v_world_imu: -0.0454237   -0.11805    0.76512
frame_128
id: 128
stamp: 1757574242.723704815
T_odom_lidar: 
   0.981673   0.0467257   -0.184755  -0.0257468
 -0.0475293     0.99887 7.92284e-05   0.0318539
    0.18455   0.0087035    0.982785   -0.148142
          0           0           0           1
T_world_lidar: 
   0.981673   0.0467257   -0.184755  -0.0257468
 -0.0475293     0.99887 7.92284e-05   0.0318539
    0.18455   0.0087035    0.982785   -0.148142
          0           0           0           1
v_world_imu: -0.0454237   -0.11805    0.76512
frame_129
id: 129
stamp: 1757574242.761052370
T_odom_lidar: 
    0.981602    0.0465206    -0.185186   -0.0263893
  -0.0473825     0.998877 -0.000228774    0.0314802
    0.184967   0.00899914     0.982703    -0.149196
           0            0            0            1
T_world_lidar: 
    0.981602    0.0465206    -0.185186   -0.0263893
  -0.0473825     0.998877 -0.000228774    0.0314802
    0.184967   0.00899914     0.982703    -0.149196
           0            0            0            1
v_world_imu: -0.0454237   -0.11805    0.76512
frame_130
id: 130
stamp: 1757574242.830804586
T_odom_lidar: 
    0.981433    0.0463669    -0.186114   -0.0242917
  -0.0473729     0.998877 -0.000959265    0.0312643
    0.185861   0.00975823     0.982528    -0.149897
           0            0            0            1
T_world_lidar: 
    0.981433    0.0463669    -0.186114   -0.0242917
  -0.0473729     0.998877 -0.000959265    0.0312643
    0.185861   0.00975823     0.982528    -0.149897
           0            0            0            1
v_world_imu: -0.0454237   -0.11805    0.76512
frame_131
id: 131
stamp: 1757574242.865196705
T_odom_lidar: 
  0.981384  0.0470135  -0.186213 -0.0274987
-0.0470836   0.998883 0.00404831  0.0280096
  0.186195 0.00479464   0.982501  -0.163819
         0          0          0          1
T_world_lidar: 
  0.981384  0.0470135  -0.186213 -0.0274987
-0.0470836   0.998883 0.00404831  0.0280096
  0.186195 0.00479464   0.982501  -0.163819
         0          0          0          1
v_world_imu: -0.0454237   -0.11805    0.76512
frame_132
id: 132
stamp: 1757574242.940159798
T_odom_lidar: 
  0.981139  0.0470069  -0.187502 -0.0263624
-0.0470149   0.998884 0.00440695  0.0289984
    0.1875 0.00449155   0.982254   -0.16473
         0          0          0          1
T_world_lidar: 
  0.981139  0.0470069  -0.187502 -0.0263624
-0.0470149   0.998884 0.00440695  0.0289984
    0.1875 0.00449155   0.982254   -0.16473
         0          0          0          1
v_world_imu: -0.0454237   -0.11805    0.76512
frame_133
id: 133
stamp: 1757574242.974505424
T_odom_lidar: 
  0.980845  0.0468414  -0.189075 -0.0294311
-0.0467899   0.998894 0.00473828   0.029371
  0.189087 0.00419927   0.981951  -0.164932
         0          0          0          1
T_world_lidar: 
  0.980845  0.0468414  -0.189075 -0.0294311
-0.0467899   0.998894 0.00473828   0.029371
  0.189087 0.00419927   0.981951  -0.164932
         0          0          0          1
v_world_imu: -0.0454237   -0.11805    0.76512
frame_134
id: 134
stamp: 1757574243.047846794
T_odom_lidar: 
  0.980604   0.047041  -0.190269 -0.0280436
-0.0468998   0.998886 0.00524724  0.0320582
  0.190303 0.00377809   0.981718  -0.164464
         0          0          0          1
T_world_lidar: 
  0.980604   0.047041  -0.190269 -0.0280436
-0.0468998   0.998886 0.00524724  0.0320582
  0.190303 0.00377809   0.981718  -0.164464
         0          0          0          1
v_world_imu: -0.0454237   -0.11805    0.76512
frame_135
id: 135
stamp: 1757574243.085061550
T_odom_lidar: 
   0.98037  0.0468649  -0.191516 -0.0294685
-0.0466755   0.998895 0.00550251  0.0313064
  0.191563 0.00354463   0.981474  -0.163942
         0          0          0          1
T_world_lidar: 
   0.98037  0.0468649  -0.191516 -0.0294685
-0.0466755   0.998895 0.00550251  0.0313064
  0.191563 0.00354463   0.981474  -0.163942
         0          0          0          1
v_world_imu: -0.0454237   -0.11805    0.76512
frame_136
id: 136
stamp: 1757574243.157908916
T_odom_lidar: 
  0.980665  0.0471673  -0.189925 -0.0271407
-0.0468583   0.998883 0.00611996  0.0326276
  0.190001 0.00289791    0.98178   -0.16137
         0          0          0          1
T_world_lidar: 
  0.980665  0.0471673  -0.189925 -0.0271407
-0.0468583   0.998883 0.00611996  0.0326276
  0.190001 0.00289791    0.98178   -0.16137
         0          0          0          1
v_world_imu: -0.0454237   -0.11805    0.76512
frame_137
id: 137
stamp: 1757574243.196804285
T_odom_lidar: 
  0.980657  0.0472195  -0.189951 -0.0260927
-0.0468461   0.998881 0.00645773   0.032527
  0.190044 0.00256565   0.981772  -0.159874
         0          0          0          1
T_world_lidar: 
  0.980657  0.0472195  -0.189951 -0.0260927
-0.0468461   0.998881 0.00645773   0.032527
  0.190044 0.00256565   0.981772  -0.159874
         0          0          0          1
v_world_imu: -0.0454237   -0.11805    0.76512
frame_138
id: 138
stamp: 1757574243.272459745
T_odom_lidar: 
  0.980839  0.0470269  -0.189058 -0.0207365
 -0.047311   0.998876 0.00301251  0.0292628
  0.188987 0.00598973   0.981961  -0.155085
         0          0          0          1
T_world_lidar: 
  0.980839  0.0470269  -0.189058 -0.0207365
 -0.047311   0.998876 0.00301251  0.0292628
  0.188987 0.00598973   0.981961  -0.155085
         0          0          0          1
v_world_imu: -0.0454237   -0.11805    0.76512
frame_139
id: 139
stamp: 1757574243.307731628
T_odom_lidar: 
   0.981137   0.0457159   -0.187829  -0.0192156
 -0.0468962    0.998898 -0.00184271   0.0217662
   0.187538   0.0106164      0.9822   -0.149883
          0           0           0           1
T_world_lidar: 
   0.981137   0.0457159   -0.187829  -0.0192156
 -0.0468962    0.998898 -0.00184271   0.0217662
   0.187538   0.0106164      0.9822   -0.149883
          0           0           0           1
v_world_imu: -0.0454237   -0.11805    0.76512
frame_140
id: 140
stamp: 1757574243.386937380
T_odom_lidar: 
   0.981428    0.041478   -0.187293  -0.0153556
 -0.0433664    0.999041 -0.00599489   0.0169746
   0.186865   0.0140058    0.982286   -0.144748
          0           0           0           1
T_world_lidar: 
   0.981428    0.041478   -0.187293  -0.0153556
 -0.0433664    0.999041 -0.00599489   0.0169746
   0.186865   0.0140058    0.982286   -0.144748
          0           0           0           1
v_world_imu: -0.0454237   -0.11805    0.76512
frame_141
id: 141
stamp: 1757574243.426285028
T_odom_lidar: 
  0.982168  0.0352839  -0.184665  -0.011036
  -0.03801   0.999214 -0.0112421  0.0200504
  0.184123  0.0180607   0.982737  -0.136411
         0          0          0          1
T_world_lidar: 
  0.982168  0.0352839  -0.184665  -0.011036
  -0.03801   0.999214 -0.0112421  0.0200504
  0.184123  0.0180607   0.982737  -0.136411
         0          0          0          1
v_world_imu: -0.0454237   -0.11805    0.76512
frame_142
id: 142
stamp: 1757574243.502612352
T_odom_lidar: 
   0.982434   0.0291451    -0.18432 -0.00922589
 -0.0319575    0.999413  -0.0123057   0.0223593
   0.183854   0.0179799    0.982789   -0.133608
          0           0           0           1
T_world_lidar: 
   0.982434   0.0291451    -0.18432 -0.00922589
 -0.0319575    0.999413  -0.0123057   0.0223593
   0.183854   0.0179799    0.982789   -0.133608
          0           0           0           1
v_world_imu: -0.0454237   -0.11805    0.76512
frame_143
id: 143
stamp: 1757574243.534833193
T_odom_lidar: 
  0.982386  0.0261385  -0.185025 -0.0135335
-0.0285746   0.999536 -0.0105119  0.0253883
  0.184665  0.0156138   0.982678  -0.133887
         0          0          0          1
T_world_lidar: 
  0.982386  0.0261385  -0.185025 -0.0135335
-0.0285746   0.999536 -0.0105119  0.0253883
  0.184665  0.0156138   0.982678  -0.133887
         0          0          0          1
v_world_imu: -0.0454237   -0.11805    0.76512
frame_144
id: 144
stamp: 1757574243.613839388
T_odom_lidar: 
   0.982287   0.0240503   -0.185831   -0.014745
 -0.0259254    0.999634 -0.00766613   0.0331291
   0.185579   0.0123481    0.982552   -0.135948
          0           0           0           1
T_world_lidar: 
   0.982287   0.0240503   -0.185831   -0.014745
 -0.0259254    0.999634 -0.00766613   0.0331291
   0.185579   0.0123481    0.982552   -0.135948
          0           0           0           1
v_world_imu: -0.0454237   -0.11805    0.76512
frame_145
id: 145
stamp: 1757574243.644672632
T_odom_lidar: 
   0.981927   0.0237527   -0.187765  -0.0184085
 -0.0253037    0.999663 -0.00586772   0.0323645
   0.187563   0.0105128    0.982196   -0.137421
          0           0           0           1
T_world_lidar: 
   0.981927   0.0237527   -0.187765  -0.0184085
 -0.0253037    0.999663 -0.00586772   0.0323645
   0.187563   0.0105128    0.982196   -0.137421
          0           0           0           1
v_world_imu: -0.0454237   -0.11805    0.76512
frame_146
id: 146
stamp: 1757574243.710917711
T_odom_lidar: 
   0.980918   0.0258047   -0.192701  -0.0337007
 -0.0270005    0.999629 -0.00358143   0.0312362
   0.192537  0.00871611    0.981251   -0.139332
          0           0           0           1
T_world_lidar: 
   0.980918   0.0258047   -0.192701  -0.0337007
 -0.0270005    0.999629 -0.00358143   0.0312362
   0.192537  0.00871611    0.981251   -0.139332
          0           0           0           1
v_world_imu: -0.0454237   -0.11805    0.76512
frame_147
id: 147
stamp: 1757574243.745503664
T_odom_lidar: 
   0.980796   0.0271492   -0.193138  -0.0343945
 -0.0282794    0.999595 -0.00309676   0.0291499
   0.192976  0.00849911    0.981167   -0.140482
          0           0           0           1
T_world_lidar: 
   0.980796   0.0271492   -0.193138  -0.0343945
 -0.0282794    0.999595 -0.00309676   0.0291499
   0.192976  0.00849911    0.981167   -0.140482
          0           0           0           1
v_world_imu: -0.0454237   -0.11805    0.76512
frame_148
id: 148
stamp: 1757574243.821560383
T_odom_lidar: 
   0.980349   0.0291114   -0.195109  -0.0351751
 -0.0302825    0.999537 -0.00302168    0.029713
   0.194931  0.00887071    0.980777   -0.143729
          0           0           0           1
T_world_lidar: 
   0.980349   0.0291114   -0.195109  -0.0351751
 -0.0302825    0.999537 -0.00302168    0.029713
   0.194931  0.00887071    0.980777   -0.143729
          0           0           0           1
v_world_imu: -0.0454237   -0.11805    0.76512
frame_149
id: 149
stamp: 1757574243.854233742
T_odom_lidar: 
   0.97974  0.0331253  -0.197516 -0.0380537
-0.0344244   0.999402 -0.0031462  0.0281301
  0.197293 0.00988181   0.980295  -0.145734
         0          0          0          1
T_world_lidar: 
   0.97974  0.0331253  -0.197516 -0.0380537
-0.0344244   0.999402 -0.0031462  0.0281301
  0.197293 0.00988181   0.980295  -0.145734
         0          0          0          1
v_world_imu: -0.0454237   -0.11805    0.76512
frame_150
id: 150
stamp: 1757574243.927518129
T_odom_lidar: 
   0.979385    0.038381   -0.198323  -0.0348309
 -0.0398063    0.999202 -0.00320365   0.0304736
   0.198042   0.0110321    0.980131   -0.145276
          0           0           0           1
T_world_lidar: 
   0.979385    0.038381   -0.198323  -0.0348309
 -0.0398063    0.999202 -0.00320365   0.0304736
   0.198042   0.0110321    0.980131   -0.145276
          0           0           0           1
v_world_imu: -0.0454237   -0.11805    0.76512
frame_151
id: 151
stamp: 1757574243.963685513
T_odom_lidar: 
  0.979238  0.0460182  -0.197421 -0.0341905
-0.0457314   0.998936 0.00601419  0.0265172
  0.197488 0.00313903     0.9803  -0.150293
         0          0          0          1
T_world_lidar: 
  0.979238  0.0460182  -0.197421 -0.0341905
-0.0457314   0.998936 0.00601419  0.0265172
  0.197488 0.00313903     0.9803  -0.150293
         0          0          0          1
v_world_imu: -0.0454237   -0.11805    0.76512
frame_152
id: 152
stamp: 1757574244.037115812
T_odom_lidar: 
  0.979041  0.0474861  -0.198048 -0.0327927
-0.0471203   0.998868 0.00656209  0.0280082
  0.198135 0.00290752    0.98017  -0.150956
         0          0          0          1
T_world_lidar: 
  0.979041  0.0474861  -0.198048 -0.0327927
-0.0471203   0.998868 0.00656209  0.0280082
  0.198135 0.00290752    0.98017  -0.150956
         0          0          0          1
v_world_imu: -0.0454237   -0.11805    0.76512
frame_153
id: 153
stamp: 1757574244.069121122
T_odom_lidar: 
   0.97927  0.0471984  -0.196984 -0.0319615
-0.0467862   0.998882 0.00674852  0.0287714
  0.197083 0.00260752   0.980383  -0.149558
         0          0          0          1
T_world_lidar: 
   0.97927  0.0471984  -0.196984 -0.0319615
-0.0467862   0.998882 0.00674852  0.0287714
  0.197083 0.00260752   0.980383  -0.149558
         0          0          0          1
v_world_imu: -0.0454237   -0.11805    0.76512
frame_154
id: 154
stamp: 1757574244.140316725
T_odom_lidar: 
  0.979397  0.0476207  -0.196252 -0.0273704
 -0.047123   0.998863 0.00720752  0.0322972
  0.196372 0.00218894   0.980527  -0.148768
         0          0          0          1
T_world_lidar: 
  0.979397  0.0476207  -0.196252 -0.0273704
 -0.047123   0.998863 0.00720752  0.0322972
  0.196372 0.00218894   0.980527  -0.148768
         0          0          0          1
v_world_imu: -0.0454237   -0.11805    0.76512
frame_155
id: 155
stamp: 1757574244.177151680
T_odom_lidar: 
   0.97978  0.0471466  -0.194443 -0.0256489
-0.0466048   0.998886 0.00736242  0.0314867
  0.194573 0.00184841   0.980886  -0.147611
         0          0          0          1
T_world_lidar: 
   0.97978  0.0471466  -0.194443 -0.0256489
-0.0466048   0.998886 0.00736242  0.0314867
  0.194573 0.00184841   0.980886  -0.147611
         0          0          0          1
v_world_imu: -0.0454237   -0.11805    0.76512
frame_156
id: 156
stamp: 1757574244.253929853
T_odom_lidar: 
   0.98057  0.0471577  -0.190417 -0.0286268
 -0.046916   0.998882  0.0057795   0.033809
  0.190477 0.00326641   0.981686  -0.145796
         0          0          0          1
T_world_lidar: 
   0.98057  0.0471577  -0.190417 -0.0286268
 -0.046916   0.998882  0.0057795   0.033809
  0.190477 0.00326641   0.981686  -0.145796
         0          0          0          1
v_world_imu: -0.0454237   -0.11805    0.76512
frame_157
id: 157
stamp: 1757574244.291449785
T_odom_lidar: 
  0.980537  0.0473423  -0.190543  -0.030238
 -0.047066   0.998874 0.00597781  0.0338384
  0.190611 0.00310663   0.981661  -0.145698
         0          0          0          1
T_world_lidar: 
  0.980537  0.0473423  -0.190543  -0.030238
 -0.047066   0.998874 0.00597781  0.0338384
  0.190611 0.00310663   0.981661  -0.145698
         0          0          0          1
v_world_imu: -0.0454237   -0.11805    0.76512
frame_158
id: 158
stamp: 1757574244.363239288
T_odom_lidar: 
  0.980727  0.0472383  -0.189589 -0.0274324
-0.0469294   0.998879 0.00612103  0.0362041
  0.189666 0.00289425   0.981844  -0.146703
         0          0          0          1
T_world_lidar: 
  0.980727  0.0472383  -0.189589 -0.0274324
-0.0469294   0.998879 0.00612103  0.0362041
  0.189666 0.00289425   0.981844  -0.146703
         0          0          0          1
v_world_imu: -0.0454237   -0.11805    0.76512
frame_159
id: 159
stamp: 1757574244.402973175
T_odom_lidar: 
  0.980713   0.046912  -0.189742 -0.0287404
 -0.046612   0.998895 0.00604569  0.0349825
  0.189816 0.00291518   0.981815  -0.146913
         0          0          0          1
T_world_lidar: 
  0.980713   0.046912  -0.189742 -0.0287404
 -0.046612   0.998895 0.00604569  0.0349825
  0.189816 0.00291518   0.981815  -0.146913
         0          0          0          1
v_world_imu: -0.0454237   -0.11805    0.76512
frame_160
id: 160
stamp: 1757574244.475543499
T_odom_lidar: 
  0.980878  0.0469278  -0.188883  -0.026045
-0.0467361   0.998892 0.00547118   0.034864
   0.18893 0.00346109   0.981984  -0.146733
         0          0          0          1
T_world_lidar: 
  0.980878  0.0469278  -0.188883  -0.026045
-0.0467361   0.998892 0.00547118   0.034864
   0.18893 0.00346109   0.981984  -0.146733
         0          0          0          1
v_world_imu: -0.0454237   -0.11805    0.76512
frame_161
id: 161
stamp: 1757574244.512570858
T_odom_lidar: 
  0.980963  0.0465644   -0.18853 -0.0283108
-0.0460677   0.998914 0.00701788  0.0298669
  0.188652 0.00180085   0.982042  -0.148217
         0          0          0          1
T_world_lidar: 
  0.980963  0.0465644   -0.18853 -0.0283108
-0.0460677   0.998914 0.00701788  0.0298669
  0.188652 0.00180085   0.982042  -0.148217
         0          0          0          1
v_world_imu: -0.0454237   -0.11805    0.76512
frame_162
id: 162
stamp: 1757574244.582041264
T_odom_lidar: 
  0.981205  0.0465415  -0.187271 -0.0253915
-0.0461942   0.998913 0.00622045  0.0296087
  0.187357 0.00254727   0.982289   -0.14881
         0          0          0          1
T_world_lidar: 
  0.981205  0.0465415  -0.187271 -0.0253915
-0.0461942   0.998913 0.00622045  0.0296087
  0.187357 0.00254727   0.982289   -0.14881
         0          0          0          1
v_world_imu: -0.0454237   -0.11805    0.76512
frame_163
id: 163
stamp: 1757574244.616020441
T_odom_lidar: 
  0.981248  0.0468349  -0.186973 -0.0245404
-0.0466176   0.998897 0.00556126  0.0279199
  0.187027 0.00325925   0.982349  -0.148643
         0          0          0          1
T_world_lidar: 
  0.981248  0.0468349  -0.186973 -0.0245404
-0.0466176   0.998897 0.00556126  0.0279199
  0.187027 0.00325925   0.982349  -0.148643
         0          0          0          1
v_world_imu: -0.0454237   -0.11805    0.76512
frame_164
id: 164
stamp: 1757574244.685840845
T_odom_lidar: 
  0.981018  0.0470092  -0.188132 -0.0259272
-0.0469849   0.998885   0.004591  0.0264158
  0.188138 0.00433551   0.982133  -0.150284
         0          0          0          1
T_world_lidar: 
  0.981018  0.0470092  -0.188132 -0.0259272
-0.0469849   0.998885   0.004591  0.0264158
  0.188138 0.00433551   0.982133  -0.150284
         0          0          0          1
v_world_imu: -0.0454237   -0.11805    0.76512
frame_165
id: 165
stamp: 1757574244.719541788
T_odom_lidar: 
  0.980835  0.0471519  -0.189048 -0.0274809
-0.0471781   0.998877 0.00436426  0.0250324
  0.189042 0.00463831   0.981958  -0.151218
         0          0          0          1
T_world_lidar: 
  0.980835  0.0471519  -0.189048 -0.0274809
-0.0471781   0.998877 0.00436426  0.0250324
  0.189042 0.00463831   0.981958  -0.151218
         0          0          0          1
v_world_imu: -0.0454237   -0.11805    0.76512
frame_166
id: 166
stamp: 1757574244.794476986
T_odom_lidar: 
  0.981104  0.0481983  -0.187382 -0.0219348
-0.0479843   0.998832 0.00568073  0.0267835
  0.187437 0.00341799   0.982271  -0.142902
         0          0          0          1
T_world_lidar: 
  0.981104  0.0481983  -0.187382 -0.0219348
-0.0479843   0.998832 0.00568073  0.0267835
  0.187437 0.00341799   0.982271  -0.142902
         0          0          0          1
v_world_imu: -0.0454237   -0.11805    0.76512
frame_167
id: 167
stamp: 1757574244.829472303
T_odom_lidar: 
  0.981289  0.0485321  -0.186325 -0.0194128
-0.0483465   0.998815 0.00554252  0.0254178
  0.186373 0.00356935   0.982473  -0.142631
         0          0          0          1
T_world_lidar: 
  0.981289  0.0485321  -0.186325 -0.0194128
-0.0483465   0.998815 0.00554252  0.0254178
  0.186373 0.00356935   0.982473  -0.142631
         0          0          0          1
v_world_imu: -0.0454237   -0.11805    0.76512
frame_168
id: 168
stamp: 1757574244.896654129
T_odom_lidar: 
  0.981432  0.0488148  -0.185493 -0.0156954
-0.0487286   0.998799 0.00502605  0.0246444
  0.185516  0.0041061   0.982633  -0.142082
         0          0          0          1
T_world_lidar: 
  0.981432  0.0488148  -0.185493 -0.0156954
-0.0487286   0.998799 0.00502605  0.0246444
  0.185516  0.0041061   0.982633  -0.142082
         0          0          0          1
v_world_imu: -0.0454237   -0.11805    0.76512
frame_169
id: 169
stamp: 1757574244.926955938
T_odom_lidar: 
  0.981299  0.0497114  -0.185962 -0.0173312
-0.0497411   0.998752 0.00450916  0.0225884
  0.185954 0.00482511   0.982547   -0.14294
         0          0          0          1
T_world_lidar: 
  0.981299  0.0497114  -0.185962 -0.0173312
-0.0497411   0.998752 0.00450916  0.0225884
  0.185954 0.00482511   0.982547   -0.14294
         0          0          0          1
v_world_imu: -0.0454237   -0.11805    0.76512
frame_170
id: 170
stamp: 1757574245.003700018
T_odom_lidar: 
  0.980978  0.0494666  -0.187709 -0.0217248
-0.0495686   0.998762 0.00415381  0.0226296
  0.187682 0.00522967   0.982216  -0.145075
         0          0          0          1
T_world_lidar: 
  0.980978  0.0494666  -0.187709 -0.0217248
-0.0495686   0.998762 0.00415381  0.0226296
  0.187682 0.00522967   0.982216  -0.145075
         0          0          0          1
v_world_imu: -0.0454237   -0.11805    0.76512
frame_171
id: 171
stamp: 1757574245.044657469
T_odom_lidar: 
   0.980732   0.0470033   -0.189619  -0.0236803
 -0.0479679    0.998849 -0.00049848   0.0261042
   0.189377   0.0095845    0.981858   -0.134852
          0           0           0           1
T_world_lidar: 
   0.980732   0.0470033   -0.189619  -0.0236803
 -0.0479679    0.998849 -0.00049848   0.0261042
   0.189377   0.0095845    0.981858   -0.134852
          0           0           0           1
v_world_imu: -0.0454237   -0.11805    0.76512
frame_172
id: 172
stamp: 1757574245.117245436
T_odom_lidar: 
   0.980575   0.0466126   -0.190527  -0.0263158
  -0.047722     0.99886 -0.00123608   0.0274517
   0.190252   0.0103044    0.981681   -0.137339
          0           0           0           1
T_world_lidar: 
   0.980575   0.0466126   -0.190527  -0.0263158
  -0.047722     0.99886 -0.00123608   0.0274517
   0.190252   0.0103044    0.981681   -0.137339
          0           0           0           1
v_world_imu: -0.0454237   -0.11805    0.76512
frame_173
id: 173
stamp: 1757574245.149811983
T_odom_lidar: 
   0.980541   0.0466766   -0.190684  -0.0264134
 -0.0477692    0.998858 -0.00113492   0.0272468
   0.190413   0.0102217    0.981651   -0.137822
          0           0           0           1
T_world_lidar: 
   0.980541   0.0466766   -0.190684  -0.0264134
 -0.0477692    0.998858 -0.00113492   0.0272468
   0.190413   0.0102217    0.981651   -0.137822
          0           0           0           1
v_world_imu: -0.0454237   -0.11805    0.76512
frame_174
id: 174
stamp: 1757574245.220843554
T_odom_lidar: 
   0.98039  0.0466691  -0.191461 -0.0272935
-0.0476902   0.998862 -0.0007261  0.0296397
  0.191209 0.00984269     0.9815  -0.140162
         0          0          0          1
T_world_lidar: 
   0.98039  0.0466691  -0.191461 -0.0272935
-0.0476902   0.998862 -0.0007261  0.0296397
  0.191209 0.00984269     0.9815  -0.140162
         0          0          0          1
v_world_imu: -0.0454237   -0.11805    0.76512
frame_175
id: 175
stamp: 1757574245.252598524
T_odom_lidar: 
    0.980286    0.0466656    -0.191996   -0.0285724
  -0.0476266     0.998865 -0.000390451    0.0295237
     0.19176   0.00952686     0.981396    -0.141391
           0            0            0            1
T_world_lidar: 
    0.980286    0.0466656    -0.191996   -0.0285724
  -0.0476266     0.998865 -0.000390451    0.0295237
     0.19176   0.00952686     0.981396    -0.141391
           0            0            0            1
v_world_imu: -0.0454237   -0.11805    0.76512
frame_176
id: 176
stamp: 1757574245.325892687
T_odom_lidar: 
  0.979674  0.0474792  -0.194894 -0.0291397
-0.0475525   0.998859 0.00430533  0.0336913
  0.194876 0.00504989   0.980815  -0.143393
         0          0          0          1
T_world_lidar: 
  0.979674  0.0474792  -0.194894 -0.0291397
-0.0475525   0.998859 0.00430533  0.0336913
  0.194876 0.00504989   0.980815  -0.143393
         0          0          0          1
v_world_imu: -0.0454237   -0.11805    0.76512
frame_177
id: 177
stamp: 1757574245.360625982
T_odom_lidar: 
  0.978982  0.0475343  -0.198329 -0.0355992
-0.0471733   0.998865 0.00654758  0.0364547
  0.198415 0.00294583   0.980114  -0.150369
         0          0          0          1
T_world_lidar: 
  0.978982  0.0475343  -0.198329 -0.0355992
-0.0471733   0.998865 0.00654758  0.0364547
  0.198415 0.00294583   0.980114  -0.150369
         0          0          0          1
v_world_imu: -0.0454237   -0.11805    0.76512
frame_178
id: 178
stamp: 1757574245.435294628
T_odom_lidar: 
  0.978864  0.0474516  -0.198933 -0.0348953
-0.0470688   0.998869  0.0066555  0.0384788
  0.199024 0.00284869   0.979991  -0.151413
         0          0          0          1
T_world_lidar: 
  0.978864  0.0474516  -0.198933 -0.0348953
-0.0470688   0.998869  0.0066555  0.0384788
  0.199024 0.00284869   0.979991  -0.151413
         0          0          0          1
v_world_imu: -0.0454237   -0.11805    0.76512
frame_179
id: 179
stamp: 1757574245.471698999
T_odom_lidar: 
  0.979182  0.0473037  -0.197395 -0.0308801
-0.0471547   0.998873 0.00545762  0.0321202
   0.19743 0.00396408   0.980309  -0.146422
         0          0          0          1
T_world_lidar: 
  0.979182  0.0473037  -0.197395 -0.0308801
-0.0471547   0.998873 0.00545762  0.0321202
   0.19743 0.00396408   0.980309  -0.146422
         0          0          0          1
v_world_imu: -0.0454237   -0.11805    0.76512
frame_180
id: 180
stamp: 1757574245.541794538
T_odom_lidar: 
  0.979542   0.047389  -0.195581 -0.0242808
-0.0475673   0.998861 0.00378796  0.0290605
  0.195538 0.00559281    0.98068  -0.140827
         0          0          0          1
T_world_lidar: 
  0.979542   0.047389  -0.195581 -0.0242808
-0.0475673   0.998861 0.00378796  0.0290605
  0.195538 0.00559281    0.98068  -0.140827
         0          0          0          1
v_world_imu: -0.0454237   -0.11805    0.76512
frame_181
id: 181
stamp: 1757574245.577497244
T_odom_lidar: 
  0.980476  0.0479042  -0.190715 -0.0277646
 -0.047602   0.998847 0.00616782  0.0253101
  0.190791 0.00303104   0.981626  -0.145429
         0          0          0          1
T_world_lidar: 
  0.980476  0.0479042  -0.190715 -0.0277646
 -0.047602   0.998847 0.00616782  0.0253101
  0.190791 0.00303104   0.981626  -0.145429
         0          0          0          1
v_world_imu: -0.0454237   -0.11805    0.76512
frame_182
id: 182
stamp: 1757574245.655822039
T_odom_lidar: 
  0.980411  0.0479162  -0.191045  -0.026616
-0.0475588   0.998848 0.00645822  0.0272922
  0.191134 0.00275414    0.98156  -0.145387
         0          0          0          1
T_world_lidar: 
  0.980411  0.0479162  -0.191045  -0.026616
-0.0475588   0.998848 0.00645822  0.0272922
  0.191134 0.00275414    0.98156  -0.145387
         0          0          0          1
v_world_imu: -0.0454237   -0.11805    0.76512
frame_183
id: 183
stamp: 1757574245.690968990
T_odom_lidar: 
  0.980412  0.0479011  -0.191045 -0.0283542
-0.0474386    0.99885 0.00699668  0.0277847
   0.19116 0.00220328   0.981556  -0.145473
         0          0          0          1
T_world_lidar: 
  0.980412  0.0479011  -0.191045 -0.0283542
-0.0474386    0.99885 0.00699668  0.0277847
   0.19116 0.00220328   0.981556  -0.145473
         0          0          0          1
v_world_imu: -0.0454237   -0.11805    0.76512
frame_184
id: 184
stamp: 1757574245.765223265
T_odom_lidar: 
   0.980579   0.0482751   -0.190092  -0.0268992
  -0.047554    0.998834  0.00835589   0.0323071
   0.190274 0.000846026    0.981731    -0.14635
          0           0           0           1
T_world_lidar: 
   0.980579   0.0482751   -0.190092  -0.0268992
  -0.047554    0.998834  0.00835589   0.0323071
   0.190274 0.000846026    0.981731    -0.14635
          0           0           0           1
v_world_imu: -0.0454237   -0.11805    0.76512
frame_185
id: 185
stamp: 1757574245.795071840
T_odom_lidar: 
   0.980542   0.0484046   -0.190248  -0.0293666
 -0.0474518    0.998828  0.00956345   0.0312154
   0.190488 -0.00034977     0.98169   -0.147126
          0           0           0           1
T_world_lidar: 
   0.980542   0.0484046   -0.190248  -0.0293666
 -0.0474518    0.998828  0.00956345   0.0312154
   0.190488 -0.00034977     0.98169   -0.147126
          0           0           0           1
v_world_imu: -0.0454237   -0.11805    0.76512
frame_186
id: 186
stamp: 1757574245.869537830
T_odom_lidar: 
  0.980181  0.0469544  -0.192457  -0.027331
-0.0468805   0.998888 0.00494003  0.0402725
  0.192475 0.00418039   0.981293  -0.146748
         0          0          0          1
T_world_lidar: 
  0.980181  0.0469544  -0.192457  -0.027331
-0.0468805   0.998888 0.00494003  0.0402725
  0.192475 0.00418039   0.981293  -0.146748
         0          0          0          1
v_world_imu: -0.0454237   -0.11805    0.76512
frame_187
id: 187
stamp: 1757574245.902927637
T_odom_lidar: 
  0.980305  0.0470909  -0.191793 -0.0282625
-0.0469034   0.998884  0.0055204  0.0375984
  0.191839 0.00358406    0.98142  -0.146168
         0          0          0          1
T_world_lidar: 
  0.980305  0.0470909  -0.191793 -0.0282625
-0.0469034   0.998884  0.0055204  0.0375984
  0.191839 0.00358406    0.98142  -0.146168
         0          0          0          1
v_world_imu: -0.0454237   -0.11805    0.76512
frame_188
id: 188
stamp: 1757574245.973874092
T_odom_lidar: 
  0.980195  0.0469873  -0.192382 -0.0291459
-0.0467427    0.99889 0.00581248  0.0373419
  0.192441 0.00329509   0.981303  -0.146969
         0          0          0          1
T_world_lidar: 
  0.980195  0.0469873  -0.192382 -0.0291459
-0.0467427    0.99889 0.00581248  0.0373419
  0.192441 0.00329509   0.981303  -0.146969
         0          0          0          1
v_world_imu: -0.0454237   -0.11805    0.76512
frame_189
id: 189
stamp: 1757574246.005177021
T_odom_lidar: 
  0.980006  0.0466743  -0.193415 -0.0344555
 -0.046399   0.998905 0.00595553  0.0340761
  0.193481 0.00313781   0.981099  -0.148145
         0          0          0          1
T_world_lidar: 
  0.980006  0.0466743  -0.193415 -0.0344555
 -0.046399   0.998905 0.00595553  0.0340761
  0.193481 0.00313781   0.981099  -0.148145
         0          0          0          1
v_world_imu: -0.0454237   -0.11805    0.76512
frame_190
id: 190
stamp: 1757574246.083008051
T_odom_lidar: 
  0.980204  0.0468432   -0.19237 -0.0324277
-0.0465936   0.998897 0.00582362  0.0354528
  0.192431 0.00325489   0.981305  -0.148159
         0          0          0          1
T_world_lidar: 
  0.980204  0.0468432   -0.19237 -0.0324277
-0.0465936   0.998897 0.00582362  0.0354528
  0.192431 0.00325489   0.981305  -0.148159
         0          0          0          1
v_world_imu: -0.0454237   -0.11805    0.76512
frame_191
id: 191
stamp: 1757574246.114212275
T_odom_lidar: 
   0.979958    0.047498   -0.193458  -0.0283536
 -0.0466824    0.998871  0.00877509   0.0305826
   0.193657 0.000431866    0.981069   -0.145988
          0           0           0           1
T_world_lidar: 
   0.979958    0.047498   -0.193458  -0.0283536
 -0.0466824    0.998871  0.00877509   0.0305826
   0.193657 0.000431866    0.981069   -0.145988
          0           0           0           1
v_world_imu: -0.0454237   -0.11805    0.76512
frame_192
id: 192
stamp: 1757574246.184882879
T_odom_lidar: 
   0.980104   0.0478709   -0.192623  -0.0266417
  -0.046717    0.998853   0.0105307   0.0327182
   0.192906 -0.00132237    0.981216   -0.147107
          0           0           0           1
T_world_lidar: 
   0.980104   0.0478709   -0.192623  -0.0266417
  -0.046717    0.998853   0.0105307   0.0327182
   0.192906 -0.00132237    0.981216   -0.147107
          0           0           0           1
v_world_imu: -0.0454237   -0.11805    0.76512
frame_193
id: 193
stamp: 1757574246.220863581
T_odom_lidar: 
   0.980237   0.0478689   -0.191948   -0.028556
  -0.046749    0.998853   0.0103616   0.0311597
   0.192224 -0.00118348     0.98135   -0.147557
          0           0           0           1
T_world_lidar: 
   0.980237   0.0478689   -0.191948   -0.028556
  -0.046749    0.998853   0.0103616   0.0311597
   0.192224 -0.00118348     0.98135   -0.147557
          0           0           0           1
v_world_imu: -0.0454237   -0.11805    0.76512
frame_194
id: 194
stamp: 1757574246.303590775
T_odom_lidar: 
   0.980358   0.0478957   -0.191323  -0.0276021
 -0.0467051    0.998851   0.0107307   0.0350306
   0.191617 -0.00158413    0.981468   -0.148307
          0           0           0           1
T_world_lidar: 
   0.980358   0.0478957   -0.191323  -0.0276021
 -0.0467051    0.998851   0.0107307   0.0350306
   0.191617 -0.00158413    0.981468   -0.148307
          0           0           0           1
v_world_imu: -0.0454237   -0.11805    0.76512
frame_195
id: 195
stamp: 1757574246.339026213
T_odom_lidar: 
   0.980404   0.0476665   -0.191145  -0.0304308
 -0.0464935    0.998862   0.0106197   0.0323236
   0.191434 -0.00152459    0.981504   -0.149142
          0           0           0           1
T_world_lidar: 
   0.980404   0.0476665   -0.191145  -0.0304308
 -0.0464935    0.998862   0.0106197   0.0323236
   0.191434 -0.00152459    0.981504   -0.149142
          0           0           0           1
v_world_imu: -0.0454237   -0.11805    0.76512
frame_196
id: 196
stamp: 1757574246.415296078
T_odom_lidar: 
   0.980094   0.0475603   -0.192756  -0.0304228
 -0.0458516    0.998859   0.0133183   0.0309656
   0.193169 -0.00421503    0.981156   -0.146542
          0           0           0           1
T_world_lidar: 
   0.980094   0.0475603   -0.192756  -0.0304228
 -0.0458516    0.998859   0.0133183   0.0309656
   0.193169 -0.00421503    0.981156   -0.146542
          0           0           0           1
v_world_imu: -0.0454237   -0.11805    0.76512
frame_197
id: 197
stamp: 1757574246.450333357
T_odom_lidar: 
   0.980062   0.0464578   -0.193184  -0.0347003
 -0.0447259    0.998911    0.013319   0.0305073
   0.193593 -0.00441309    0.981072   -0.148231
          0           0           0           1
T_world_lidar: 
   0.980062   0.0464578   -0.193184  -0.0347003
 -0.0447259    0.998911    0.013319   0.0305073
   0.193593 -0.00441309    0.981072   -0.148231
          0           0           0           1
v_world_imu: -0.0454237   -0.11805    0.76512
frame_198
id: 198
stamp: 1757574246.526850224
T_odom_lidar: 
   0.980099   0.0450464   -0.193332  -0.0373972
 -0.0432503    0.998973   0.0135031    0.035253
   0.193741 -0.00487273    0.981041   -0.150226
          0           0           0           1
T_world_lidar: 
   0.980099   0.0450464   -0.193332  -0.0373972
 -0.0432503    0.998973   0.0135031    0.035253
   0.193741 -0.00487273    0.981041   -0.150226
          0           0           0           1
v_world_imu: -0.0454237   -0.11805    0.76512
frame_199
id: 199
stamp: 1757574246.559628725
T_odom_lidar: 
   0.980222   0.0447326   -0.192778  -0.0382606
 -0.0430087    0.998989     0.01312   0.0326528
    0.19317 -0.00456939    0.981155   -0.149377
          0           0           0           1
T_world_lidar: 
   0.980222   0.0447326   -0.192778  -0.0382606
 -0.0430087    0.998989     0.01312   0.0326528
    0.19317 -0.00456939    0.981155   -0.149377
          0           0           0           1
v_world_imu: -0.0454237   -0.11805    0.76512
frame_200
id: 200
stamp: 1757574246.636565924
T_odom_lidar: 
   0.980334   0.0440486   -0.192365  -0.0373625
 -0.0424917    0.999022   0.0122134   0.0333627
   0.192715 -0.00379925    0.981247    -0.14881
          0           0           0           1
T_world_lidar: 
   0.980334   0.0440486   -0.192365  -0.0373625
 -0.0424917    0.999022   0.0122134   0.0333627
   0.192715 -0.00379925    0.981247    -0.14881
          0           0           0           1
v_world_imu: -0.0454237   -0.11805    0.76512
frame_201
id: 201
stamp: 1757574246.673660994
T_odom_lidar: 
  0.980003  0.0436527  -0.194133 -0.0366297
-0.0423785   0.999044  0.0107138  0.0317368
  0.194415 -0.0022725   0.980917  -0.151038
         0          0          0          1
T_world_lidar: 
  0.980003  0.0436527  -0.194133 -0.0366297
-0.0423785   0.999044  0.0107138  0.0317368
  0.194415 -0.0022725   0.980917  -0.151038
         0          0          0          1
v_world_imu: -0.0454237   -0.11805    0.76512
frame_202
id: 202
stamp: 1757574246.750660896
T_odom_lidar: 
   0.980161   0.0446808   -0.193102  -0.0308366
 -0.0435658       0.999   0.0100183   0.0321107
   0.193356 -0.00140694    0.981128   -0.149377
          0           0           0           1
T_world_lidar: 
   0.980161   0.0446808   -0.193102  -0.0308366
 -0.0435658       0.999   0.0100183   0.0321107
   0.193356 -0.00140694    0.981128   -0.149377
          0           0           0           1
v_world_imu: -0.0454237   -0.11805    0.76512
frame_203
id: 203
stamp: 1757574246.783904791
T_odom_lidar: 
   0.980128   0.0454414   -0.193092  -0.0315447
 -0.0444983    0.998967  0.00922068   0.0290921
   0.193311 -0.00044518    0.981137   -0.147754
          0           0           0           1
T_world_lidar: 
   0.980128   0.0454414   -0.193092  -0.0315447
 -0.0444983    0.998967  0.00922068   0.0290921
   0.193311 -0.00044518    0.981137   -0.147754
          0           0           0           1
v_world_imu: -0.0454237   -0.11805    0.76512
frame_204
id: 204
stamp: 1757574246.858200550
T_odom_lidar: 
   0.979942   0.0467573   -0.193721  -0.0295769
 -0.0459012    0.998906  0.00890798   0.0299454
   0.193926 0.000162715    0.981016   -0.147814
          0           0           0           1
T_world_lidar: 
   0.979942   0.0467573   -0.193721  -0.0295769
 -0.0459012    0.998906  0.00890798   0.0299454
   0.193926 0.000162715    0.981016   -0.147814
          0           0           0           1
v_world_imu: -0.0454237   -0.11805    0.76512
frame_205
id: 205
stamp: 1757574246.892493248
T_odom_lidar: 
   0.979845   0.0512188    -0.19308   -0.025638
 -0.0504256    0.998687  0.00902363   0.0293546
   0.193289 0.000894407    0.981142   -0.146527
          0           0           0           1
T_world_lidar: 
   0.979845   0.0512188    -0.19308   -0.025638
 -0.0504256    0.998687  0.00902363   0.0293546
   0.193289 0.000894407    0.981142   -0.146527
          0           0           0           1
v_world_imu: -0.0454237   -0.11805    0.76512
frame_206
id: 206
stamp: 1757574246.967947960
T_odom_lidar: 
   0.979086   0.0559931   -0.195588  -0.0186458
 -0.0550208    0.998431   0.0104055    0.023811
   0.195864 0.000573549    0.980631   -0.148052
          0           0           0           1
T_world_lidar: 
   0.979086   0.0559931   -0.195588  -0.0186458
 -0.0550208    0.998431   0.0104055    0.023811
   0.195864 0.000573549    0.980631   -0.148052
          0           0           0           1
v_world_imu: -0.0454237   -0.11805    0.76512
frame_207
id: 207
stamp: 1757574246.995317698
T_odom_lidar: 
   0.978955   0.0591412   -0.195317   -0.018662
 -0.0581269    0.998249   0.0109256   0.0203195
   0.195621 0.000657551    0.980679   -0.147878
          0           0           0           1
T_world_lidar: 
   0.978955   0.0591412   -0.195317   -0.018662
 -0.0581269    0.998249   0.0109256   0.0203195
   0.195621 0.000657551    0.980679   -0.147878
          0           0           0           1
v_world_imu: -0.0454237   -0.11805    0.76512
frame_208
id: 208
stamp: 1757574247.070440292
T_odom_lidar: 
    0.97881   0.0617805   -0.195226  -0.0139087
 -0.0606379     0.99809   0.0118298   0.0209773
   0.195584 0.000258954    0.980687   -0.147649
          0           0           0           1
T_world_lidar: 
    0.97881   0.0617805   -0.195226  -0.0139087
 -0.0606379     0.99809   0.0118298   0.0209773
   0.195584 0.000258954    0.980687   -0.147649
          0           0           0           1
v_world_imu: -0.0454237   -0.11805    0.76512
frame_209
id: 209
stamp: 1757574247.104184151
T_odom_lidar: 
   0.979209   0.0603445    -0.19367  -0.0165856
 -0.0592979    0.998177    0.011202    0.020172
   0.193993 0.000515052    0.981003   -0.147186
          0           0           0           1
T_world_lidar: 
   0.979209   0.0603445    -0.19367  -0.0165856
 -0.0592979    0.998177    0.011202    0.020172
   0.193993 0.000515052    0.981003   -0.147186
          0           0           0           1
v_world_imu: -0.0454237   -0.11805    0.76512
frame_210
id: 210
stamp: 1757574247.170077324
T_odom_lidar: 
  0.980007  0.0561335  -0.190882  -0.015416
-0.0557729   0.998417 0.00726522  0.0143294
  0.190987 0.00352605   0.981586  -0.144734
         0          0          0          1
T_world_lidar: 
  0.980007  0.0561335  -0.190882  -0.015416
-0.0557729   0.998417 0.00726522  0.0143294
  0.190987 0.00352605   0.981586  -0.144734
         0          0          0          1
v_world_imu: -0.0454237   -0.11805    0.76512
frame_211
id: 211
stamp: 1757574247.208256006
T_odom_lidar: 
   0.98142  0.0496201  -0.185343 -0.0102335
-0.0494306   0.998762 0.00564598 0.00756105
  0.185394 0.00362054   0.982658  -0.146435
         0          0          0          1
T_world_lidar: 
   0.98142  0.0496201  -0.185343 -0.0102335
-0.0494306   0.998762 0.00564598 0.00756105
  0.185394 0.00362054   0.982658  -0.146435
         0          0          0          1
v_world_imu: -0.0454237   -0.11805    0.76512
frame_212
id: 212
stamp: 1757574247.282889843
T_odom_lidar: 
   0.982351   0.0435815   -0.181896 -0.00756029
  -0.044132    0.999025  0.00102173  0.00106033
   0.181763  0.00702374    0.983317   -0.143751
          0           0           0           1
T_world_lidar: 
   0.982351   0.0435815   -0.181896 -0.00756029
  -0.044132    0.999025  0.00102173  0.00106033
   0.181763  0.00702374    0.983317   -0.143751
          0           0           0           1
v_world_imu: -0.0454237   -0.11805    0.76512
frame_213
id: 213
stamp: 1757574247.316674471
T_odom_lidar: 
    0.982621    0.0415017    -0.180925   -0.0107722
  -0.0423627     0.999102 -0.000895958   0.00647749
    0.180726   0.00854488     0.983496    -0.143788
           0            0            0            1
T_world_lidar: 
    0.982621    0.0415017    -0.180925   -0.0107722
  -0.0423627     0.999102 -0.000895958   0.00647749
    0.180726   0.00854488     0.983496    -0.143788
           0            0            0            1
v_world_imu: -0.0454237   -0.11805    0.76512
frame_214
id: 214
stamp: 1757574247.387435436
T_odom_lidar: 
    0.982215    0.0460818    -0.182016  -0.00914233
  -0.0469735     0.998896 -0.000588775   0.00237826
    0.181788   0.00912824     0.983295    -0.144187
           0            0            0            1
T_world_lidar: 
    0.982215    0.0460818    -0.182016  -0.00914233
  -0.0469735     0.998896 -0.000588775   0.00237826
    0.181788   0.00912824     0.983295    -0.144187
           0            0            0            1
v_world_imu: -0.0454237   -0.11805    0.76512
frame_215
id: 215
stamp: 1757574247.421443224
T_odom_lidar: 
   0.981701   0.0551379   -0.182272 -0.00290247
 -0.0556846    0.998446   0.0021213  0.00729236
   0.182106  0.00806725    0.983246   -0.143246
          0           0           0           1
T_world_lidar: 
   0.981701   0.0551379   -0.182272 -0.00290247
 -0.0556846    0.998446   0.0021213  0.00729236
   0.182106  0.00806725    0.983246   -0.143246
          0           0           0           1
v_world_imu: -0.0454237   -0.11805    0.76512
frame_216
id: 216
stamp: 1757574247.493949652
T_odom_lidar: 
  0.981788  0.0588603   -0.18063 0.00633828
-0.0594532   0.998229 0.00213427  0.0212512
  0.180436 0.00864363   0.983549  -0.129388
         0          0          0          1
T_world_lidar: 
  0.981788  0.0588603   -0.18063 0.00633828
-0.0594532   0.998229 0.00213427  0.0212512
  0.180436 0.00864363   0.983549  -0.129388
         0          0          0          1
v_world_imu: -0.0454237   -0.11805    0.76512
frame_217
id: 217
stamp: 1757574247.530747175
T_odom_lidar: 
   0.981679   0.0542136   -0.182669 -0.00765295
  -0.054394    0.998511  0.00402632   0.0312422
   0.182615  0.00598353    0.983166   -0.136177
          0           0           0           1
T_world_lidar: 
   0.981679   0.0542136   -0.182669 -0.00765295
  -0.054394    0.998511  0.00402632   0.0312422
   0.182615  0.00598353    0.983166   -0.136177
          0           0           0           1
v_world_imu: -0.0454237   -0.11805    0.76512
frame_218
id: 218
stamp: 1757574247.608461618
T_odom_lidar: 
  0.980949   0.048604  -0.188086 -0.0264736
-0.0483569   0.998813 0.00590501  0.0414782
   0.18815 0.00330276   0.982135  -0.144178
         0          0          0          1
T_world_lidar: 
  0.980949   0.048604  -0.188086 -0.0264736
-0.0483569   0.998813 0.00590501  0.0414782
   0.18815 0.00330276   0.982135  -0.144178
         0          0          0          1
v_world_imu: -0.0454237   -0.11805    0.76512
frame_219
id: 219
stamp: 1757574247.642310381
T_odom_lidar: 
  0.979843  0.0496877  -0.193494 -0.0319525
 -0.048971   0.998764 0.00848864  0.0389103
  0.193676 0.00115803   0.981065   -0.15408
         0          0          0          1
T_world_lidar: 
  0.979843  0.0496877  -0.193494 -0.0319525
 -0.048971   0.998764 0.00848864  0.0389103
  0.193676 0.00115803   0.981065   -0.15408
         0          0          0          1
v_world_imu: -0.0454237   -0.11805    0.76512
frame_220
id: 220
stamp: 1757574247.710494757
T_odom_lidar: 
    0.978832    0.0501094    -0.198435    -0.039634
  -0.0490375     0.998744    0.0103154    0.0416798
    0.198703 -0.000366221      0.98006    -0.162287
           0            0            0            1
T_world_lidar: 
    0.978832    0.0501094    -0.198435    -0.039634
  -0.0490375     0.998744    0.0103154    0.0416798
    0.198703 -0.000366221      0.98006    -0.162287
           0            0            0            1
v_world_imu: -0.0454237   -0.11805    0.76512
frame_221
id: 221
stamp: 1757574247.746381998
T_odom_lidar: 
   0.977174    0.049572   -0.206574  -0.0401649
  -0.048675     0.99877   0.0094254   0.0394959
   0.206787 0.000844724    0.978386   -0.161861
          0           0           0           1
T_world_lidar: 
   0.977174    0.049572   -0.206574  -0.0401649
  -0.048675     0.99877   0.0094254   0.0394959
   0.206787 0.000844724    0.978386   -0.161861
          0           0           0           1
v_world_imu: -0.0454237   -0.11805    0.76512
frame_222
id: 222
stamp: 1757574247.815207005
T_odom_lidar: 
   0.976696   0.0487879   -0.209009  -0.0423527
 -0.0477943    0.998809  0.00980457   0.0382987
   0.209238 0.000413366    0.977865   -0.165112
          0           0           0           1
T_world_lidar: 
   0.976696   0.0487879   -0.209009  -0.0423527
 -0.0477943    0.998809  0.00980457   0.0382987
   0.209238 0.000413366    0.977865   -0.165112
          0           0           0           1
v_world_imu: -0.0454237   -0.11805    0.76512
frame_223
id: 223
stamp: 1757574247.847031593
T_odom_lidar: 
   0.976578    0.048666   -0.209586  -0.0423163
 -0.0477692    0.998815   0.0093419   0.0357597
   0.209792 0.000888653    0.977746   -0.163622
          0           0           0           1
T_world_lidar: 
   0.976578    0.048666   -0.209586  -0.0423163
 -0.0477692    0.998815   0.0093419   0.0357597
   0.209792 0.000888653    0.977746   -0.163622
          0           0           0           1
v_world_imu: -0.0454237   -0.11805    0.76512
frame_224
id: 224
stamp: 1757574247.925615788
T_odom_lidar: 
  0.976805  0.0478796  -0.208709  -0.038899
-0.0470816   0.998852 0.00879279  0.0363595
  0.208891 0.00123752   0.977938  -0.160024
         0          0          0          1
T_world_lidar: 
  0.976805  0.0478796  -0.208709  -0.038899
-0.0470816   0.998852 0.00879279  0.0363595
  0.208891 0.00123752   0.977938  -0.160024
         0          0          0          1
v_world_imu: -0.0454237   -0.11805    0.76512
frame_225
id: 225
stamp: 1757574247.965457201
T_odom_lidar: 
  0.977353  0.0478508  -0.206134 -0.0361028
-0.0471623   0.998853 0.00825519  0.0351795
  0.206293 0.00165354   0.978489  -0.153654
         0          0          0          1
T_world_lidar: 
  0.977353  0.0478508  -0.206134 -0.0361028
-0.0471623   0.998853 0.00825519  0.0351795
  0.206293 0.00165354   0.978489  -0.153654
         0          0          0          1
v_world_imu: -0.0454237   -0.11805    0.76512
frame_226
id: 226
stamp: 1757574248.039432526
T_odom_lidar: 
  0.978368  0.0459184  -0.201712 -0.0397353
-0.0457807   0.998937 0.00535028  0.0395286
  0.201743 0.00399998    0.97943  -0.143477
         0          0          0          1
T_world_lidar: 
  0.978368  0.0459184  -0.201712 -0.0397353
-0.0457807   0.998937 0.00535028  0.0395286
  0.201743 0.00399998    0.97943  -0.143477
         0          0          0          1
v_world_imu: -0.0454237   -0.11805    0.76512
frame_227
id: 227
stamp: 1757574248.071739674
T_odom_lidar: 
  0.979008  0.0459588  -0.198571 -0.0378246
-0.0458465   0.998935 0.00516562  0.0380057
  0.198597  0.0040466   0.980073  -0.142385
         0          0          0          1
T_world_lidar: 
  0.979008  0.0459588  -0.198571 -0.0378246
-0.0458465   0.998935 0.00516562  0.0380057
  0.198597  0.0040466   0.980073  -0.142385
         0          0          0          1
v_world_imu: -0.0454237   -0.11805    0.76512
frame_228
id: 228
stamp: 1757574248.147978306
T_odom_lidar: 
  0.979578  0.0463839  -0.195642 -0.0289284
-0.0462024   0.998917  0.0054941  0.0394801
  0.195685 0.00365722    0.98066  -0.141909
         0          0          0          1
T_world_lidar: 
  0.979578  0.0463839  -0.195642 -0.0289284
-0.0462024   0.998917  0.0054941  0.0394801
  0.195685 0.00365722    0.98066  -0.141909
         0          0          0          1
v_world_imu: -0.0454237   -0.11805    0.76512
frame_229
id: 229
stamp: 1757574248.186255217
T_odom_lidar: 
  0.980222  0.0457011  -0.192553 -0.0266963
-0.0455107   0.998949 0.00541415  0.0368639
  0.192598 0.00345613   0.981272  -0.142862
         0          0          0          1
T_world_lidar: 
  0.980222  0.0457011  -0.192553 -0.0266963
-0.0455107   0.998949 0.00541415  0.0368639
  0.192598 0.00345613   0.981272  -0.142862
         0          0          0          1
v_world_imu: -0.0454237   -0.11805    0.76512
frame_230
id: 230
stamp: 1757574248.260200024
T_odom_lidar: 
  0.980854  0.0450621  -0.189459 -0.0197979
-0.0449237   0.998978 0.00502711  0.0368244
  0.189492 0.00358033   0.981876  -0.143294
         0          0          0          1
T_world_lidar: 
  0.980854  0.0450621  -0.189459 -0.0197979
-0.0449237   0.998978 0.00502711  0.0368244
  0.189492 0.00358033   0.981876  -0.143294
         0          0          0          1
v_world_imu: -0.0454237   -0.11805    0.76512
frame_231
id: 231
stamp: 1757574248.298460722
T_odom_lidar: 
  0.981498  0.0472735  -0.185543 -0.0187673
-0.0471524   0.998875 0.00506774  0.0330785
  0.185574 0.00377482   0.982623  -0.146793
         0          0          0          1
T_world_lidar: 
  0.981498  0.0472735  -0.185543 -0.0187673
-0.0471524   0.998875 0.00506774  0.0330785
  0.185574 0.00377482   0.982623  -0.146793
         0          0          0          1
v_world_imu: -0.0454237   -0.11805    0.76512
frame_232
id: 232
stamp: 1757574248.372457266
T_odom_lidar: 
   0.981676   0.0511564   -0.183564 -0.00955689
 -0.0510604    0.998682  0.00525244   0.0289299
   0.183591  0.00421669    0.982994   -0.148276
          0           0           0           1
T_world_lidar: 
   0.981676   0.0511564   -0.183564 -0.00955689
 -0.0510604    0.998682  0.00525244   0.0289299
   0.183591  0.00421669    0.982994   -0.148276
          0           0           0           1
v_world_imu: -0.0454237   -0.11805    0.76512
frame_233
id: 233
stamp: 1757574248.403218031
T_odom_lidar: 
   0.981708   0.0541499   -0.182529 -0.00834333
 -0.0539902    0.998524   0.0058475   0.0225283
   0.182577  0.00411424    0.983183   -0.150425
          0           0           0           1
T_world_lidar: 
   0.981708   0.0541499   -0.182529 -0.00834333
 -0.0539902    0.998524   0.0058475   0.0225283
   0.182577  0.00411424    0.983183   -0.150425
          0           0           0           1
v_world_imu: -0.0454237   -0.11805    0.76512
frame_234
id: 234
stamp: 1757574248.476416111
T_odom_lidar: 
  0.981383  0.0589553  -0.182789 -0.0015203
-0.0589745   0.998245 0.00533562  0.0147361
  0.182783 0.00554362   0.983138  -0.149273
         0          0          0          1
T_world_lidar: 
  0.981383  0.0589553  -0.182789 -0.0015203
-0.0589745   0.998245 0.00533562  0.0147361
  0.182783 0.00554362   0.983138  -0.149273
         0          0          0          1
v_world_imu: -0.0454237   -0.11805    0.76512
frame_235
id: 235
stamp: 1757574248.505139828
T_odom_lidar: 
   0.980853    0.063658   -0.184051 -0.00135495
  -0.063838    0.997948  0.00495324  0.00588285
   0.183988  0.00689102    0.982904   -0.148198
          0           0           0           1
T_world_lidar: 
   0.980853    0.063658   -0.184051 -0.00135495
  -0.063838    0.997948  0.00495324  0.00588285
   0.183988  0.00689102    0.982904   -0.148198
          0           0           0           1
v_world_imu: -0.0454237   -0.11805    0.76512
frame_236
id: 236
stamp: 1757574248.579474449
T_odom_lidar: 
  0.980648   0.070489  -0.182651 0.00251302
-0.0700627   0.997504 0.00879405  0.0115027
  0.182814 0.00417312   0.983139  -0.138547
         0          0          0          1
T_world_lidar: 
  0.980648   0.070489  -0.182651 0.00251302
-0.0700627   0.997504 0.00879405  0.0115027
  0.182814 0.00417312   0.983139  -0.138547
         0          0          0          1
v_world_imu: -0.0454237   -0.11805    0.76512
frame_237
id: 237
stamp: 1757574248.610979795
T_odom_lidar: 
   0.980394   0.0706055   -0.183965   -0.001673
 -0.0695298    0.997504      0.0123   0.0157687
   0.184374 0.000732203    0.982856   -0.141716
          0           0           0           1
T_world_lidar: 
   0.980394   0.0706055   -0.183965   -0.001673
 -0.0695298    0.997504      0.0123   0.0157687
   0.184374 0.000732203    0.982856   -0.141716
          0           0           0           1
v_world_imu: -0.0454237   -0.11805    0.76512
frame_238
id: 238
stamp: 1757574248.676914215
T_odom_lidar: 
   0.980684   0.0669515   -0.183785 -0.00589311
 -0.0648632    0.997743   0.0173576   0.0312793
   0.184532 -0.00510145    0.982813   -0.148284
          0           0           0           1
T_world_lidar: 
   0.980684   0.0669515   -0.183785 -0.00589311
 -0.0648632    0.997743   0.0173576   0.0312793
   0.184532 -0.00510145    0.982813   -0.148284
          0           0           0           1
v_world_imu: -0.0454237   -0.11805    0.76512
frame_239
id: 239
stamp: 1757574248.712668419
T_odom_lidar: 
   0.981626   0.0572094   -0.182036  -0.0112383
 -0.0547533    0.998329   0.0184938   0.0386037
   0.182789 -0.00818699    0.983118   -0.152935
          0           0           0           1
T_world_lidar: 
   0.981626   0.0572094   -0.182036  -0.0112383
 -0.0547533    0.998329   0.0184938   0.0386037
   0.182789 -0.00818699    0.983118   -0.152935
          0           0           0           1
v_world_imu: -0.0454237   -0.11805    0.76512
frame_240
id: 240
stamp: 1757574248.786574125
T_odom_lidar: 
  0.982197  0.0470969  -0.181855 -0.0231019
-0.0451859   0.998871  0.0146396  0.0278806
   0.18234 -0.0061617   0.983216  -0.151996
         0          0          0          1
T_world_lidar: 
  0.982197  0.0470969  -0.181855 -0.0231019
-0.0451859   0.998871  0.0146396  0.0278806
   0.18234 -0.0061617   0.983216  -0.151996
         0          0          0          1
v_world_imu: -0.0454237   -0.11805    0.76512
frame_241
id: 241
stamp: 1757574248.822741747
T_odom_lidar: 
   0.982443   0.0379389   -0.182664  -0.0155769
 -0.0369539    0.999278  0.00879417   0.0155988
   0.182866 -0.00188961    0.983136   -0.152797
          0           0           0           1
T_world_lidar: 
   0.982443   0.0379389   -0.182664  -0.0155769
 -0.0369539    0.999278  0.00879417   0.0155988
   0.182866 -0.00188961    0.983136   -0.152797
          0           0           0           1
v_world_imu: -0.0454237   -0.11805    0.76512
frame_242
id: 242
stamp: 1757574248.889385223
T_odom_lidar: 
  0.982261  0.0321928  -0.184733  -0.022259
-0.0321203   0.999478   0.003386 0.00445222
  0.184745 0.00260774   0.982783  -0.152796
         0          0          0          1
T_world_lidar: 
  0.982261  0.0321928  -0.184733  -0.022259
-0.0321203   0.999478   0.003386 0.00445222
  0.184745 0.00260774   0.982783  -0.152796
         0          0          0          1
v_world_imu: -0.0454237   -0.11805    0.76512
frame_243
id: 243
stamp: 1757574248.926669121
T_odom_lidar: 
   0.981753   0.0307176   -0.187666  -0.0292139
 -0.0311544    0.999514 0.000621812  0.00329949
   0.187593  0.00523615    0.982233   -0.153628
          0           0           0           1
T_world_lidar: 
   0.981753   0.0307176   -0.187666  -0.0292139
 -0.0311544    0.999514 0.000621812  0.00329949
   0.187593  0.00523615    0.982233   -0.153628
          0           0           0           1
v_world_imu: -0.0454237   -0.11805    0.76512
frame_244
id: 244
stamp: 1757574248.998343229
T_odom_lidar: 
   0.980957   0.0349807   -0.191049  -0.0335668
 -0.0356287    0.999365 4.30849e-05  0.00223748
   0.190929  0.00676455    0.981581   -0.154975
          0           0           0           1
T_world_lidar: 
   0.980957   0.0349807   -0.191049  -0.0335668
 -0.0356287    0.999365 4.30849e-05  0.00223748
   0.190929  0.00676455    0.981581   -0.154975
          0           0           0           1
v_world_imu: -0.0454237   -0.11805    0.76512
frame_245
id: 245
stamp: 1757574249.026074886
T_odom_lidar: 
   0.980244   0.0415204   -0.193387   -0.034286
  -0.042124    0.999112 0.000991735  0.00947301
   0.193256  0.00717409    0.981122    -0.15714
          0           0           0           1
T_world_lidar: 
   0.980244   0.0415204   -0.193387   -0.034286
  -0.042124    0.999112 0.000991735  0.00947301
   0.193256  0.00717409    0.981122    -0.15714
          0           0           0           1
v_world_imu: -0.0454237   -0.11805    0.76512
frame_246
id: 246
stamp: 1757574249.099453449
T_odom_lidar: 
   0.979599   0.0505699   -0.194495  -0.0326048
 -0.0523054    0.998624 -0.00379471   0.0172703
   0.194035   0.0138904    0.980896   -0.145899
          0           0           0           1
T_world_lidar: 
   0.979599   0.0505699   -0.194495  -0.0326048
 -0.0523054    0.998624 -0.00379471   0.0172703
   0.194035   0.0138904    0.980896   -0.145899
          0           0           0           1
v_world_imu: -0.0454237   -0.11805    0.76512
frame_247
id: 247
stamp: 1757574249.137978554
T_odom_lidar: 
   0.979327   0.0592483   -0.193412  -0.0195582
 -0.0606414    0.998159 -0.00128515   0.0312439
    0.19298   0.0129874    0.981117   -0.144941
          0           0           0           1
T_world_lidar: 
   0.979327   0.0592483   -0.193412  -0.0195582
 -0.0606414    0.998159 -0.00128515   0.0312439
    0.19298   0.0129874    0.981117   -0.144941
          0           0           0           1
v_world_imu: -0.0454237   -0.11805    0.76512
frame_248
id: 248
stamp: 1757574249.211610079
T_odom_lidar: 
    0.97955   0.0647341   -0.190504 -0.00408337
 -0.0656879    0.997839  0.00131068   0.0442785
   0.190178     0.01123    0.981685   -0.140898
          0           0           0           1
T_world_lidar: 
    0.97955   0.0647341   -0.190504 -0.00408337
 -0.0656879    0.997839  0.00131068   0.0442785
   0.190178     0.01123    0.981685   -0.140898
          0           0           0           1
v_world_imu: -0.0454237   -0.11805    0.76512
frame_249
id: 249
stamp: 1757574249.247651339
T_odom_lidar: 
     0.9796   0.0661748   -0.189747 -0.00774888
 -0.0666992    0.997767  0.00362816   0.0485465
   0.189563  0.00910181    0.981826   -0.141452
          0           0           0           1
T_world_lidar: 
     0.9796   0.0661748   -0.189747 -0.00774888
 -0.0666992    0.997767  0.00362816   0.0485465
   0.189563  0.00910181    0.981826   -0.141452
          0           0           0           1
v_world_imu: -0.0454237   -0.11805    0.76512
frame_250
id: 250
stamp: 1757574249.321041822
T_odom_lidar: 
  0.978895   0.064888  -0.193789  -0.018215
-0.0649982   0.997869 0.00579665  0.0530006
  0.193753 0.00692166   0.981026  -0.149716
         0          0          0          1
T_world_lidar: 
  0.978895   0.064888  -0.193789  -0.018215
-0.0649982   0.997869 0.00579665  0.0530006
  0.193753 0.00692166   0.981026  -0.149716
         0          0          0          1
v_world_imu: -0.0454237   -0.11805    0.76512
frame_251
id: 251
stamp: 1757574249.358732700
T_odom_lidar: 
  0.977948  0.0626219  -0.199239 -0.0264356
-0.0626935   0.998015 0.00595576  0.0496377
  0.199216 0.00666654   0.979933  -0.144858
         0          0          0          1
T_world_lidar: 
  0.977948  0.0626219  -0.199239 -0.0264356
-0.0626935   0.998015 0.00595576  0.0496377
  0.199216 0.00666654   0.979933  -0.144858
         0          0          0          1
v_world_imu: -0.0454237   -0.11805    0.76512
frame_252
id: 252
stamp: 1757574249.436750889
T_odom_lidar: 
  0.977128  0.0627948  -0.203169 -0.0326918
-0.0627544   0.998007 0.00664733  0.0509536
  0.203181 0.00625444   0.979121   -0.14988
         0          0          0          1
T_world_lidar: 
  0.977128  0.0627948  -0.203169 -0.0326918
-0.0627544   0.998007 0.00664733  0.0509536
  0.203181 0.00625444   0.979121   -0.14988
         0          0          0          1
v_world_imu: -0.0454237   -0.11805    0.76512
frame_253
id: 253
stamp: 1757574249.472249985
T_odom_lidar: 
  0.976541  0.0633369  -0.205804 -0.0361507
-0.0632327   0.997974 0.00709017  0.0443072
  0.205836 0.00608967   0.978568  -0.153447
         0          0          0          1
T_world_lidar: 
  0.976541  0.0633369  -0.205804 -0.0361507
-0.0632327   0.997974 0.00709017  0.0443072
  0.205836 0.00608967   0.978568  -0.153447
         0          0          0          1
v_world_imu: -0.0454237   -0.11805    0.76512
frame_254
id: 254
stamp: 1757574249.548523903
T_odom_lidar: 
  0.976328  0.0625921   -0.20704 -0.0379775
-0.0625107    0.99802 0.00694184  0.0439902
  0.207065 0.00616471   0.978308  -0.154036
         0          0          0          1
T_world_lidar: 
  0.976328  0.0625921   -0.20704 -0.0379775
-0.0625107    0.99802 0.00694184  0.0439902
  0.207065 0.00616471   0.978308  -0.154036
         0          0          0          1
v_world_imu: -0.0454237   -0.11805    0.76512
frame_255
id: 255
stamp: 1757574249.585624695
T_odom_lidar: 
  0.976668  0.0593945   -0.20638 -0.0406684
 -0.059352   0.998217 0.00640296  0.0396653
  0.206392 0.00599551   0.978451  -0.153386
         0          0          0          1
T_world_lidar: 
  0.976668  0.0593945   -0.20638 -0.0406684
 -0.059352   0.998217 0.00640296  0.0396653
  0.206392 0.00599551   0.978451  -0.153386
         0          0          0          1
v_world_imu: -0.0454237   -0.11805    0.76512
frame_256
id: 256
stamp: 1757574249.665920019
T_odom_lidar: 
  0.976868  0.0563215  -0.206292 -0.0439196
-0.0557331   0.998408 0.00866686  0.0286384
  0.206452 0.00303093   0.978452  -0.148322
         0          0          0          1
T_world_lidar: 
  0.976868  0.0563215  -0.206292 -0.0439196
-0.0557331   0.998408 0.00866686  0.0286384
  0.206452 0.00303093   0.978452  -0.148322
         0          0          0          1
v_world_imu: -0.0454237   -0.11805    0.76512
frame_257
id: 257
stamp: 1757574249.702757835
T_odom_lidar: 
  0.977538  0.0554847  -0.203324 -0.0407644
-0.0548791   0.998456 0.00861934  0.0244225
  0.203489 0.00273254   0.979073  -0.153292
         0          0          0          1
T_world_lidar: 
  0.977538  0.0554847  -0.203324 -0.0407644
-0.0548791   0.998456 0.00861934  0.0244225
  0.203489 0.00273254   0.979073  -0.153292
         0          0          0          1
v_world_imu: -0.0454237   -0.11805    0.76512
frame_258
id: 258
stamp: 1757574249.774582863
T_odom_lidar: 
  0.978419  0.0625574  -0.196935 -0.0161124
-0.0623213   0.998029 0.00740194  0.0095369
   0.19701 0.00503104   0.980389  -0.155019
         0          0          0          1
T_world_lidar: 
  0.978419  0.0625574  -0.196935 -0.0161124
-0.0623213   0.998029 0.00740194  0.0095369
   0.19701 0.00503104   0.980389  -0.155019
         0          0          0          1
v_world_imu: -0.0454237   -0.11805    0.76512
frame_259
id: 259
stamp: 1757574249.808367252
T_odom_lidar: 
   0.979258   0.0684782   -0.190692 -0.00122615
 -0.0685288    0.997629  0.00633728  0.00119308
   0.190674  0.00686207    0.981629   -0.156681
          0           0           0           1
T_world_lidar: 
   0.979258   0.0684782   -0.190692 -0.00122615
 -0.0685288    0.997629  0.00633728  0.00119308
   0.190674  0.00686207    0.981629   -0.156681
          0           0           0           1
v_world_imu: -0.0454237   -0.11805    0.76512
frame_260
id: 260
stamp: 1757574249.883047581
T_odom_lidar: 
   0.979817   0.0750134    -0.18529   0.0221848
 -0.0752548    0.997148  0.00573985 -0.00921036
   0.185192  0.00831995    0.982667   -0.158466
          0           0           0           1
T_world_lidar: 
   0.979817   0.0750134    -0.18529   0.0221848
 -0.0752548    0.997148  0.00573985 -0.00921036
   0.185192  0.00831995    0.982667   -0.158466
          0           0           0           1
v_world_imu: -0.0454237   -0.11805    0.76512
frame_261
id: 261
stamp: 1757574249.913055658
T_odom_lidar: 
   0.981093   0.0806714   -0.175924   0.0159029
 -0.0817741     0.99665 0.000984527  -0.0152601
   0.175415   0.0134201    0.984403   -0.163375
          0           0           0           1
T_world_lidar: 
   0.981093   0.0806714   -0.175924   0.0159029
 -0.0817741     0.99665 0.000984527  -0.0152601
   0.175415   0.0134201    0.984403   -0.163375
          0           0           0           1
v_world_imu: -0.0454237   -0.11805    0.76512
frame_262
id: 262
stamp: 1757574249.986272097
T_odom_lidar: 
  0.981466  0.0841517  -0.172169  0.0260212
-0.0849978   0.996378 0.00246511 -0.0150673
  0.171753  0.0122145   0.985064  -0.165873
         0          0          0          1
T_world_lidar: 
  0.981466  0.0841517  -0.172169  0.0260212
-0.0849978   0.996378 0.00246511 -0.0150673
  0.171753  0.0122145   0.985064  -0.165873
         0          0          0          1
v_world_imu: -0.0454237   -0.11805    0.76512
frame_263
id: 263
stamp: 1757574250.023089647
T_odom_lidar: 
  0.981442  0.0844929  -0.172138  0.0209808
-0.0846899   0.996388 0.00621246 -0.0113132
  0.172042 0.00848121   0.985053  -0.165215
         0          0          0          1
T_world_lidar: 
  0.981442  0.0844929  -0.172138  0.0209808
-0.0846899   0.996388 0.00621246 -0.0113132
  0.172042 0.00848121   0.985053  -0.165215
         0          0          0          1
v_world_imu: -0.0454237   -0.11805    0.76512
frame_264
id: 264
stamp: 1757574250.092887163
T_odom_lidar: 
  0.981699   0.079543  -0.173029  0.0153614
-0.0790101   0.996824 0.00997661 0.00464409
  0.173273   0.003877   0.984866  -0.164032
         0          0          0          1
T_world_lidar: 
  0.981699   0.079543  -0.173029  0.0153614
-0.0790101   0.996824 0.00997661 0.00464409
  0.173273   0.003877   0.984866  -0.164032
         0          0          0          1
v_world_imu: -0.0454237   -0.11805    0.76512
frame_265
id: 265
stamp: 1757574250.129752398
T_odom_lidar: 
  0.982707  0.0653176  -0.173263 0.00834929
-0.0652085   0.997852 0.00632812  0.0110289
  0.173304 0.00507952   0.984855    -0.1602
         0          0          0          1
T_world_lidar: 
  0.982707  0.0653176  -0.173263 0.00834929
-0.0652085   0.997852 0.00632812  0.0110289
  0.173304 0.00507952   0.984855    -0.1602
         0          0          0          1
v_world_imu: -0.0454237   -0.11805    0.76512
frame_266
id: 266
stamp: 1757574250.202095509
T_odom_lidar: 
  0.983616  0.0486495  -0.173589  0.0122101
-0.0490992   0.998792 0.00170557  0.0126174
  0.173462 0.00684545   0.984817  -0.139616
         0          0          0          1
T_world_lidar: 
  0.983616  0.0486495  -0.173589  0.0122101
-0.0490992   0.998792 0.00170557  0.0126174
  0.173462 0.00684545   0.984817  -0.139616
         0          0          0          1
v_world_imu: -0.0454237   -0.11805    0.76512
frame_267
id: 267
stamp: 1757574250.237021923
T_odom_lidar: 
   0.983519   0.0343234   -0.177518  0.00609658
 -0.0357367     0.99935 -0.00476943   0.0147024
   0.177239   0.0110347    0.984106   -0.138216
          0           0           0           1
T_world_lidar: 
   0.983519   0.0343234   -0.177518  0.00609658
 -0.0357367     0.99935 -0.00476943   0.0147024
   0.177239   0.0110347    0.984106   -0.138216
          0           0           0           1
v_world_imu: -0.0454237   -0.11805    0.76512
frame_268
id: 268
stamp: 1757574250.303907633
T_odom_lidar: 
   0.98438   0.018852  -0.175046  0.0075386
-0.0213218   0.999698 -0.0122392 0.00887719
  0.174762  0.0157803   0.984484  -0.134831
         0          0          0          1
T_world_lidar: 
   0.98438   0.018852  -0.175046  0.0075386
-0.0213218   0.999698 -0.0122392 0.00887719
  0.174762  0.0157803   0.984484  -0.134831
         0          0          0          1
v_world_imu: -0.0454237   -0.11805    0.76512
frame_269
id: 269
stamp: 1757574250.339532852
T_odom_lidar: 
   0.98467 0.00800459  -0.174245 0.00883512
-0.0113978   0.999764 -0.0184819 0.00948555
  0.174056  0.0201846   0.984529  -0.130294
         0          0          0          1
T_world_lidar: 
   0.98467 0.00800459  -0.174245 0.00883512
-0.0113978   0.999764 -0.0184819 0.00948555
  0.174056  0.0201846   0.984529  -0.130294
         0          0          0          1
v_world_imu: -0.0454237   -0.11805    0.76512
frame_270
id: 270
stamp: 1757574250.411054850
T_odom_lidar: 
   0.984135  0.00597006   -0.177322  0.00555404
-0.00967586    0.999752  -0.0200413   0.0120391
   0.177159   0.0214391    0.983949   -0.127751
          0           0           0           1
T_world_lidar: 
   0.984135  0.00597006   -0.177322  0.00555404
-0.00967586    0.999752  -0.0200413   0.0120391
   0.177159   0.0214391    0.983949   -0.127751
          0           0           0           1
v_world_imu: -0.0454237   -0.11805    0.76512
frame_271
id: 271
stamp: 1757574250.446832657
T_odom_lidar: 
   0.98227  0.0170373  -0.186696 -0.0208905
-0.0204455   0.999657  -0.016345 0.00252541
  0.186354  0.0198723   0.982282  -0.124244
         0          0          0          1
T_world_lidar: 
   0.98227  0.0170373  -0.186696 -0.0208905
-0.0204455   0.999657  -0.016345 0.00252541
  0.186354  0.0198723   0.982282  -0.124244
         0          0          0          1
v_world_imu: -0.0454237   -0.11805    0.76512
frame_272
id: 272
stamp: 1757574250.512443781
T_odom_lidar: 
   0.980741     0.03165   -0.192731  -0.0253567
 -0.0334543    0.999422 -0.00611387   0.0237472
   0.192426   0.0124438    0.981233   -0.140065
          0           0           0           1
T_world_lidar: 
   0.980741     0.03165   -0.192731  -0.0253567
 -0.0334543    0.999422 -0.00611387   0.0237472
   0.192426   0.0124438    0.981233   -0.140065
          0           0           0           1
v_world_imu: -0.0454237   -0.11805    0.76512
frame_273
id: 273
stamp: 1757574250.544107676
T_odom_lidar: 
  0.979652  0.0390229  -0.196875 -0.0276632
-0.0389319   0.999232 0.00433375  0.0373396
  0.196893 0.00341916   0.980419   -0.15441
         0          0          0          1
T_world_lidar: 
  0.979652  0.0390229  -0.196875 -0.0276632
-0.0389319   0.999232 0.00433375  0.0373396
  0.196893 0.00341916   0.980419   -0.15441
         0          0          0          1
v_world_imu: -0.0454237   -0.11805    0.76512
frame_274
id: 274
stamp: 1757574250.619656086
T_odom_lidar: 
  0.978883  0.0522352  -0.197633 -0.0224601
-0.0514279   0.998634 0.00921896  0.0583487
  0.197845 0.00113958   0.980233  -0.159415
         0          0          0          1
T_world_lidar: 
  0.978883  0.0522352  -0.197633 -0.0224601
-0.0514279   0.998634 0.00921896  0.0583487
  0.197845 0.00113958   0.980233  -0.159415
         0          0          0          1
v_world_imu: -0.0454237   -0.11805    0.76512
frame_275
id: 275
stamp: 1757574250.652497292
T_odom_lidar: 
     0.97757    0.0531239    -0.203799   -0.0339403
  -0.0519504     0.998588    0.0111078    0.0515768
    0.204102 -0.000271154      0.97895    -0.171817
           0            0            0            1
T_world_lidar: 
     0.97757    0.0531239    -0.203799   -0.0339403
  -0.0519504     0.998588    0.0111078    0.0515768
    0.204102 -0.000271154      0.97895    -0.171817
           0            0            0            1
v_world_imu: -0.0454237   -0.11805    0.76512
frame_276
id: 276
stamp: 1757574250.724025011
T_odom_lidar: 
  0.977435  0.0533564  -0.204386  -0.047391
-0.0525602   0.998574 0.00932587   0.047393
  0.204592 0.00162714   0.978846  -0.165758
         0          0          0          1
T_world_lidar: 
  0.977435  0.0533564  -0.204386  -0.047391
-0.0525602   0.998574 0.00932587   0.047393
  0.204592 0.00162714   0.978846  -0.165758
         0          0          0          1
v_world_imu: -0.0454237   -0.11805    0.76512
frame_277
id: 277
stamp: 1757574250.758948803
T_odom_lidar: 
  0.977171  0.0538127  -0.205526 -0.0463749
 -0.053355   0.998545 0.00777258  0.0411939
  0.205645 0.00337066   0.978621  -0.163865
         0          0          0          1
T_world_lidar: 
  0.977171  0.0538127  -0.205526 -0.0463749
 -0.053355   0.998545 0.00777258  0.0411939
  0.205645 0.00337066   0.978621  -0.163865
         0          0          0          1
v_world_imu: -0.0454237   -0.11805    0.76512
frame_278
id: 278
stamp: 1757574250.833737850
T_odom_lidar: 
  0.977148  0.0533016  -0.205769 -0.0450407
-0.0532231   0.998565 0.00592033  0.0374104
  0.205789 0.00516662   0.978583  -0.160463
         0          0          0          1
T_world_lidar: 
  0.977148  0.0533016  -0.205769 -0.0450407
-0.0532231   0.998565 0.00592033  0.0374104
  0.205789 0.00516662   0.978583  -0.160463
         0          0          0          1
v_world_imu: -0.0454237   -0.11805    0.76512
frame_279
id: 279
stamp: 1757574250.860367060
T_odom_lidar: 
  0.977272  0.0521291  -0.205478 -0.0445901
-0.0523224    0.99862 0.00449657  0.0333439
  0.205429 0.00635675   0.978651  -0.159566
         0          0          0          1
T_world_lidar: 
  0.977272  0.0521291  -0.205478 -0.0445901
-0.0523224    0.99862 0.00449657  0.0333439
  0.205429 0.00635675   0.978651  -0.159566
         0          0          0          1
v_world_imu: -0.0454237   -0.11805    0.76512
frame_280
id: 280
stamp: 1757574250.932104349
T_odom_lidar: 
  0.977955  0.0499458  -0.202755 -0.0370635
-0.0503959   0.998725 0.00294543  0.0316462
  0.202643  0.0073375   0.979225  -0.151693
         0          0          0          1
T_world_lidar: 
  0.977955  0.0499458  -0.202755 -0.0370635
-0.0503959   0.998725 0.00294543  0.0316462
  0.202643  0.0073375   0.979225  -0.151693
         0          0          0          1
v_world_imu: -0.0454237   -0.11805    0.76512
frame_281
id: 281
stamp: 1757574250.962470293
T_odom_lidar: 
  0.978455  0.0463652  -0.201186 -0.0398568
-0.0468027   0.998901 0.00258406   0.031704
  0.201084 0.00688765    0.97955  -0.146668
         0          0          0          1
T_world_lidar: 
  0.978455  0.0463652  -0.201186 -0.0398568
-0.0468027   0.998901 0.00258406   0.031704
  0.201084 0.00688765    0.97955  -0.146668
         0          0          0          1
v_world_imu: -0.0454237   -0.11805    0.76512
frame_282
id: 282
stamp: 1757574251.032556534
T_odom_lidar: 
  0.979341   0.044233   -0.19732 -0.0312876
-0.0445388   0.999003 0.00288983  0.0361571
  0.197251 0.00595825   0.980335  -0.150444
         0          0          0          1
T_world_lidar: 
  0.979341   0.044233   -0.19732 -0.0312876
-0.0445388   0.999003 0.00288983  0.0361571
  0.197251 0.00595825   0.980335  -0.150444
         0          0          0          1
v_world_imu: -0.0454237   -0.11805    0.76512
frame_283
id: 283
stamp: 1757574251.069169760
T_odom_lidar: 
  0.979676  0.0445848  -0.195568 -0.0314195
-0.0446851   0.998994 0.00390136  0.0376866
  0.195545 0.00491689   0.980682  -0.150862
         0          0          0          1
T_world_lidar: 
  0.979676  0.0445848  -0.195568 -0.0314195
-0.0446851   0.998994 0.00390136  0.0376866
  0.195545 0.00491689   0.980682  -0.150862
         0          0          0          1
v_world_imu: -0.0454237   -0.11805    0.76512
frame_284
id: 284
stamp: 1757574251.142628670
T_odom_lidar: 
  0.979789  0.0450999  -0.194885 -0.0294213
-0.0450224   0.998974 0.00482961  0.0409087
  0.194903 0.00404219   0.980814  -0.152609
         0          0          0          1
T_world_lidar: 
  0.979789  0.0450999  -0.194885 -0.0294213
-0.0450224   0.998974 0.00482961  0.0409087
  0.194903 0.00404219   0.980814  -0.152609
         0          0          0          1
v_world_imu: -0.0454237   -0.11805    0.76512
frame_285
id: 285
stamp: 1757574251.172032595
T_odom_lidar: 
  0.979801  0.0451797  -0.194807 -0.0305716
 -0.045127    0.99897 0.00471088   0.038933
  0.194819 0.00417531    0.98083  -0.150336
         0          0          0          1
T_world_lidar: 
  0.979801  0.0451797  -0.194807 -0.0305716
 -0.045127    0.99897 0.00471088   0.038933
  0.194819 0.00417531    0.98083  -0.150336
         0          0          0          1
v_world_imu: -0.0454237   -0.11805    0.76512
frame_286
id: 286
stamp: 1757574251.246627331
T_odom_lidar: 
  0.980909   0.045387  -0.189097 -0.0300375
-0.0450927   0.998966 0.00586042  0.0388136
  0.189167 0.00277834   0.981941  -0.155543
         0          0          0          1
T_world_lidar: 
  0.980909   0.045387  -0.189097 -0.0300375
-0.0450927   0.998966 0.00586042  0.0388136
  0.189167 0.00277834   0.981941  -0.155543
         0          0          0          1
v_world_imu: -0.0454237   -0.11805    0.76512
frame_287
id: 287
stamp: 1757574251.280613422
T_odom_lidar: 
  0.981064  0.0454512  -0.188276 -0.0286612
-0.0453503   0.998959 0.00484596   0.035826
    0.1883 0.00378415   0.982104  -0.154058
         0          0          0          1
T_world_lidar: 
  0.981064  0.0454512  -0.188276 -0.0286612
-0.0453503   0.998959 0.00484596   0.035826
    0.1883 0.00378415   0.982104  -0.154058
         0          0          0          1
v_world_imu: -0.0454237   -0.11805    0.76512
frame_288
id: 288
stamp: 1757574251.346891880
T_odom_lidar: 
  0.981033  0.0453218  -0.188469 -0.0273328
-0.0455048   0.998958 0.00335801  0.0332564
  0.188425 0.00528194   0.982073   -0.15159
         0          0          0          1
T_world_lidar: 
  0.981033  0.0453218  -0.188469 -0.0273328
-0.0455048   0.998958 0.00335801  0.0332564
  0.188425 0.00528194   0.982073   -0.15159
         0          0          0          1
v_world_imu: -0.0454237   -0.11805    0.76512
frame_289
id: 289
stamp: 1757574251.372095585
T_odom_lidar: 
  0.980854  0.0452961  -0.189404 -0.0295508
-0.0457601   0.998951 0.00192522  0.0301602
  0.189292 0.00677877   0.981897  -0.149582
         0          0          0          1
T_world_lidar: 
  0.980854  0.0452961  -0.189404 -0.0295508
-0.0457601   0.998951 0.00192522  0.0301602
  0.189292 0.00677877   0.981897  -0.149582
         0          0          0          1
v_world_imu: -0.0454237   -0.11805    0.76512
frame_290
id: 290
stamp: 1757574251.450469494
T_odom_lidar: 
  0.980546    0.04533  -0.190984 -0.0310931
-0.0459012   0.998945 0.00143425   0.031665
  0.190848 0.00736006   0.981592  -0.146972
         0          0          0          1
T_world_lidar: 
  0.980546    0.04533  -0.190984 -0.0310931
-0.0459012   0.998945 0.00143425   0.031665
  0.190848 0.00736006   0.981592  -0.146972
         0          0          0          1
v_world_imu: -0.0454237   -0.11805    0.76512
frame_291
id: 291
stamp: 1757574251.486406326
T_odom_lidar: 
  0.980882  0.0466288  -0.188933 -0.0328414
-0.0461282   0.998911  0.0070483  0.0294743
  0.189056  0.0018016   0.981965  -0.148391
         0          0          0          1
T_world_lidar: 
  0.980882  0.0466288  -0.188933 -0.0328414
-0.0461282   0.998911  0.0070483  0.0294743
  0.189056  0.0018016   0.981965  -0.148391
         0          0          0          1
v_world_imu: -0.0454237   -0.11805    0.76512
frame_292
id: 292
stamp: 1757574251.565623999
T_odom_lidar: 
  0.980763  0.0477508  -0.189272 -0.0288207
-0.0472411   0.998858 0.00720654  0.0293229
    0.1894  0.0018735   0.981898  -0.147868
         0          0          0          1
T_world_lidar: 
  0.980763  0.0477508  -0.189272 -0.0288207
-0.0472411   0.998858 0.00720654  0.0293229
    0.1894  0.0018735   0.981898  -0.147868
         0          0          0          1
v_world_imu: -0.0454237   -0.11805    0.76512
frame_293
id: 293
stamp: 1757574251.600956440
T_odom_lidar: 
  0.980822  0.0479622  -0.188912 -0.0291088
-0.0474746   0.998847 0.00710795  0.0273679
  0.189035  0.0019969   0.981968  -0.148942
         0          0          0          1
T_world_lidar: 
  0.980822  0.0479622  -0.188912 -0.0291088
-0.0474746   0.998847 0.00710795  0.0273679
  0.189035  0.0019969   0.981968  -0.148942
         0          0          0          1
v_world_imu: -0.0454237   -0.11805    0.76512
frame_294
id: 294
stamp: 1757574251.672437191
T_odom_lidar: 
  0.981029  0.0489147   -0.18759 -0.0231563
-0.0485224     0.9988 0.00668575  0.0257102
  0.187692 0.00254339   0.982225  -0.148926
         0          0          0          1
T_world_lidar: 
  0.981029  0.0489147   -0.18759 -0.0231563
-0.0485224     0.9988 0.00668575  0.0257102
  0.187692 0.00254339   0.982225  -0.148926
         0          0          0          1
v_world_imu: -0.0454237   -0.11805    0.76512
frame_295
id: 295
stamp: 1757574251.703325748
T_odom_lidar: 
  0.981219  0.0516058  -0.185865 -0.0205664
 -0.051365   0.998661 0.00611401  0.0193302
  0.185932 0.00354778   0.982556  -0.151475
         0          0          0          1
T_world_lidar: 
  0.981219  0.0516058  -0.185865 -0.0205664
 -0.051365   0.998661 0.00611401  0.0193302
  0.185932 0.00354778   0.982556  -0.151475
         0          0          0          1
v_world_imu: -0.0454237   -0.11805    0.76512
frame_296
id: 296
stamp: 1757574251.776676178
T_odom_lidar: 
  0.981551  0.0535226  -0.183556 -0.0170841
-0.0539628    0.99854 0.00259982  0.0148655
  0.183427 0.00735332   0.983006  -0.151819
         0          0          0          1
T_world_lidar: 
  0.981551  0.0535226  -0.183556 -0.0170841
-0.0539628    0.99854 0.00259982  0.0148655
  0.183427 0.00735332   0.983006  -0.151819
         0          0          0          1
v_world_imu: -0.0454237   -0.11805    0.76512
frame_297
id: 297
stamp: 1757574251.807846546
T_odom_lidar: 
   0.981544   0.0555416   -0.182992   -0.017099
 -0.0563136    0.998413 0.000979122   0.0102131
   0.182756   0.0093439    0.983114   -0.151272
          0           0           0           1
T_world_lidar: 
   0.981544   0.0555416   -0.182992   -0.017099
 -0.0563136    0.998413 0.000979122   0.0102131
   0.182756   0.0093439    0.983114   -0.151272
          0           0           0           1
v_world_imu: -0.0454237   -0.11805    0.76512
frame_298
id: 298
stamp: 1757574251.883556366
T_odom_lidar: 
   0.981213   0.0606334   -0.183151  -0.0123431
 -0.0615684    0.998103 0.000582195  0.00179217
   0.182839    0.010705    0.983085   -0.150169
          0           0           0           1
T_world_lidar: 
   0.981213   0.0606334   -0.183151  -0.0123431
 -0.0615684    0.998103 0.000582195  0.00179217
   0.182839    0.010705    0.983085   -0.150169
          0           0           0           1
v_world_imu: -0.0454237   -0.11805    0.76512
frame_299
id: 299
stamp: 1757574251.917442799
T_odom_lidar: 
    0.98079   0.0669622   -0.183212   -0.011953
 -0.0678785    0.997693  0.00127285 -0.00381438
   0.182874   0.0111877    0.983073   -0.149626
          0           0           0           1
T_world_lidar: 
    0.98079   0.0669622   -0.183212   -0.011953
 -0.0678785    0.997693  0.00127285 -0.00381438
   0.182874   0.0111877    0.983073   -0.149626
          0           0           0           1
v_world_imu: -0.0454237   -0.11805    0.76512
frame_300
id: 300
stamp: 1757574251.993296623
T_odom_lidar: 
   0.980207   0.0730677   -0.183997 -0.00993746
 -0.0738756    0.997264  0.00246993 -0.00873638
   0.183674   0.0111719    0.982924   -0.146813
          0           0           0           1
T_world_lidar: 
   0.980207   0.0730677   -0.183997 -0.00993746
 -0.0738756    0.997264  0.00246993 -0.00873638
   0.183674   0.0111719    0.982924   -0.146813
          0           0           0           1
v_world_imu: -0.0454237   -0.11805    0.76512
frame_301
id: 301
stamp: 1757574252.029752970
T_odom_lidar: 
   0.978592   0.0770549   -0.190841 -0.00710557
 -0.0777778    0.996964  0.00371119  0.00161425
   0.190547   0.0112114    0.981614   -0.139122
          0           0           0           1
T_world_lidar: 
   0.978592   0.0770549   -0.190841 -0.00710557
 -0.0777778    0.996964  0.00371119  0.00161425
   0.190547   0.0112114    0.981614   -0.139122
          0           0           0           1
v_world_imu: -0.0454237   -0.11805    0.76512
frame_302
id: 302
stamp: 1757574252.104711294
T_odom_lidar: 
   0.978158   0.0788121   -0.192342 -0.00787942
 -0.0795906    0.996821  0.00368763  0.00242169
   0.192021   0.0117015    0.981321   -0.139851
          0           0           0           1
T_world_lidar: 
   0.978158   0.0788121   -0.192342 -0.00787942
 -0.0795906    0.996821  0.00368763  0.00242169
   0.192021   0.0117015    0.981321   -0.139851
          0           0           0           1
v_world_imu: -0.0454237   -0.11805    0.76512
frame_303
id: 303
stamp: 1757574252.138016701
T_odom_lidar: 
   0.978219   0.0782527   -0.192261 -0.00850516
 -0.0790901    0.996862  0.00332722  0.00220378
   0.191918   0.0119511    0.981338   -0.141495
          0           0           0           1
T_world_lidar: 
   0.978219   0.0782527   -0.192261 -0.00850516
 -0.0790901    0.996862  0.00332722  0.00220378
   0.191918   0.0119511    0.981338   -0.141495
          0           0           0           1
v_world_imu: -0.0454237   -0.11805    0.76512
frame_304
id: 304
stamp: 1757574252.213560820
T_odom_lidar: 
   0.978241   0.0767186   -0.192768 -0.00851092
 -0.0776946    0.996974  0.00250308  0.00323492
   0.192376   0.0125284    0.981241    -0.14178
          0           0           0           1
T_world_lidar: 
   0.978241   0.0767186   -0.192768 -0.00851092
 -0.0776946    0.996974  0.00250308  0.00323492
   0.192376   0.0125284    0.981241    -0.14178
          0           0           0           1
v_world_imu: -0.0454237   -0.11805    0.76512
frame_305
id: 305
stamp: 1757574252.251639843
T_odom_lidar: 
  0.978484  0.0742998   -0.19248 -0.0107416
-0.0752196   0.997164  0.0025344 0.00682206
  0.192123  0.0119984   0.981298  -0.143221
         0          0          0          1
T_world_lidar: 
  0.978484  0.0742998   -0.19248 -0.0107416
-0.0752196   0.997164  0.0025344 0.00682206
  0.192123  0.0119984   0.981298  -0.143221
         0          0          0          1
v_world_imu: -0.0454237   -0.11805    0.76512
frame_306
id: 306
stamp: 1757574252.327994823
T_odom_lidar: 
  0.979647  0.0695802  -0.188285 -0.0111497
-0.0705493   0.997507 0.00155818  0.0119565
  0.187924  0.0117569   0.982113  -0.147708
         0          0          0          1
T_world_lidar: 
  0.979647  0.0695802  -0.188285 -0.0111497
-0.0705493   0.997507 0.00155818  0.0119565
  0.187924  0.0117569   0.982113  -0.147708
         0          0          0          1
v_world_imu: -0.0454237   -0.11805    0.76512
frame_307
id: 307
stamp: 1757574252.361753702
T_odom_lidar: 
  0.979983   0.065195  -0.188104 -0.0144588
-0.0660498   0.997815 0.00172687  0.0163394
  0.187805  0.0107319   0.982148  -0.147721
         0          0          0          1
T_world_lidar: 
  0.979983   0.065195  -0.188104 -0.0144588
-0.0660498   0.997815 0.00172687  0.0163394
  0.187805  0.0107319   0.982148  -0.147721
         0          0          0          1
v_world_imu: -0.0454237   -0.11805    0.76512
frame_308
id: 308
stamp: 1757574252.436804295
T_odom_lidar: 
  0.980369  0.0617108  -0.187263 -0.0108553
-0.0623681    0.99805  0.0023853  0.0220367
  0.187045 0.00934079   0.982307  -0.148778
         0          0          0          1
T_world_lidar: 
  0.980369  0.0617108  -0.187263 -0.0108553
-0.0623681    0.99805  0.0023853  0.0220367
  0.187045 0.00934079   0.982307  -0.148778
         0          0          0          1
v_world_imu: -0.0454237   -0.11805    0.76512
frame_309
id: 309
stamp: 1757574252.470029116
T_odom_lidar: 
   0.980703    0.062241   -0.185332 -0.00577836
 -0.0627623    0.998024  0.00305833   0.0204727
   0.185156  0.00863255    0.982671   -0.148822
          0           0           0           1
T_world_lidar: 
   0.980703    0.062241   -0.185332 -0.00577836
 -0.0627623    0.998024  0.00305833   0.0204727
   0.185156  0.00863255    0.982671   -0.148822
          0           0           0           1
v_world_imu: -0.0454237   -0.11805    0.76512
frame_310
id: 310
stamp: 1757574252.537603140
T_odom_lidar: 
  0.980928  0.0657715  -0.182908 0.00455202
-0.0664061   0.997789 0.00266013  0.0151598
  0.182679  0.0095368   0.983126  -0.147765
         0          0          0          1
T_world_lidar: 
  0.980928  0.0657715  -0.182908 0.00455202
-0.0664061   0.997789 0.00266013  0.0151598
  0.182679  0.0095368   0.983126  -0.147765
         0          0          0          1
v_world_imu: -0.0454237   -0.11805    0.76512
frame_311
id: 311
stamp: 1757574252.572306633
T_odom_lidar: 
  0.981766  0.0680365  -0.177501 0.00293619
-0.0683875    0.99765 0.00414715  0.0124434
  0.177366 0.00806732   0.984112  -0.142714
         0          0          0          1
T_world_lidar: 
  0.981766  0.0680365  -0.177501 0.00293619
-0.0683875    0.99765 0.00414715  0.0124434
  0.177366 0.00806732   0.984112  -0.142714
         0          0          0          1
v_world_imu: -0.0454237   -0.11805    0.76512
frame_312
id: 312
stamp: 1757574252.649271250
T_odom_lidar: 
  0.981789  0.0674864  -0.177583 0.00291086
-0.0676971   0.997694  0.0048795  0.0144082
  0.177503 0.00723119   0.984094   -0.14071
         0          0          0          1
T_world_lidar: 
  0.981789  0.0674864  -0.177583 0.00291086
-0.0676971   0.997694  0.0048795  0.0144082
  0.177503 0.00723119   0.984094   -0.14071
         0          0          0          1
v_world_imu: -0.0454237   -0.11805    0.76512
frame_313
id: 313
stamp: 1757574252.681552172
T_odom_lidar: 
    0.981792    0.0657323    -0.178223 -0.000893589
  -0.0656503     0.997822   0.00636427    0.0176695
    0.178253     0.005452      0.98397     -0.14135
           0            0            0            1
T_world_lidar: 
    0.981792    0.0657323    -0.178223 -0.000893589
  -0.0656503     0.997822   0.00636427    0.0176695
    0.178253     0.005452      0.98397     -0.14135
           0            0            0            1
v_world_imu: -0.0454237   -0.11805    0.76512
frame_314
id: 314
stamp: 1757574252.760267973
T_odom_lidar: 
   0.981836   0.0632672   -0.178873 -0.00399912
 -0.0628885     0.99799  0.00779292   0.0227966
   0.179007   0.0035977    0.983841   -0.142779
          0           0           0           1
T_world_lidar: 
   0.981836   0.0632672   -0.178873 -0.00399912
 -0.0628885     0.99799  0.00779292   0.0227966
   0.179007   0.0035977    0.983841   -0.142779
          0           0           0           1
v_world_imu: -0.0454237   -0.11805    0.76512
frame_315
id: 315
stamp: 1757574252.796251774
T_odom_lidar: 
   0.982212   0.0589928   -0.178267 -0.00523923
 -0.0585666    0.998254  0.00765661     0.02483
   0.178408  0.00292011    0.983952   -0.143161
          0           0           0           1
T_world_lidar: 
   0.982212   0.0589928   -0.178267 -0.00523923
 -0.0585666    0.998254  0.00765661     0.02483
   0.178408  0.00292011    0.983952   -0.143161
          0           0           0           1
v_world_imu: -0.0454237   -0.11805    0.76512
frame_316
id: 316
stamp: 1757574252.866758585
T_odom_lidar: 
    0.982702    0.0528778    -0.177486 -0.000396823
  -0.0525293     0.998597   0.00666539    0.0212784
    0.177589   0.00277312     0.984101     -0.14271
           0            0            0            1
T_world_lidar: 
    0.982702    0.0528778    -0.177486 -0.000396823
  -0.0525293     0.998597   0.00666539    0.0212784
    0.177589   0.00277312     0.984101     -0.14271
           0            0            0            1
v_world_imu: -0.0454237   -0.11805    0.76512
frame_317
id: 317
stamp: 1757574252.905755997
T_odom_lidar: 
    0.983584    0.0440182    -0.174997   0.00358938
  -0.0447901     0.998996 -0.000461897    0.0132634
    0.174801   0.00829246     0.984569     -0.13994
           0            0            0            1
T_world_lidar: 
    0.983584    0.0440182    -0.174997   0.00358938
  -0.0447901     0.998996 -0.000461897    0.0132634
    0.174801   0.00829246     0.984569     -0.13994
           0            0            0            1
v_world_imu: -0.0454237   -0.11805    0.76512
frame_318
id: 318
stamp: 1757574252.979544640
T_odom_lidar: 
   0.984455   0.0348948   -0.172137  0.00832991
 -0.0370619    0.999269 -0.00939014  0.00247108
   0.171683   0.0156239    0.985028   -0.135738
          0           0           0           1
T_world_lidar: 
   0.984455   0.0348948   -0.172137  0.00832991
 -0.0370619    0.999269 -0.00939014  0.00247108
   0.171683   0.0156239    0.985028   -0.135738
          0           0           0           1
v_world_imu: -0.0454237   -0.11805    0.76512
frame_319
id: 319
stamp: 1757574253.009905338
T_odom_lidar: 
  0.984702  0.0323802  -0.171213 0.00487349
-0.0355823   0.999244  -0.015666 0.00565625
  0.170576  0.0215185   0.985109  -0.133275
         0          0          0          1
T_world_lidar: 
  0.984702  0.0323802  -0.171213 0.00487349
-0.0355823   0.999244  -0.015666 0.00565625
  0.170576  0.0215185   0.985109  -0.133275
         0          0          0          1
v_world_imu: -0.0454237   -0.11805    0.76512
frame_320
id: 320
stamp: 1757574253.083991528
T_odom_lidar: 
  0.984753  0.0360042  -0.170191  0.0100552
-0.0391018   0.999124 -0.0148824 0.00773819
  0.169507  0.0213103   0.985299  -0.132379
         0          0          0          1
T_world_lidar: 
  0.984753  0.0360042  -0.170191  0.0100552
-0.0391018   0.999124 -0.0148824 0.00773819
  0.169507  0.0213103   0.985299  -0.132379
         0          0          0          1
v_world_imu: -0.0454237   -0.11805    0.76512
frame_321
id: 321
stamp: 1757574253.118867159
T_odom_lidar: 
  0.984939  0.0341037  -0.169507 0.00475084
-0.0376288   0.999136 -0.0176266 0.00925089
  0.168759  0.0237394   0.985371  -0.097018
         0          0          0          1
T_world_lidar: 
  0.984939  0.0341037  -0.169507 0.00475084
-0.0376288   0.999136 -0.0176266 0.00925089
  0.168759  0.0237394   0.985371  -0.097018
         0          0          0          1
v_world_imu: -0.0454237   -0.11805    0.76512
frame_322
id: 322
stamp: 1757574253.193562269
T_odom_lidar: 
  0.984721  0.0294381  -0.171632 0.00626144
-0.0319781   0.999416 -0.0120529  0.0141774
  0.171176  0.0173572   0.985087  -0.104359
         0          0          0          1
T_world_lidar: 
  0.984721  0.0294381  -0.171632 0.00626144
-0.0319781   0.999416 -0.0120529  0.0141774
  0.171176  0.0173572   0.985087  -0.104359
         0          0          0          1
v_world_imu: -0.0454237   -0.11805    0.76512
frame_323
id: 323
stamp: 1757574253.228485823
T_odom_lidar: 
   0.983737   0.0363179   -0.175907 -0.00730179
 -0.0380585    0.999254  -0.0065305   0.0270198
   0.175538    0.013119    0.984385    -0.11802
          0           0           0           1
T_world_lidar: 
   0.983737   0.0363179   -0.175907 -0.00730179
 -0.0380585    0.999254  -0.0065305   0.0270198
   0.175538    0.013119    0.984385    -0.11802
          0           0           0           1
v_world_imu: -0.0454237   -0.11805    0.76512
frame_324
id: 324
stamp: 1757574253.306032658
T_odom_lidar: 
  0.982333  0.0441537  -0.181859 -0.0183204
-0.0450675   0.998984 -0.0008934  0.0449912
  0.181635 0.00907357   0.983324  -0.137814
         0          0          0          1
T_world_lidar: 
  0.982333  0.0441537  -0.181859 -0.0183204
-0.0450675   0.998984 -0.0008934  0.0449912
  0.181635 0.00907357   0.983324  -0.137814
         0          0          0          1
v_world_imu: -0.0454237   -0.11805    0.76512
frame_325
id: 325
stamp: 1757574253.340727568
T_odom_lidar: 
  0.980207  0.0495707  -0.191668 -0.0318382
-0.0499738   0.998747 0.00273316  0.0438732
  0.191563 0.00689934   0.981456   -0.16193
         0          0          0          1
T_world_lidar: 
  0.980207  0.0495707  -0.191668 -0.0318382
-0.0499738   0.998747 0.00273316  0.0438732
  0.191563 0.00689934   0.981456   -0.16193
         0          0          0          1
v_world_imu: -0.0454237   -0.11805    0.76512
frame_326
id: 326
stamp: 1757574253.407656431
T_odom_lidar: 
   0.97778  0.0537421  -0.202626 -0.0456171
-0.0533099   0.998549 0.00759436  0.0464184
  0.202741 0.00337637   0.979227  -0.191814
         0          0          0          1
T_world_lidar: 
   0.97778  0.0537421  -0.202626 -0.0456171
-0.0533099   0.998549 0.00759436  0.0464184
  0.202741 0.00337637   0.979227  -0.191814
         0          0          0          1
v_world_imu: -0.0454237   -0.11805    0.76512
frame_327
id: 327
stamp: 1757574253.441469431
T_odom_lidar: 
  0.976592  0.0558628  -0.207721 -0.0487628
-0.0553493   0.998433 0.00828791  0.0456822
  0.207858  0.0034033   0.978153  -0.206291
         0          0          0          1
T_world_lidar: 
  0.976592  0.0558628  -0.207721 -0.0487628
-0.0553493   0.998433 0.00828791  0.0456822
  0.207858  0.0034033   0.978153  -0.206291
         0          0          0          1
v_world_imu: -0.0454237   -0.11805    0.76512
frame_328
id: 328
stamp: 1757574253.513924122
T_odom_lidar: 
  0.976427  0.0569492  -0.208201 -0.0444528
-0.0561919   0.998374 0.00955491  0.0470084
  0.208407 0.00236955   0.978039  -0.207923
         0          0          0          1
T_world_lidar: 
  0.976427  0.0569492  -0.208201 -0.0444528
-0.0561919   0.998374 0.00955491  0.0470084
  0.208407 0.00236955   0.978039  -0.207923
         0          0          0          1
v_world_imu: -0.0454237   -0.11805    0.76512
frame_329
id: 329
stamp: 1757574253.548197508
T_odom_lidar: 
  0.976777  0.0557663  -0.206874  -0.039981
-0.0553134   0.998437 0.00797727  0.0419309
  0.206996 0.00365091   0.978335  -0.196731
         0          0          0          1
T_world_lidar: 
  0.976777  0.0557663  -0.206874  -0.039981
-0.0553134   0.998437 0.00797727  0.0419309
  0.206996 0.00365091   0.978335  -0.196731
         0          0          0          1
v_world_imu: -0.0454237   -0.11805    0.76512
frame_330
id: 330
stamp: 1757574253.621917725
T_odom_lidar: 
  0.977674  0.0550312  -0.202794 -0.0249885
 -0.054571   0.998479 0.00786466  0.0431109
  0.202918 0.00337758    0.97919  -0.175232
         0          0          0          1
T_world_lidar: 
  0.977674  0.0550312  -0.202794 -0.0249885
 -0.054571   0.998479 0.00786466  0.0431109
  0.202918 0.00337758    0.97919  -0.175232
         0          0          0          1
v_world_imu: -0.0454237   -0.11805    0.76512
frame_331
id: 331
stamp: 1757574253.659327269
T_odom_lidar: 
  0.978049  0.0518194  -0.201828 -0.0299791
-0.0513449   0.998652 0.00758927  0.0318722
  0.201949 0.00294016   0.979392  -0.157901
         0          0          0          1
T_world_lidar: 
  0.978049  0.0518194  -0.201828 -0.0299791
-0.0513449   0.998652 0.00758927  0.0318722
  0.201949 0.00294016   0.979392  -0.157901
         0          0          0          1
v_world_imu: -0.0454237   -0.11805    0.76512
frame_332
id: 332
stamp: 1757574253.732212782
T_odom_lidar: 
  0.978825  0.0503571  -0.198409 -0.0210517
-0.0499089   0.998727 0.00726263   0.032661
  0.198522 0.00279351   0.980093  -0.151945
         0          0          0          1
T_world_lidar: 
  0.978825  0.0503571  -0.198409 -0.0210517
-0.0499089   0.998727 0.00726263   0.032661
  0.198522 0.00279351   0.980093  -0.151945
         0          0          0          1
v_world_imu: -0.0454237   -0.11805    0.76512
frame_333
id: 333
stamp: 1757574253.763607740
T_odom_lidar: 
  0.979581  0.0500082  -0.194732 -0.0179738
-0.0496289   0.998744  0.0068295  0.0317602
  0.194829 0.00297427   0.980833  -0.145326
         0          0          0          1
T_world_lidar: 
  0.979581  0.0500082  -0.194732 -0.0179738
-0.0496289   0.998744  0.0068295  0.0317602
  0.194829 0.00297427   0.980833  -0.145326
         0          0          0          1
v_world_imu: -0.0454237   -0.11805    0.76512
frame_334
id: 334
stamp: 1757574253.833316088
T_odom_lidar: 
   0.980105   0.0566257   -0.190232 -0.00119451
 -0.0564132    0.998386  0.00653699   0.0417439
   0.190296  0.00432467    0.981717   -0.135973
          0           0           0           1
T_world_lidar: 
   0.980105   0.0566257   -0.190232 -0.00119451
 -0.0564132    0.998386  0.00653699   0.0417439
   0.190296  0.00432467    0.981717   -0.135973
          0           0           0           1
v_world_imu: -0.0454237   -0.11805    0.76512
frame_335
id: 335
stamp: 1757574253.870068789
T_odom_lidar: 
  0.980173  0.0661449  -0.186779  0.0130294
-0.0663067   0.997785 0.00538779  0.0479384
  0.186722 0.00710377   0.982387  -0.125102
         0          0          0          1
T_world_lidar: 
  0.980173  0.0661449  -0.186779  0.0130294
-0.0663067   0.997785 0.00538779  0.0479384
  0.186722 0.00710377   0.982387  -0.125102
         0          0          0          1
v_world_imu: -0.0454237   -0.11805    0.76512
frame_336
id: 336
stamp: 1757574253.946544409
T_odom_lidar: 
   0.980562   0.0770226   -0.180459   0.0235303
 -0.0785617    0.996908 -0.00138643   0.0487938
   0.179795   0.0155367    0.983581   -0.131253
          0           0           0           1
T_world_lidar: 
   0.980562   0.0770226   -0.180459   0.0235303
 -0.0785617    0.996908 -0.00138643   0.0487938
   0.179795   0.0155367    0.983581   -0.131253
          0           0           0           1
v_world_imu: -0.0454237   -0.11805    0.76512
frame_337
id: 337
stamp: 1757574253.984097242
T_odom_lidar: 
   0.980223   0.0846195   -0.178891   0.0287381
 -0.0865196    0.996246 -0.00283231   0.0476458
    0.17798   0.0182539    0.983865   -0.126927
          0           0           0           1
T_world_lidar: 
   0.980223   0.0846195   -0.178891   0.0287381
 -0.0865196    0.996246 -0.00283231   0.0476458
    0.17798   0.0182539    0.983865   -0.126927
          0           0           0           1
v_world_imu: -0.0454237   -0.11805    0.76512
frame_338
id: 338
stamp: 1757574254.057097912
T_odom_lidar: 
   0.979655   0.0905372   -0.179107   0.0365281
 -0.0925715    0.995701 -0.00301572   0.0473368
   0.178064   0.0195346    0.983825   -0.123811
          0           0           0           1
T_world_lidar: 
   0.979655   0.0905372   -0.179107   0.0365281
 -0.0925715    0.995701 -0.00301572   0.0473368
   0.178064   0.0195346    0.983825   -0.123811
          0           0           0           1
v_world_imu: -0.0454237   -0.11805    0.76512
frame_339
id: 339
stamp: 1757574254.091731787
T_odom_lidar: 
   0.979162   0.0942392   -0.179891   0.0335499
 -0.0959966    0.995381 -0.00106895   0.0498271
    0.17896   0.0183156    0.983686   -0.127146
          0           0           0           1
T_world_lidar: 
   0.979162   0.0942392   -0.179891   0.0335499
 -0.0959966    0.995381 -0.00106895   0.0498271
    0.17896   0.0183156    0.983686   -0.127146
          0           0           0           1
v_world_imu: -0.0454237   -0.11805    0.76512
frame_340
id: 340
stamp: 1757574254.167070150
T_odom_lidar: 
  0.979003  0.0934567  -0.181158  0.0307687
-0.0946087   0.995512 0.00229059  0.0529521
  0.180559  0.0148966   0.983451  -0.132472
         0          0          0          1
T_world_lidar: 
  0.979003  0.0934567  -0.181158  0.0307687
-0.0946087   0.995512 0.00229059  0.0529521
  0.180559  0.0148966   0.983451  -0.132472
         0          0          0          1
v_world_imu: -0.0454237   -0.11805    0.76512
frame_341
id: 341
stamp: 1757574254.200848579
T_odom_lidar: 
  0.979661  0.0888934  -0.179893  0.0110815
-0.0889873   0.996004 0.00756444  0.0660291
  0.179847 0.00859764   0.983657  -0.142656
         0          0          0          1
T_world_lidar: 
  0.979661  0.0888934  -0.179893  0.0110815
-0.0889873   0.996004 0.00756444  0.0660291
  0.179847 0.00859764   0.983657  -0.142656
         0          0          0          1
v_world_imu: -0.0454237   -0.11805    0.76512
frame_342
id: 342
stamp: 1757574254.277851820
T_odom_lidar: 
  0.981052   0.072803  -0.179543 0.00797372
-0.0732316   0.997306 0.00424874  0.0466778
  0.179369    0.00898   0.983741  -0.139573
         0          0          0          1
T_world_lidar: 
  0.981052   0.072803  -0.179543 0.00797372
-0.0732316   0.997306 0.00424874  0.0466778
  0.179369    0.00898   0.983741  -0.139573
         0          0          0          1
v_world_imu: -0.0454237   -0.11805    0.76512
frame_343
id: 343
stamp: 1757574254.309728622
T_odom_lidar: 
   0.982037   0.0546692   -0.180594  0.00632732
 -0.0559038    0.998435 -0.00174965   0.0241742
   0.180216   0.0118141    0.983556   -0.135566
          0           0           0           1
T_world_lidar: 
   0.982037   0.0546692   -0.180594  0.00632732
 -0.0559038    0.998435 -0.00174965   0.0241742
   0.180216   0.0118141    0.983556   -0.135566
          0           0           0           1
v_world_imu: -0.0454237   -0.11805    0.76512
frame_344
id: 344
stamp: 1757574254.384993076
T_odom_lidar: 
   0.982267   0.0431216   -0.182459 -0.00401736
 -0.0455333    0.998922 -0.00904722  9.7898e-05
   0.181872   0.0171948    0.983172   -0.133581
          0           0           0           1
T_world_lidar: 
   0.982267   0.0431216   -0.182459 -0.00401736
 -0.0455333    0.998922 -0.00904722  9.7898e-05
   0.181872   0.0171948    0.983172   -0.133581
          0           0           0           1
v_world_imu: -0.0454237   -0.11805    0.76512
frame_345
id: 345
stamp: 1757574254.421249628
T_odom_lidar: 
  0.982868  0.0321703   -0.18148 0.00330193
-0.0355621   0.999248 -0.0154658 -0.0119395
  0.180846  0.0216546   0.983273  -0.126409
         0          0          0          1
T_world_lidar: 
  0.982868  0.0321703   -0.18148 0.00330193
-0.0355621   0.999248 -0.0154658 -0.0119395
  0.180846  0.0216546   0.983273  -0.126409
         0          0          0          1
v_world_imu: -0.0454237   -0.11805    0.76512
frame_346
id: 346
stamp: 1757574254.497643709
T_odom_lidar: 
  0.982779  0.0202728  -0.183671  0.0101009
-0.0242031   0.999523  -0.019182 -0.0340949
  0.183194   0.023297   0.982801  -0.113097
         0          0          0          1
T_world_lidar: 
  0.982779  0.0202728  -0.183671  0.0101009
-0.0242031   0.999523  -0.019182 -0.0340949
  0.183194   0.023297   0.982801  -0.113097
         0          0          0          1
v_world_imu: -0.0454237   -0.11805    0.76512
frame_347
id: 347
stamp: 1757574254.534945011
T_odom_lidar: 
   0.981837   0.0164661   -0.189011 -0.00520945
 -0.0203673    0.999617  -0.0187158  -0.0336842
   0.188631   0.0222255    0.981797   -0.124673
          0           0           0           1
T_world_lidar: 
   0.981837   0.0164661   -0.189011 -0.00520945
 -0.0203673    0.999617  -0.0187158  -0.0336842
   0.188631   0.0222255    0.981797   -0.124673
          0           0           0           1
v_world_imu: -0.0454237   -0.11805    0.76512
frame_348
id: 348
stamp: 1757574254.605619431
T_odom_lidar: 
  0.980813  0.0231551   -0.19357 -0.0246064
-0.0261686   0.999573 -0.0130257 -0.0179178
  0.193185  0.0178413      0.981  -0.138802
         0          0          0          1
T_world_lidar: 
  0.980813  0.0231551   -0.19357 -0.0246064
-0.0261686   0.999573 -0.0130257 -0.0179178
  0.193185  0.0178413      0.981  -0.138802
         0          0          0          1
v_world_imu: -0.0454237   -0.11805    0.76512
frame_349
id: 349
stamp: 1757574254.643694878
T_odom_lidar: 
   0.980389   0.0412504   -0.192708  -0.0329664
 -0.0431224    0.999055 -0.00552815   0.0236387
   0.192298   0.0137298    0.981241   -0.140313
          0           0           0           1
T_world_lidar: 
   0.980389   0.0412504   -0.192708  -0.0329664
 -0.0431224    0.999055 -0.00552815   0.0236387
   0.192298   0.0137298    0.981241   -0.140313
          0           0           0           1
v_world_imu: -0.0454237   -0.11805    0.76512
frame_350
id: 350
stamp: 1757574254.717950106
T_odom_lidar: 
    0.980192     0.051912    -0.191126   -0.0242757
  -0.0529314     0.998598 -0.000228218    0.0525825
    0.190847    0.0103403     0.981565    -0.139238
           0            0            0            1
T_world_lidar: 
    0.980192     0.051912    -0.191126   -0.0242757
  -0.0529314     0.998598 -0.000228218    0.0525825
    0.190847    0.0103403     0.981565    -0.139238
           0            0            0            1
v_world_imu: -0.0454237   -0.11805    0.76512
frame_351
id: 351
stamp: 1757574254.752565861
T_odom_lidar: 
  0.980091  0.0533936  -0.191232 -0.0278068
-0.0538513   0.998545 0.00280695  0.0552129
  0.191104 0.00754704   0.981541  -0.162764
         0          0          0          1
T_world_lidar: 
  0.980091  0.0533936  -0.191232 -0.0278068
-0.0538513   0.998545 0.00280695  0.0552129
  0.191104 0.00754704   0.981541  -0.162764
         0          0          0          1
v_world_imu: -0.0454237   -0.11805    0.76512
frame_352
id: 352
stamp: 1757574254.824995995
T_odom_lidar: 
  0.979391  0.0558794  -0.194088 -0.0346968
-0.0561036   0.998415 0.00434605  0.0666926
  0.194023 0.00663255   0.980974   -0.17769
         0          0          0          1
T_world_lidar: 
  0.979391  0.0558794  -0.194088 -0.0346968
-0.0561036   0.998415 0.00434605  0.0666926
  0.194023 0.00663255   0.980974   -0.17769
         0          0          0          1
v_world_imu: -0.0454237   -0.11805    0.76512
frame_353
id: 353
stamp: 1757574254.857121229
T_odom_lidar: 
  0.978006  0.0576789  -0.200441 -0.0437253
-0.0574005   0.998325 0.00720535  0.0630193
  0.200521 0.00445855   0.979679  -0.202058
         0          0          0          1
T_world_lidar: 
  0.978006  0.0576789  -0.200441 -0.0437253
-0.0574005   0.998325 0.00720535  0.0630193
  0.200521 0.00445855   0.979679  -0.202058
         0          0          0          1
v_world_imu: -0.0454237   -0.11805    0.76512
frame_354
id: 354
stamp: 1757574254.924708366
T_odom_lidar: 
   0.97654  0.0601201  -0.206773 -0.0547631
-0.0595061   0.998186 0.00919331  0.0702331
   0.20695  0.0033266   0.978346  -0.226315
         0          0          0          1
T_world_lidar: 
   0.97654  0.0601201  -0.206773 -0.0547631
-0.0595061   0.998186 0.00919331  0.0702331
   0.20695  0.0033266   0.978346  -0.226315
         0          0          0          1
v_world_imu: -0.0454237   -0.11805    0.76512
frame_355
id: 355
stamp: 1757574254.959663391
T_odom_lidar: 
  0.976217  0.0611587   -0.20799 -0.0564503
 -0.060601   0.998121 0.00905827  0.0669774
  0.208154 0.00376159   0.978089  -0.231397
         0          0          0          1
T_world_lidar: 
  0.976217  0.0611587   -0.20799 -0.0564503
 -0.060601   0.998121 0.00905827  0.0669774
  0.208154 0.00376159   0.978089  -0.231397
         0          0          0          1
v_world_imu: -0.0454237   -0.11805    0.76512
frame_356
id: 356
stamp: 1757574255.041571856
T_odom_lidar: 
  0.975771  0.0601873  -0.210355 -0.0505556
-0.0600934   0.998169 0.00684434  0.0504187
  0.210381 0.00596242   0.977601  -0.189666
         0          0          0          1
T_world_lidar: 
  0.975771  0.0601873  -0.210355 -0.0505556
-0.0600934   0.998169 0.00684434  0.0504187
  0.210381 0.00596242   0.977601  -0.189666
         0          0          0          1
v_world_imu: -0.0454237   -0.11805    0.76512
frame_357
id: 357
stamp: 1757574255.077322006
T_odom_lidar: 
   0.97686  0.0586787  -0.205675 -0.0440321
-0.0590718   0.998245 0.00423388  0.0443911
  0.205562 0.00801369   0.978611  -0.176434
         0          0          0          1
T_world_lidar: 
   0.97686  0.0586787  -0.205675 -0.0440321
-0.0590718   0.998245 0.00423388  0.0443911
  0.205562 0.00801369   0.978611  -0.176434
         0          0          0          1
v_world_imu: -0.0454237   -0.11805    0.76512
frame_358
id: 358
stamp: 1757574255.151792049
T_odom_lidar: 
  0.978184  0.0565299  -0.199901 -0.0322533
-0.0572042    0.99836 0.00240576  0.0445208
   0.19971 0.00908192   0.979813  -0.161185
         0          0          0          1
T_world_lidar: 
  0.978184  0.0565299  -0.199901 -0.0322533
-0.0572042    0.99836 0.00240576  0.0445208
   0.19971 0.00908192   0.979813  -0.161185
         0          0          0          1
v_world_imu: -0.0454237   -0.11805    0.76512
frame_359
id: 359
stamp: 1757574255.187354565
T_odom_lidar: 
  0.979417  0.0505809  -0.195407 -0.0296806
-0.0512672   0.998684 0.00154744  0.0416388
  0.195228 0.00850239   0.980721  -0.151526
         0          0          0          1
T_world_lidar: 
  0.979417  0.0505809  -0.195407 -0.0296806
-0.0512672   0.998684 0.00154744  0.0416388
  0.195228 0.00850239   0.980721  -0.151526
         0          0          0          1
v_world_imu: -0.0454237   -0.11805    0.76512
frame_360
id: 360
stamp: 1757574255.263876200
T_odom_lidar: 
   0.98042  0.0464909  -0.191351 -0.0197477
-0.0472994   0.998881 0.00034275  0.0383443
  0.191153 0.00871474   0.981522  -0.141769
         0          0          0          1
T_world_lidar: 
   0.98042  0.0464909  -0.191351 -0.0197477
-0.0472994   0.998881 0.00034275  0.0383443
  0.191153 0.00871474   0.981522  -0.141769
         0          0          0          1
v_world_imu: -0.0454237   -0.11805    0.76512
frame_361
id: 361
stamp: 1757574255.299737215
T_odom_lidar: 
   0.980839   0.0451979   -0.189503  -0.0135925
 -0.0458649    0.998947 0.000866707   0.0379395
   0.189343  0.00784143     0.98188   -0.135263
          0           0           0           1
T_world_lidar: 
   0.980839   0.0451979   -0.189503  -0.0135925
 -0.0458649    0.998947 0.000866707   0.0379395
   0.189343  0.00784143     0.98188   -0.135263
          0           0           0           1
v_world_imu: -0.0454237   -0.11805    0.76512
frame_362
id: 362
stamp: 1757574255.375307322
T_odom_lidar: 
    0.981115    0.0462345    -0.187816  -0.00746009
  -0.0471314     0.998889 -0.000310103    0.0376517
    0.187593   0.00915629     0.982204     -0.13183
           0            0            0            1
T_world_lidar: 
    0.981115    0.0462345    -0.187816  -0.00746009
  -0.0471314     0.998889 -0.000310103    0.0376517
    0.187593   0.00915629     0.982204     -0.13183
           0            0            0            1
v_world_imu: -0.0454237   -0.11805    0.76512
frame_363
id: 363
stamp: 1757574255.411961794
T_odom_lidar: 
   0.981155   0.0461974   -0.187618  -0.0125537
 -0.0472999     0.99888 -0.00140093   0.0344751
   0.187343   0.0102488    0.982241   -0.130437
          0           0           0           1
T_world_lidar: 
   0.981155   0.0461974   -0.187618  -0.0125537
 -0.0472999     0.99888 -0.00140093   0.0344751
   0.187343   0.0102488    0.982241   -0.130437
          0           0           0           1
v_world_imu: -0.0454237   -0.11805    0.76512
frame_364
id: 364
stamp: 1757574255.485317707
T_odom_lidar: 
   0.980901   0.0460184   -0.188987  -0.0160363
 -0.0471469    0.998887 -0.00147738   0.0353543
   0.188708   0.0103593    0.981979   -0.131902
          0           0           0           1
T_world_lidar: 
   0.980901   0.0460184   -0.188987  -0.0160363
 -0.0471469    0.998887 -0.00147738   0.0353543
   0.188708   0.0103593    0.981979   -0.131902
          0           0           0           1
v_world_imu: -0.0454237   -0.11805    0.76512
frame_365
id: 365
stamp: 1757574255.520621538
T_odom_lidar: 
   0.980428   0.0460588   -0.191415  -0.0230553
 -0.0471642    0.998886 -0.00122022   0.0337157
   0.191146   0.0102243    0.981508   -0.134677
          0           0           0           1
T_world_lidar: 
   0.980428   0.0460588   -0.191415  -0.0230553
 -0.0471642    0.998886 -0.00122022   0.0337157
   0.191146   0.0102243    0.981508   -0.134677
          0           0           0           1
v_world_imu: -0.0454237   -0.11805    0.76512
frame_366
id: 366
stamp: 1757574255.595979214
T_odom_lidar: 
  0.980651  0.0481616   -0.18975 -0.0251618
-0.0484231   0.998822 0.00326073  0.0349515
  0.189683 0.00599063   0.981827   -0.14418
         0          0          0          1
T_world_lidar: 
  0.980651  0.0481616   -0.18975 -0.0251618
-0.0484231   0.998822 0.00326073  0.0349515
  0.189683 0.00599063   0.981827   -0.14418
         0          0          0          1
v_world_imu: -0.0454237   -0.11805    0.76512
frame_367
id: 367
stamp: 1757574255.633347034
T_odom_lidar: 
  0.980666  0.0499548  -0.189204 -0.0240202
-0.0501627   0.998734 0.00369272  0.0341017
  0.189149 0.00586965   0.981931  -0.144459
         0          0          0          1
T_world_lidar: 
  0.980666  0.0499548  -0.189204 -0.0240202
-0.0501627   0.998734 0.00369272  0.0341017
  0.189149 0.00586965   0.981931  -0.144459
         0          0          0          1
v_world_imu: -0.0454237   -0.11805    0.76512
frame_368
id: 368
stamp: 1757574255.706636667
T_odom_lidar: 
  0.980631  0.0523547  -0.188739 -0.0179641
-0.0527834   0.998602 0.00275758   0.033052
  0.188619  0.0072581   0.982023  -0.142056
         0          0          0          1
T_world_lidar: 
  0.980631  0.0523547  -0.188739 -0.0179641
-0.0527834   0.998602 0.00275758   0.033052
  0.188619  0.0072581   0.982023  -0.142056
         0          0          0          1
v_world_imu: -0.0454237   -0.11805    0.76512
frame_369
id: 369
stamp: 1757574255.739241123
T_odom_lidar: 
  0.980881  0.0546079   -0.18679 -0.0133506
-0.0553401   0.998467 0.00129629   0.030368
  0.186574 0.00906546   0.982399  -0.139458
         0          0          0          1
T_world_lidar: 
  0.980881  0.0546079   -0.18679 -0.0133506
-0.0553401   0.998467 0.00129629   0.030368
  0.186574 0.00906546   0.982399  -0.139458
         0          0          0          1
v_world_imu: -0.0454237   -0.11805    0.76512
frame_370
id: 370
stamp: 1757574255.814149141
T_odom_lidar: 
    0.981344    0.0575401    -0.183447 -7.00626e-05
  -0.0586076     0.998281 -0.000398178    0.0297667
    0.183109    0.0111422     0.983029    -0.136247
           0            0            0            1
T_world_lidar: 
    0.981344    0.0575401    -0.183447 -7.00626e-05
  -0.0586076     0.998281 -0.000398178    0.0297667
    0.183109    0.0111422     0.983029    -0.136247
           0            0            0            1
v_world_imu: -0.0454237   -0.11805    0.76512
frame_371
id: 371
stamp: 1757574255.852516651
T_odom_lidar: 
   0.981888   0.0614432    -0.17922 -0.00296521
 -0.0630729    0.998003  -0.0034035   0.0310623
   0.178653   0.0146458    0.983803   -0.131032
          0           0           0           1
T_world_lidar: 
   0.981888   0.0614432    -0.17922 -0.00296521
 -0.0630729    0.998003  -0.0034035   0.0310623
   0.178653   0.0146458    0.983803   -0.131032
          0           0           0           1
v_world_imu: -0.0454237   -0.11805    0.76512
frame_372
id: 372
stamp: 1757574255.927691698
T_odom_lidar: 
   0.981897   0.0673054   -0.177054  0.00979934
  -0.068929    0.997617 -0.00302851   0.0354323
   0.176428   0.0151779    0.984196   -0.126816
          0           0           0           1
T_world_lidar: 
   0.981897   0.0673054   -0.177054  0.00979934
  -0.068929    0.997617 -0.00302851   0.0354323
   0.176428   0.0151779    0.984196   -0.126816
          0           0           0           1
v_world_imu: -0.0454237   -0.11805    0.76512
frame_373
id: 373
stamp: 1757574255.961080074
T_odom_lidar: 
   0.981589   0.0731702   -0.176436   0.0139164
 -0.0746021    0.997212 -0.00148719   0.0393962
   0.175835   0.0146223    0.984311   -0.126514
          0           0           0           1
T_world_lidar: 
   0.981589   0.0731702   -0.176436   0.0139164
 -0.0746021    0.997212 -0.00148719   0.0393962
   0.175835   0.0146223    0.984311   -0.126514
          0           0           0           1
v_world_imu: -0.0454237   -0.11805    0.76512
frame_374
id: 374
stamp: 1757574256.034604788
T_odom_lidar: 
  0.981226  0.0761237    -0.1772  0.0152759
-0.0771382    0.99702 0.00116693  0.0447316
  0.176761  0.0125239   0.984174  -0.129978
         0          0          0          1
T_world_lidar: 
  0.981226  0.0761237    -0.1772  0.0152759
-0.0771382    0.99702 0.00116693  0.0447316
  0.176761  0.0125239   0.984174  -0.129978
         0          0          0          1
v_world_imu: -0.0454237   -0.11805    0.76512
frame_375
id: 375
stamp: 1757574256.066512346
T_odom_lidar: 
  0.980797  0.0771623  -0.179116  0.0107595
-0.0775225   0.996978 0.00499827   0.047305
   0.17896  0.0089832   0.983815  -0.134704
         0          0          0          1
T_world_lidar: 
  0.980797  0.0771623  -0.179116  0.0107595
-0.0775225   0.996978 0.00499827   0.047305
   0.17896  0.0089832   0.983815  -0.134704
         0          0          0          1
v_world_imu: -0.0454237   -0.11805    0.76512
frame_376
id: 376
stamp: 1757574256.138856649
T_odom_lidar: 
  0.981526   0.069764  -0.178155 0.00196877
-0.0698127   0.997542 0.00600311  0.0551403
  0.178136 0.00654526   0.983984  -0.137849
         0          0          0          1
T_world_lidar: 
  0.981526   0.069764  -0.178155 0.00196877
-0.0698127   0.997542 0.00600311  0.0551403
  0.178136 0.00654526   0.983984  -0.137849
         0          0          0          1
v_world_imu: -0.0454237   -0.11805    0.76512
frame_377
id: 377
stamp: 1757574256.170431614
T_odom_lidar: 
  0.982472  0.0540474  -0.178405 0.00110175
-0.0546245   0.998506 0.00167974  0.0367124
   0.17823 0.00809501   0.983956     -0.137
         0          0          0          1
T_world_lidar: 
  0.982472  0.0540474  -0.178405 0.00110175
-0.0546245   0.998506 0.00167974  0.0367124
   0.17823 0.00809501   0.983956     -0.137
         0          0          0          1
v_world_imu: -0.0454237   -0.11805    0.76512
frame_378
id: 378
stamp: 1757574256.244858980
T_odom_lidar: 
   0.983112   0.0383642    -0.17894 -0.00265968
  -0.040249    0.999166 -0.00691347  0.00928141
   0.178525   0.0139989    0.983836   -0.131382
          0           0           0           1
T_world_lidar: 
   0.983112   0.0383642    -0.17894 -0.00265968
  -0.040249    0.999166 -0.00691347  0.00928141
   0.178525   0.0139989    0.983836   -0.131382
          0           0           0           1
v_world_imu: -0.0454237   -0.11805    0.76512
frame_379
id: 379
stamp: 1757574256.275722265
T_odom_lidar: 
   0.983335   0.0267075   -0.179829 -0.00504474
 -0.0298443    0.999446    -0.01476 -0.00668513
   0.179335   0.0198809    0.983587   -0.127991
          0           0           0           1
T_world_lidar: 
   0.983335   0.0267075   -0.179829 -0.00504474
 -0.0298443    0.999446    -0.01476 -0.00668513
   0.179335   0.0198809    0.983587   -0.127991
          0           0           0           1
v_world_imu: -0.0454237   -0.11805    0.76512
frame_380
id: 380
stamp: 1757574256.349379063
T_odom_lidar: 
  0.982832  0.0209382   -0.18331 -0.0138117
 -0.025065   0.999481 -0.0202245 -0.0216046
  0.182791   0.024472   0.982847  -0.130256
         0          0          0          1
T_world_lidar: 
  0.982832  0.0209382   -0.18331 -0.0138117
 -0.025065   0.999481 -0.0202245 -0.0216046
  0.182791   0.024472   0.982847  -0.130256
         0          0          0          1
v_world_imu: -0.0454237   -0.11805    0.76512
frame_381
id: 381
stamp: 1757574256.387979507
T_odom_lidar: 
   0.982072   0.0210581   -0.187324 -0.00700916
 -0.0265266    0.999291  -0.0267338  -0.0221047
   0.186628   0.0312236    0.981934   -0.112005
          0           0           0           1
T_world_lidar: 
   0.982072   0.0210581   -0.187324 -0.00700916
 -0.0265266    0.999291  -0.0267338  -0.0221047
   0.186628   0.0312236    0.981934   -0.112005
          0           0           0           1
v_world_imu: -0.0454237   -0.11805    0.76512
frame_382
id: 382
stamp: 1757574256.458793163
T_odom_lidar: 
   0.981201   0.0292733   -0.190755  -0.0186691
 -0.0341905    0.999161  -0.0225368 -0.00329978
   0.189936   0.0286351    0.981379   -0.124206
          0           0           0           1
T_world_lidar: 
   0.981201   0.0292733   -0.190755  -0.0186691
 -0.0341905    0.999161  -0.0225368 -0.00329978
   0.189936   0.0286351    0.981379   -0.124206
          0           0           0           1
v_world_imu: -0.0454237   -0.11805    0.76512
frame_383
id: 383
stamp: 1757574256.488220215
T_odom_lidar: 
  0.980426  0.0436447  -0.191988 -0.0265433
-0.0472834   0.998778 -0.0144102  0.0288584
  0.191124   0.023206   0.981292  -0.134074
         0          0          0          1
T_world_lidar: 
  0.980426  0.0436447  -0.191988 -0.0265433
-0.0472834   0.998778 -0.0144102  0.0288584
  0.191124   0.023206   0.981292  -0.134074
         0          0          0          1
v_world_imu: -0.0454237   -0.11805    0.76512
frame_384
id: 384
stamp: 1757574256.560560942
T_odom_lidar: 
   0.979761    0.061881   -0.190368  -0.0197407
 -0.0635156    0.997978 -0.00249105   0.0708195
   0.189829    0.014532     0.98171   -0.142546
          0           0           0           1
T_world_lidar: 
   0.979761    0.061881   -0.190368  -0.0197407
 -0.0635156    0.997978 -0.00249105   0.0708195
   0.189829    0.014532     0.98171   -0.142546
          0           0           0           1
v_world_imu: -0.0454237   -0.11805    0.76512
frame_385
id: 385
stamp: 1757574256.588620186
T_odom_lidar: 
  0.979195   0.070125  -0.190421   -0.02501
-0.0710478   0.997471   0.001985  0.0780393
  0.190079  0.0115853   0.981701  -0.152688
         0          0          0          1
T_world_lidar: 
  0.979195   0.070125  -0.190421   -0.02501
-0.0710478   0.997471   0.001985  0.0780393
  0.190079  0.0115853   0.981701  -0.152688
         0          0          0          1
v_world_imu: -0.0454237   -0.11805    0.76512
frame_386
id: 386
stamp: 1757574256.665766478
T_odom_lidar: 
  0.978496  0.0661934  -0.195355 -0.0205395
-0.0661466   0.997787  0.0067711  0.0781518
   0.19537 0.00629654   0.980709  -0.164025
         0          0          0          1
T_world_lidar: 
  0.978496  0.0661934  -0.195355 -0.0205395
-0.0661466   0.997787  0.0067711  0.0781518
   0.19537 0.00629654   0.980709  -0.164025
         0          0          0          1
v_world_imu: -0.0454237   -0.11805    0.76512
frame_387
id: 387
stamp: 1757574256.693876982
T_odom_lidar: 
  0.977732  0.0635306  -0.200009 -0.0290531
-0.0629048   0.997974 0.00948899  0.0646621
  0.200207 0.00330387   0.979748   -0.17991
         0          0          0          1
T_world_lidar: 
  0.977732  0.0635306  -0.200009 -0.0290531
-0.0629048   0.997974 0.00948899  0.0646621
  0.200207 0.00330387   0.979748   -0.17991
         0          0          0          1
v_world_imu: -0.0454237   -0.11805    0.76512
frame_388
id: 388
stamp: 1757574256.767521858
T_odom_lidar: 
  0.976643  0.0639192  -0.205142 -0.0408376
-0.0628788   0.997954  0.0115938  0.0680888
  0.205463 0.00157607   0.978664  -0.198676
         0          0          0          1
T_world_lidar: 
  0.976643  0.0639192  -0.205142 -0.0408376
-0.0628788   0.997954  0.0115938  0.0680888
  0.205463 0.00157607   0.978664  -0.198676
         0          0          0          1
v_world_imu: -0.0454237   -0.11805    0.76512
frame_389
id: 389
stamp: 1757574256.797034740
T_odom_lidar: 
   0.976223    0.063371   -0.207301  -0.0435424
 -0.0621878     0.99799    0.012226   0.0614607
   0.207659 0.000956299    0.978201    -0.20437
          0           0           0           1
T_world_lidar: 
   0.976223    0.063371   -0.207301  -0.0435424
 -0.0621878     0.99799    0.012226   0.0614607
   0.207659 0.000956299    0.978201    -0.20437
          0           0           0           1
v_world_imu: -0.0454237   -0.11805    0.76512
frame_390
id: 390
stamp: 1757574256.871461630
T_odom_lidar: 
   0.976418   0.0595945   -0.207501  -0.0429639
 -0.0584273    0.998222   0.0117545   0.0523439
   0.207833 0.000646451    0.978164   -0.202335
          0           0           0           1
T_world_lidar: 
   0.976418   0.0595945   -0.207501  -0.0429639
 -0.0584273    0.998222   0.0117545   0.0523439
   0.207833 0.000646451    0.978164   -0.202335
          0           0           0           1
v_world_imu: -0.0454237   -0.11805    0.76512
frame_391
id: 391
stamp: 1757574256.906088114
T_odom_lidar: 
    0.97653   0.0560352   -0.207965  -0.0379437
 -0.0545661    0.998428   0.0127984    0.039048
   0.208356 -0.00115019    0.978052   -0.185399
          0           0           0           1
T_world_lidar: 
    0.97653   0.0560352   -0.207965  -0.0379437
 -0.0545661    0.998428   0.0127984    0.039048
   0.208356 -0.00115019    0.978052   -0.185399
          0           0           0           1
v_world_imu: -0.0454237   -0.11805    0.76512
frame_392
id: 392
stamp: 1757574256.976155996
T_odom_lidar: 
   0.977371   0.0554836   -0.204126  -0.0321614
 -0.0544584    0.998459   0.0106405   0.0399503
   0.204402 0.000716695    0.978887   -0.173776
          0           0           0           1
T_world_lidar: 
   0.977371   0.0554836   -0.204126  -0.0321614
 -0.0544584    0.998459   0.0106405   0.0399503
   0.204402 0.000716695    0.978887   -0.173776
          0           0           0           1
v_world_imu: -0.0454237   -0.11805    0.76512
frame_393
id: 393
stamp: 1757574257.006549597
T_odom_lidar: 
  0.978505   0.053212  -0.199238 -0.0334169
-0.0525172   0.998581 0.00877386   0.036457
  0.199422 0.00187817   0.979912  -0.166154
         0          0          0          1
T_world_lidar: 
  0.978505   0.053212  -0.199238 -0.0334169
-0.0525172   0.998581 0.00877386   0.036457
  0.199422 0.00187817   0.979912  -0.166154
         0          0          0          1
v_world_imu: -0.0454237   -0.11805    0.76512
frame_394
id: 394
stamp: 1757574257.080110788
T_odom_lidar: 
  0.979985  0.0509824  -0.192435 -0.0166575
-0.0509537   0.998688 0.00510142  0.0324437
  0.192442 0.00480595   0.981296  -0.148896
         0          0          0          1
T_world_lidar: 
  0.979985  0.0509824  -0.192435 -0.0166575
-0.0509537   0.998688 0.00510142  0.0324437
  0.192442 0.00480595   0.981296  -0.148896
         0          0          0          1
v_world_imu: -0.0454237   -0.11805    0.76512
frame_395
id: 395
stamp: 1757574257.111663818
T_odom_lidar: 
  0.981264   0.049865  -0.186105 -0.0119067
-0.0502984   0.998731 0.00239524  0.0321877
  0.185988 0.00701042   0.982527  -0.137382
         0          0          0          1
T_world_lidar: 
  0.981264   0.049865  -0.186105 -0.0119067
-0.0502984   0.998731 0.00239524  0.0321877
  0.185988 0.00701042   0.982527  -0.137382
         0          0          0          1
v_world_imu: -0.0454237   -0.11805    0.76512
frame_396
id: 396
stamp: 1757574257.191452980
T_odom_lidar: 
  0.982456  0.0506156  -0.179493  0.0018233
-0.0510198   0.998695 0.00236667  0.0316754
  0.179379 0.00683255   0.983756   -0.13728
         0          0          0          1
T_world_lidar: 
  0.982456  0.0506156  -0.179493  0.0018233
-0.0510198   0.998695 0.00236667  0.0316754
  0.179379 0.00683255   0.983756   -0.13728
         0          0          0          1
v_world_imu: -0.0454237   -0.11805    0.76512
frame_397
id: 397
stamp: 1757574257.227707148
T_odom_lidar: 
  0.982607  0.0525118  -0.178121 -0.0010603
-0.0529299   0.998595 0.00240743  0.0319116
  0.177997 0.00706235   0.984006  -0.137597
         0          0          0          1
T_world_lidar: 
  0.982607  0.0525118  -0.178121 -0.0010603
-0.0529299   0.998595 0.00240743  0.0319116
  0.177997 0.00706235   0.984006  -0.137597
         0          0          0          1
v_world_imu: -0.0454237   -0.11805    0.76512
frame_398
id: 398
stamp: 1757574257.305034399
T_odom_lidar: 
    0.982355    0.0548964    -0.178786 -0.000837468
   -0.055578     0.998454   0.00119807    0.0322668
    0.178575   0.00875961     0.983887    -0.135604
           0            0            0            1
T_world_lidar: 
    0.982355    0.0548964    -0.178786 -0.000837468
   -0.055578     0.998454   0.00119807    0.0322668
    0.178575   0.00875961     0.983887    -0.135604
           0            0            0            1
v_world_imu: -0.0454237   -0.11805    0.76512
frame_399
id: 399
stamp: 1757574257.342579126
T_odom_lidar: 
   0.982126   0.0566455   -0.179498 -0.00412703
 -0.0574434    0.998348 0.000753974   0.0302861
   0.179244  0.00957045    0.983758   -0.135488
          0           0           0           1
T_world_lidar: 
   0.982126   0.0566455   -0.179498 -0.00412703
 -0.0574434    0.998348 0.000753974   0.0302861
   0.179244  0.00957045    0.983758   -0.135488
          0           0           0           1
v_world_imu: -0.0454237   -0.11805    0.76512
frame_400
id: 400
stamp: 1757574257.418688059
T_odom_lidar: 
   0.981657   0.0598293   -0.181027 -0.00159112
  -0.060671    0.998157 0.000889142   0.0316158
   0.180747   0.0101103    0.983478   -0.136255
          0           0           0           1
T_world_lidar: 
   0.981657   0.0598293   -0.181027 -0.00159112
  -0.060671    0.998157 0.000889142   0.0316158
   0.180747   0.0101103    0.983478   -0.136255
          0           0           0           1
v_world_imu: -0.0454237   -0.11805    0.76512
frame_401
id: 401
stamp: 1757574257.457047224
T_odom_lidar: 
   0.981454   0.0655351   -0.180146 -0.00220626
  -0.066824    0.997764  -0.0010883   0.0411697
   0.179672   0.0131062    0.983639   -0.128055
          0           0           0           1
T_world_lidar: 
   0.981454   0.0655351   -0.180146 -0.00220626
  -0.066824    0.997764  -0.0010883   0.0411697
   0.179672   0.0131062    0.983639   -0.128055
          0           0           0           1
v_world_imu: -0.0454237   -0.11805    0.76512
frame_402
id: 402
stamp: 1757574257.526720285
T_odom_lidar: 
   0.980824   0.0711784   -0.181434  0.00105928
 -0.0727921    0.997345 -0.00224217   0.0451862
   0.180793   0.0154061    0.983401   -0.127192
          0           0           0           1
T_world_lidar: 
   0.980824   0.0711784   -0.181434  0.00105928
 -0.0727921    0.997345 -0.00224217   0.0451862
   0.180793   0.0154061    0.983401   -0.127192
          0           0           0           1
v_world_imu: -0.0454237   -0.11805    0.76512
frame_403
id: 403
stamp: 1757574257.561780453
T_odom_lidar: 
    0.980276    0.0766798    -0.182153 -0.000417823
  -0.0783155     0.996927  -0.00179345    0.0490738
    0.181455    0.0160235     0.983269    -0.129862
           0            0            0            1
T_world_lidar: 
    0.980276    0.0766798    -0.182153 -0.000417823
  -0.0783155     0.996927  -0.00179345    0.0490738
    0.181455    0.0160235     0.983269    -0.129862
           0            0            0            1
v_world_imu: -0.0454237   -0.11805    0.76512
frame_404
id: 404
stamp: 1757574257.631241798
T_odom_lidar: 
    0.979762    0.0820138    -0.182593   0.00252504
  -0.0834982     0.996508 -0.000443684    0.0564216
    0.181919    0.0156809     0.983188    -0.131104
           0            0            0            1
T_world_lidar: 
    0.979762    0.0820138    -0.182593   0.00252504
  -0.0834982     0.996508 -0.000443684    0.0564216
    0.181919    0.0156809     0.983188    -0.131104
           0            0            0            1
v_world_imu: -0.0454237   -0.11805    0.76512
frame_405
id: 405
stamp: 1757574257.665328741
T_odom_lidar: 
   0.979314   0.0847226   -0.183755 0.000140352
 -0.0859224    0.996301  0.00143759   0.0552135
   0.183197   0.0143808    0.982971   -0.135665
          0           0           0           1
T_world_lidar: 
   0.979314   0.0847226   -0.183755 0.000140352
 -0.0859224    0.996301  0.00143759   0.0552135
   0.183197   0.0143808    0.982971   -0.135665
          0           0           0           1
v_world_imu: -0.0454237   -0.11805    0.76512
frame_406
id: 406
stamp: 1757574257.736397266
T_odom_lidar: 
   0.978683   0.0852406   -0.186853 -0.00550742
 -0.0867438    0.996231 0.000131854    0.066473
    0.18616   0.0160793    0.982388   -0.144775
          0           0           0           1
T_world_lidar: 
   0.978683   0.0852406   -0.186853 -0.00550742
 -0.0867438    0.996231 0.000131854    0.066473
    0.18616   0.0160793    0.982388   -0.144775
          0           0           0           1
v_world_imu: -0.0454237   -0.11805    0.76512
frame_407
id: 407
stamp: 1757574257.761868954
T_odom_lidar: 
  0.978713  0.0845458  -0.187009 -0.0110969
-0.0854772   0.996335 0.00309232  0.0652627
  0.186585  0.0129585   0.982353  -0.148608
         0          0          0          1
T_world_lidar: 
  0.978713  0.0845458  -0.187009 -0.0110969
-0.0854772   0.996335 0.00309232  0.0652627
  0.186585  0.0129585   0.982353  -0.148608
         0          0          0          1
v_world_imu: -0.0454237   -0.11805    0.76512
frame_408
id: 408
stamp: 1757574257.835114956
T_odom_lidar: 
   0.979436   0.0790292   -0.185634 -0.00455885
 -0.0794348    0.996826  0.00526333   0.0586073
   0.185461  0.00959072    0.982605   -0.148632
          0           0           0           1
T_world_lidar: 
   0.979436   0.0790292   -0.185634 -0.00455885
 -0.0794348    0.996826  0.00526333   0.0586073
   0.185461  0.00959072    0.982605   -0.148632
          0           0           0           1
v_world_imu: -0.0454237   -0.11805    0.76512
frame_409
id: 409
stamp: 1757574257.864678860
T_odom_lidar: 
    0.980985    0.0622544    -0.183829 -0.000123917
  -0.0629521     0.998014   0.00204424    0.0466739
    0.183591   0.00956702     0.982956    -0.139363
           0            0            0            1
T_world_lidar: 
    0.980985    0.0622544    -0.183829 -0.000123917
  -0.0629521     0.998014   0.00204424    0.0466739
    0.183591   0.00956702     0.982956    -0.139363
           0            0            0            1
v_world_imu: -0.0454237   -0.11805    0.76512
frame_410
id: 410
stamp: 1757574257.937938452
T_odom_lidar: 
   0.982176   0.0438417   -0.182778  0.00463222
  -0.045691    0.998938 -0.00591661   0.0185867
   0.182325   0.0141625    0.983136   -0.130306
          0           0           0           1
T_world_lidar: 
   0.982176   0.0438417   -0.182778  0.00463222
  -0.045691    0.998938 -0.00591661   0.0185867
   0.182325   0.0141625    0.983136   -0.130306
          0           0           0           1
v_world_imu: -0.0454237   -0.11805    0.76512
frame_411
id: 411
stamp: 1757574257.975275517
T_odom_lidar: 
  0.982905  0.0284446  -0.181904  0.0141281
-0.0313228   0.999425 -0.0129689 0.00493619
   0.18143  0.0184449   0.983231  -0.133481
         0          0          0          1
T_world_lidar: 
  0.982905  0.0284446  -0.181904  0.0141281
-0.0313228   0.999425 -0.0129689 0.00493619
   0.18143  0.0184449   0.983231  -0.133481
         0          0          0          1
v_world_imu: -0.0454237   -0.11805    0.76512
frame_412
id: 412
stamp: 1757574258.049637318
T_odom_lidar: 
  0.983335  0.0126796  -0.181361  0.0143227
-0.0168094   0.999633 -0.0212523 -0.0181892
  0.181025  0.0239467   0.983187  -0.128293
         0          0          0          1
T_world_lidar: 
  0.983335  0.0126796  -0.181361  0.0143227
-0.0168094   0.999633 -0.0212523 -0.0181892
  0.181025  0.0239467   0.983187  -0.128293
         0          0          0          1
v_world_imu: -0.0454237   -0.11805    0.76512
frame_413
id: 413
stamp: 1757574258.078369379
T_odom_lidar: 
   0.983008  0.00434905   -0.183514   0.0116358
-0.00884049    0.999681  -0.0236637  -0.0220535
   0.183352   0.0248839    0.982732   -0.129365
          0           0           0           1
T_world_lidar: 
   0.983008  0.00434905   -0.183514   0.0116358
-0.00884049    0.999681  -0.0236637  -0.0220535
   0.183352   0.0248839    0.982732   -0.129365
          0           0           0           1
v_world_imu: -0.0454237   -0.11805    0.76512
frame_414
id: 414
stamp: 1757574258.144797564
T_odom_lidar: 
   0.981962  0.00400751   -0.189036 -0.00689065
-0.00817195    0.999741  -0.0212556  -0.0215594
   0.188902    0.022417     0.98174   -0.140072
          0           0           0           1
T_world_lidar: 
   0.981962  0.00400751   -0.189036 -0.00689065
-0.00817195    0.999741  -0.0212556  -0.0215594
   0.188902    0.022417     0.98174   -0.140072
          0           0           0           1
v_world_imu: -0.0454237   -0.11805    0.76512
frame_415
id: 415
stamp: 1757574258.179641962
T_odom_lidar: 
   0.980894    0.015653   -0.193911  -0.0210562
 -0.0186948    0.999729  -0.0138669 -0.00623146
   0.193642   0.0172271    0.980921   -0.151887
          0           0           0           1
T_world_lidar: 
   0.980894    0.015653   -0.193911  -0.0210562
 -0.0186948    0.999729  -0.0138669 -0.00623146
   0.193642   0.0172271    0.980921   -0.151887
          0           0           0           1
v_world_imu: -0.0454237   -0.11805    0.76512
frame_416
id: 416
stamp: 1757574258.244660616
T_odom_lidar: 
    0.97893    0.037964   -0.200636   -0.035411
 -0.0395464     0.99921 -0.00388348   0.0170543
   0.200331   0.0117361    0.979658   -0.143515
          0           0           0           1
T_world_lidar: 
    0.97893    0.037964   -0.200636   -0.035411
 -0.0395464     0.99921 -0.00388348   0.0170543
   0.200331   0.0117361    0.979658   -0.143515
          0           0           0           1
v_world_imu: -0.0454237   -0.11805    0.76512
frame_417
id: 417
stamp: 1757574258.276285887
T_odom_lidar: 
  0.978433  0.0540256  -0.199373 -0.0454182
-0.0536206   0.998534 0.00743407  0.0511462
  0.199482 0.00341677   0.979895  -0.154343
         0          0          0          1
T_world_lidar: 
  0.978433  0.0540256  -0.199373 -0.0454182
-0.0536206   0.998534 0.00743407  0.0511462
  0.199482 0.00341677   0.979895  -0.154343
         0          0          0          1
v_world_imu: -0.0454237   -0.11805    0.76512
frame_418
id: 418
stamp: 1757574258.348818302
T_odom_lidar: 
   0.978212   0.0542544   -0.200396  -0.0349386
 -0.0528511    0.998526   0.0123502   0.0547337
   0.200771 -0.00148997    0.979637   -0.159325
          0           0           0           1
T_world_lidar: 
   0.978212   0.0542544   -0.200396  -0.0349386
 -0.0528511    0.998526   0.0123502   0.0547337
   0.200771 -0.00148997    0.979637   -0.159325
          0           0           0           1
v_world_imu: -0.0454237   -0.11805    0.76512
frame_419
id: 419
stamp: 1757574258.378399372
T_odom_lidar: 
   0.977911   0.0541522   -0.201883  -0.0402888
  -0.052394    0.998528   0.0140467    0.051737
   0.202346 -0.00315901    0.979309   -0.167681
          0           0           0           1
T_world_lidar: 
   0.977911   0.0541522   -0.201883  -0.0402888
  -0.052394    0.998528   0.0140467    0.051737
   0.202346 -0.00315901    0.979309   -0.167681
          0           0           0           1
v_world_imu: -0.0454237   -0.11805    0.76512
frame_420
id: 420
stamp: 1757574258.449689150
T_odom_lidar: 
   0.976696   0.0564606   -0.207069  -0.0513442
 -0.0545015    0.998399   0.0151581   0.0596045
   0.207593 -0.00351933    0.978209   -0.182807
          0           0           0           1
T_world_lidar: 
   0.976696   0.0564606   -0.207069  -0.0513442
 -0.0545015    0.998399   0.0151581   0.0596045
   0.207593 -0.00351933    0.978209   -0.182807
          0           0           0           1
v_world_imu: -0.0454237   -0.11805    0.76512
frame_421
id: 421
stamp: 1757574258.482839584
T_odom_lidar: 
    0.975777    0.0575509     -0.21106   -0.0576901
  -0.0561154     0.998342    0.0127895    0.0546303
    0.211446 -0.000636001     0.977389    -0.172449
           0            0            0            1
T_world_lidar: 
    0.975777    0.0575509     -0.21106   -0.0576901
  -0.0561154     0.998342    0.0127895    0.0546303
    0.211446 -0.000636001     0.977389    -0.172449
           0            0            0            1
v_world_imu: -0.0454237   -0.11805    0.76512
frame_422
id: 422
stamp: 1757574258.556904793
T_odom_lidar: 
  0.975134  0.0579322  -0.213909 -0.0633031
-0.0570182   0.998318  0.0104456  0.0526177
  0.214155 0.00201086   0.976798  -0.174493
         0          0          0          1
T_world_lidar: 
  0.975134  0.0579322  -0.213909 -0.0633031
-0.0570182   0.998318  0.0104456  0.0526177
  0.214155 0.00201086   0.976798  -0.174493
         0          0          0          1
v_world_imu: -0.0454237   -0.11805    0.76512
frame_423
id: 423
stamp: 1757574258.589690685
T_odom_lidar: 
  0.974837  0.0576607  -0.215331 -0.0663809
-0.0571625   0.998328 0.00854571  0.0484989
  0.215464 0.00397818   0.976504   -0.17737
         0          0          0          1
T_world_lidar: 
  0.974837  0.0576607  -0.215331 -0.0663809
-0.0571625   0.998328 0.00854571  0.0484989
  0.215464 0.00397818   0.976504   -0.17737
         0          0          0          1
v_world_imu: -0.0454237   -0.11805    0.76512
frame_424
id: 424
stamp: 1757574258.664152384
T_odom_lidar: 
  0.975094  0.0564135  -0.214497 -0.0605196
-0.0561518   0.998395 0.00731783  0.0454861
  0.214566 0.00490883   0.976697  -0.174205
         0          0          0          1
T_world_lidar: 
  0.975094  0.0564135  -0.214497 -0.0605196
-0.0561518   0.998395 0.00731783  0.0454861
  0.214566 0.00490883   0.976697  -0.174205
         0          0          0          1
v_world_imu: -0.0454237   -0.11805    0.76512
frame_425
id: 425
stamp: 1757574258.692318916
T_odom_lidar: 
  0.975864  0.0535638  -0.211706 -0.0571482
-0.0534054   0.998552 0.00647024  0.0410096
  0.211746 0.00499219   0.977312  -0.169378
         0          0          0          1
T_world_lidar: 
  0.975864  0.0535638  -0.211706 -0.0571482
-0.0534054   0.998552 0.00647024  0.0410096
  0.211746 0.00499219   0.977312  -0.169378
         0          0          0          1
v_world_imu: -0.0454237   -0.11805    0.76512
frame_426
id: 426
stamp: 1757574258.764180422
T_odom_lidar: 
  0.976886  0.0495687  -0.207933 -0.0495283
 -0.049433    0.99876 0.00585159  0.0372655
  0.207965 0.00456243   0.978126  -0.156109
         0          0          0          1
T_world_lidar: 
  0.976886  0.0495687  -0.207933 -0.0495283
 -0.049433    0.99876 0.00585159  0.0372655
  0.207965 0.00456243   0.978126  -0.156109
         0          0          0          1
v_world_imu: -0.0454237   -0.11805    0.76512
frame_427
id: 427
stamp: 1757574258.801406145
T_odom_lidar: 
   0.97805  0.0472485  -0.202945 -0.0435707
-0.0471798   0.998873 0.00517888  0.0364024
  0.202961 0.00450969   0.979177  -0.151471
         0          0          0          1
T_world_lidar: 
   0.97805  0.0472485  -0.202945 -0.0435707
-0.0471798   0.998873 0.00517888  0.0364024
  0.202961 0.00450969   0.979177  -0.151471
         0          0          0          1
v_world_imu: -0.0454237   -0.11805    0.76512
frame_428
id: 428
stamp: 1757574258.882761955
T_odom_lidar: 
  0.978999  0.0453531  -0.198755 -0.0308305
-0.0452884   0.998962 0.00487403  0.0366896
   0.19877 0.00422962   0.980037  -0.145526
         0          0          0          1
T_world_lidar: 
  0.978999  0.0453531  -0.198755 -0.0308305
-0.0452884   0.998962 0.00487403  0.0366896
   0.19877 0.00422962   0.980037  -0.145526
         0          0          0          1
v_world_imu: -0.0454237   -0.11805    0.76512
frame_429
id: 429
stamp: 1757574258.916035652
T_odom_lidar: 
  0.979712  0.0445771  -0.195389 -0.0283536
-0.0446695   0.998994  0.0039359  0.0346578
  0.195368 0.00487186   0.980718  -0.141176
         0          0          0          1
T_world_lidar: 
  0.979712  0.0445771  -0.195389 -0.0283536
-0.0446695   0.998994  0.0039359  0.0346578
  0.195368 0.00487186   0.980718  -0.141176
         0          0          0          1
v_world_imu: -0.0454237   -0.11805    0.76512
frame_430
id: 430
stamp: 1757574258.996240854
T_odom_lidar: 
  0.980371  0.0445092  -0.192071 -0.0157511
-0.0447064   0.998995 0.00330889  0.0367386
  0.192025 0.00534286   0.981375  -0.134933
         0          0          0          1
T_world_lidar: 
  0.980371  0.0445092  -0.192071 -0.0157511
-0.0447064   0.998995 0.00330889  0.0367386
  0.192025 0.00534286   0.981375  -0.134933
         0          0          0          1
v_world_imu: -0.0454237   -0.11805    0.76512
frame_431
id: 431
stamp: 1757574259.033032894
T_odom_lidar: 
  0.981641  0.0459622  -0.185115 -0.0193485
-0.0459107   0.998935 0.00456667  0.0308065
  0.185128 0.00401595   0.982706  -0.144327
         0          0          0          1
T_world_lidar: 
  0.981641  0.0459622  -0.185115 -0.0193485
-0.0459107   0.998935 0.00456667  0.0308065
  0.185128 0.00401595   0.982706  -0.144327
         0          0          0          1
v_world_imu: -0.0454237   -0.11805    0.76512
frame_432
id: 432
stamp: 1757574259.105876923
T_odom_lidar: 
   0.98175  0.0453213  -0.184699 -0.0171184
-0.0455015   0.998959 0.00326551  0.0294919
  0.184655 0.00519815    0.98279  -0.142533
         0          0          0          1
T_world_lidar: 
   0.98175  0.0453213  -0.184699 -0.0171184
-0.0455015   0.998959 0.00326551  0.0294919
  0.184655 0.00519815    0.98279  -0.142533
         0          0          0          1
v_world_imu: -0.0454237   -0.11805    0.76512
frame_433
id: 433
stamp: 1757574259.141970634
T_odom_lidar: 
  0.981743  0.0460737  -0.184546 -0.0164267
-0.0463522   0.998921  0.0028071  0.0283752
  0.184476 0.00579825    0.98282  -0.141707
         0          0          0          1
T_world_lidar: 
  0.981743  0.0460737  -0.184546 -0.0164267
-0.0463522   0.998921  0.0028071  0.0283752
  0.184476 0.00579825    0.98282  -0.141707
         0          0          0          1
v_world_imu: -0.0454237   -0.11805    0.76512
frame_434
id: 434
stamp: 1757574259.215371370
T_odom_lidar: 
  0.981769  0.0465737  -0.184282 -0.0138633
-0.0470245   0.998892 0.00192569  0.0284039
  0.184167 0.00677517   0.982872  -0.139831
         0          0          0          1
T_world_lidar: 
  0.981769  0.0465737  -0.184282 -0.0138633
-0.0470245   0.998892 0.00192569  0.0284039
  0.184167 0.00677517   0.982872  -0.139831
         0          0          0          1
v_world_imu: -0.0454237   -0.11805    0.76512
frame_435
id: 435
stamp: 1757574259.251966953
T_odom_lidar: 
  0.981729  0.0463171  -0.184559 -0.0156697
 -0.046898   0.998899 0.00121891  0.0265338
  0.184413 0.00745883   0.982821  -0.140992
         0          0          0          1
T_world_lidar: 
  0.981729  0.0463171  -0.184559 -0.0156697
 -0.046898   0.998899 0.00121891  0.0265338
  0.184413 0.00745883   0.982821  -0.140992
         0          0          0          1
v_world_imu: -0.0454237   -0.11805    0.76512
frame_436
id: 436
stamp: 1757574259.327533007
T_odom_lidar: 
   0.981765   0.0452772    -0.18463  -0.0208481
 -0.0464876    0.998916 -0.00223012   0.0315469
   0.184329   0.0107724    0.982806   -0.140081
          0           0           0           1
T_world_lidar: 
   0.981765   0.0452772    -0.18463  -0.0208481
 -0.0464876    0.998916 -0.00223012   0.0315469
   0.184329   0.0107724    0.982806   -0.140081
          0           0           0           1
v_world_imu: -0.0454237   -0.11805    0.76512
frame_437
id: 437
stamp: 1757574259.364271641
T_odom_lidar: 
   0.981829   0.0450848   -0.184334  -0.0202419
 -0.0462738    0.998926 -0.00215117   0.0314254
   0.184039   0.0106419    0.982861   -0.141299
          0           0           0           1
T_world_lidar: 
   0.981829   0.0450848   -0.184334  -0.0202419
 -0.0462738    0.998926 -0.00215117   0.0314254
   0.184039   0.0106419    0.982861   -0.141299
          0           0           0           1
v_world_imu: -0.0454237   -0.11805    0.76512
frame_438
id: 438
stamp: 1757574259.431073427
T_odom_lidar: 
   0.981791   0.0447184   -0.184627  -0.0193258
 -0.0460073    0.998937 -0.00270102   0.0315535
    0.18431    0.011146    0.982805   -0.141421
          0           0           0           1
T_world_lidar: 
   0.981791   0.0447184   -0.184627  -0.0193258
 -0.0460073    0.998937 -0.00270102   0.0315535
    0.18431    0.011146    0.982805   -0.141421
          0           0           0           1
v_world_imu: -0.0454237   -0.11805    0.76512
frame_439
id: 439
stamp: 1757574259.460289717
T_odom_lidar: 
  0.981871  0.0444989  -0.184255 -0.0217484
-0.0457896   0.998947 -0.0027541  0.0307797
  0.183939  0.0111412   0.982875  -0.142478
         0          0          0          1
T_world_lidar: 
  0.981871  0.0444989  -0.184255 -0.0217484
-0.0457896   0.998947 -0.0027541  0.0307797
  0.183939  0.0111412   0.982875  -0.142478
         0          0          0          1
v_world_imu: -0.0454237   -0.11805    0.76512
frame_440
id: 440
stamp: 1757574259.530283689
T_odom_lidar: 
   0.981811   0.0452629   -0.184385  -0.0186308
 -0.0464518    0.998918 -0.00213142   0.0344048
   0.184089   0.0106577    0.982852   -0.142804
          0           0           0           1
T_world_lidar: 
   0.981811   0.0452629   -0.184385  -0.0186308
 -0.0464518    0.998918 -0.00213142   0.0344048
   0.184089   0.0106577    0.982852   -0.142804
          0           0           0           1
v_world_imu: -0.0454237   -0.11805    0.76512
frame_441
id: 441
stamp: 1757574259.567004681
T_odom_lidar: 
   0.981505    0.047471   -0.185457  -0.0203115
 -0.0491007    0.998785 -0.00420211   0.0335134
   0.185032   0.0132305    0.982643   -0.141069
          0           0           0           1
T_world_lidar: 
   0.981505    0.047471   -0.185457  -0.0203115
 -0.0491007    0.998785 -0.00420211   0.0335134
   0.185032   0.0132305    0.982643   -0.141069
          0           0           0           1
v_world_imu: -0.0454237   -0.11805    0.76512
frame_442
id: 442
stamp: 1757574259.640609026
T_odom_lidar: 
  0.981319  0.0516596   -0.18532 -0.0155704
-0.0533084    0.99857 -0.0039219  0.0388815
  0.184852  0.0137277    0.98267   -0.14063
         0          0          0          1
T_world_lidar: 
  0.981319  0.0516596   -0.18532 -0.0155704
-0.0533084    0.99857 -0.0039219  0.0388815
  0.184852  0.0137277    0.98267   -0.14063
         0          0          0          1
v_world_imu: -0.0454237   -0.11805    0.76512
frame_443
id: 443
stamp: 1757574259.670959711
T_odom_lidar: 
   0.980942   0.0570664   -0.185729  -0.0149916
  -0.058839    0.998259 -0.00404132   0.0391761
   0.185175   0.0148924    0.982593   -0.141537
          0           0           0           1
T_world_lidar: 
   0.980942   0.0570664   -0.185729  -0.0149916
  -0.058839    0.998259 -0.00404132   0.0391761
   0.185175   0.0148924    0.982593   -0.141537
          0           0           0           1
v_world_imu: -0.0454237   -0.11805    0.76512
frame_444
id: 444
stamp: 1757574259.740358591
T_odom_lidar: 
   0.980395     0.06451   -0.186185 -0.00849335
  -0.066307    0.997793 -0.00343429   0.0427809
   0.185553   0.0157124    0.982509   -0.142027
          0           0           0           1
T_world_lidar: 
   0.980395     0.06451   -0.186185 -0.00849335
  -0.066307    0.997793 -0.00343429   0.0427809
   0.185553   0.0157124    0.982509   -0.142027
          0           0           0           1
v_world_imu: -0.0454237   -0.11805    0.76512
frame_445
id: 445
stamp: 1757574259.778153419
T_odom_lidar: 
   0.979603   0.0738127   -0.186893 -0.00664331
  -0.075634    0.997132 -0.00262329   0.0459405
   0.186163   0.0167052    0.982377   -0.142723
          0           0           0           1
T_world_lidar: 
   0.979603   0.0738127   -0.186893 -0.00664331
  -0.075634    0.997132 -0.00262329   0.0459405
   0.186163   0.0167052    0.982377   -0.142723
          0           0           0           1
v_world_imu: -0.0454237   -0.11805    0.76512
frame_446
id: 446
stamp: 1757574259.855361462
T_odom_lidar: 
   0.978966   0.0821063   -0.186775  -0.0129798
 -0.0842147    0.996442 -0.00336811   0.0621623
   0.185833   0.0190264    0.982397   -0.150903
          0           0           0           1
T_world_lidar: 
   0.978966   0.0821063   -0.186775  -0.0129798
 -0.0842147    0.996442 -0.00336811   0.0621623
   0.185833   0.0190264    0.982397   -0.150903
          0           0           0           1
v_world_imu: -0.0454237   -0.11805    0.76512
frame_447
id: 447
stamp: 1757574259.889193773
T_odom_lidar: 
   0.978275   0.0879244    -0.18774  -0.0144195
 -0.0900495    0.995933 -0.00280332   0.0632879
    0.18673   0.0196483    0.982215   -0.154501
          0           0           0           1
T_world_lidar: 
   0.978275   0.0879244    -0.18774  -0.0144195
 -0.0900495    0.995933 -0.00280332   0.0632879
    0.18673   0.0196483    0.982215   -0.154501
          0           0           0           1
v_world_imu: -0.0454237   -0.11805    0.76512
frame_448
id: 448
stamp: 1757574259.959656000
T_odom_lidar: 
   0.977858    0.093581   -0.187181 -0.00532007
 -0.0957452    0.995403 -0.00253456   0.0678262
   0.186083   0.0204001    0.982322   -0.152779
          0           0           0           1
T_world_lidar: 
   0.977858    0.093581   -0.187181 -0.00532007
 -0.0957452    0.995403 -0.00253456   0.0678262
   0.186083   0.0204001    0.982322   -0.152779
          0           0           0           1
v_world_imu: -0.0454237   -0.11805    0.76512
frame_449
id: 449
stamp: 1757574259.993378401
T_odom_lidar: 
   0.977253    0.103707   -0.184992   0.0011214
  -0.106168    0.994342 -0.00342372   0.0724543
    0.18359   0.0229861    0.982734   -0.147779
          0           0           0           1
T_world_lidar: 
   0.977253    0.103707   -0.184992   0.0011214
  -0.106168    0.994342 -0.00342372   0.0724543
    0.18359   0.0229861    0.982734   -0.147779
          0           0           0           1
v_world_imu: -0.0454237   -0.11805    0.76512
frame_450
id: 450
stamp: 1757574260.069031239
T_odom_lidar: 
   0.976626    0.110788   -0.184196   0.0108898
  -0.113553    0.993522 -0.00449761   0.0735088
   0.182505   0.0253086    0.982879   -0.144932
          0           0           0           1
T_world_lidar: 
   0.976626    0.110788   -0.184196   0.0108898
  -0.113553    0.993522 -0.00449761   0.0735088
   0.182505   0.0253086    0.982879   -0.144932
          0           0           0           1
v_world_imu: -0.0454237   -0.11805    0.76512
frame_451
id: 451
stamp: 1757574260.106636047
T_odom_lidar: 
    0.976301     0.111492    -0.185489  0.000969854
   -0.113578     0.993529 -0.000627666    0.0681629
    0.184219    0.0216804     0.982646    -0.142447
           0            0            0            1
T_world_lidar: 
    0.976301     0.111492    -0.185489  0.000969854
   -0.113578     0.993529 -0.000627666    0.0681629
    0.184219    0.0216804     0.982646    -0.142447
           0            0            0            1
v_world_imu: -0.0454237   -0.11805    0.76512
frame_452
id: 452
stamp: 1757574260.174294949
T_odom_lidar: 
   0.976135    0.109406   -0.187591 -0.00216469
  -0.111092    0.993809  0.00153427   0.0656431
   0.186597   0.0193423    0.982246   -0.146823
          0           0           0           1
T_world_lidar: 
   0.976135    0.109406   -0.187591 -0.00216469
  -0.111092    0.993809  0.00153427   0.0656431
   0.186597   0.0193423    0.982246   -0.146823
          0           0           0           1
v_world_imu: -0.0454237   -0.11805    0.76512
frame_453
id: 453
stamp: 1757574260.204038143
T_odom_lidar: 
  0.976867   0.102721  -0.187561  -0.006424
 -0.103406    0.99462 0.00615816  0.0687599
  0.187185  0.0133793   0.982234   -0.15074
         0          0          0          1
T_world_lidar: 
  0.976867   0.102721  -0.187561  -0.006424
 -0.103406    0.99462 0.00615816  0.0687599
  0.187185  0.0133793   0.982234   -0.15074
         0          0          0          1
v_world_imu: -0.0454237   -0.11805    0.76512
frame_454
id: 454
stamp: 1757574260.279468775
T_odom_lidar: 
     0.9791   0.0870164   -0.183824 -0.00134185
 -0.0875681    0.996145  0.00513027   0.0594408
   0.183562   0.0110741    0.982946   -0.146117
          0           0           0           1
T_world_lidar: 
     0.9791   0.0870164   -0.183824 -0.00134185
 -0.0875681    0.996145  0.00513027   0.0594408
   0.183562   0.0110741    0.982946   -0.146117
          0           0           0           1
v_world_imu: -0.0454237   -0.11805    0.76512
frame_455
id: 455
stamp: 1757574260.314318657
T_odom_lidar: 
   0.981485   0.0663427   -0.179681  0.00431825
 -0.0674327    0.997724 4.14057e-05   0.0411223
   0.179275   0.0120758    0.983725   -0.134465
          0           0           0           1
T_world_lidar: 
   0.981485   0.0663427   -0.179681  0.00431825
 -0.0674327    0.997724 4.14057e-05   0.0411223
   0.179275   0.0120758    0.983725   -0.134465
          0           0           0           1
v_world_imu: -0.0454237   -0.11805    0.76512
frame_456
id: 456
stamp: 1757574260.391570807
T_odom_lidar: 
   0.982854   0.0481233   -0.177994   0.0182356
 -0.0497028    0.998754 -0.00442268   0.0183677
    0.17756   0.0131937    0.984022   -0.130264
          0           0           0           1
T_world_lidar: 
   0.982854   0.0481233   -0.177994   0.0182356
 -0.0497028    0.998754 -0.00442268   0.0183677
    0.17756   0.0131937    0.984022   -0.130264
          0           0           0           1
v_world_imu: -0.0454237   -0.11805    0.76512
frame_457
id: 457
stamp: 1757574260.425025940
T_odom_lidar: 
  0.983941  0.0323234  -0.175545  0.0296666
-0.0348506   0.999328 -0.0113318 0.00613125
  0.175061  0.0172677   0.984406  -0.123693
         0          0          0          1
T_world_lidar: 
  0.983941  0.0323234  -0.175545  0.0296666
-0.0348506   0.999328 -0.0113318 0.00613125
  0.175061  0.0172677   0.984406  -0.123693
         0          0          0          1
v_world_imu: -0.0454237   -0.11805    0.76512
frame_458
id: 458
stamp: 1757574260.502852678
T_odom_lidar: 
   0.984077   0.0215971   -0.176426   0.0256664
  -0.024894    0.999554  -0.0164947 -0.00627518
   0.175991    0.020624    0.984176   -0.122376
          0           0           0           1
T_world_lidar: 
   0.984077   0.0215971   -0.176426   0.0256664
  -0.024894    0.999554  -0.0164947 -0.00627518
   0.175991    0.020624    0.984176   -0.122376
          0           0           0           1
v_world_imu: -0.0454237   -0.11805    0.76512
frame_459
id: 459
stamp: 1757574260.539916754
T_odom_lidar: 
   0.983503   0.0206399   -0.179708    0.018109
 -0.0242411    0.999546   -0.017866 -0.00348987
   0.179258   0.0219275    0.983558   -0.124949
          0           0           0           1
T_world_lidar: 
   0.983503   0.0206399   -0.179708    0.018109
 -0.0242411    0.999546   -0.017866 -0.00348987
   0.179258   0.0219275    0.983558   -0.124949
          0           0           0           1
v_world_imu: -0.0454237   -0.11805    0.76512
frame_460
id: 460
stamp: 1757574260.615995646
T_odom_lidar: 
   0.982591   0.0298811   -0.183364 0.000964845
 -0.0325746    0.999401  -0.0116946  0.00550771
   0.182905    0.017464    0.982975     -0.1323
          0           0           0           1
T_world_lidar: 
   0.982591   0.0298811   -0.183364 0.000964845
 -0.0325746    0.999401  -0.0116946  0.00550771
   0.182905    0.017464    0.982975     -0.1323
          0           0           0           1
v_world_imu: -0.0454237   -0.11805    0.76512
frame_461
id: 461
stamp: 1757574260.647921085
T_odom_lidar: 
   0.980775   0.0448972   -0.189908  -0.0166134
 -0.0467232    0.998895 -0.00514649   0.0280091
   0.189467   0.0139207    0.981788   -0.128714
          0           0           0           1
T_world_lidar: 
   0.980775   0.0448972   -0.189908  -0.0166134
 -0.0467232    0.998895 -0.00514649   0.0280091
   0.189467   0.0139207    0.981788   -0.128714
          0           0           0           1
v_world_imu: -0.0454237   -0.11805    0.76512
frame_462
id: 462
stamp: 1757574260.715016842
T_odom_lidar: 
   0.98036  0.0531306  -0.189922 -0.0195143
 -0.053387   0.998567 0.00376953  0.0494343
   0.18985 0.00644389   0.981792  -0.133789
         0          0          0          1
T_world_lidar: 
   0.98036  0.0531306  -0.189922 -0.0195143
 -0.053387   0.998567 0.00376953  0.0494343
   0.18985 0.00644389   0.981792  -0.133789
         0          0          0          1
v_world_imu: -0.0454237   -0.11805    0.76512
frame_463
id: 463
stamp: 1757574260.752075434
T_odom_lidar: 
    0.979949    0.0482154    -0.193327   -0.0220859
  -0.0471978     0.998837   0.00986841    0.0345665
    0.193578 -0.000545922     0.981085    -0.149417
           0            0            0            1
T_world_lidar: 
    0.979949    0.0482154    -0.193327   -0.0220859
  -0.0471978     0.998837   0.00986841    0.0345665
    0.193578 -0.000545922     0.981085    -0.149417
           0            0            0            1
v_world_imu: -0.0454237   -0.11805    0.76512
frame_464
id: 464
stamp: 1757574260.828137875
T_odom_lidar: 
   0.978638   0.0545881   -0.198209  -0.0405728
  -0.053009    0.998506   0.0132683   0.0554277
   0.198637 -0.00247796     0.98007   -0.167914
          0           0           0           1
T_world_lidar: 
   0.978638   0.0545881   -0.198209  -0.0405728
  -0.053009    0.998506   0.0132683   0.0554277
   0.198637 -0.00247796     0.98007   -0.167914
          0           0           0           1
v_world_imu: -0.0454237   -0.11805    0.76512
frame_465
id: 465
stamp: 1757574260.859575987
T_odom_lidar: 
   0.977012    0.056669   -0.205515  -0.0487181
  -0.054607    0.998385   0.0156959   0.0497032
   0.206073 -0.00411253    0.978528   -0.189789
          0           0           0           1
T_world_lidar: 
   0.977012    0.056669   -0.205515  -0.0487181
  -0.054607    0.998385   0.0156959   0.0497032
   0.206073 -0.00411253    0.978528   -0.189789
          0           0           0           1
v_world_imu: -0.0454237   -0.11805    0.76512
frame_466
id: 466
stamp: 1757574260.936064720
T_odom_lidar: 
   0.976441   0.0552889   -0.208581  -0.0574843
 -0.0541598     0.99847   0.0111251   0.0523449
   0.208877 0.000433679    0.977942   -0.180214
          0           0           0           1
T_world_lidar: 
   0.976441   0.0552889   -0.208581  -0.0574843
 -0.0541598     0.99847   0.0111251   0.0523449
   0.208877 0.000433679    0.977942   -0.180214
          0           0           0           1
v_world_imu: -0.0454237   -0.11805    0.76512
frame_467
id: 467
stamp: 1757574260.967406750
T_odom_lidar: 
  0.976245   0.054509  -0.209701 -0.0554812
-0.0539614   0.998508 0.00833633  0.0456777
  0.209843 0.00317749    0.97773  -0.178681
         0          0          0          1
T_world_lidar: 
  0.976245   0.054509  -0.209701 -0.0554812
-0.0539614   0.998508 0.00833633  0.0456777
  0.209843 0.00317749    0.97773  -0.178681
         0          0          0          1
v_world_imu: -0.0454237   -0.11805    0.76512
frame_468
id: 468
stamp: 1757574261.045464277
T_odom_lidar: 
  0.976299  0.0535722  -0.209691 -0.0496847
-0.0534413   0.998551 0.00629457  0.0432685
  0.209724 0.00506075   0.977748  -0.175644
         0          0          0          1
T_world_lidar: 
  0.976299  0.0535722  -0.209691 -0.0496847
-0.0534413   0.998551 0.00629457  0.0432685
  0.209724 0.00506075   0.977748  -0.175644
         0          0          0          1
v_world_imu: -0.0454237   -0.11805    0.76512
frame_469
id: 469
stamp: 1757574261.078267097
T_odom_lidar: 
  0.976807  0.0512981  -0.207888 -0.0484621
 -0.051592    0.99866 0.00401159  0.0372427
  0.207815 0.00680681   0.978144  -0.169496
         0          0          0          1
T_world_lidar: 
  0.976807  0.0512981  -0.207888 -0.0484621
 -0.051592    0.99866 0.00401159  0.0372427
  0.207815 0.00680681   0.978144  -0.169496
         0          0          0          1
v_world_imu: -0.0454237   -0.11805    0.76512
frame_470
id: 470
stamp: 1757574261.149150848
T_odom_lidar: 
  0.977291  0.0496696     -0.206 -0.0415076
-0.0500971   0.998739 0.00314369  0.0372775
  0.205896  0.0072477   0.978547  -0.163245
         0          0          0          1
T_world_lidar: 
  0.977291  0.0496696     -0.206 -0.0415076
-0.0500971   0.998739 0.00314369  0.0372775
  0.205896  0.0072477   0.978547  -0.163245
         0          0          0          1
v_world_imu: -0.0454237   -0.11805    0.76512
frame_471
id: 471
stamp: 1757574261.184658766
T_odom_lidar: 
  0.977618  0.0465487  -0.205176 -0.0435379
-0.0463444   0.998909  0.0058037  0.0323745
  0.205222 0.00383495   0.978708   -0.15768
         0          0          0          1
T_world_lidar: 
  0.977618  0.0465487  -0.205176 -0.0435379
-0.0463444   0.998909  0.0058037  0.0323745
  0.205222 0.00383495   0.978708   -0.15768
         0          0          0          1
v_world_imu: -0.0454237   -0.11805    0.76512
frame_472
id: 472
stamp: 1757574261.256953955
T_odom_lidar: 
  0.978458  0.0453404  -0.201406 -0.0344412
-0.0450941   0.998966 0.00581349  0.0352655
  0.201461 0.00339397   0.979491  -0.152976
         0          0          0          1
T_world_lidar: 
  0.978458  0.0453404  -0.201406 -0.0344412
-0.0450941   0.998966 0.00581349  0.0352655
  0.201461 0.00339397   0.979491  -0.152976
         0          0          0          1
v_world_imu: -0.0454237   -0.11805    0.76512
frame_473
id: 473
stamp: 1757574261.293581247
T_odom_lidar: 
  0.979449  0.0448661  -0.196637 -0.0287803
-0.0447657   0.998985 0.00495743  0.0339806
   0.19666 0.00394706   0.980464  -0.146921
         0          0          0          1
T_world_lidar: 
  0.979449  0.0448661  -0.196637 -0.0287803
-0.0447657   0.998985 0.00495743  0.0339806
   0.19666 0.00394706   0.980464  -0.146921
         0          0          0          1
v_world_imu: -0.0454237   -0.11805    0.76512
frame_474
id: 474
stamp: 1757574261.365505219
T_odom_lidar: 
   0.98022  0.0450621  -0.192715 -0.0182928
-0.0453005   0.998968  0.0031714  0.0341846
  0.192659 0.00562144    0.98125  -0.138973
         0          0          0          1
T_world_lidar: 
   0.98022  0.0450621  -0.192715 -0.0182928
-0.0453005   0.998968  0.0031714  0.0341846
  0.192659 0.00562144    0.98125  -0.138973
         0          0          0          1
v_world_imu: -0.0454237   -0.11805    0.76512
frame_475
id: 475
stamp: 1757574261.396435738
T_odom_lidar: 
  0.980551  0.0449428  -0.191052 -0.0189404
-0.0452914   0.998971 0.00254407   0.031972
  0.190969 0.00615841   0.981577  -0.136925
         0          0          0          1
T_world_lidar: 
  0.980551  0.0449428  -0.191052 -0.0189404
-0.0452914   0.998971 0.00254407   0.031972
  0.190969 0.00615841   0.981577  -0.136925
         0          0          0          1
v_world_imu: -0.0454237   -0.11805    0.76512
frame_476
id: 476
stamp: 1757574261.472498417
T_odom_lidar: 
   0.980624   0.0452679   -0.190599  -0.0212806
 -0.0460962    0.998937 8.83301e-05   0.0350366
     0.1904  0.00869925    0.981668   -0.130938
          0           0           0           1
T_world_lidar: 
   0.980624   0.0452679   -0.190599  -0.0212806
 -0.0460962    0.998937 8.83301e-05   0.0350366
     0.1904  0.00869925    0.981668   -0.130938
          0           0           0           1
v_world_imu: -0.0454237   -0.11805    0.76512
frame_477
id: 477
stamp: 1757574261.509472132
T_odom_lidar: 
   0.980509   0.0449368   -0.191268  -0.0262425
 -0.0459546    0.998943 -0.00088648    0.032465
   0.191026  0.00965886    0.981537    -0.13088
          0           0           0           1
T_world_lidar: 
   0.980509   0.0449368   -0.191268  -0.0262425
 -0.0459546    0.998943 -0.00088648    0.032465
   0.191026  0.00965886    0.981537    -0.13088
          0           0           0           1
v_world_imu: -0.0454237   -0.11805    0.76512
frame_478
id: 478
stamp: 1757574261.583403826
T_odom_lidar: 
   0.980376   0.0468661   -0.191485   -0.024558
 -0.0480593    0.998843 -0.00158942   0.0353694
   0.191189   0.0107609    0.981494   -0.129866
          0           0           0           1
T_world_lidar: 
   0.980376   0.0468661   -0.191485   -0.024558
 -0.0480593    0.998843 -0.00158942   0.0353694
   0.191189   0.0107609    0.981494   -0.129866
          0           0           0           1
v_world_imu: -0.0454237   -0.11805    0.76512
frame_479
id: 479
stamp: 1757574261.616914034
T_odom_lidar: 
   0.980049   0.0494835   -0.192496   -0.026955
 -0.0508383    0.998705 -0.00210192    0.036149
   0.192143   0.0118462    0.981295   -0.131623
          0           0           0           1
T_world_lidar: 
   0.980049   0.0494835   -0.192496   -0.026955
 -0.0508383    0.998705 -0.00210192    0.036149
   0.192143   0.0118462    0.981295   -0.131623
          0           0           0           1
v_world_imu: -0.0454237   -0.11805    0.76512
frame_480
id: 480
stamp: 1757574261.685722828
T_odom_lidar: 
  0.979738  0.0528848  -0.193177 -0.0245603
-0.0543217   0.998521 -0.0021452    0.03881
  0.192778  0.0125955   0.981161  -0.131788
         0          0          0          1
T_world_lidar: 
  0.979738  0.0528848  -0.193177 -0.0245603
-0.0543217   0.998521 -0.0021452    0.03881
  0.192778  0.0125955   0.981161  -0.131788
         0          0          0          1
v_world_imu: -0.0454237   -0.11805    0.76512
frame_481
id: 481
stamp: 1757574261.720406055
T_odom_lidar: 
  0.979975  0.0555782  -0.191207 -0.0285192
-0.0563784   0.998409 0.00125687  0.0350186
  0.190973 0.00954825   0.981549   -0.13507
         0          0          0          1
T_world_lidar: 
  0.979975  0.0555782  -0.191207 -0.0285192
-0.0563784   0.998409 0.00125687  0.0350186
  0.190973 0.00954825   0.981549   -0.13507
         0          0          0          1
v_world_imu: -0.0454237   -0.11805    0.76512
frame_482
id: 482
stamp: 1757574261.786730528
T_odom_lidar: 
  0.979839  0.0589982   -0.19088 -0.0217459
-0.0599008   0.998204 0.00104275  0.0379778
  0.190598  0.0104121   0.981613  -0.135419
         0          0          0          1
T_world_lidar: 
  0.979839  0.0589982   -0.19088 -0.0217459
-0.0599008   0.998204 0.00104275  0.0379778
  0.190598  0.0104121   0.981613  -0.135419
         0          0          0          1
v_world_imu: -0.0454237   -0.11805    0.76512
frame_483
id: 483
stamp: 1757574261.815601110
T_odom_lidar: 
  0.979532   0.064363  -0.190721 -0.0217994
-0.0653293   0.997863 0.00122325  0.0415779
  0.190393  0.0112615   0.981643  -0.134893
         0          0          0          1
T_world_lidar: 
  0.979532   0.064363  -0.190721 -0.0217994
-0.0653293   0.997863 0.00122325  0.0415779
  0.190393  0.0112615   0.981643  -0.134893
         0          0          0          1
v_world_imu: -0.0454237   -0.11805    0.76512
frame_484
id: 484
stamp: 1757574261.885432482
T_odom_lidar: 
  0.979134  0.0707753  -0.190495 -0.0144549
-0.0717071   0.997424 0.00200607  0.0484554
  0.190146  0.0116956   0.981686    -0.1343
         0          0          0          1
T_world_lidar: 
  0.979134  0.0707753  -0.190495 -0.0144549
-0.0717071   0.997424 0.00200607  0.0484554
  0.190146  0.0116956   0.981686    -0.1343
         0          0          0          1
v_world_imu: -0.0454237   -0.11805    0.76512
frame_485
id: 485
stamp: 1757574261.919905901
T_odom_lidar: 
   0.97861  0.0780456  -0.190347 -0.0141748
 -0.079051   0.996868 0.00231713  0.0521826
  0.189932  0.0127795   0.981714  -0.133509
         0          0          0          1
T_world_lidar: 
   0.97861  0.0780456  -0.190347 -0.0141748
 -0.079051   0.996868 0.00231713  0.0521826
  0.189932  0.0127795   0.981714  -0.133509
         0          0          0          1
v_world_imu: -0.0454237   -0.11805    0.76512
frame_486
id: 486
stamp: 1757574261.994996548
T_odom_lidar: 
   0.978568   0.0858917   -0.187154 -0.00834687
 -0.0865081    0.996239  0.00488679   0.0584495
    0.18687   0.0114083    0.982318   -0.139934
          0           0           0           1
T_world_lidar: 
   0.978568   0.0858917   -0.187154 -0.00834687
 -0.0865081    0.996239  0.00488679   0.0584495
    0.18687   0.0114083    0.982318   -0.139934
          0           0           0           1
v_world_imu: -0.0454237   -0.11805    0.76512
frame_487
id: 487
stamp: 1757574262.029210567
T_odom_lidar: 
  0.978105  0.0889094  -0.188164 -0.0108775
-0.0896103   0.995965 0.00479549  0.0600634
  0.187832   0.012171   0.982126  -0.140102
         0          0          0          1
T_world_lidar: 
  0.978105  0.0889094  -0.188164 -0.0108775
-0.0896103   0.995965 0.00479549  0.0600634
  0.187832   0.012171   0.982126  -0.140102
         0          0          0          1
v_world_imu: -0.0454237   -0.11805    0.76512
frame_488
id: 488
stamp: 1757574262.103371859
T_odom_lidar: 
  0.977604  0.0901725  -0.190156 -0.0119007
-0.0909005   0.995848 0.00490819  0.0603878
  0.189809   0.012487   0.981742  -0.142493
         0          0          0          1
T_world_lidar: 
  0.977604  0.0901725  -0.190156 -0.0119007
-0.0909005   0.995848 0.00490819  0.0603878
  0.189809   0.012487   0.981742  -0.142493
         0          0          0          1
v_world_imu: -0.0454237   -0.11805    0.76512
frame_489
id: 489
stamp: 1757574262.134157896
T_odom_lidar: 
  0.977282   0.092636  -0.190628 -0.0132696
-0.0934141   0.995615 0.00492006  0.0622355
  0.190247   0.012999    0.98165   -0.14447
         0          0          0          1
T_world_lidar: 
  0.977282   0.092636  -0.190628 -0.0132696
-0.0934141   0.995615 0.00492006  0.0622355
  0.190247   0.012999    0.98165   -0.14447
         0          0          0          1
v_world_imu: -0.0454237   -0.11805    0.76512
frame_490
id: 490
stamp: 1757574262.205467463
T_odom_lidar: 
   0.977829   0.0901313   -0.189018 -0.00853508
  -0.090862    0.995852  0.00481431   0.0605525
   0.188668    0.012467    0.981962   -0.143274
          0           0           0           1
T_world_lidar: 
   0.977829   0.0901313   -0.189018 -0.00853508
  -0.090862    0.995852  0.00481431   0.0605525
   0.188668    0.012467    0.981962   -0.143274
          0           0           0           1
v_world_imu: -0.0454237   -0.11805    0.76512
frame_491
id: 491
stamp: 1757574262.243150711
T_odom_lidar: 
   0.978583    0.082614    -0.18855 0.000254034
 -0.0825432    0.996553  0.00824125   0.0515518
   0.188581  0.00749876    0.982029   -0.141364
          0           0           0           1
T_world_lidar: 
   0.978583    0.082614    -0.18855 0.000254034
 -0.0825432    0.996553  0.00824125   0.0515518
   0.188581  0.00749876    0.982029   -0.141364
          0           0           0           1
v_world_imu: -0.0454237   -0.11805    0.76512
frame_492
id: 492
stamp: 1757574262.320006371
T_odom_lidar: 
  0.979456  0.0753384  -0.187055  0.0022057
-0.0746214   0.997153  0.0108812  0.0484207
  0.187342  0.0033006   0.982289  -0.143982
         0          0          0          1
T_world_lidar: 
  0.979456  0.0753384  -0.187055  0.0022057
-0.0746214   0.997153  0.0108812  0.0484207
  0.187342  0.0033006   0.982289  -0.143982
         0          0          0          1
v_world_imu: -0.0454237   -0.11805    0.76512
frame_493
id: 493
stamp: 1757574262.354914665
T_odom_lidar: 
    0.98065   0.0677532   -0.183671  0.00048105
 -0.0665993    0.997702   0.0124513   0.0464563
   0.184092 2.19542e-05    0.982909   -0.142528
          0           0           0           1
T_world_lidar: 
    0.98065   0.0677532   -0.183671  0.00048105
 -0.0665993    0.997702   0.0124513   0.0464563
   0.184092 2.19542e-05    0.982909   -0.142528
          0           0           0           1
v_world_imu: -0.0454237   -0.11805    0.76512
frame_494
id: 494
stamp: 1757574262.430535078
T_odom_lidar: 
   0.982176   0.0561219   -0.179392  0.00709495
 -0.0552105    0.998424   0.0100732   0.0328126
   0.179674 1.06289e-05    0.983726   -0.135539
          0           0           0           1
T_world_lidar: 
   0.982176   0.0561219   -0.179392  0.00709495
 -0.0552105    0.998424   0.0100732   0.0328126
   0.179674 1.06289e-05    0.983726   -0.135539
          0           0           0           1
v_world_imu: -0.0454237   -0.11805    0.76512
frame_495
id: 495
stamp: 1757574262.468451738
T_odom_lidar: 
  0.983545  0.0417228  -0.175777 0.00806454
-0.0418052   0.999121 0.00323577  0.0175968
  0.175757 0.00416586   0.984425  -0.128378
         0          0          0          1
T_world_lidar: 
  0.983545  0.0417228  -0.175777 0.00806454
-0.0418052   0.999121 0.00323577  0.0175968
  0.175757 0.00416586   0.984425  -0.128378
         0          0          0          1
v_world_imu: -0.0454237   -0.11805    0.76512
frame_496
id: 496
stamp: 1757574262.541899681
T_odom_lidar: 
   0.984591   0.0286068   -0.172519   0.0187386
 -0.0300442    0.999532 -0.00572618 -0.00641833
   0.172274   0.0108211     0.98499   -0.124427
          0           0           0           1
T_world_lidar: 
   0.984591   0.0286068   -0.172519   0.0187386
 -0.0300442    0.999532 -0.00572618 -0.00641833
   0.172274   0.0108211     0.98499   -0.124427
          0           0           0           1
v_world_imu: -0.0454237   -0.11805    0.76512
frame_497
id: 497
stamp: 1757574262.579632521
T_odom_lidar: 
   0.984656   0.0209027   -0.173251   0.0122742
 -0.0240469    0.999582  -0.0160688 -0.00991071
   0.172843   0.0199884    0.984747   -0.119387
          0           0           0           1
T_world_lidar: 
   0.984656   0.0209027   -0.173251   0.0122742
 -0.0240469    0.999582  -0.0160688 -0.00991071
   0.172843   0.0199884    0.984747   -0.119387
          0           0           0           1
v_world_imu: -0.0454237   -0.11805    0.76512
frame_498
id: 498
stamp: 1757574262.656583786
T_odom_lidar: 
  0.984138  0.0198081  -0.176296 0.00253149
-0.0238595   0.999497 -0.0208905 -0.0146862
  0.175793  0.0247655   0.984116  -0.120171
         0          0          0          1
T_world_lidar: 
  0.984138  0.0198081  -0.176296 0.00253149
-0.0238595   0.999497 -0.0208905 -0.0146862
  0.175793  0.0247655   0.984116  -0.120171
         0          0          0          1
v_world_imu: -0.0454237   -0.11805    0.76512
frame_499
id: 499
stamp: 1757574262.693411112
T_odom_lidar: 
   0.983334   0.0274289   -0.179728 -0.00554616
 -0.0310791    0.999363  -0.0175249 0.000293293
   0.179133   0.0228186     0.98356   -0.124996
          0           0           0           1
T_world_lidar: 
   0.983334   0.0274289   -0.179728 -0.00554616
 -0.0310791    0.999363  -0.0175249 0.000293293
   0.179133   0.0228186     0.98356   -0.124996
          0           0           0           1
v_world_imu: -0.0454237   -0.11805    0.76512
frame_500
id: 500
stamp: 1757574262.768093109
T_odom_lidar: 
   0.982959   0.0386373   -0.179719 -0.00225563
 -0.0407576    0.999136 -0.00811894   0.0227802
    0.17925   0.0153055    0.983685   -0.131466
          0           0           0           1
T_world_lidar: 
   0.982959   0.0386373   -0.179719 -0.00225563
 -0.0407576    0.999136 -0.00811894   0.0227802
    0.17925   0.0153055    0.983685   -0.131466
          0           0           0           1
v_world_imu: -0.0454237   -0.11805    0.76512
frame_501
id: 501
stamp: 1757574262.794991016
T_odom_lidar: 
   0.982995   0.0426169   -0.178621 -0.00557009
 -0.0441889    0.999012 -0.00482938     0.02354
   0.178238   0.0126403    0.983906   -0.126883
          0           0           0           1
T_world_lidar: 
   0.982995   0.0426169   -0.178621 -0.00557009
 -0.0441889    0.999012 -0.00482938     0.02354
   0.178238   0.0126403    0.983906   -0.126883
          0           0           0           1
v_world_imu: -0.0454237   -0.11805    0.76512
frame_502
id: 502
stamp: 1757574262.864090443
T_odom_lidar: 
  0.981817  0.0396595  -0.185638 -0.0120236
-0.0396533   0.999206 0.00374792  0.0247893
   0.18564  0.0036814   0.982611  -0.146786
         0          0          0          1
T_world_lidar: 
  0.981817  0.0396595  -0.185638 -0.0120236
-0.0396533   0.999206 0.00374792  0.0247893
   0.18564  0.0036814   0.982611  -0.146786
         0          0          0          1
v_world_imu: -0.0454237   -0.11805    0.76512
frame_503
id: 503
stamp: 1757574262.895950317
T_odom_lidar: 
    0.980269     0.044294    -0.192639   -0.0264823
  -0.0432867     0.999018   0.00943646    0.0290077
    0.192868 -0.000911551     0.981224    -0.165568
           0            0            0            1
T_world_lidar: 
    0.980269     0.044294    -0.192639   -0.0264823
  -0.0432867     0.999018   0.00943646    0.0290077
    0.192868 -0.000911551     0.981224    -0.165568
           0            0            0            1
v_world_imu: -0.0454237   -0.11805    0.76512
frame_504
id: 504
stamp: 1757574262.967833757
T_odom_lidar: 
  0.978845  0.0534337  -0.197505 -0.0469966
-0.0525972   0.998571  0.0094821  0.0455168
  0.197729 0.00110669   0.980256  -0.180468
         0          0          0          1
T_world_lidar: 
  0.978845  0.0534337  -0.197505 -0.0469966
-0.0525972   0.998571  0.0094821  0.0455168
  0.197729 0.00110669   0.980256  -0.180468
         0          0          0          1
v_world_imu: -0.0454237   -0.11805    0.76512
frame_505
id: 505
stamp: 1757574262.998308659
T_odom_lidar: 
  0.977497  0.0555769  -0.203498 -0.0531587
-0.0553235   0.998444 0.00693821  0.0447768
  0.203567 0.00447615   0.979051  -0.184279
         0          0          0          1
T_world_lidar: 
  0.977497  0.0555769  -0.203498 -0.0531587
-0.0553235   0.998444 0.00693821  0.0447768
  0.203567 0.00447615   0.979051  -0.184279
         0          0          0          1
v_world_imu: -0.0454237   -0.11805    0.76512
frame_506
id: 506
stamp: 1757574263.071574688
T_odom_lidar: 
  0.976256  0.0562059  -0.209202 -0.0531127
-0.0563243   0.998398  0.0053968  0.0501192
  0.209171 0.00651451   0.977857  -0.158661
         0          0          0          1
T_world_lidar: 
  0.976256  0.0562059  -0.209202 -0.0531127
-0.0563243   0.998398  0.0053968  0.0501192
  0.209171 0.00651451   0.977857  -0.158661
         0          0          0          1
v_world_imu: -0.0454237   -0.11805    0.76512
frame_507
id: 507
stamp: 1757574263.107279062
T_odom_lidar: 
  0.976192  0.0562189  -0.209497 -0.0521757
 -0.056606   0.998388 0.00415276  0.0497322
  0.209393  0.0078049     0.9778  -0.159351
         0          0          0          1
T_world_lidar: 
  0.976192  0.0562189  -0.209497 -0.0521757
 -0.056606   0.998388 0.00415276  0.0497322
  0.209393  0.0078049     0.9778  -0.159351
         0          0          0          1
v_world_imu: -0.0454237   -0.11805    0.76512
frame_508
id: 508
stamp: 1757574263.181039095
T_odom_lidar: 
  0.977115  0.0519193  -0.206276 -0.0365823
-0.0525097   0.998617 0.00261482  0.0427803
  0.206127 0.00827653    0.97849  -0.150653
         0          0          0          1
T_world_lidar: 
  0.977115  0.0519193  -0.206276 -0.0365823
-0.0525097   0.998617 0.00261482  0.0427803
  0.206127 0.00827653    0.97849  -0.150653
         0          0          0          1
v_world_imu: -0.0454237   -0.11805    0.76512
frame_509
id: 509
stamp: 1757574263.216947794
T_odom_lidar: 
   0.977999   0.0469078   -0.203265  -0.0327319
   -0.04772     0.99886 0.000905994   0.0342026
   0.203076  0.00881377    0.979123   -0.145456
          0           0           0           1
T_world_lidar: 
   0.977999   0.0469078   -0.203265  -0.0327319
   -0.04772     0.99886 0.000905994   0.0342026
   0.203076  0.00881377    0.979123   -0.145456
          0           0           0           1
v_world_imu: -0.0454237   -0.11805    0.76512
frame_510
id: 510
stamp: 1757574263.295258045
T_odom_lidar: 
    0.979181    0.0425778    -0.198471   -0.0168875
   -0.043496     0.999054 -0.000266675    0.0297302
    0.198272   0.00889383     0.980107    -0.137286
           0            0            0            1
T_world_lidar: 
    0.979181    0.0425778    -0.198471   -0.0168875
   -0.043496     0.999054 -0.000266675    0.0297302
    0.198272   0.00889383     0.980107    -0.137286
           0            0            0            1
v_world_imu: -0.0454237   -0.11805    0.76512
frame_511
id: 511
stamp: 1757574263.333550453
T_odom_lidar: 
  0.979539  0.0426816  -0.196675 -0.0266331
-0.0427346   0.999079 0.00397649  0.0253002
  0.196664  0.0045097   0.980461  -0.146549
         0          0          0          1
T_world_lidar: 
  0.979539  0.0426816  -0.196675 -0.0266331
-0.0427346   0.999079 0.00397649  0.0253002
  0.196664  0.0045097   0.980461  -0.146549
         0          0          0          1
v_world_imu: -0.0454237   -0.11805    0.76512
frame_512
id: 512
stamp: 1757574263.405611515
T_odom_lidar: 
  0.979734  0.0469054  -0.194735 -0.0269313
-0.0469692   0.998887 0.00429228   0.032963
   0.19472 0.00494127   0.980846  -0.144876
         0          0          0          1
T_world_lidar: 
  0.979734  0.0469054  -0.194735 -0.0269313
-0.0469692   0.998887 0.00429228   0.032963
   0.19472 0.00494127   0.980846  -0.144876
         0          0          0          1
v_world_imu: -0.0454237   -0.11805    0.76512
frame_513
id: 513
stamp: 1757574263.438431740
T_odom_lidar: 
   0.97945  0.0461988  -0.196324 -0.0316385
-0.0459267   0.998927 0.00594093  0.0305786
  0.196388 0.00319765   0.980521  -0.148673
         0          0          0          1
T_world_lidar: 
   0.97945  0.0461988  -0.196324 -0.0316385
-0.0459267   0.998927 0.00594093  0.0305786
  0.196388 0.00319765   0.980521  -0.148673
         0          0          0          1
v_world_imu: -0.0454237   -0.11805    0.76512
frame_514
id: 514
stamp: 1757574263.514995098
T_odom_lidar: 
  0.979094  0.0470561  -0.197889 -0.0328364
-0.0467427   0.998887 0.00625696  0.0346564
  0.197963  0.0031237   0.980205  -0.150732
         0          0          0          1
T_world_lidar: 
  0.979094  0.0470561  -0.197889 -0.0328364
-0.0467427   0.998887 0.00625696  0.0346564
  0.197963  0.0031237   0.980205  -0.150732
         0          0          0          1
v_world_imu: -0.0454237   -0.11805    0.76512
frame_515
id: 515
stamp: 1757574263.548823357
T_odom_lidar: 
   0.97924  0.0475453  -0.197049 -0.0322017
-0.0470106   0.998867 0.00739325  0.0313202
  0.197177 0.00202361   0.980366  -0.149702
         0          0          0          1
T_world_lidar: 
   0.97924  0.0475453  -0.197049 -0.0322017
-0.0470106   0.998867 0.00739325  0.0313202
  0.197177 0.00202361   0.980366  -0.149702
         0          0          0          1
v_world_imu: -0.0454237   -0.11805    0.76512
frame_516
id: 516
stamp: 1757574263.623755693
T_odom_lidar: 
  0.979232  0.0466982   -0.19729 -0.0254756
-0.0467788   0.998896 0.00425419  0.0364484
  0.197271 0.00506316   0.980336  -0.137983
         0          0          0          1
T_world_lidar: 
  0.979232  0.0466982   -0.19729 -0.0254756
-0.0467788   0.998896 0.00425419  0.0364484
  0.197271 0.00506316   0.980336  -0.137983
         0          0          0          1
v_world_imu: -0.0454237   -0.11805    0.76512
frame_517
id: 517
stamp: 1757574263.653398514
T_odom_lidar: 
   0.97931  0.0469952  -0.196835 -0.0277849
-0.0472552   0.998877 0.00337838  0.0329447
  0.196773   0.005993   0.980431  -0.135549
         0          0          0          1
T_world_lidar: 
   0.97931  0.0469952  -0.196835 -0.0277849
-0.0472552   0.998877 0.00337838  0.0329447
  0.196773   0.005993   0.980431  -0.135549
         0          0          0          1
v_world_imu: -0.0454237   -0.11805    0.76512
frame_518
id: 518
stamp: 1757574263.723475456
T_odom_lidar: 
  0.979524  0.0475547  -0.195631 -0.0230204
-0.0481237    0.99884 0.00184605   0.030825
  0.195492 0.00760625   0.980676  -0.131344
         0          0          0          1
T_world_lidar: 
  0.979524  0.0475547  -0.195631 -0.0230204
-0.0481237    0.99884 0.00184605   0.030825
  0.195492 0.00760625   0.980676  -0.131344
         0          0          0          1
v_world_imu: -0.0454237   -0.11805    0.76512
frame_519
id: 519
stamp: 1757574263.755815268
T_odom_lidar: 
    0.97971   0.0463409   -0.194991  -0.0220817
 -0.0471986    0.998885 0.000247607    0.026298
   0.194785  0.00896073    0.980805   -0.129246
          0           0           0           1
T_world_lidar: 
    0.97971   0.0463409   -0.194991  -0.0220817
 -0.0471986    0.998885 0.000247607    0.026298
   0.194785  0.00896073    0.980805   -0.129246
          0           0           0           1
v_world_imu: -0.0454237   -0.11805    0.76512
frame_520
id: 520
stamp: 1757574263.832060099
T_odom_lidar: 
   0.979767   0.0469493   -0.194555  -0.0195341
 -0.0478406    0.998855 0.000117769   0.0277324
   0.194337  0.00919222    0.980892   -0.127732
          0           0           0           1
T_world_lidar: 
   0.979767   0.0469493   -0.194555  -0.0195341
 -0.0478406    0.998855 0.000117769   0.0277324
   0.194337  0.00919222    0.980892   -0.127732
          0           0           0           1
v_world_imu: -0.0454237   -0.11805    0.76512
frame_521
id: 521
stamp: 1757574263.872292995
T_odom_lidar: 
   0.980312   0.0473583   -0.191691  -0.0268955
 -0.0486737    0.998812 -0.00215603   0.0340292
   0.191361   0.0114439    0.981453   -0.133666
          0           0           0           1
T_world_lidar: 
   0.980312   0.0473583   -0.191691  -0.0268955
 -0.0486737    0.998812 -0.00215603   0.0340292
   0.191361   0.0114439    0.981453   -0.133666
          0           0           0           1
v_world_imu: -0.0454237   -0.11805    0.76512
frame_522
id: 522
stamp: 1757574263.945183039
T_odom_lidar: 
  0.980143  0.0486842  -0.192222 -0.0257056
 -0.049896   0.998753 -0.0014656  0.0384776
  0.191911  0.0110276    0.98135  -0.133732
         0          0          0          1
T_world_lidar: 
  0.980143  0.0486842  -0.192222 -0.0257056
 -0.049896   0.998753 -0.0014656  0.0384776
  0.191911  0.0110276    0.98135  -0.133732
         0          0          0          1
v_world_imu: -0.0454237   -0.11805    0.76512
frame_523
id: 523
stamp: 1757574263.977951050
T_odom_lidar: 
    0.979868    0.0506701    -0.193111   -0.0297975
  -0.0517645     0.998659 -0.000622585    0.0407507
    0.192821    0.0106064     0.981177    -0.135658
           0            0            0            1
T_world_lidar: 
    0.979868    0.0506701    -0.193111   -0.0297975
  -0.0517645     0.998659 -0.000622585    0.0407507
    0.192821    0.0106064     0.981177    -0.135658
           0            0            0            1
v_world_imu: -0.0454237   -0.11805    0.76512
frame_524
id: 524
stamp: 1757574264.047289610
T_odom_lidar: 
   0.979606   0.0527522    -0.19388  -0.0289905
 -0.0536343     0.99856 0.000700336   0.0456468
   0.193638  0.00971255    0.981025   -0.137157
          0           0           0           1
T_world_lidar: 
   0.979606   0.0527522    -0.19388  -0.0289905
 -0.0536343     0.99856 0.000700336   0.0456468
   0.193638  0.00971255    0.981025   -0.137157
          0           0           0           1
v_world_imu: -0.0454237   -0.11805    0.76512
frame_525
id: 525
stamp: 1757574264.081624508
T_odom_lidar: 
  0.979437  0.0543836  -0.194283 -0.0301766
-0.0553054   0.998469 0.00068032  0.0468404
  0.194023  0.0100786   0.980945  -0.137752
         0          0          0          1
T_world_lidar: 
  0.979437  0.0543836  -0.194283 -0.0301766
-0.0553054   0.998469 0.00068032  0.0468404
  0.194023  0.0100786   0.980945  -0.137752
         0          0          0          1
v_world_imu: -0.0454237   -0.11805    0.76512
frame_526
id: 526
stamp: 1757574264.157736301
T_odom_lidar: 
  0.980189  0.0584551  -0.189242 -0.0290486
-0.0588191   0.998262 0.00369716  0.0453938
  0.189129 0.00750711   0.981924  -0.153141
         0          0          0          1
T_world_lidar: 
  0.980189  0.0584551  -0.189242 -0.0290486
-0.0588191   0.998262 0.00369716  0.0453938
  0.189129 0.00750711   0.981924  -0.153141
         0          0          0          1
v_world_imu: -0.0454237   -0.11805    0.76512
frame_527
id: 527
stamp: 1757574264.195326567
T_odom_lidar: 
  0.980059  0.0626732  -0.188565 -0.0281456
-0.0633873   0.997986  0.0022471  0.0470038
  0.188326  0.0097503   0.982058  -0.150642
         0          0          0          1
T_world_lidar: 
  0.980059  0.0626732  -0.188565 -0.0281456
-0.0633873   0.997986  0.0022471  0.0470038
  0.188326  0.0097503   0.982058  -0.150642
         0          0          0          1
v_world_imu: -0.0454237   -0.11805    0.76512
frame_528
id: 528
stamp: 1757574264.265272379
T_odom_lidar: 
   0.979658   0.0685809   -0.188593  -0.0247977
 -0.0696699     0.99757 0.000856382     0.05505
   0.188194   0.0123003    0.982055   -0.149173
          0           0           0           1
T_world_lidar: 
   0.979658   0.0685809   -0.188593  -0.0247977
 -0.0696699     0.99757 0.000856382     0.05505
   0.188194   0.0123003    0.982055   -0.149173
          0           0           0           1
v_world_imu: -0.0454237   -0.11805    0.76512
frame_529
id: 529
stamp: 1757574264.297010422
T_odom_lidar: 
  0.979053  0.0750872  -0.189256 -0.0269465
-0.0762542   0.997088 0.00111825  0.0625479
  0.188789  0.0133367   0.981927   -0.14961
         0          0          0          1
T_world_lidar: 
  0.979053  0.0750872  -0.189256 -0.0269465
-0.0762542   0.997088 0.00111825  0.0625479
  0.188789  0.0133367   0.981927   -0.14961
         0          0          0          1
v_world_imu: -0.0454237   -0.11805    0.76512
frame_530
id: 530
stamp: 1757574264.369791985
T_odom_lidar: 
  0.978424  0.0814858   -0.18986 -0.0252549
-0.0825288   0.996586 0.00242036  0.0717621
  0.189409  0.0133008   0.981808  -0.150488
         0          0          0          1
T_world_lidar: 
  0.978424  0.0814858   -0.18986 -0.0252549
-0.0825288   0.996586 0.00242036  0.0717621
  0.189409  0.0133008   0.981808  -0.150488
         0          0          0          1
v_world_imu: -0.0454237   -0.11805    0.76512
frame_531
id: 531
stamp: 1757574264.404931307
T_odom_lidar: 
  0.977971  0.0876914  -0.189429 -0.0263963
-0.0879751   0.996099 0.00692738  0.0681091
  0.189297 0.00989026    0.98187  -0.152751
         0          0          0          1
T_world_lidar: 
  0.977971  0.0876914  -0.189429 -0.0263963
-0.0879751   0.996099 0.00692738  0.0681091
  0.189297 0.00989026    0.98187  -0.152751
         0          0          0          1
v_world_imu: -0.0454237   -0.11805    0.76512
frame_532
id: 532
stamp: 1757574264.480816364
T_odom_lidar: 
  0.977528  0.0955738  -0.187896 -0.0222457
-0.0961729   0.995347 0.00594642  0.0757863
   0.18759  0.0122578   0.982171  -0.149588
         0          0          0          1
T_world_lidar: 
  0.977528  0.0955738  -0.187896 -0.0222457
-0.0961729   0.995347 0.00594642  0.0757863
   0.18759  0.0122578   0.982171  -0.149588
         0          0          0          1
v_world_imu: -0.0454237   -0.11805    0.76512
frame_533
id: 533
stamp: 1757574264.511802197
T_odom_lidar: 
  0.977218  0.0985305  -0.187979 -0.0258357
-0.0994324   0.995033 0.00464966  0.0783416
  0.187503  0.0141474   0.982162  -0.149926
         0          0          0          1
T_world_lidar: 
  0.977218  0.0985305  -0.187979 -0.0258357
-0.0994324   0.995033 0.00464966  0.0783416
  0.187503  0.0141474   0.982162  -0.149926
         0          0          0          1
v_world_imu: -0.0454237   -0.11805    0.76512
frame_534
id: 534
stamp: 1757574264.589046717
T_odom_lidar: 
  0.977034  0.0991694  -0.188601 -0.0229555
-0.0999876   0.994975 0.00519494  0.0779205
  0.188169  0.0137821    0.98204  -0.151337
         0          0          0          1
T_world_lidar: 
  0.977034  0.0991694  -0.188601 -0.0229555
-0.0999876   0.994975 0.00519494  0.0779205
  0.188169  0.0137821    0.98204  -0.151337
         0          0          0          1
v_world_imu: -0.0454237   -0.11805    0.76512
frame_535
id: 535
stamp: 1757574264.627077103
T_odom_lidar: 
  0.977501  0.0957717  -0.187935 -0.0246512
-0.0963246   0.995331 0.00620998  0.0774971
  0.187652  0.0120325   0.982162  -0.153657
         0          0          0          1
T_world_lidar: 
  0.977501  0.0957717  -0.187935 -0.0246512
-0.0963246   0.995331 0.00620998  0.0774971
  0.187652  0.0120325   0.982162  -0.153657
         0          0          0          1
v_world_imu: -0.0454237   -0.11805    0.76512
frame_536
id: 536
stamp: 1757574264.706653357
T_odom_lidar: 
  0.977192  0.0937857  -0.190526 -0.0129529
-0.0932031   0.995574  0.0120369  0.0685682
  0.190811 0.00599524   0.981608  -0.146603
         0          0          0          1
T_world_lidar: 
  0.977192  0.0937857  -0.190526 -0.0129529
-0.0932031   0.995574  0.0120369  0.0685682
  0.190811 0.00599524   0.981608  -0.146603
         0          0          0          1
v_world_imu: -0.0454237   -0.11805    0.76512
frame_537
id: 537
stamp: 1757574264.740373611
T_odom_lidar: 
     0.97814    0.0879574     -0.18843    -0.013756
   -0.086319     0.996124    0.0169001    0.0666619
    0.189186 -0.000265524     0.981941      -0.1478
           0            0            0            1
T_world_lidar: 
     0.97814    0.0879574     -0.18843    -0.013756
   -0.086319     0.996124    0.0169001    0.0666619
    0.189186 -0.000265524     0.981941      -0.1478
           0            0            0            1
v_world_imu: -0.0454237   -0.11805    0.76512
frame_538
id: 538
stamp: 1757574264.814682007
T_odom_lidar: 
   0.980055   0.0747379   -0.184138 -0.00201916
 -0.0730121      0.9972   0.0161443    0.053694
   0.184829 -0.00237804    0.982768   -0.140817
          0           0           0           1
T_world_lidar: 
   0.980055   0.0747379   -0.184138 -0.00201916
 -0.0730121      0.9972   0.0161443    0.053694
   0.184829 -0.00237804    0.982768   -0.140817
          0           0           0           1
v_world_imu: -0.0454237   -0.11805    0.76512
frame_539
id: 539
stamp: 1757574264.847354889
T_odom_lidar: 
   0.982028   0.0560259   -0.180228  0.00494634
 -0.0552379    0.998429  0.00939224    0.031947
   0.180471 0.000731947     0.98358   -0.132173
          0           0           0           1
T_world_lidar: 
   0.982028   0.0560259   -0.180228  0.00494634
 -0.0552379    0.998429  0.00939224    0.031947
   0.180471 0.000731947     0.98358   -0.132173
          0           0           0           1
v_world_imu: -0.0454237   -0.11805    0.76512
frame_540
id: 540
stamp: 1757574264.923361778
T_odom_lidar: 
    0.98319   0.0410968   -0.177901  0.00640259
 -0.0422555    0.999103 -0.00272746 0.000503691
    0.17763   0.0101989    0.984045   -0.122133
          0           0           0           1
T_world_lidar: 
    0.98319   0.0410968   -0.177901  0.00640259
 -0.0422555    0.999103 -0.00272746 0.000503691
    0.17763   0.0101989    0.984045   -0.122133
          0           0           0           1
v_world_imu: -0.0454237   -0.11805    0.76512
frame_541
id: 541
stamp: 1757574264.963034391
T_odom_lidar: 
  0.984386   0.029018  -0.173613  0.0155968
-0.0318756   0.999398 -0.0136933 -0.0067239
  0.173111  0.0190135   0.984719  -0.146933
         0          0          0          1
T_world_lidar: 
  0.984386   0.029018  -0.173613  0.0155968
-0.0318756   0.999398 -0.0136933 -0.0067239
  0.173111  0.0190135   0.984719  -0.146933
         0          0          0          1
v_world_imu: -0.0454237   -0.11805    0.76512
frame_542
id: 542
stamp: 1757574265.035544395
T_odom_lidar: 
  0.984389  0.0236617  -0.174407 0.00911223
-0.0279434   0.999364  -0.022135 -0.0140973
  0.173773   0.026663   0.984425  -0.145898
         0          0          0          1
T_world_lidar: 
  0.984389  0.0236617  -0.174407 0.00911223
-0.0279434   0.999364  -0.022135 -0.0140973
  0.173773   0.026663   0.984425  -0.145898
         0          0          0          1
v_world_imu: -0.0454237   -0.11805    0.76512
frame_543
id: 543
stamp: 1757574265.066822290
T_odom_lidar: 
   0.983851   0.0279637   -0.176789  0.00248198
 -0.0322234    0.999254  -0.0212696 -0.00275145
   0.176062   0.0266229    0.984019   -0.146843
          0           0           0           1
T_world_lidar: 
   0.983851   0.0279637   -0.176789  0.00248198
 -0.0322234    0.999254  -0.0212696 -0.00275145
   0.176062   0.0266229    0.984019   -0.146843
          0           0           0           1
v_world_imu: -0.0454237   -0.11805    0.76512
frame_544
id: 544
stamp: 1757574265.141643286
T_odom_lidar: 
  0.983367  0.0390537  -0.177382 -0.0028063
-0.0420112   0.999033 -0.0129463  0.0177273
  0.176705   0.020183   0.984057  -0.149342
         0          0          0          1
T_world_lidar: 
  0.983367  0.0390537  -0.177382 -0.0028063
-0.0420112   0.999033 -0.0129463  0.0177273
  0.176705   0.020183   0.984057  -0.149342
         0          0          0          1
v_world_imu: -0.0454237   -0.11805    0.76512
frame_545
id: 545
stamp: 1757574265.176766634
T_odom_lidar: 
   0.983432   0.0428896   -0.176129 0.000369124
 -0.0443061     0.99901 -0.00411556   0.0297816
   0.175778    0.011851    0.984358   -0.153952
          0           0           0           1
T_world_lidar: 
   0.983432   0.0428896   -0.176129 0.000369124
 -0.0443061     0.99901 -0.00411556   0.0297816
   0.175778    0.011851    0.984358   -0.153952
          0           0           0           1
v_world_imu: -0.0454237   -0.11805    0.76512
frame_546
id: 546
stamp: 1757574265.251421928
T_odom_lidar: 
  0.982901  0.0332004  -0.181116  0.0045623
-0.0337475    0.99943 6.1081e-05  0.0213844
  0.181015 0.00605218   0.983462  -0.137511
         0          0          0          1
T_world_lidar: 
  0.982901  0.0332004  -0.181116  0.0045623
-0.0337475    0.99943 6.1081e-05  0.0213844
  0.181015 0.00605218   0.983462  -0.137511
         0          0          0          1
v_world_imu: -0.0454237   -0.11805    0.76512
frame_547
id: 547
stamp: 1757574265.286792755
T_odom_lidar: 
    0.981596    0.0424988    -0.186183   -0.0236795
  -0.0417163     0.999096   0.00812056    0.0299027
     0.18636 -0.000204253     0.982482     -0.15304
           0            0            0            1
T_world_lidar: 
    0.981596    0.0424988    -0.186183   -0.0236795
  -0.0417163     0.999096   0.00812056    0.0299027
     0.18636 -0.000204253     0.982482     -0.15304
           0            0            0            1
v_world_imu: -0.0454237   -0.11805    0.76512
frame_548
id: 548
stamp: 1757574265.365332603
T_odom_lidar: 
   0.979436   0.0531703   -0.194623  -0.0487605
 -0.0519189    0.998585   0.0115291   0.0499334
   0.194961 -0.00118738     0.98081   -0.169152
          0           0           0           1
T_world_lidar: 
   0.979436   0.0531703   -0.194623  -0.0487605
 -0.0519189    0.998585   0.0115291   0.0499334
   0.194961 -0.00118738     0.98081   -0.169152
          0           0           0           1
v_world_imu: -0.0454237   -0.11805    0.76512
frame_549
id: 549
stamp: 1757574265.397640944
T_odom_lidar: 
     0.97785    0.0544485    -0.202098   -0.0555215
  -0.0532493     0.998517    0.0113703    0.0467936
    0.202418 -0.000356831     0.979299    -0.179734
           0            0            0            1
T_world_lidar: 
     0.97785    0.0544485    -0.202098   -0.0555215
  -0.0532493     0.998517    0.0113703    0.0467936
    0.202418 -0.000356831     0.979299    -0.179734
           0            0            0            1
v_world_imu: -0.0454237   -0.11805    0.76512
frame_550
id: 550
stamp: 1757574265.469238043
T_odom_lidar: 
   0.97749  0.0529615  -0.204225 -0.0561852
-0.0526004    0.99859 0.00719989  0.0438918
  0.204318 0.00370449   0.978898  -0.176204
         0          0          0          1
T_world_lidar: 
   0.97749  0.0529615  -0.204225 -0.0561852
-0.0526004    0.99859 0.00719989  0.0438918
  0.204318 0.00370449   0.978898  -0.176204
         0          0          0          1
v_world_imu: -0.0454237   -0.11805    0.76512
frame_551
id: 551
stamp: 1757574265.505192280
T_odom_lidar: 
  0.977065  0.0516116   -0.20659 -0.0464586
-0.0521606   0.998635 0.00279191  0.0400978
  0.206452 0.00804799   0.978424  -0.153835
         0          0          0          1
T_world_lidar: 
  0.977065  0.0516116   -0.20659 -0.0464586
-0.0521606   0.998635 0.00279191  0.0400978
  0.206452 0.00804799   0.978424  -0.153835
         0          0          0          1
v_world_imu: -0.0454237   -0.11805    0.76512
frame_552
id: 552
stamp: 1757574265.578574181
T_odom_lidar: 
   0.977666   0.0489788   -0.204378  -0.0352618
 -0.0502658    0.998735 -0.00110744   0.0361605
   0.204065   0.0113559    0.978891   -0.144751
          0           0           0           1
T_world_lidar: 
   0.977666   0.0489788   -0.204378  -0.0352618
 -0.0502658    0.998735 -0.00110744   0.0361605
   0.204065   0.0113559    0.978891   -0.144751
          0           0           0           1
v_world_imu: -0.0454237   -0.11805    0.76512
frame_553
id: 553
stamp: 1757574265.608044386
T_odom_lidar: 
   0.978206   0.0469335   -0.202262  -0.0346768
 -0.0485615    0.998815 -0.00309136     0.03346
   0.201877   0.0128461    0.979327   -0.142026
          0           0           0           1
T_world_lidar: 
   0.978206   0.0469335   -0.202262  -0.0346768
 -0.0485615    0.998815 -0.00309136     0.03346
   0.201877   0.0128461    0.979327   -0.142026
          0           0           0           1
v_world_imu: -0.0454237   -0.11805    0.76512
frame_554
id: 554
stamp: 1757574265.686630964
T_odom_lidar: 
   0.978793   0.0459584   -0.199627  -0.0264446
  -0.047459    0.998869 -0.00273599   0.0350996
   0.199276   0.0121521    0.979868   -0.138258
          0           0           0           1
T_world_lidar: 
   0.978793   0.0459584   -0.199627  -0.0264446
  -0.047459    0.998869 -0.00273599   0.0350996
   0.199276   0.0121521    0.979868   -0.138258
          0           0           0           1
v_world_imu: -0.0454237   -0.11805    0.76512
frame_555
id: 555
stamp: 1757574265.718228340
T_odom_lidar: 
   0.979045   0.0464536   -0.198276  -0.0306059
 -0.0478241    0.998854 -0.00212608   0.0337393
    0.19795   0.0115639    0.980144   -0.138797
          0           0           0           1
T_world_lidar: 
   0.979045   0.0464536   -0.198276  -0.0306059
 -0.0478241    0.998854 -0.00212608   0.0337393
    0.19795   0.0115639    0.980144   -0.138797
          0           0           0           1
v_world_imu: -0.0454237   -0.11805    0.76512
frame_556
id: 556
stamp: 1757574265.787097692
T_odom_lidar: 
   0.979164   0.0466244   -0.197646  -0.0301674
 -0.0474054    0.998875 0.000780395   0.0361542
    0.19746  0.00860536    0.980273   -0.141446
          0           0           0           1
T_world_lidar: 
   0.979164   0.0466244   -0.197646  -0.0301674
 -0.0474054    0.998875 0.000780395   0.0361542
    0.19746  0.00860536    0.980273   -0.141446
          0           0           0           1
v_world_imu: -0.0454237   -0.11805    0.76512
frame_557
id: 557
stamp: 1757574265.820208549
T_odom_lidar: 
  0.979197  0.0465672  -0.197496  -0.033241
-0.0470964   0.998888 0.00201884    0.03482
   0.19737 0.00732452   0.980302  -0.143183
         0          0          0          1
T_world_lidar: 
  0.979197  0.0465672  -0.197496  -0.033241
-0.0470964   0.998888 0.00201884    0.03482
   0.19737 0.00732452   0.980302  -0.143183
         0          0          0          1
v_world_imu: -0.0454237   -0.11805    0.76512
frame_558
id: 558
stamp: 1757574265.889670372
T_odom_lidar: 
  0.979276  0.0463599  -0.197152  -0.031036
-0.0468897   0.998898 0.00198229  0.0346747
  0.197027  0.0073032   0.980371  -0.143998
         0          0          0          1
T_world_lidar: 
  0.979276  0.0463599  -0.197152  -0.031036
-0.0468897   0.998898 0.00198229  0.0346747
  0.197027  0.0073032   0.980371  -0.143998
         0          0          0          1
v_world_imu: -0.0454237   -0.11805    0.76512
frame_559
id: 559
stamp: 1757574265.919059992
T_odom_lidar: 
  0.979346  0.0464322  -0.196787 -0.0342635
-0.0468696   0.998898 0.00243626  0.0325811
  0.196683 0.00683737   0.980443  -0.145052
         0          0          0          1
T_world_lidar: 
  0.979346  0.0464322  -0.196787 -0.0342635
-0.0468696   0.998898 0.00243626  0.0325811
  0.196683 0.00683737   0.980443  -0.145052
         0          0          0          1
v_world_imu: -0.0454237   -0.11805    0.76512
frame_560
id: 560
stamp: 1757574265.990485907
T_odom_lidar: 
  0.979547  0.0465852  -0.195747 -0.0291323
-0.0468838   0.998896 0.00311036  0.0328987
  0.195676 0.00613063   0.980649   -0.14454
         0          0          0          1
T_world_lidar: 
  0.979547  0.0465852  -0.195747 -0.0291323
-0.0468838   0.998896 0.00311036  0.0328987
  0.195676 0.00613063   0.980649   -0.14454
         0          0          0          1
v_world_imu: -0.0454237   -0.11805    0.76512
frame_561
id: 561
stamp: 1757574266.024403095
T_odom_lidar: 
   0.979697   0.0447863   -0.195418   -0.030914
 -0.0463063    0.998922 -0.00321413   0.0347102
   0.195064    0.012198    0.980715   -0.142536
          0           0           0           1
T_world_lidar: 
   0.979697   0.0447863   -0.195418   -0.030914
 -0.0463063    0.998922 -0.00321413   0.0347102
   0.195064    0.012198    0.980715   -0.142536
          0           0           0           1
v_world_imu: -0.0454237   -0.11805    0.76512
frame_562
id: 562
stamp: 1757574266.102544308
T_odom_lidar: 
   0.979802   0.0446094   -0.194929  -0.0267993
 -0.0463935    0.998913 -0.00459428   0.0349835
   0.194512   0.0135449    0.980807    -0.14045
          0           0           0           1
T_world_lidar: 
   0.979802   0.0446094   -0.194929  -0.0267993
 -0.0463935    0.998913 -0.00459428   0.0349835
   0.194512   0.0135449    0.980807    -0.14045
          0           0           0           1
v_world_imu: -0.0454237   -0.11805    0.76512
frame_563
id: 563
stamp: 1757574266.132160902
T_odom_lidar: 
   0.979985   0.0452286   -0.193865  -0.0294607
 -0.0467845    0.998899 -0.00345242    0.033828
   0.193495   0.0124532    0.981022   -0.140816
          0           0           0           1
T_world_lidar: 
   0.979985   0.0452286   -0.193865  -0.0294607
 -0.0467845    0.998899 -0.00345242    0.033828
   0.193495   0.0124532    0.981022   -0.140816
          0           0           0           1
v_world_imu: -0.0454237   -0.11805    0.76512
frame_564
id: 564
stamp: 1757574266.204290152
T_odom_lidar: 
  0.979976  0.0456648  -0.193807 -0.0259496
-0.0471269   0.998885 -0.0029378  0.0354565
  0.193457  0.0120125   0.981035  -0.141031
         0          0          0          1
T_world_lidar: 
  0.979976  0.0456648  -0.193807 -0.0259496
-0.0471269   0.998885 -0.0029378  0.0354565
  0.193457  0.0120125   0.981035  -0.141031
         0          0          0          1
v_world_imu: -0.0454237   -0.11805    0.76512
frame_565
id: 565
stamp: 1757574266.241402864
T_odom_lidar: 
  0.979932  0.0453464  -0.194107 -0.0281731
-0.0468373   0.998898 -0.0030964  0.0333046
  0.193752  0.0121257   0.980976  -0.141537
         0          0          0          1
T_world_lidar: 
  0.979932  0.0453464  -0.194107 -0.0281731
-0.0468373   0.998898 -0.0030964  0.0333046
  0.193752  0.0121257   0.980976  -0.141537
         0          0          0          1
v_world_imu: -0.0454237   -0.11805    0.76512
frame_566
id: 566
stamp: 1757574266.314154148
T_odom_lidar: 
   0.980523   0.0460623   -0.190924   -0.026738
 -0.0476652    0.998856 -0.00380884   0.0357002
   0.190531   0.0128351    0.981597   -0.145121
          0           0           0           1
T_world_lidar: 
   0.980523   0.0460623   -0.190924   -0.026738
 -0.0476652    0.998856 -0.00380884   0.0357002
   0.190531   0.0128351    0.981597   -0.145121
          0           0           0           1
v_world_imu: -0.0454237   -0.11805    0.76512
frame_567
id: 567
stamp: 1757574266.346465588
T_odom_lidar: 
  0.980617  0.0472999  -0.190141 -0.0291892
-0.0491312    0.99878 -0.0049261  0.0351928
  0.189676  0.0141724   0.981745  -0.144979
         0          0          0          1
T_world_lidar: 
  0.980617  0.0472999  -0.190141 -0.0291892
-0.0491312    0.99878 -0.0049261  0.0351928
  0.189676  0.0141724   0.981745  -0.144979
         0          0          0          1
v_world_imu: -0.0454237   -0.11805    0.76512
frame_568
id: 568
stamp: 1757574266.421778202
T_odom_lidar: 
   0.980556   0.0493278   -0.189941  -0.0261591
 -0.0510577    0.998687 -0.00422202   0.0382294
   0.189483   0.0138379    0.981786   -0.145021
          0           0           0           1
T_world_lidar: 
   0.980556   0.0493278   -0.189941  -0.0261591
 -0.0510577    0.998687 -0.00422202   0.0382294
   0.189483   0.0138379    0.981786   -0.145021
          0           0           0           1
v_world_imu: -0.0454237   -0.11805    0.76512
frame_569
id: 569
stamp: 1757574266.458660126
T_odom_lidar: 
   0.980363   0.0512453   -0.190427  -0.0292154
   -0.05295     0.99859 -0.00387143   0.0404579
    0.18996   0.0138785    0.981694   -0.146639
          0           0           0           1
T_world_lidar: 
   0.980363   0.0512453   -0.190427  -0.0292154
   -0.05295     0.99859 -0.00387143   0.0404579
    0.18996   0.0138785    0.981694   -0.146639
          0           0           0           1
v_world_imu: -0.0454237   -0.11805    0.76512
frame_570
id: 570
stamp: 1757574266.525732040
T_odom_lidar: 
   0.980065   0.0540488   -0.191185  -0.0312696
 -0.0557695    0.998437 -0.00362658   0.0434847
    0.19069   0.0142166    0.981547   -0.148534
          0           0           0           1
T_world_lidar: 
   0.980065   0.0540488   -0.191185  -0.0312696
 -0.0557695    0.998437 -0.00362658   0.0434847
    0.19069   0.0142166    0.981547   -0.148534
          0           0           0           1
v_world_imu: -0.0454237   -0.11805    0.76512
frame_571
id: 571
stamp: 1757574266.562335014
T_odom_lidar: 
    0.979751     0.058937     -0.19135    -0.040023
  -0.0600938     0.998193 -0.000242617    0.0428484
     0.19099    0.0117366     0.981522    -0.151919
           0            0            0            1
T_world_lidar: 
    0.979751     0.058937     -0.19135    -0.040023
  -0.0600938     0.998193 -0.000242617    0.0428484
     0.19099    0.0117366     0.981522    -0.151919
           0            0            0            1
v_world_imu: -0.0454237   -0.11805    0.76512
frame_572
id: 572
stamp: 1757574266.637056828
T_odom_lidar: 
   0.979483    0.063914   -0.191123   -0.037484
 -0.0650479    0.997882 0.000341798   0.0475032
    0.19074   0.0120974    0.981566      -0.152
          0           0           0           1
T_world_lidar: 
   0.979483    0.063914   -0.191123   -0.037484
 -0.0650479    0.997882 0.000341798   0.0475032
    0.19074   0.0120974    0.981566      -0.152
          0           0           0           1
v_world_imu: -0.0454237   -0.11805    0.76512
frame_573
id: 573
stamp: 1757574266.675871849
T_odom_lidar: 
    0.979212    0.0692539    -0.190649   -0.0388294
  -0.0705699     0.997507 -0.000113474    0.0505097
    0.190166    0.0135652     0.981658    -0.152264
           0            0            0            1
T_world_lidar: 
    0.979212    0.0692539    -0.190649   -0.0388294
  -0.0705699     0.997507 -0.000113474    0.0505097
    0.190166    0.0135652     0.981658    -0.152264
           0            0            0            1
v_world_imu: -0.0454237   -0.11805    0.76512
frame_574
id: 574
stamp: 1757574266.749189615
T_odom_lidar: 
    0.978764    0.0758042    -0.190459   -0.0363799
   -0.077233     0.997013 -7.91674e-05    0.0570825
    0.189885    0.0147872     0.981695    -0.152034
           0            0            0            1
T_world_lidar: 
    0.978764    0.0758042    -0.190459   -0.0363799
   -0.077233     0.997013 -7.91674e-05    0.0570825
    0.189885    0.0147872     0.981695    -0.152034
           0            0            0            1
v_world_imu: -0.0454237   -0.11805    0.76512
frame_575
id: 575
stamp: 1757574266.781101942
T_odom_lidar: 
   0.978105   0.0874033   -0.188869  -0.0397531
 -0.0888755    0.996043 0.000676858   0.0668932
   0.188181   0.0161238    0.982002   -0.151412
          0           0           0           1
T_world_lidar: 
   0.978105   0.0874033   -0.188869  -0.0397531
 -0.0888755    0.996043 0.000676858   0.0668932
   0.188181   0.0161238    0.982002   -0.151412
          0           0           0           1
v_world_imu: -0.0454237   -0.11805    0.76512
frame_576
id: 576
stamp: 1757574266.857930899
T_odom_lidar: 
  0.977137  0.0965884  -0.189404 -0.0392489
-0.0978277   0.995199 0.00281757  0.0715109
  0.188767  0.0157758   0.981895  -0.151542
         0          0          0          1
T_world_lidar: 
  0.977137  0.0965884  -0.189404 -0.0392489
-0.0978277   0.995199 0.00281757  0.0715109
  0.188767  0.0157758   0.981895  -0.151542
         0          0          0          1
v_world_imu: -0.0454237   -0.11805    0.76512
frame_577
id: 577
stamp: 1757574266.888851404
T_odom_lidar: 
  0.976745  0.0993052  -0.190022 -0.0436426
 -0.100555   0.994927 0.00307586  0.0725512
  0.189364  0.0161034   0.981775  -0.154218
         0          0          0          1
T_world_lidar: 
  0.976745  0.0993052  -0.190022 -0.0436426
 -0.100555   0.994927 0.00307586  0.0725512
  0.189364  0.0161034   0.981775  -0.154218
         0          0          0          1
v_world_imu: -0.0454237   -0.11805    0.76512
frame_578
id: 578
stamp: 1757574266.960030556
T_odom_lidar: 
  0.976626  0.0986993  -0.190943 -0.0418065
-0.0998334   0.994997 0.00369544  0.0716195
  0.190353  0.0154535   0.981594   -0.15618
         0          0          0          1
T_world_lidar: 
  0.976626  0.0986993  -0.190943 -0.0418065
-0.0998334   0.994997 0.00369544  0.0716195
  0.190353  0.0154535   0.981594   -0.15618
         0          0          0          1
v_world_imu: -0.0454237   -0.11805    0.76512
frame_579
id: 579
stamp: 1757574266.997527361
T_odom_lidar: 
  0.977223  0.0939027  -0.190307 -0.0398132
-0.0948848    0.99548 0.00396552  0.0666822
  0.189819   0.014182   0.981717  -0.154868
         0          0          0          1
T_world_lidar: 
  0.977223  0.0939027  -0.190307 -0.0398132
-0.0948848    0.99548 0.00396552  0.0666822
  0.189819   0.014182   0.981717  -0.154868
         0          0          0          1
v_world_imu: -0.0454237   -0.11805    0.76512
frame_580
id: 580
stamp: 1757574267.073450565
T_odom_lidar: 
  0.977759  0.0902024  -0.189342 -0.0347045
-0.0905302    0.99587 0.00693481  0.0644649
  0.189186  0.0103606   0.981887   -0.15569
         0          0          0          1
T_world_lidar: 
  0.977759  0.0902024  -0.189342 -0.0347045
-0.0905302    0.99587 0.00693481  0.0644649
  0.189186  0.0103606   0.981887   -0.15569
         0          0          0          1
v_world_imu: -0.0454237   -0.11805    0.76512
frame_581
id: 581
stamp: 1757574267.106851578
T_odom_lidar: 
  0.978304  0.0891307  -0.187023 -0.0207709
-0.0882048   0.996014  0.0132833  0.0604669
  0.187462 0.00350126   0.982266  -0.161198
         0          0          0          1
T_world_lidar: 
  0.978304  0.0891307  -0.187023 -0.0207709
-0.0882048   0.996014  0.0132833  0.0604669
  0.187462 0.00350126   0.982266  -0.161198
         0          0          0          1
v_world_imu: -0.0454237   -0.11805    0.76512
frame_582
id: 582
stamp: 1757574267.180930138
T_odom_lidar: 
   0.979156   0.0832627   -0.185256   -0.016222
  -0.081623    0.996527   0.0164739   0.0581155
   0.185985 -0.00100934    0.982552   -0.161524
          0           0           0           1
T_world_lidar: 
   0.979156   0.0832627   -0.185256   -0.016222
  -0.081623    0.996527   0.0164739   0.0581155
   0.185985 -0.00100934    0.982552   -0.161524
          0           0           0           1
v_world_imu: -0.0454237   -0.11805    0.76512
frame_583
id: 583
stamp: 1757574267.213993073
T_odom_lidar: 
    0.981007    0.0689603    -0.181301  -0.00896625
  -0.0677634     0.997619    0.0127951    0.0443342
    0.181752 -0.000266545     0.983344    -0.155299
           0            0            0            1
T_world_lidar: 
    0.981007    0.0689603    -0.181301  -0.00896625
  -0.0677634     0.997619    0.0127951    0.0443342
    0.181752 -0.000266545     0.983344    -0.155299
           0            0            0            1
v_world_imu: -0.0454237   -0.11805    0.76512
frame_584
id: 584
stamp: 1757574267.283072948
T_odom_lidar: 
  0.982854  0.0483472  -0.177932 0.00120778
-0.0484273   0.998819 0.00389522   0.016336
   0.17791 0.00478834   0.984035  -0.146425
         0          0          0          1
T_world_lidar: 
  0.982854  0.0483472  -0.177932 0.00120778
-0.0484273   0.998819 0.00389522   0.016336
   0.17791 0.00478834   0.984035  -0.146425
         0          0          0          1
v_world_imu: -0.0454237   -0.11805    0.76512
frame_585
id: 585
stamp: 1757574267.317193031
T_odom_lidar: 
    0.98381   0.0323742   -0.176266  0.00248037
 -0.0346499    0.999351 -0.00984724 -0.00100485
   0.175833   0.0157954    0.984293   -0.136831
          0           0           0           1
T_world_lidar: 
    0.98381   0.0323742   -0.176266  0.00248037
 -0.0346499    0.999351 -0.00984724 -0.00100485
   0.175833   0.0157954    0.984293   -0.136831
          0           0           0           1
v_world_imu: -0.0454237   -0.11805    0.76512
frame_586
id: 586
stamp: 1757574267.392556190
T_odom_lidar: 
   0.983607   0.0283252   -0.178086 -0.00376217
 -0.0324329     0.99927  -0.0201967 -0.00436918
   0.177384   0.0256415    0.983808   -0.135478
          0           0           0           1
T_world_lidar: 
   0.983607   0.0283252   -0.178086 -0.00376217
 -0.0324329     0.99927  -0.0201967 -0.00436918
   0.177384   0.0256415    0.983808   -0.135478
          0           0           0           1
v_world_imu: -0.0454237   -0.11805    0.76512
frame_587
id: 587
stamp: 1757574267.417672634
T_odom_lidar: 
  0.982674  0.0319916  -0.182562 -0.0113104
-0.0365757   0.999093 -0.0217974 0.00799314
  0.181699  0.0280971   0.982953  -0.136397
         0          0          0          1
T_world_lidar: 
  0.982674  0.0319916  -0.182562 -0.0113104
-0.0365757   0.999093 -0.0217974 0.00799314
  0.181699  0.0280971   0.982953  -0.136397
         0          0          0          1
v_world_imu: -0.0454237   -0.11805    0.76512
frame_588
id: 588
stamp: 1757574267.488190174
T_odom_lidar: 
   0.98275  0.0411863  -0.180293 -0.0107782
-0.0449631   0.998846 -0.0169099  0.0167216
  0.179388  0.0247247   0.983468  -0.139486
         0          0          0          1
T_world_lidar: 
   0.98275  0.0411863  -0.180293 -0.0107782
-0.0449631   0.998846 -0.0169099  0.0167216
  0.179388  0.0247247   0.983468  -0.139486
         0          0          0          1
v_world_imu: -0.0454237   -0.11805    0.76512
frame_589
id: 589
stamp: 1757574267.525548697
T_odom_lidar: 
     0.98347    0.0444409    -0.175535 -6.86003e-05
  -0.0469247     0.998848   -0.0100225    0.0275877
    0.174888    0.0180938     0.984422    -0.139598
           0            0            0            1
T_world_lidar: 
     0.98347    0.0444409    -0.175535 -6.86003e-05
  -0.0469247     0.998848   -0.0100225    0.0275877
    0.174888    0.0180938     0.984422    -0.139598
           0            0            0            1
v_world_imu: -0.0454237   -0.11805    0.76512
frame_590
id: 590
stamp: 1757574267.597909927
T_odom_lidar: 
   0.983432   0.0461792   -0.175298  0.00173718
 -0.0472296    0.998882 -0.00182263   0.0418621
   0.175018   0.0100717    0.984514   -0.144302
          0           0           0           1
T_world_lidar: 
   0.983432   0.0461792   -0.175298  0.00173718
 -0.0472296    0.998882 -0.00182263   0.0418621
   0.175018   0.0100717    0.984514   -0.144302
          0           0           0           1
v_world_imu: -0.0454237   -0.11805    0.76512
frame_591
id: 591
stamp: 1757574267.636870623
T_odom_lidar: 
  0.983012  0.0399671  -0.179135  0.0038605
-0.0403233   0.999185 0.00165344  0.0319205
  0.179055 0.00559797   0.983823  -0.139203
         0          0          0          1
T_world_lidar: 
  0.983012  0.0399671  -0.179135  0.0038605
-0.0403233   0.999185 0.00165344  0.0319205
  0.179055 0.00559797   0.983823  -0.139203
         0          0          0          1
v_world_imu: -0.0454237   -0.11805    0.76512
frame_592
id: 592
stamp: 1757574267.712651968
T_odom_lidar: 
    0.9815  0.0469525  -0.185617 -0.0314186
-0.0468035   0.998891 0.00518701  0.0441957
  0.185655 0.00359649   0.982608  -0.146762
         0          0          0          1
T_world_lidar: 
    0.9815  0.0469525  -0.185617 -0.0314186
-0.0468035   0.998891 0.00518701  0.0441957
  0.185655 0.00359649   0.982608  -0.146762
         0          0          0          1
v_world_imu: -0.0454237   -0.11805    0.76512
frame_593
id: 593
stamp: 1757574267.751814604
T_odom_lidar: 
  0.979333  0.0531532  -0.195146 -0.0523497
-0.0533644   0.998566 0.00417894  0.0452296
  0.195088 0.00632125   0.980765   -0.15176
         0          0          0          1
T_world_lidar: 
  0.979333  0.0531532  -0.195146 -0.0523497
-0.0533644   0.998566 0.00417894  0.0452296
  0.195088 0.00632125   0.980765   -0.15176
         0          0          0          1
v_world_imu: -0.0454237   -0.11805    0.76512
frame_594
id: 594
stamp: 1757574267.820850849
T_odom_lidar: 
   0.977349   0.0569772   -0.203822   -0.079398
 -0.0582213    0.998304 -0.00010735   0.0499389
    0.20347   0.0119717    0.979008   -0.157924
          0           0           0           1
T_world_lidar: 
   0.977349   0.0569772   -0.203822   -0.079398
 -0.0582213    0.998304 -0.00010735   0.0499389
    0.20347   0.0119717    0.979008   -0.157924
          0           0           0           1
v_world_imu: -0.0454237   -0.11805    0.76512
frame_595
id: 595
stamp: 1757574267.852048635
T_odom_lidar: 
    0.97619   0.0610357   -0.208152  -0.0852133
 -0.0625254    0.998043 -0.00057846   0.0494471
   0.207709   0.0135795    0.978096   -0.160032
          0           0           0           1
T_world_lidar: 
    0.97619   0.0610357   -0.208152  -0.0852133
 -0.0625254    0.998043 -0.00057846   0.0494471
   0.207709   0.0135795    0.978096   -0.160032
          0           0           0           1
v_world_imu: -0.0454237   -0.11805    0.76512
frame_596
id: 596
stamp: 1757574267.928290606
T_odom_lidar: 
   0.975277   0.0629669   -0.211825  -0.0808495
 -0.0651381    0.997871 -0.00328049    0.060691
   0.211167   0.0169973    0.977302   -0.154937
          0           0           0           1
T_world_lidar: 
   0.975277   0.0629669   -0.211825  -0.0808495
 -0.0651381    0.997871 -0.00328049    0.060691
   0.211167   0.0169973    0.977302   -0.154937
          0           0           0           1
v_world_imu: -0.0454237   -0.11805    0.76512
frame_597
id: 597
stamp: 1757574267.965034008
T_odom_lidar: 
    0.975499    0.0691907     -0.20884   -0.0793436
  -0.0708736     0.997485 -0.000576526    0.0589286
    0.208275    0.0153636      0.97795    -0.155898
           0            0            0            1
T_world_lidar: 
    0.975499    0.0691907     -0.20884   -0.0793436
  -0.0708736     0.997485 -0.000576526    0.0589286
    0.208275    0.0153636      0.97795    -0.155898
           0            0            0            1
v_world_imu: -0.0454237   -0.11805    0.76512
frame_598
id: 598
stamp: 1757574268.033834934
T_odom_lidar: 
  0.976141   0.075897  -0.203441 -0.0685467
-0.0768397   0.997038 0.00327266  0.0616044
  0.203087  0.0124378   0.979082   -0.15499
         0          0          0          1
T_world_lidar: 
  0.976141   0.075897  -0.203441 -0.0685467
-0.0768397   0.997038 0.00327266  0.0616044
  0.203087  0.0124378   0.979082   -0.15499
         0          0          0          1
v_world_imu: -0.0454237   -0.11805    0.76512
frame_599
id: 599
stamp: 1757574268.067449331
T_odom_lidar: 
   0.97746  0.0774348  -0.196406 -0.0581664
-0.0781218   0.996935 0.00425877  0.0578129
  0.196133  0.0111808   0.980514  -0.154856
         0          0          0          1
T_world_lidar: 
   0.97746  0.0774348  -0.196406 -0.0581664
-0.0781218   0.996935 0.00425877  0.0578129
  0.196133  0.0111808   0.980514  -0.154856
         0          0          0          1
v_world_imu: -0.0454237   -0.11805    0.76512
frame_600
id: 600
stamp: 1757574268.140965462
T_odom_lidar: 
   0.97887  0.0763718  -0.189688 -0.0387248
-0.0775551   0.996987 0.00118779  0.0535226
  0.189208  0.0135486   0.981844  -0.151663
         0          0          0          1
T_world_lidar: 
   0.97887  0.0763718  -0.189688 -0.0387248
-0.0775551   0.996987 0.00118779  0.0535226
  0.189208  0.0135486   0.981844  -0.151663
         0          0          0          1
v_world_imu: -0.0454237   -0.11805    0.76512
frame_601
id: 601
stamp: 1757574268.174924850
T_odom_lidar: 
   0.980093   0.0762585   -0.183307  -0.0261064
  -0.077548    0.996989 0.000134175   0.0531682
   0.182765   0.0140836    0.983056   -0.149531
          0           0           0           1
T_world_lidar: 
   0.980093   0.0762585   -0.183307  -0.0261064
  -0.077548    0.996989 0.000134175   0.0531682
   0.182765   0.0140836    0.983056   -0.149531
          0           0           0           1
v_world_imu: -0.0454237   -0.11805    0.76512
frame_602
id: 602
stamp: 1757574268.242558479
T_odom_lidar: 
   0.980368   0.0810421   -0.179751  -0.0219564
 -0.0828354     0.99656 -0.00248037   0.0548026
   0.178931   0.0173214    0.983709   -0.146554
          0           0           0           1
T_world_lidar: 
   0.980368   0.0810421   -0.179751  -0.0219564
 -0.0828354     0.99656 -0.00248037   0.0548026
   0.178931   0.0173214    0.983709   -0.146554
          0           0           0           1
v_world_imu: -0.0454237   -0.11805    0.76512
frame_603
id: 603
stamp: 1757574268.276571751
T_odom_lidar: 
   0.980035   0.0888551   -0.177865  -0.0255359
 -0.0912218    0.995817 -0.00515622   0.0587459
   0.176663   0.0212784    0.984041   -0.144532
          0           0           0           1
T_world_lidar: 
   0.980035   0.0888551   -0.177865  -0.0255359
 -0.0912218    0.995817 -0.00515622   0.0587459
   0.176663   0.0212784    0.984041   -0.144532
          0           0           0           1
v_world_imu: -0.0454237   -0.11805    0.76512
frame_604
id: 604
stamp: 1757574268.353238344
T_odom_lidar: 
  0.979431  0.0983962   -0.17616 -0.0243713
 -0.100936   0.994878 -0.0054945  0.0673172
  0.174717  0.0231624   0.984346  -0.142821
         0          0          0          1
T_world_lidar: 
  0.979431  0.0983962   -0.17616 -0.0243713
 -0.100936   0.994878 -0.0054945  0.0673172
  0.174717  0.0231624   0.984346  -0.142821
         0          0          0          1
v_world_imu: -0.0454237   -0.11805    0.76512
frame_605
id: 605
stamp: 1757574268.388327837
T_odom_lidar: 
   0.978783    0.105555   -0.175621  -0.0278526
  -0.108225     0.99411 -0.00566761   0.0704838
   0.173988   0.0245538    0.984442   -0.144281
          0           0           0           1
T_world_lidar: 
   0.978783    0.105555   -0.175621  -0.0278526
  -0.108225     0.99411 -0.00566761   0.0704838
   0.173988   0.0245538    0.984442   -0.144281
          0           0           0           1
v_world_imu: -0.0454237   -0.11805    0.76512
frame_606
id: 606
stamp: 1757574268.463949442
T_odom_lidar: 
  0.977306   0.116526  -0.176902 -0.0352531
  -0.11778   0.993034 0.00343276  0.0501866
  0.176069  0.0174806   0.984223  -0.167406
         0          0          0          1
T_world_lidar: 
  0.977306   0.116526  -0.176902 -0.0352531
  -0.11778   0.993034 0.00343276  0.0501866
  0.176069  0.0174806   0.984223  -0.167406
         0          0          0          1
v_world_imu: -0.0454237   -0.11805    0.76512
frame_607
id: 607
stamp: 1757574268.495069742
T_odom_lidar: 
  0.976844   0.118589  -0.178079 -0.0406851
 -0.119346   0.992831 0.00648994  0.0505889
  0.177572  0.0149134   0.983995  -0.172302
         0          0          0          1
T_world_lidar: 
  0.976844   0.118589  -0.178079 -0.0406851
 -0.119346   0.992831 0.00648994  0.0505889
  0.177572  0.0149134   0.983995  -0.172302
         0          0          0          1
v_world_imu: -0.0454237   -0.11805    0.76512
frame_608
id: 608
stamp: 1757574268.565758944
T_odom_lidar: 
 0.976646  0.117574 -0.179833 -0.036994
 -0.11716  0.993028 0.0129612 0.0508478
 0.180103 0.0084107  0.983612 -0.176499
        0         0         0         1
T_world_lidar: 
 0.976646  0.117574 -0.179833 -0.036994
 -0.11716  0.993028 0.0129612 0.0508478
 0.180103 0.0084107  0.983612 -0.176499
        0         0         0         1
v_world_imu: -0.0454237   -0.11805    0.76512
frame_609
id: 609
stamp: 1757574268.599645138
T_odom_lidar: 
    0.977461      0.10895    -0.180832   -0.0390059
   -0.107109     0.994047    0.0199435    0.0484365
    0.181929 -0.000125193     0.983312     -0.17894
           0            0            0            1
T_world_lidar: 
    0.977461      0.10895    -0.180832   -0.0390059
   -0.107109     0.994047    0.0199435    0.0484365
    0.181929 -0.000125193     0.983312     -0.17894
           0            0            0            1
v_world_imu: -0.0454237   -0.11805    0.76512
frame_610
id: 610
stamp: 1757574268.668098450
T_odom_lidar: 
   0.979463   0.0869984   -0.181889  -0.0250934
 -0.0852197    0.996207   0.0175866   0.0389865
   0.182729 -0.00172485    0.983162   -0.175109
          0           0           0           1
T_world_lidar: 
   0.979463   0.0869984   -0.181889  -0.0250934
 -0.0852197    0.996207   0.0175866   0.0389865
   0.182729 -0.00172485    0.983162   -0.175109
          0           0           0           1
v_world_imu: -0.0454237   -0.11805    0.76512
frame_611
id: 611
stamp: 1757574268.704167843
T_odom_lidar: 
  0.981561  0.0578581  -0.182181  -0.012214
-0.0578288   0.998311 0.00547758  0.0288787
   0.18219 0.00515874    0.98325  -0.153872
         0          0          0          1
T_world_lidar: 
  0.981561  0.0578581  -0.182181  -0.012214
-0.0578288   0.998311 0.00547758  0.0288787
   0.18219 0.00515874    0.98325  -0.153872
         0          0          0          1
v_world_imu: -0.0454237   -0.11805    0.76512
frame_612
id: 612
stamp: 1757574268.780198336
T_odom_lidar: 
   0.982158   0.0335868   -0.185033 -0.00477029
 -0.0358256     0.99932 -0.00876837   0.0187198
   0.184613   0.0152409    0.982693   -0.143579
          0           0           0           1
T_world_lidar: 
   0.982158   0.0335868   -0.185033 -0.00477029
 -0.0358256     0.99932 -0.00876837   0.0187198
   0.184613   0.0152409    0.982693   -0.143579
          0           0           0           1
v_world_imu: -0.0454237   -0.11805    0.76512
frame_613
id: 613
stamp: 1757574268.816705227
T_odom_lidar: 
   0.981991   0.0176803   -0.188098 0.000149785
 -0.0220177    0.999537  -0.0209946   0.0199819
    0.18764    0.024758    0.981926    -0.13565
          0           0           0           1
T_world_lidar: 
   0.981991   0.0176803   -0.188098 0.000149785
 -0.0220177    0.999537  -0.0209946   0.0199819
    0.18764    0.024758    0.981926    -0.13565
          0           0           0           1
v_world_imu: -0.0454237   -0.11805    0.76512
frame_614
id: 614
stamp: 1757574268.891112089
T_odom_lidar: 
  0.981398 0.00814998   -0.19181 -0.0063023
-0.0141234   0.999456 -0.0297956  0.0170172
  0.191462  0.0319503    0.98098  -0.131149
         0          0          0          1
T_world_lidar: 
  0.981398 0.00814998   -0.19181 -0.0063023
-0.0141234   0.999456 -0.0297956  0.0170172
  0.191462  0.0319503    0.98098  -0.131149
         0          0          0          1
v_world_imu: -0.0454237   -0.11805    0.76512
frame_615
id: 615
stamp: 1757574268.922091007
T_odom_lidar: 
  0.980619 0.00699143  -0.195801 -0.0109833
-0.0136412   0.999374 -0.0326341  0.0266848
   0.19545  0.0346726   0.980101  -0.125065
         0          0          0          1
T_world_lidar: 
  0.980619 0.00699143  -0.195801 -0.0109833
-0.0136412   0.999374 -0.0326341  0.0266848
   0.19545  0.0346726   0.980101  -0.125065
         0          0          0          1
v_world_imu: -0.0454237   -0.11805    0.76512
frame_616
id: 616
stamp: 1757574268.998015404
T_odom_lidar: 
  0.979903  0.0136286  -0.199006 -0.0160668
-0.0201855   0.999317 -0.0309567  0.0324861
  0.198449  0.0343516   0.979509  -0.124209
         0          0          0          1
T_world_lidar: 
  0.979903  0.0136286  -0.199006 -0.0160668
-0.0201855   0.999317 -0.0309567  0.0324861
  0.198449  0.0343516   0.979509  -0.124209
         0          0          0          1
v_world_imu: -0.0454237   -0.11805    0.76512
frame_617
id: 617
stamp: 1757574269.024847507
T_odom_lidar: 
  0.979529  0.0266123  -0.199535 -0.0225941
-0.0309535   0.999346 -0.0186683  0.0349402
  0.198908  0.0244625   0.979713  -0.125459
         0          0          0          1
T_world_lidar: 
  0.979529  0.0266123  -0.199535 -0.0225941
-0.0309535   0.999346 -0.0186683  0.0349402
  0.198908  0.0244625   0.979713  -0.125459
         0          0          0          1
v_world_imu: -0.0454237   -0.11805    0.76512
frame_618
id: 618
stamp: 1757574269.094753504
T_odom_lidar: 
    0.97996     0.04243   -0.194623  -0.0218675
  -0.043609    0.999047 -0.00177499   0.0431205
   0.194363   0.0102267    0.980876   -0.130445
          0           0           0           1
T_world_lidar: 
    0.97996     0.04243   -0.194623  -0.0218675
  -0.043609    0.999047 -0.00177499   0.0431205
   0.194363   0.0102267    0.980876   -0.130445
          0           0           0           1
v_world_imu: -0.0454237   -0.11805    0.76512
frame_619
id: 619
stamp: 1757574269.129186869
T_odom_lidar: 
  0.980205  0.0432627    -0.1932 -0.0189005
-0.0432723   0.999055 0.00417211  0.0391764
  0.193197 0.00427067   0.981151  -0.134958
         0          0          0          1
T_world_lidar: 
  0.980205  0.0432627    -0.1932 -0.0189005
-0.0432723   0.999055 0.00417211  0.0391764
  0.193197 0.00427067   0.981151  -0.134958
         0          0          0          1
v_world_imu: -0.0454237   -0.11805    0.76512
frame_620
id: 620
stamp: 1757574269.199849367
T_odom_lidar: 
  0.979332  0.0435737  -0.197509 -0.0385022
-0.0432338   0.999047 0.00603458  0.0459812
  0.197583 0.00262919   0.980283  -0.134623
         0          0          0          1
T_world_lidar: 
  0.979332  0.0435737  -0.197509 -0.0385022
-0.0432338   0.999047 0.00603458  0.0459812
  0.197583 0.00262919   0.980283  -0.134623
         0          0          0          1
v_world_imu: -0.0454237   -0.11805    0.76512
frame_621
id: 621
stamp: 1757574269.237302065
T_odom_lidar: 
  0.978709   0.053763  -0.198086 -0.0591091
-0.0535908   0.998544 0.00623407   0.048643
  0.198133 0.00451427   0.980165  -0.149386
         0          0          0          1
T_world_lidar: 
  0.978709   0.053763  -0.198086 -0.0591091
-0.0535908   0.998544 0.00623407   0.048643
  0.198133 0.00451427   0.980165  -0.149386
         0          0          0          1
v_world_imu: -0.0454237   -0.11805    0.76512
frame_622
id: 622
stamp: 1757574269.309756041
T_odom_lidar: 
  0.977084   0.063265  -0.203235   -0.09044
-0.0634586   0.997969 0.00557067  0.0574425
  0.203175   0.007454   0.979114  -0.154312
         0          0          0          1
T_world_lidar: 
  0.977084   0.063265  -0.203235   -0.09044
-0.0634586   0.997969 0.00557067  0.0574425
  0.203175   0.007454   0.979114  -0.154312
         0          0          0          1
v_world_imu: -0.0454237   -0.11805    0.76512
frame_623
id: 623
stamp: 1757574269.344608307
T_odom_lidar: 
  0.975755  0.0697143  -0.207466  -0.103505
-0.0701044   0.997525 0.00548059  0.0571858
  0.207334 0.00919657   0.978227  -0.156807
         0          0          0          1
T_world_lidar: 
  0.975755  0.0697143  -0.207466  -0.103505
-0.0701044   0.997525 0.00548059  0.0571858
  0.207334 0.00919657   0.978227  -0.156807
         0          0          0          1
v_world_imu: -0.0454237   -0.11805    0.76512
frame_624
id: 624
stamp: 1757574269.415417671
T_odom_lidar: 
  0.975102  0.0728917  -0.209435  -0.110027
-0.0731919   0.997298 0.00632741  0.0610907
  0.209331 0.00915911   0.977802  -0.159646
         0          0          0          1
T_world_lidar: 
  0.975102  0.0728917  -0.209435  -0.110027
-0.0731919   0.997298 0.00632741  0.0610907
  0.209331 0.00915911   0.977802  -0.159646
         0          0          0          1
v_world_imu: -0.0454237   -0.11805    0.76512
frame_625
id: 625
stamp: 1757574269.451522827
T_odom_lidar: 
  0.975198    0.07902  -0.206746  -0.107726
 -0.079135   0.996834 0.00772686   0.057385
  0.206702 0.00882566   0.978364  -0.160771
         0          0          0          1
T_world_lidar: 
  0.975198    0.07902  -0.206746  -0.107726
 -0.079135   0.996834 0.00772686   0.057385
  0.206702 0.00882566   0.978364  -0.160771
         0          0          0          1
v_world_imu: -0.0454237   -0.11805    0.76512
frame_626
id: 626
stamp: 1757574269.526382208
T_odom_lidar: 
  0.975569  0.0781117  -0.205339  -0.067435
-0.0774281   0.996933  0.0113746  0.0650552
  0.205598 0.00480234   0.978625  -0.169156
         0          0          0          1
T_world_lidar: 
  0.975569  0.0781117  -0.205339  -0.067435
-0.0774281   0.996933  0.0113746  0.0650552
  0.205598 0.00480234   0.978625  -0.169156
         0          0          0          1
v_world_imu: -0.0454237   -0.11805    0.76512
frame_627
id: 627
stamp: 1757574269.556801796
T_odom_lidar: 
  0.976605  0.0755137  -0.201345 -0.0606989
-0.0748138   0.997136  0.0110945  0.0622606
  0.201606 0.00422841   0.979458  -0.163957
         0          0          0          1
T_world_lidar: 
  0.976605  0.0755137  -0.201345 -0.0606989
-0.0748138   0.997136  0.0110945  0.0622606
  0.201606 0.00422841   0.979458  -0.163957
         0          0          0          1
v_world_imu: -0.0454237   -0.11805    0.76512
frame_628
id: 628
stamp: 1757574269.625922441
T_odom_lidar: 
  0.978366  0.0722707  -0.193846  -0.038161
-0.0709341   0.997385  0.0138367  0.0542558
  0.194339 0.00021295   0.980934  -0.154582
         0          0          0          1
T_world_lidar: 
  0.978366  0.0722707  -0.193846  -0.038161
-0.0709341   0.997385  0.0138367  0.0542558
  0.194339 0.00021295   0.980934  -0.154582
         0          0          0          1
v_world_imu: -0.0454237   -0.11805    0.76512
frame_629
id: 629
stamp: 1757574269.653713465
T_odom_lidar: 
  0.980026  0.0663923   -0.18746 -0.0365076
 -0.065225   0.997794  0.0123957  0.0489526
  0.187869 7.8909e-05   0.982194  -0.149049
         0          0          0          1
T_world_lidar: 
  0.980026  0.0663923   -0.18746 -0.0365076
 -0.065225   0.997794  0.0123957  0.0489526
  0.187869 7.8909e-05   0.982194  -0.149049
         0          0          0          1
v_world_imu: -0.0454237   -0.11805    0.76512
frame_630
id: 630
stamp: 1757574269.724182844
T_odom_lidar: 
  0.981847  0.0513279  -0.182598 -0.0150342
-0.0517317   0.998658 0.00255412  0.0236228
  0.182484 0.00693839   0.983184   -0.13864
         0          0          0          1
T_world_lidar: 
  0.981847  0.0513279  -0.182598 -0.0150342
-0.0517317   0.998658 0.00255412  0.0236228
  0.182484 0.00693839   0.983184   -0.13864
         0          0          0          1
v_world_imu: -0.0454237   -0.11805    0.76512
frame_631
id: 631
stamp: 1757574269.758062601
T_odom_lidar: 
    0.983233    0.0397239    -0.177974   -0.0040519
  -0.0404533     0.999181 -0.000469981   0.00454286
    0.177809   0.00766171     0.984035    -0.145198
           0            0            0            1
T_world_lidar: 
    0.983233    0.0397239    -0.177974   -0.0040519
  -0.0404533     0.999181 -0.000469981   0.00454286
    0.177809   0.00766171     0.984035    -0.145198
           0            0            0            1
v_world_imu: -0.0454237   -0.11805    0.76512
frame_632
id: 632
stamp: 1757574269.832697392
T_odom_lidar: 
  0.984244  0.0260134   -0.17489 0.00450134
-0.0289028   0.999484 -0.0139941 -0.0208856
  0.174436  0.0188284   0.984488  -0.136625
         0          0          0          1
T_world_lidar: 
  0.984244  0.0260134   -0.17489 0.00450134
-0.0289028   0.999484 -0.0139941 -0.0208856
  0.174436  0.0188284   0.984488  -0.136625
         0          0          0          1
v_world_imu: -0.0454237   -0.11805    0.76512
frame_633
id: 633
stamp: 1757574269.863961935
T_odom_lidar: 
  0.984349  0.0187609  -0.175228 0.00164777
-0.0230026   0.999489 -0.0222073 -0.0222366
  0.174721  0.0258904   0.984277  -0.135759
         0          0          0          1
T_world_lidar: 
  0.984349  0.0187609  -0.175228 0.00164777
-0.0230026   0.999489 -0.0222073 -0.0222366
  0.174721  0.0258904   0.984277  -0.135759
         0          0          0          1
v_world_imu: -0.0454237   -0.11805    0.76512
frame_634
id: 634
stamp: 1757574269.938632011
T_odom_lidar: 
    0.98356   0.0234542   -0.179052 -0.00489841
 -0.0274619    0.999424  -0.0199371  -0.0130369
   0.178481   0.0245264    0.983638    -0.13673
          0           0           0           1
T_world_lidar: 
    0.98356   0.0234542   -0.179052 -0.00489841
 -0.0274619    0.999424  -0.0199371  -0.0130369
   0.178481   0.0245264    0.983638    -0.13673
          0           0           0           1
v_world_imu: -0.0454237   -0.11805    0.76512
frame_635
id: 635
stamp: 1757574269.974463224
T_odom_lidar: 
   0.982821   0.0364033   -0.180935 -0.00770882
 -0.0388314    0.999197  -0.0098943   0.0147618
   0.180429   0.0167503    0.983445   -0.142191
          0           0           0           1
T_world_lidar: 
   0.982821   0.0364033   -0.180935 -0.00770882
 -0.0388314    0.999197  -0.0098943   0.0147618
   0.180429   0.0167503    0.983445   -0.142191
          0           0           0           1
v_world_imu: -0.0454237   -0.11805    0.76512
frame_636
id: 636
stamp: 1757574270.051879168
T_odom_lidar: 
  0.982869  0.0389234  -0.180149 0.00323521
-0.0416095   0.999072 -0.0111541  0.0331304
  0.179548  0.0184589   0.983576  -0.133762
         0          0          0          1
T_world_lidar: 
  0.982869  0.0389234  -0.180149 0.00323521
-0.0416095   0.999072 -0.0111541  0.0331304
  0.179548  0.0184589   0.983576  -0.133762
         0          0          0          1
v_world_imu: -0.0454237   -0.11805    0.76512
frame_637
id: 637
stamp: 1757574270.086505175
T_odom_lidar: 
   0.981718   0.0417759     -0.1857  -0.0132467
 -0.0429156    0.999076 -0.00212029   0.0341197
    0.18544    0.010051    0.982604   -0.138497
          0           0           0           1
T_world_lidar: 
   0.981718   0.0417759     -0.1857  -0.0132467
 -0.0429156    0.999076 -0.00212029   0.0341197
    0.18544    0.010051    0.982604   -0.138497
          0           0           0           1
v_world_imu: -0.0454237   -0.11805    0.76512
frame_638
id: 638
stamp: 1757574270.157345295
T_odom_lidar: 
  0.978977  0.0522348  -0.197171 -0.0521975
-0.0516787   0.998632 0.00796817  0.0514664
  0.197317 0.00238887   0.980337   -0.15126
         0          0          0          1
T_world_lidar: 
  0.978977  0.0522348  -0.197171 -0.0521975
-0.0516787   0.998632 0.00796817  0.0514664
  0.197317 0.00238887   0.980337   -0.15126
         0          0          0          1
v_world_imu: -0.0454237   -0.11805    0.76512
frame_639
id: 639
stamp: 1757574270.190851688
T_odom_lidar: 
   0.976842   0.0562407    -0.20644  -0.0708194
 -0.0546929    0.998416   0.0132012   0.0519646
   0.206855 -0.00160464     0.97837   -0.158231
          0           0           0           1
T_world_lidar: 
   0.976842   0.0562407    -0.20644  -0.0708194
 -0.0546929    0.998416   0.0132012   0.0519646
   0.206855 -0.00160464     0.97837   -0.158231
          0           0           0           1
v_world_imu: -0.0454237   -0.11805    0.76512
frame_640
id: 640
stamp: 1757574270.261042118
T_odom_lidar: 
    0.975704    0.0589017    -0.211028    -0.082168
  -0.0574883     0.998264    0.0128316    0.0550522
    0.211417 -0.000388218     0.977396    -0.160129
           0            0            0            1
T_world_lidar: 
    0.975704    0.0589017    -0.211028    -0.082168
  -0.0574883     0.998264    0.0128316    0.0550522
    0.211417 -0.000388218     0.977396    -0.160129
           0            0            0            1
v_world_imu: -0.0454237   -0.11805    0.76512
frame_641
id: 641
stamp: 1757574270.291652203
T_odom_lidar: 
  0.975659  0.0596068  -0.211036 -0.0842134
-0.0593528   0.998209 0.00754351  0.0514563
  0.211107 0.00516566   0.977449  -0.151682
         0          0          0          1
T_world_lidar: 
  0.975659  0.0596068  -0.211036 -0.0842134
-0.0593528   0.998209 0.00754351  0.0514563
  0.211107 0.00516566   0.977449  -0.151682
         0          0          0          1
v_world_imu: -0.0454237   -0.11805    0.76512
frame_642
id: 642
stamp: 1757574270.360845327
T_odom_lidar: 
   0.975733   0.0586787   -0.210955    -0.07815
 -0.0600292    0.998197 1.93593e-06    0.049131
   0.210575   0.0126616    0.977496    -0.14539
          0           0           0           1
T_world_lidar: 
   0.975733   0.0586787   -0.210955    -0.07815
 -0.0600292    0.998197 1.93593e-06    0.049131
   0.210575   0.0126616    0.977496    -0.14539
          0           0           0           1
v_world_imu: -0.0454237   -0.11805    0.76512
frame_643
id: 643
stamp: 1757574270.394069195
T_odom_lidar: 
   0.975891   0.0555612   -0.211067  -0.0752938
 -0.0576051    0.998333 -0.00354243   0.0464955
   0.210518   0.0156156    0.977465   -0.145068
          0           0           0           1
T_world_lidar: 
   0.975891   0.0555612   -0.211067  -0.0752938
 -0.0576051    0.998333 -0.00354243   0.0464955
   0.210518   0.0156156    0.977465   -0.145068
          0           0           0           1
v_world_imu: -0.0454237   -0.11805    0.76512
frame_644
id: 644
stamp: 1757574270.465531111
T_odom_lidar: 
   0.976617   0.0595706   -0.206567  -0.0674607
 -0.0614269    0.998108 -0.00257889   0.0493416
   0.206023   0.0152074    0.978429   -0.141716
          0           0           0           1
T_world_lidar: 
   0.976617   0.0595706   -0.206567  -0.0674607
 -0.0614269    0.998108 -0.00257889   0.0493416
   0.206023   0.0152074    0.978429   -0.141716
          0           0           0           1
v_world_imu: -0.0454237   -0.11805    0.76512
frame_645
id: 645
stamp: 1757574270.502882481
T_odom_lidar: 
   0.977497   0.0645253   -0.200836  -0.0639444
 -0.0665052    0.997781 -0.00311921   0.0497155
   0.200189   0.0164057     0.97962   -0.140367
          0           0           0           1
T_world_lidar: 
   0.977497   0.0645253   -0.200836  -0.0639444
 -0.0665052    0.997781 -0.00311921   0.0497155
   0.200189   0.0164057     0.97962   -0.140367
          0           0           0           1
v_world_imu: -0.0454237   -0.11805    0.76512
frame_646
id: 646
stamp: 1757574270.579919100
T_odom_lidar: 
   0.978099   0.0606876   -0.199097  -0.0374624
 -0.0623452    0.998053 -0.00206111   0.0560224
   0.198584   0.0144287    0.979978   -0.154017
          0           0           0           1
T_world_lidar: 
   0.978099   0.0606876   -0.199097  -0.0374624
 -0.0623452    0.998053 -0.00206111   0.0560224
   0.198584   0.0144287    0.979978   -0.154017
          0           0           0           1
v_world_imu: -0.0454237   -0.11805    0.76512
frame_647
id: 647
stamp: 1757574270.612109900
T_odom_lidar: 
  0.978718  0.0556334  -0.197526 -0.0385701
  -0.05638   0.998408 0.00184638  0.0514283
  0.197314 0.00932942   0.980296  -0.156199
         0          0          0          1
T_world_lidar: 
  0.978718  0.0556334  -0.197526 -0.0385701
  -0.05638   0.998408 0.00184638  0.0514283
  0.197314 0.00932942   0.980296  -0.156199
         0          0          0          1
v_world_imu: -0.0454237   -0.11805    0.76512
frame_648
id: 648
stamp: 1757574270.684031725
T_odom_lidar: 
  0.979769  0.0525963  -0.193099 -0.0198486
-0.0518566   0.998615 0.00888668  0.0510799
  0.193299 0.00130656   0.981139  -0.152251
         0          0          0          1
T_world_lidar: 
  0.979769  0.0525963  -0.193099 -0.0198486
-0.0518566   0.998615 0.00888668  0.0510799
  0.193299 0.00130656   0.981139  -0.152251
         0          0          0          1
v_world_imu: -0.0454237   -0.11805    0.76512
frame_649
id: 649
stamp: 1757574270.711211205
T_odom_lidar: 
  0.980562   0.051922  -0.189215 -0.0202226
-0.0514599   0.998648 0.00735736   0.042731
  0.189341 0.00252265   0.981908  -0.149155
         0          0          0          1
T_world_lidar: 
  0.980562   0.051922  -0.189215 -0.0202226
-0.0514599   0.998648 0.00735736   0.042731
  0.189341 0.00252265   0.981908  -0.149155
         0          0          0          1
v_world_imu: -0.0454237   -0.11805    0.76512
frame_650
id: 650
stamp: 1757574270.779572487
T_odom_lidar: 
  0.981102  0.0540117  -0.185802 -0.0136398
-0.0542812   0.998519 0.00364012  0.0404354
  0.185723 0.00651421   0.982581  -0.143464
         0          0          0          1
T_world_lidar: 
  0.981102  0.0540117  -0.185802 -0.0136398
-0.0542812   0.998519 0.00364012  0.0404354
  0.185723 0.00651421   0.982581  -0.143464
         0          0          0          1
v_world_imu: -0.0454237   -0.11805    0.76512
frame_651
id: 651
stamp: 1757574270.817528009
T_odom_lidar: 
    0.981404    0.0531866    -0.184437   -0.0223709
  -0.0542307     0.998528 -0.000618151     0.038477
    0.184132    0.0106088     0.982844    -0.142746
           0            0            0            1
T_world_lidar: 
    0.981404    0.0531866    -0.184437   -0.0223709
  -0.0542307     0.998528 -0.000618151     0.038477
    0.184132    0.0106088     0.982844    -0.142746
           0            0            0            1
v_world_imu: -0.0454237   -0.11805    0.76512
frame_652
id: 652
stamp: 1757574270.888682365
T_odom_lidar: 
   0.981408   0.0557527   -0.183658  -0.0233706
 -0.0570445     0.99837 -0.00175372   0.0433416
   0.183261   0.0121978    0.982989   -0.142853
          0           0           0           1
T_world_lidar: 
   0.981408   0.0557527   -0.183658  -0.0233706
 -0.0570445     0.99837 -0.00175372   0.0433416
   0.183261   0.0121978    0.982989   -0.142853
          0           0           0           1
v_world_imu: -0.0454237   -0.11805    0.76512
frame_653
id: 653
stamp: 1757574270.922832727
T_odom_lidar: 
  0.981267  0.0591334  -0.183352 -0.0299036
-0.0605036   0.998166 -0.0018829   0.048255
  0.182904  0.0129411   0.983046  -0.142584
         0          0          0          1
T_world_lidar: 
  0.981267  0.0591334  -0.183352 -0.0299036
-0.0605036   0.998166 -0.0018829   0.048255
  0.182904  0.0129411   0.983046  -0.142584
         0          0          0          1
v_world_imu: -0.0454237   -0.11805    0.76512
frame_654
id: 654
stamp: 1757574270.994756222
T_odom_lidar: 
   0.980789   0.0644283   -0.184123  -0.0331051
 -0.0661439    0.997805 -0.00318477   0.0554098
   0.183513   0.0153022    0.982898   -0.143425
          0           0           0           1
T_world_lidar: 
   0.980789   0.0644283   -0.184123  -0.0331051
 -0.0661439    0.997805 -0.00318477   0.0554098
   0.183513   0.0153022    0.982898   -0.143425
          0           0           0           1
v_world_imu: -0.0454237   -0.11805    0.76512
frame_655
id: 655
stamp: 1757574271.032293320
T_odom_lidar: 
   0.980062   0.0704842   -0.185772  -0.0415137
 -0.0725281    0.997357 -0.00422057   0.0605057
   0.184984   0.0176101    0.982584   -0.146299
          0           0           0           1
T_world_lidar: 
   0.980062   0.0704842   -0.185772  -0.0415137
 -0.0725281    0.997357 -0.00422057   0.0605057
   0.184984   0.0176101    0.982584   -0.146299
          0           0           0           1
v_world_imu: -0.0454237   -0.11805    0.76512
frame_656
id: 656
stamp: 1757574271.110761166
T_odom_lidar: 
  0.978946  0.0816908  -0.187061 -0.0494288
-0.0835508   0.996501 -0.0020668  0.0603495
  0.186238  0.0176524   0.982346  -0.154214
         0          0          0          1
T_world_lidar: 
  0.978946  0.0816908  -0.187061 -0.0494288
-0.0835508   0.996501 -0.0020668  0.0603495
  0.186238  0.0176524   0.982346  -0.154214
         0          0          0          1
v_world_imu: -0.0454237   -0.11805    0.76512
frame_657
id: 657
stamp: 1757574271.147942543
T_odom_lidar: 
   0.977719   0.0921291   -0.188623  -0.0629385
 -0.0938204    0.995589 -3.8691e-05   0.0711063
   0.187787   0.0177345     0.98205   -0.158842
          0           0           0           1
T_world_lidar: 
   0.977719   0.0921291   -0.188623  -0.0629385
 -0.0938204    0.995589 -3.8691e-05   0.0711063
   0.187787   0.0177345     0.98205   -0.158842
          0           0           0           1
v_world_imu: -0.0454237   -0.11805    0.76512
frame_658
id: 658
stamp: 1757574271.225476027
T_odom_lidar: 
  0.976773   0.100068  -0.189476 -0.0678158
  -0.10122   0.994857 0.00361233  0.0805492
  0.188863  0.0156504   0.981879  -0.163549
         0          0          0          1
T_world_lidar: 
  0.976773   0.100068  -0.189476 -0.0678158
  -0.10122   0.994857 0.00361233  0.0805492
  0.188863  0.0156504   0.981879  -0.163549
         0          0          0          1
v_world_imu: -0.0454237   -0.11805    0.76512
frame_659
id: 659
stamp: 1757574271.254449606
T_odom_lidar: 
  0.976511   0.100998  -0.190331 -0.0706561
 -0.101851   0.994785 0.00531994  0.0814312
  0.189876  0.0141904   0.981705  -0.165811
         0          0          0          1
T_world_lidar: 
  0.976511   0.100998  -0.190331 -0.0706561
 -0.101851   0.994785 0.00531994  0.0814312
  0.189876  0.0141904   0.981705  -0.165811
         0          0          0          1
v_world_imu: -0.0454237   -0.11805    0.76512
frame_660
id: 660
stamp: 1757574271.323998213
T_odom_lidar: 
  0.977331  0.0947847  -0.189313  -0.053474
-0.0948278   0.995454 0.00885131  0.0709573
  0.189291 0.00930147   0.981877  -0.162889
         0          0          0          1
T_world_lidar: 
  0.977331  0.0947847  -0.189313  -0.053474
-0.0948278   0.995454 0.00885131  0.0709573
  0.189291 0.00930147   0.981877  -0.162889
         0          0          0          1
v_world_imu: -0.0454237   -0.11805    0.76512
frame_661
id: 661
stamp: 1757574271.351827621
T_odom_lidar: 
   0.97943  0.0811607  -0.184743 -0.0423882
-0.0805695   0.996691  0.0107172  0.0535099
  0.185002 0.00438788   0.982728  -0.166087
         0          0          0          1
T_world_lidar: 
   0.97943  0.0811607  -0.184743 -0.0423882
-0.0805695   0.996691  0.0107172  0.0535099
  0.185002 0.00438788   0.982728  -0.166087
         0          0          0          1
v_world_imu: -0.0454237   -0.11805    0.76512
frame_662
id: 662
stamp: 1757574271.415914774
T_odom_lidar: 
    0.98175   0.0600842   -0.180436 -0.00939867
 -0.0598435    0.998185  0.00678211    0.032802
   0.180516  0.00413958    0.983563   -0.157871
          0           0           0           1
T_world_lidar: 
    0.98175   0.0600842   -0.180436 -0.00939867
 -0.0598435    0.998185  0.00678211    0.032802
   0.180516  0.00413958    0.983563   -0.157871
          0           0           0           1
v_world_imu: -0.0454237   -0.11805    0.76512
frame_663
id: 663
stamp: 1757574271.452476501
T_odom_lidar: 
   0.982931   0.0425249   -0.178995  0.00123245
 -0.0434398    0.999055 -0.00119347   0.0137565
   0.178775  0.00894859    0.983849   -0.150417
          0           0           0           1
T_world_lidar: 
   0.982931   0.0425249   -0.178995  0.00123245
 -0.0434398    0.999055 -0.00119347   0.0137565
   0.178775  0.00894859    0.983849   -0.150417
          0           0           0           1
v_world_imu: -0.0454237   -0.11805    0.76512
frame_664
id: 664
stamp: 1757574271.526816607
T_odom_lidar: 
  0.983318  0.0268863  -0.179895 0.00528235
-0.0291914   0.999522 -0.0101777 -0.0116971
  0.179536  0.0152593   0.983633  -0.145722
         0          0          0          1
T_world_lidar: 
  0.983318  0.0268863  -0.179895 0.00528235
-0.0291914   0.999522 -0.0101777 -0.0116971
  0.179536  0.0152593   0.983633  -0.145722
         0          0          0          1
v_world_imu: -0.0454237   -0.11805    0.76512
frame_665
id: 665
stamp: 1757574271.554097414
T_odom_lidar: 
   0.983304   0.0203155   -0.180832   0.0123141
 -0.0235645    0.999597  -0.0158367 -0.00914798
   0.180437   0.0198335    0.983387   -0.145162
          0           0           0           1
T_world_lidar: 
   0.983304   0.0203155   -0.180832   0.0123141
 -0.0235645    0.999597  -0.0158367 -0.00914798
   0.180437   0.0198335    0.983387   -0.145162
          0           0           0           1
v_world_imu: -0.0454237   -0.11805    0.76512
frame_666
id: 666
stamp: 1757574271.630359411
T_odom_lidar: 
  0.982578  0.0211858  -0.184638 0.00513595
-0.0258293   0.999407 -0.0227799 0.00274188
  0.184046  0.0271521   0.982543  -0.143221
         0          0          0          1
T_world_lidar: 
  0.982578  0.0211858  -0.184638 0.00513595
-0.0258293   0.999407 -0.0227799 0.00274188
  0.184046  0.0271521   0.982543  -0.143221
         0          0          0          1
v_world_imu: -0.0454237   -0.11805    0.76512
frame_667
id: 667
stamp: 1757574271.666099787
T_odom_lidar: 
  0.981854   0.027264  -0.187667 -0.0022608
-0.0318628    0.99926 -0.0215319  0.0146423
  0.186941  0.0271208   0.981997  -0.142644
         0          0          0          1
T_world_lidar: 
  0.981854   0.027264  -0.187667 -0.0022608
-0.0318628    0.99926 -0.0215319  0.0146423
  0.186941  0.0271208   0.981997  -0.142644
         0          0          0          1
v_world_imu: -0.0454237   -0.11805    0.76512
frame_668
id: 668
stamp: 1757574271.739950657
T_odom_lidar: 
  0.981081  0.0397764  -0.189467 -0.0213002
-0.0430405   0.998987 -0.0131427   0.027793
  0.188753  0.0210488   0.981799  -0.143487
         0          0          0          1
T_world_lidar: 
  0.981081  0.0397764  -0.189467 -0.0213002
-0.0430405   0.998987 -0.0131427   0.027793
  0.188753  0.0210488   0.981799  -0.143487
         0          0          0          1
v_world_imu: -0.0454237   -0.11805    0.76512
frame_669
id: 669
stamp: 1757574271.769242048
T_odom_lidar: 
    0.980751    0.0520067    -0.188208   -0.0271423
  -0.0530769      0.99859 -0.000647283    0.0373827
    0.187909    0.0106243     0.982129    -0.145608
           0            0            0            1
T_world_lidar: 
    0.980751    0.0520067    -0.188208   -0.0271423
  -0.0530769      0.99859 -0.000647283    0.0373827
    0.187909    0.0106243     0.982129    -0.145608
           0            0            0            1
v_world_imu: -0.0454237   -0.11805    0.76512
frame_670
id: 670
stamp: 1757574271.840939522
T_odom_lidar: 
  0.980713  0.0528096  -0.188186 -0.0191973
-0.0523906   0.998601 0.00720365  0.0431478
  0.188303 0.00279447   0.982107  -0.146763
         0          0          0          1
T_world_lidar: 
  0.980713  0.0528096  -0.188186 -0.0191973
-0.0523906   0.998601 0.00720365  0.0431478
  0.188303 0.00279447   0.982107  -0.146763
         0          0          0          1
v_world_imu: -0.0454237   -0.11805    0.76512
frame_671
id: 671
stamp: 1757574271.875991106
T_odom_lidar: 
   0.980147   0.0468371    -0.19266    -0.02652
 -0.0455983    0.998901   0.0108614   0.0357634
   0.192956 -0.00186085    0.981206   -0.146363
          0           0           0           1
T_world_lidar: 
   0.980147   0.0468371    -0.19266    -0.02652
 -0.0455983    0.998901   0.0108614   0.0357634
   0.192956 -0.00186085    0.981206   -0.146363
          0           0           0           1
v_world_imu: -0.0454237   -0.11805    0.76512
frame_672
id: 672
stamp: 1757574271.952316761
T_odom_lidar: 
   0.979224   0.0505982   -0.196369  -0.0464407
 -0.0490421    0.998715   0.0127817   0.0443694
   0.196763 -0.00288578    0.980447   -0.147714
          0           0           0           1
T_world_lidar: 
   0.979224   0.0505982   -0.196369  -0.0464407
 -0.0490421    0.998715   0.0127817   0.0443694
   0.196763 -0.00288578    0.980447   -0.147714
          0           0           0           1
v_world_imu: -0.0454237   -0.11805    0.76512
frame_673
id: 673
stamp: 1757574271.987226248
T_odom_lidar: 
     0.97814    0.0545244    -0.200673   -0.0581154
  -0.0533724     0.998512    0.0111504    0.0417492
    0.200982 -0.000196276     0.979595    -0.146816
           0            0            0            1
T_world_lidar: 
     0.97814    0.0545244    -0.200673   -0.0581154
  -0.0533724     0.998512    0.0111504    0.0417492
    0.200982 -0.000196276     0.979595    -0.146816
           0            0            0            1
v_world_imu: -0.0454237   -0.11805    0.76512
frame_674
id: 674
stamp: 1757574272.058492661
T_odom_lidar: 
  0.977194  0.0561088    -0.2048 -0.0752213
-0.0560292    0.99841 0.00619239  0.0435183
  0.204821 0.00542359   0.978784  -0.146211
         0          0          0          1
T_world_lidar: 
  0.977194  0.0561088    -0.2048 -0.0752213
-0.0560292    0.99841 0.00619239  0.0435183
  0.204821 0.00542359   0.978784  -0.146211
         0          0          0          1
v_world_imu: -0.0454237   -0.11805    0.76512
frame_675
id: 675
stamp: 1757574272.092592955
T_odom_lidar: 
  0.976807  0.0594232  -0.205709 -0.0775216
-0.0602169   0.998182 0.00240575  0.0408522
  0.205478  0.0100372    0.97861  -0.145629
         0          0          0          1
T_world_lidar: 
  0.976807  0.0594232  -0.205709 -0.0775216
-0.0602169   0.998182 0.00240575  0.0408522
  0.205478  0.0100372    0.97861  -0.145629
         0          0          0          1
v_world_imu: -0.0454237   -0.11805    0.76512
frame_676
id: 676
stamp: 1757574272.165264368
T_odom_lidar: 
  0.976707  0.0588565  -0.206349 -0.0607829
-0.0594635   0.998225 0.00326441  0.0441968
  0.206175 0.00908188   0.978473  -0.152231
         0          0          0          1
T_world_lidar: 
  0.976707  0.0588565  -0.206349 -0.0607829
-0.0594635   0.998225 0.00326441  0.0441968
  0.206175 0.00908188   0.978473  -0.152231
         0          0          0          1
v_world_imu: -0.0454237   -0.11805    0.76512
frame_677
id: 677
stamp: 1757574272.200792074
T_odom_lidar: 
  0.977315  0.0569543  -0.203988 -0.0532779
-0.0576836   0.998332 0.00237425  0.0419673
  0.203783 0.00944636   0.978971   -0.15292
         0          0          0          1
T_world_lidar: 
  0.977315  0.0569543  -0.203988 -0.0532779
-0.0576836   0.998332 0.00237425  0.0419673
  0.203783 0.00944636   0.978971   -0.15292
         0          0          0          1
v_world_imu: -0.0454237   -0.11805    0.76512
frame_678
id: 678
stamp: 1757574272.276529789
T_odom_lidar: 
  0.978022  0.0543305  -0.201297 -0.0363789
-0.0548575    0.99849 0.00296387  0.0391674
  0.201154 0.00814391   0.979526  -0.151702
         0          0          0          1
T_world_lidar: 
  0.978022  0.0543305  -0.201297 -0.0363789
-0.0548575    0.99849 0.00296387  0.0391674
  0.201154 0.00814391   0.979526  -0.151702
         0          0          0          1
v_world_imu: -0.0454237   -0.11805    0.76512
frame_679
id: 679
stamp: 1757574272.309889555
T_odom_lidar: 
  0.978709  0.0518603  -0.198593 -0.0328235
-0.0523663   0.998624  0.0027068  0.0357469
   0.19846 0.00775042   0.980078  -0.151461
         0          0          0          1
T_world_lidar: 
  0.978709  0.0518603  -0.198593 -0.0328235
-0.0523663   0.998624  0.0027068  0.0357469
   0.19846 0.00775042   0.980078  -0.151461
         0          0          0          1
v_world_imu: -0.0454237   -0.11805    0.76512
frame_680
id: 680
stamp: 1757574272.379955530
T_odom_lidar: 
   0.97938  0.0484972   -0.19612 -0.0165065
-0.0485687    0.99881 0.00444777  0.0336714
  0.196102 0.00516922    0.98057  -0.150304
         0          0          0          1
T_world_lidar: 
   0.97938  0.0484972   -0.19612 -0.0165065
-0.0485687    0.99881 0.00444777  0.0336714
  0.196102 0.00516922    0.98057  -0.150304
         0          0          0          1
v_world_imu: -0.0454237   -0.11805    0.76512
frame_681
id: 681
stamp: 1757574272.412420988
T_odom_lidar: 
   0.980482    0.045413   -0.191294  -0.0221173
 -0.0462086    0.998932 0.000302115   0.0345376
   0.191103   0.0085432    0.981533    -0.14835
          0           0           0           1
T_world_lidar: 
   0.980482    0.045413   -0.191294  -0.0221173
 -0.0462086    0.998932 0.000302115   0.0345376
   0.191103   0.0085432    0.981533    -0.14835
          0           0           0           1
v_world_imu: -0.0454237   -0.11805    0.76512
frame_682
id: 682
stamp: 1757574272.483911991
T_odom_lidar: 
    0.981079    0.0448091     -0.18835    -0.014243
  -0.0456601     0.998957 -0.000179089    0.0341261
    0.188146   0.00877578     0.982102    -0.145632
           0            0            0            1
T_world_lidar: 
    0.981079    0.0448091     -0.18835    -0.014243
  -0.0456601     0.998957 -0.000179089    0.0341261
    0.188146   0.00877578     0.982102    -0.145632
           0            0            0            1
v_world_imu: -0.0454237   -0.11805    0.76512
frame_683
id: 683
stamp: 1757574272.519034863
T_odom_lidar: 
    0.98138    0.044425   -0.186868  -0.0155229
 -0.0454609    0.998965 -0.00125963   0.0318114
   0.186618  0.00973135    0.982384   -0.144756
          0           0           0           1
T_world_lidar: 
    0.98138    0.044425   -0.186868  -0.0155229
 -0.0454609    0.998965 -0.00125963   0.0318114
   0.186618  0.00973135    0.982384   -0.144756
          0           0           0           1
v_world_imu: -0.0454237   -0.11805    0.76512
frame_684
id: 684
stamp: 1757574272.594613552
T_odom_lidar: 
    0.98147     0.04403    -0.18649  -0.0135623
 -0.0453379    0.998968 -0.00275201   0.0313582
   0.186176   0.0111561    0.982453   -0.144541
          0           0           0           1
T_world_lidar: 
    0.98147     0.04403    -0.18649  -0.0135623
 -0.0453379    0.998968 -0.00275201   0.0313582
   0.186176   0.0111561    0.982453   -0.144541
          0           0           0           1
v_world_imu: -0.0454237   -0.11805    0.76512
frame_685
id: 685
stamp: 1757574272.631006479
T_odom_lidar: 
   0.981389   0.0441279   -0.186891  -0.0179666
 -0.0457882    0.998941 -0.00457415   0.0310776
   0.186492   0.0130464     0.98237   -0.146195
          0           0           0           1
T_world_lidar: 
   0.981389   0.0441279   -0.186891  -0.0179666
 -0.0457882    0.998941 -0.00457415   0.0310776
   0.186492   0.0130464     0.98237   -0.146195
          0           0           0           1
v_world_imu: -0.0454237   -0.11805    0.76512
frame_686
id: 686
stamp: 1757574272.702071667
T_odom_lidar: 
   0.980832   0.0456645    -0.18943  -0.0260578
  -0.047949    0.998822 -0.00749211   0.0352917
   0.188865   0.0164315    0.981866   -0.131965
          0           0           0           1
T_world_lidar: 
   0.980832   0.0456645    -0.18943  -0.0260578
  -0.047949    0.998822 -0.00749211   0.0352917
   0.188865   0.0164315    0.981866   -0.131965
          0           0           0           1
v_world_imu: -0.0454237   -0.11805    0.76512
frame_687
id: 687
stamp: 1757574272.736217260
T_odom_lidar: 
   0.980395   0.0473781   -0.191264  -0.0342163
 -0.0496436    0.998742 -0.00706802   0.0368855
   0.190688   0.0164245    0.981513    -0.13477
          0           0           0           1
T_world_lidar: 
   0.980395   0.0473781   -0.191264  -0.0342163
 -0.0496436    0.998742 -0.00706802   0.0368855
   0.190688   0.0164245    0.981513    -0.13477
          0           0           0           1
v_world_imu: -0.0454237   -0.11805    0.76512
frame_688
id: 688
stamp: 1757574272.810095072
T_odom_lidar: 
   0.980042   0.0504586   -0.192282  -0.0391404
 -0.0527227    0.998587 -0.00667317   0.0433022
   0.191674   0.0166776    0.981317   -0.137207
          0           0           0           1
T_world_lidar: 
   0.980042   0.0504586   -0.192282  -0.0391404
 -0.0527227    0.998587 -0.00667317   0.0433022
   0.191674   0.0166776    0.981317   -0.137207
          0           0           0           1
v_world_imu: -0.0454237   -0.11805    0.76512
frame_689
id: 689
stamp: 1757574272.840416908
T_odom_lidar: 
   0.97985  0.0529077    -0.1926 -0.0434005
-0.0550174    0.99847 -0.0056182  0.0440811
  0.192008  0.0161013   0.981261  -0.139396
         0          0          0          1
T_world_lidar: 
   0.97985  0.0529077    -0.1926 -0.0434005
-0.0550174    0.99847 -0.0056182  0.0440811
  0.192008  0.0161013   0.981261  -0.139396
         0          0          0          1
v_world_imu: -0.0454237   -0.11805    0.76512
frame_690
id: 690
stamp: 1757574272.918638706
T_odom_lidar: 
   0.979485   0.0575869   -0.193115  -0.0480838
 -0.0595949    0.998212 -0.00459998   0.0529165
   0.192505   0.0160143    0.981165    -0.14153
          0           0           0           1
T_world_lidar: 
   0.979485   0.0575869   -0.193115  -0.0480838
 -0.0595949    0.998212 -0.00459998   0.0529165
   0.192505   0.0160143    0.981165    -0.14153
          0           0           0           1
v_world_imu: -0.0454237   -0.11805    0.76512
frame_691
id: 691
stamp: 1757574272.948136806
T_odom_lidar: 
  0.978564  0.0627599  -0.196149 -0.0474074
-0.0634245   0.997982 0.00289771  0.0465773
  0.195935 0.00960507    0.98057  -0.151393
         0          0          0          1
T_world_lidar: 
  0.978564  0.0627599  -0.196149 -0.0474074
-0.0634245   0.997982 0.00289771  0.0465773
  0.195935 0.00960507    0.98057  -0.151393
         0          0          0          1
v_world_imu: -0.0454237   -0.11805    0.76512
frame_692
id: 692
stamp: 1757574273.018623590
T_odom_lidar: 
  0.978254  0.0676772  -0.196056 -0.0507785
-0.0683165   0.997658 0.00350769  0.0513477
  0.195834 0.00996246   0.980586  -0.154469
         0          0          0          1
T_world_lidar: 
  0.978254  0.0676772  -0.196056 -0.0507785
-0.0683165   0.997658 0.00350769  0.0513477
  0.195834 0.00996246   0.980586  -0.154469
         0          0          0          1
v_world_imu: -0.0454237   -0.11805    0.76512
frame_693
id: 693
stamp: 1757574273.052138567
T_odom_lidar: 
  0.978161  0.0716384  -0.195113 -0.0552602
-0.0722059   0.997381 0.00421177  0.0512324
  0.194903 0.00996851   0.980772  -0.155814
         0          0          0          1
T_world_lidar: 
  0.978161  0.0716384  -0.195113 -0.0552602
-0.0722059   0.997381 0.00421177  0.0512324
  0.194903 0.00996851   0.980772  -0.155814
         0          0          0          1
v_world_imu: -0.0454237   -0.11805    0.76512
frame_694
id: 694
stamp: 1757574273.121255636
T_odom_lidar: 
  0.978317   0.074389  -0.193291 -0.0509578
-0.0750037   0.997175 0.00414644  0.0528384
  0.193054   0.010441   0.981133  -0.154795
         0          0          0          1
T_world_lidar: 
  0.978317   0.074389  -0.193291 -0.0509578
-0.0750037   0.997175 0.00414644  0.0528384
  0.193054   0.010441   0.981133  -0.154795
         0          0          0          1
v_world_imu: -0.0454237   -0.11805    0.76512
frame_695
id: 695
stamp: 1757574273.156850815
T_odom_lidar: 
  0.978551  0.0755485  -0.191652 -0.0507192
-0.0762166   0.997084 0.00389424  0.0508598
  0.191388  0.0107964   0.981455  -0.155979
         0          0          0          1
T_world_lidar: 
  0.978551  0.0755485  -0.191652 -0.0507192
-0.0762166   0.997084 0.00389424  0.0508598
  0.191388  0.0107964   0.981455  -0.155979
         0          0          0          1
v_world_imu: -0.0454237   -0.11805    0.76512
frame_696
id: 696
stamp: 1757574273.235089540
T_odom_lidar: 
  0.978345  0.0752663   -0.19281 -0.0435223
-0.0764742   0.997071 0.00118082  0.0516475
  0.192334  0.0135897   0.981235  -0.150329
         0          0          0          1
T_world_lidar: 
  0.978345  0.0752663   -0.19281 -0.0435223
-0.0764742   0.997071 0.00118082  0.0516475
  0.192334  0.0135897   0.981235  -0.150329
         0          0          0          1
v_world_imu: -0.0454237   -0.11805    0.76512
frame_697
id: 697
stamp: 1757574273.269318581
T_odom_lidar: 
   0.978309   0.0758153    -0.19278  -0.0480091
 -0.0771364     0.99702 0.000654804   0.0514673
   0.192256   0.0142298    0.981242     -0.1504
          0           0           0           1
T_world_lidar: 
   0.978309   0.0758153    -0.19278  -0.0480091
 -0.0771364     0.99702 0.000654804   0.0514673
   0.192256   0.0142298    0.981242     -0.1504
          0           0           0           1
v_world_imu: -0.0454237   -0.11805    0.76512
frame_698
id: 698
stamp: 1757574273.345335484
T_odom_lidar: 
   0.978231   0.0779092   -0.192337  -0.0451175
 -0.0793398    0.996848 0.000264929   0.0527931
   0.191751   0.0150008    0.981329   -0.150873
          0           0           0           1
T_world_lidar: 
   0.978231   0.0779092   -0.192337  -0.0451175
 -0.0793398    0.996848 0.000264929   0.0527931
   0.191751   0.0150008    0.981329   -0.150873
          0           0           0           1
v_world_imu: -0.0454237   -0.11805    0.76512
frame_699
id: 699
stamp: 1757574273.381065369
T_odom_lidar: 
   0.977889   0.0846515   -0.191225  -0.0507777
 -0.0861955    0.996278 0.000244925   0.0556466
   0.190534   0.0162432    0.981546   -0.151496
          0           0           0           1
T_world_lidar: 
   0.977889   0.0846515   -0.191225  -0.0507777
 -0.0861955    0.996278 0.000244925   0.0556466
   0.190534   0.0162432    0.981546   -0.151496
          0           0           0           1
v_world_imu: -0.0454237   -0.11805    0.76512
frame_700
id: 700
stamp: 1757574273.458161592
T_odom_lidar: 
   0.977057    0.096861   -0.189676   -0.055072
 -0.0984769    0.995139 0.000909859   0.0591948
   0.188842   0.0177897    0.981846    -0.15226
          0           0           0           1
T_world_lidar: 
   0.977057    0.096861   -0.189676   -0.055072
 -0.0984769    0.995139 0.000909859   0.0591948
   0.188842   0.0177897    0.981846    -0.15226
          0           0           0           1
v_world_imu: -0.0454237   -0.11805    0.76512
frame_701
id: 701
stamp: 1757574273.494640112
T_odom_lidar: 
  0.977352   0.105779  -0.183287 -0.0553265
 -0.107207   0.994234 0.00213336  0.0457588
  0.182456  0.0175645   0.983057  -0.170916
         0          0          0          1
T_world_lidar: 
  0.977352   0.105779  -0.183287 -0.0553265
 -0.107207   0.994234 0.00213336  0.0457588
  0.182456  0.0175645   0.983057  -0.170916
         0          0          0          1
v_world_imu: -0.0454237   -0.11805    0.76512
frame_702
id: 702
stamp: 1757574273.566770792
T_odom_lidar: 
  0.976671   0.111152  -0.183736 -0.0565631
 -0.112387   0.993658 0.00371106  0.0464753
  0.182983   0.017025   0.982969  -0.172953
         0          0          0          1
T_world_lidar: 
  0.976671   0.111152  -0.183736 -0.0565631
 -0.112387   0.993658 0.00371106  0.0464753
  0.182983   0.017025   0.982969  -0.172953
         0          0          0          1
v_world_imu: -0.0454237   -0.11805    0.76512
frame_703
id: 703
stamp: 1757574273.602527857
T_odom_lidar: 
   0.97656   0.110756  -0.184563 -0.0571489
 -0.111851   0.993715 0.00449819  0.0471221
  0.183901  0.0162509    0.98281  -0.172938
         0          0          0          1
T_world_lidar: 
   0.97656   0.110756  -0.184563 -0.0571489
 -0.111851   0.993715 0.00449819  0.0471221
  0.183901  0.0162509    0.98281  -0.172938
         0          0          0          1
v_world_imu: -0.0454237   -0.11805    0.76512
frame_704
id: 704
stamp: 1757574273.678501844
T_odom_lidar: 
   0.97636   0.110564  -0.185733 -0.0541746
 -0.111194   0.993774 0.00705392  0.0468271
  0.185357  0.0137652   0.982575  -0.172044
         0          0          0          1
T_world_lidar: 
   0.97636   0.110564  -0.185733 -0.0541746
 -0.111194   0.993774 0.00705392  0.0468271
  0.185357  0.0137652   0.982575  -0.172044
         0          0          0          1
v_world_imu: -0.0454237   -0.11805    0.76512
frame_705
id: 705
stamp: 1757574273.711903334
T_odom_lidar: 
  0.976903   0.104835    -0.1862 -0.0536822
 -0.104514   0.994456  0.0115696  0.0460724
  0.186381 0.00815809   0.982444  -0.170785
         0          0          0          1
T_world_lidar: 
  0.976903   0.104835    -0.1862 -0.0536822
 -0.104514   0.994456  0.0115696  0.0460724
  0.186381 0.00815809   0.982444  -0.170785
         0          0          0          1
v_world_imu: -0.0454237   -0.11805    0.76512
frame_706
id: 706
stamp: 1757574273.789079666
T_odom_lidar: 
  0.979193  0.0864728  -0.183586 -0.0277695
-0.0855393    0.99625  0.0130133  0.0330997
  0.184023 0.00296124   0.982918  -0.173645
         0          0          0          1
T_world_lidar: 
  0.979193  0.0864728  -0.183586 -0.0277695
-0.0855393    0.99625  0.0130133  0.0330997
  0.184023 0.00296124   0.982918  -0.173645
         0          0          0          1
v_world_imu: -0.0454237   -0.11805    0.76512
frame_707
id: 707
stamp: 1757574273.825300932
T_odom_lidar: 
   0.981905   0.0565466   -0.180737 -0.00714269
 -0.0559618    0.998398  0.00833716   0.0194857
   0.180919  0.00192809    0.983496   -0.169017
          0           0           0           1
T_world_lidar: 
   0.981905   0.0565466   -0.180737 -0.00714269
 -0.0559618    0.998398  0.00833716   0.0194857
   0.180919  0.00192809    0.983496   -0.169017
          0           0           0           1
v_world_imu: -0.0454237   -0.11805    0.76512
frame_708
id: 708
stamp: 1757574273.896217823
T_odom_lidar: 
   0.983511   0.0291368   -0.178487   0.0201414
  -0.029828    0.999554 -0.00118939  0.00527173
   0.178373  0.00649369    0.983941   -0.161567
          0           0           0           1
T_world_lidar: 
   0.983511   0.0291368   -0.178487   0.0201414
  -0.029828    0.999554 -0.00118939  0.00527173
   0.178373  0.00649369    0.983941   -0.161567
          0           0           0           1
v_world_imu: -0.0454237   -0.11805    0.76512
frame_709
id: 709
stamp: 1757574273.928830385
T_odom_lidar: 
   0.983906   0.0118926    -0.17829   0.0252633
 -0.0142709    0.999825  -0.0120628 0.000709353
   0.178116   0.0144131    0.983904   -0.155109
          0           0           0           1
T_world_lidar: 
   0.983906   0.0118926    -0.17829   0.0252633
 -0.0142709    0.999825  -0.0120628 0.000709353
   0.178116   0.0144131    0.983904   -0.155109
          0           0           0           1
v_world_imu: -0.0454237   -0.11805    0.76512
frame_710
id: 710
stamp: 1757574273.996665478
T_odom_lidar: 
    0.98357  0.00441279   -0.180476   0.0225471
-0.00840326    0.999737  -0.0213522 -0.00746666
   0.180334    0.022518    0.983348   -0.149623
          0           0           0           1
T_world_lidar: 
    0.98357  0.00441279   -0.180476   0.0225471
-0.00840326    0.999737  -0.0213522 -0.00746666
   0.180334    0.022518    0.983348   -0.149623
          0           0           0           1
v_world_imu: -0.0454237   -0.11805    0.76512
frame_711
id: 711
stamp: 1757574274.028679609
T_odom_lidar: 
  0.983713 0.00202405  -0.179735  0.0345684
-0.0074446   0.999537 -0.0294892  0.0327206
  0.179592  0.0303469   0.983273  -0.159921
         0          0          0          1
T_world_lidar: 
  0.983713 0.00202405  -0.179735  0.0345684
-0.0074446   0.999537 -0.0294892  0.0327206
  0.179592  0.0303469   0.983273  -0.159921
         0          0          0          1
v_world_imu: -0.0454237   -0.11805    0.76512
frame_712
id: 712
stamp: 1757574274.103451014
T_odom_lidar: 
  0.983314 0.00934083  -0.181674  0.0264581
-0.0141677    0.99958 -0.0252895  0.0370149
  0.181361  0.0274415   0.983034  -0.154743
         0          0          0          1
T_world_lidar: 
  0.983314 0.00934083  -0.181674  0.0264581
-0.0141677    0.99958 -0.0252895  0.0370149
  0.181361  0.0274415   0.983034  -0.154743
         0          0          0          1
v_world_imu: -0.0454237   -0.11805    0.76512
frame_713
id: 713
stamp: 1757574274.134649277
T_odom_lidar: 
  0.982741  0.0241649    -0.1834  0.0141877
-0.0270814   0.999543  -0.013414  0.0402121
  0.182992  0.0181492   0.982947  -0.152836
         0          0          0          1
T_world_lidar: 
  0.982741  0.0241649    -0.1834  0.0141877
-0.0270814   0.999543  -0.013414  0.0402121
  0.182992  0.0181492   0.982947  -0.152836
         0          0          0          1
v_world_imu: -0.0454237   -0.11805    0.76512
frame_714
id: 714
stamp: 1757574274.209158182
T_odom_lidar: 
   0.982248   0.0362019   -0.184063  0.00214653
  -0.037044    0.999313 -0.00113709   0.0528415
   0.183895  0.00793532    0.982914   -0.154115
          0           0           0           1
T_world_lidar: 
   0.982248   0.0362019   -0.184063  0.00214653
  -0.037044    0.999313 -0.00113709   0.0528415
   0.183895  0.00793532    0.982914   -0.154115
          0           0           0           1
v_world_imu: -0.0454237   -0.11805    0.76512
frame_715
id: 715
stamp: 1757574274.240564585
T_odom_lidar: 
  0.980801  0.0390502   -0.19106 -0.0198098
-0.0388642   0.999233 0.00472214  0.0518068
  0.191098 0.00279391   0.981567  -0.148218
         0          0          0          1
T_world_lidar: 
  0.980801  0.0390502   -0.19106 -0.0198098
-0.0388642   0.999233 0.00472214  0.0518068
  0.191098 0.00279391   0.981567  -0.148218
         0          0          0          1
v_world_imu: -0.0454237   -0.11805    0.76512
frame_716
id: 716
stamp: 1757574274.320149660
T_odom_lidar: 
  0.979449  0.0476173  -0.195993  -0.044978
-0.0469586   0.998865 0.00800876  0.0511173
  0.196151 0.00135937   0.980573  -0.131923
         0          0          0          1
T_world_lidar: 
  0.979449  0.0476173  -0.195993  -0.044978
-0.0469586   0.998865 0.00800876  0.0511173
  0.196151 0.00135937   0.980573  -0.131923
         0          0          0          1
v_world_imu: -0.0454237   -0.11805    0.76512
frame_717
id: 717
stamp: 1757574274.357053518
T_odom_lidar: 
  0.977427   0.056678  -0.203528 -0.0676825
-0.0564329   0.998382 0.00701252  0.0333317
  0.203596 0.00463145   0.979044  -0.114345
         0          0          0          1
T_world_lidar: 
  0.977427   0.056678  -0.203528 -0.0676825
-0.0564329   0.998382 0.00701252  0.0333317
  0.203596 0.00463145   0.979044  -0.114345
         0          0          0          1
v_world_imu: -0.0454237   -0.11805    0.76512
frame_718
id: 718
stamp: 1757574274.436020613
T_odom_lidar: 
  0.975795  0.0644665  -0.208971 -0.0939782
-0.0642852   0.997902 0.00766667  0.0245068
  0.209027 0.00595267   0.977892  -0.104237
         0          0          0          1
T_world_lidar: 
  0.975795  0.0644665  -0.208971 -0.0939782
-0.0642852   0.997902 0.00766667  0.0245068
  0.209027 0.00595267   0.977892  -0.104237
         0          0          0          1
v_world_imu: -0.0454237   -0.11805    0.76512
frame_719
id: 719
stamp: 1757574274.469454765
T_odom_lidar: 
  0.975156  0.0710477  -0.209817  -0.100902
-0.0721652    0.99739 0.00233499  0.0103313
  0.209435  0.0128645   0.977738 -0.0997976
         0          0          0          1
T_world_lidar: 
  0.975156  0.0710477  -0.209817  -0.100902
-0.0721652    0.99739 0.00233499  0.0103313
  0.209435  0.0128645   0.977738 -0.0997976
         0          0          0          1
v_world_imu: -0.0454237   -0.11805    0.76512
frame_720
id: 720
stamp: 1757574274.543045759
T_odom_lidar: 
  0.974833  0.0749735  -0.209951  -0.106616
-0.0762461   0.997087 0.00203811 0.00650417
  0.209492  0.0140211    0.97771  -0.101467
         0          0          0          1
T_world_lidar: 
  0.974833  0.0749735  -0.209951  -0.106616
-0.0762461   0.997087 0.00203811 0.00650417
  0.209492  0.0140211    0.97771  -0.101467
         0          0          0          1
v_world_imu: -0.0454237   -0.11805    0.76512
frame_721
id: 721
stamp: 1757574274.580237865
T_odom_lidar: 
  0.973669  0.0846713  -0.211658   -0.10619
-0.0843725   0.996379  0.0104595  0.0391615
  0.211777 0.00767398   0.977288  -0.146255
         0          0          0          1
T_world_lidar: 
  0.973669  0.0846713  -0.211658   -0.10619
-0.0843725   0.996379  0.0104595  0.0391615
  0.211777 0.00767398   0.977288  -0.146255
         0          0          0          1
v_world_imu: -0.0454237   -0.11805    0.76512
frame_722
id: 722
stamp: 1757574274.650638580
T_odom_lidar: 
  0.974002  0.0897157  -0.208016 -0.0956575
-0.0887163   0.995956  0.0141483  0.0425006
  0.208444 0.00467393   0.978023  -0.155226
         0          0          0          1
T_world_lidar: 
  0.974002  0.0897157  -0.208016 -0.0956575
-0.0887163   0.995956  0.0141483  0.0425006
  0.208444 0.00467393   0.978023  -0.155226
         0          0          0          1
v_world_imu: -0.0454237   -0.11805    0.76512
frame_723
id: 723
stamp: 1757574274.682881355
T_odom_lidar: 
  0.975346  0.0864082   -0.20306 -0.0888557
-0.0858689    0.99624  0.0114811  0.0329636
  0.203289 0.00623852   0.979099  -0.158749
         0          0          0          1
T_world_lidar: 
  0.975346  0.0864082   -0.20306 -0.0888557
-0.0858689    0.99624  0.0114811  0.0329636
  0.203289 0.00623852   0.979099  -0.158749
         0          0          0          1
v_world_imu: -0.0454237   -0.11805    0.76512
frame_724
id: 724
stamp: 1757574274.748337030
T_odom_lidar: 
  0.976948  0.0813952  -0.197351 -0.0592024
-0.0813066   0.996652 0.00856532  0.0295006
  0.197387 0.00767803   0.980296  -0.158432
         0          0          0          1
T_world_lidar: 
  0.976948  0.0813952  -0.197351 -0.0592024
-0.0813066   0.996652 0.00856532  0.0295006
  0.197387 0.00767803   0.980296  -0.158432
         0          0          0          1
v_world_imu: -0.0454237   -0.11805    0.76512
frame_725
id: 725
stamp: 1757574274.778117180
T_odom_lidar: 
  0.978284  0.0782408  -0.191937 -0.0549778
-0.0782748   0.996904 0.00741747    0.03016
  0.191923 0.00776742   0.981379  -0.164731
         0          0          0          1
T_world_lidar: 
  0.978284  0.0782408  -0.191937 -0.0549778
-0.0782748   0.996904 0.00741747    0.03016
  0.191923 0.00776742   0.981379  -0.164731
         0          0          0          1
v_world_imu: -0.0454237   -0.11805    0.76512
frame_726
id: 726
stamp: 1757574274.849639177
T_odom_lidar: 
  0.979705   0.074906  -0.185921 -0.0354058
-0.0755492   0.997135 0.00363341  0.0528575
   0.18566  0.0104865   0.982558  -0.152382
         0          0          0          1
T_world_lidar: 
  0.979705   0.074906  -0.185921 -0.0354058
-0.0755492   0.997135 0.00363341  0.0528575
   0.18566  0.0104865   0.982558  -0.152382
         0          0          0          1
v_world_imu: -0.0454237   -0.11805    0.76512
frame_727
id: 727
stamp: 1757574274.875450611
T_odom_lidar: 
  0.980489   0.073067  -0.182491 -0.0396087
-0.0732983   0.997295 0.00548643  0.0524564
  0.182399 0.00799692   0.983192  -0.151369
         0          0          0          1
T_world_lidar: 
  0.980489   0.073067  -0.182491 -0.0396087
-0.0732983   0.997295 0.00548643  0.0524564
  0.182399 0.00799692   0.983192  -0.151369
         0          0          0          1
v_world_imu: -0.0454237   -0.11805    0.76512
frame_728
id: 728
stamp: 1757574274.941484213
T_odom_lidar: 
  0.981145  0.0703741  -0.180006 -0.0258904
 -0.069799   0.997516 0.00953523  0.0498082
   0.18023 0.00320883   0.983619   -0.15099
         0          0          0          1
T_world_lidar: 
  0.981145  0.0703741  -0.180006 -0.0258904
 -0.069799   0.997516 0.00953523  0.0498082
   0.18023 0.00320883   0.983619   -0.15099
         0          0          0          1
v_world_imu: -0.0454237   -0.11805    0.76512
frame_729
id: 729
stamp: 1757574274.974711418
T_odom_lidar: 
   0.981723   0.0646451   -0.178998  -0.0248387
 -0.0636113    0.997908   0.0115149    0.043638
   0.179368 8.18962e-05    0.983782   -0.151628
          0           0           0           1
T_world_lidar: 
   0.981723   0.0646451   -0.178998  -0.0248387
 -0.0636113    0.997908   0.0115149    0.043638
   0.179368 8.18962e-05    0.983782   -0.151628
          0           0           0           1
v_world_imu: -0.0454237   -0.11805    0.76512
frame_730
id: 730
stamp: 1757574275.043304920
T_odom_lidar: 
   0.982631   0.0525073   -0.177989 -0.00756173
 -0.0520004    0.998619  0.00751527   0.0293725
   0.178138  0.00187075    0.984004   -0.147305
          0           0           0           1
T_world_lidar: 
   0.982631   0.0525073   -0.177989 -0.00756173
 -0.0520004    0.998619  0.00751527   0.0293725
   0.178138  0.00187075    0.984004   -0.147305
          0           0           0           1
v_world_imu: -0.0454237   -0.11805    0.76512
frame_731
id: 731
stamp: 1757574275.083294868
T_odom_lidar: 
  0.983677  0.0361008  -0.176287  0.0137739
-0.0360886   0.999343 0.00327624  0.0131152
   0.17629 0.00313921   0.984333  -0.154712
         0          0          0          1
T_world_lidar: 
  0.983677  0.0361008  -0.176287  0.0137739
-0.0360886   0.999343 0.00327624  0.0131152
   0.17629 0.00313921   0.984333  -0.154712
         0          0          0          1
v_world_imu: -0.0454237   -0.11805    0.76512
frame_732
id: 732
stamp: 1757574275.159451485
T_odom_lidar: 
   0.984678   0.0189696   -0.173349   0.0314283
 -0.0206675    0.999754 -0.00799464  -0.0066762
   0.173154   0.0114548    0.984828   -0.150575
          0           0           0           1
T_world_lidar: 
   0.984678   0.0189696   -0.173349   0.0314283
 -0.0206675    0.999754 -0.00799464  -0.0066762
   0.173154   0.0114548    0.984828   -0.150575
          0           0           0           1
v_world_imu: -0.0454237   -0.11805    0.76512
frame_733
id: 733
stamp: 1757574275.195642948
T_odom_lidar: 
  0.984722 0.00849683  -0.173929  0.0314306
-0.0119398   0.999753 -0.0187586 -0.0094791
  0.173727  0.0205487    0.98458  -0.146598
         0          0          0          1
T_world_lidar: 
  0.984722 0.00849683  -0.173929  0.0314306
-0.0119398   0.999753 -0.0187586 -0.0094791
  0.173727  0.0205487    0.98458  -0.146598
         0          0          0          1
v_world_imu: -0.0454237   -0.11805    0.76512
frame_734
id: 734
stamp: 1757574275.270452738
T_odom_lidar: 
  0.984231 0.00769196  -0.176722  0.0216055
-0.0127417   0.999542 -0.0274577 -0.0152934
  0.176429  0.0292765   0.983878  -0.143268
         0          0          0          1
T_world_lidar: 
  0.984231 0.00769196  -0.176722  0.0216055
-0.0127417   0.999542 -0.0274577 -0.0152934
  0.176429  0.0292765   0.983878  -0.143268
         0          0          0          1
v_world_imu: -0.0454237   -0.11805    0.76512
frame_735
id: 735
stamp: 1757574275.305679798
T_odom_lidar: 
   0.984112    0.014916   -0.176921   0.0178771
 -0.0199451    0.999445  -0.0266812 -0.00654825
   0.176425    0.029786    0.983863   -0.143351
          0           0           0           1
T_world_lidar: 
   0.984112    0.014916   -0.176921   0.0178771
 -0.0199451    0.999445  -0.0266812 -0.00654825
   0.176425    0.029786    0.983863   -0.143351
          0           0           0           1
v_world_imu: -0.0454237   -0.11805    0.76512
frame_736
id: 736
stamp: 1757574275.381729841
T_odom_lidar: 
  0.984596  0.0194605  -0.173759  0.0382908
-0.0237401   0.999463 -0.0225847  0.0403053
  0.173226  0.0263619   0.984529   -0.18156
         0          0          0          1
T_world_lidar: 
  0.984596  0.0194605  -0.173759  0.0382908
-0.0237401   0.999463 -0.0225847  0.0403053
  0.173226  0.0263619   0.984529   -0.18156
         0          0          0          1
v_world_imu: -0.0454237   -0.11805    0.76512
frame_737
id: 737
stamp: 1757574275.417243481
T_odom_lidar: 
  0.983761  0.0257094  -0.177635  0.0217506
-0.0283412   0.999523 -0.0122936  0.0521441
  0.177234  0.0171283    0.98402  -0.175071
         0          0          0          1
T_world_lidar: 
  0.983761  0.0257094  -0.177635  0.0217506
-0.0283412   0.999523 -0.0122936  0.0521441
  0.177234  0.0171283    0.98402  -0.175071
         0          0          0          1
v_world_imu: -0.0454237   -0.11805    0.76512
frame_738
id: 738
stamp: 1757574275.488045931
T_odom_lidar: 
   0.982095   0.0412848   -0.183809 -0.00621259
 -0.0423437    0.999101 -0.00183761   0.0570498
   0.183568  0.00958786     0.98296   -0.166283
          0           0           0           1
T_world_lidar: 
   0.982095   0.0412848   -0.183809 -0.00621259
 -0.0423437    0.999101 -0.00183761   0.0570498
   0.183568  0.00958786     0.98296   -0.166283
          0           0           0           1
v_world_imu: -0.0454237   -0.11805    0.76512
frame_739
id: 739
stamp: 1757574275.523523569
T_odom_lidar: 
  0.979309  0.0511704  -0.195796  -0.036933
-0.0514756   0.998668 0.00353323  0.0464063
  0.195716 0.00661859   0.980638  -0.137326
         0          0          0          1
T_world_lidar: 
  0.979309  0.0511704  -0.195796  -0.036933
-0.0514756   0.998668 0.00353323  0.0464063
  0.195716 0.00661859   0.980638  -0.137326
         0          0          0          1
v_world_imu: -0.0454237   -0.11805    0.76512
frame_740
id: 740
stamp: 1757574275.595116854
T_odom_lidar: 
  0.976809   0.061449  -0.205103 -0.0675044
 -0.061922   0.998072 0.00411765  0.0347025
  0.204961 0.00867825   0.978732  -0.117211
         0          0          0          1
T_world_lidar: 
  0.976809   0.061449  -0.205103 -0.0675044
 -0.061922   0.998072 0.00411765  0.0347025
  0.204961 0.00867825   0.978732  -0.117211
         0          0          0          1
v_world_imu: -0.0454237   -0.11805    0.76512
frame_741
id: 741
stamp: 1757574275.627959967
T_odom_lidar: 
  0.974772  0.0761718  -0.209804 -0.0719673
-0.0767329   0.997037 0.00547676  0.0091416
  0.209599  0.0107602   0.977728  -0.110121
         0          0          0          1
T_world_lidar: 
  0.974772  0.0761718  -0.209804 -0.0719673
-0.0767329   0.997037 0.00547676  0.0091416
  0.209599  0.0107602   0.977728  -0.110121
         0          0          0          1
v_world_imu: -0.0454237   -0.11805    0.76512
frame_742
id: 742
stamp: 1757574275.703494787
T_odom_lidar: 
   0.974158   0.0938423   -0.205449  -0.0777044
 -0.0957531    0.995405   0.0006444 0.000238703
   0.204565   0.0190446    0.978668   -0.130411
          0           0           0           1
T_world_lidar: 
   0.974158   0.0938423   -0.205449  -0.0777044
 -0.0957531    0.995405   0.0006444 0.000238703
   0.204565   0.0190446    0.978668   -0.130411
          0           0           0           1
v_world_imu: -0.0454237   -0.11805    0.76512
frame_743
id: 743
stamp: 1757574275.738917589
T_odom_lidar: 
   0.974256    0.116659   -0.192914  -0.0693799
  -0.119859    0.992778 -0.00496189  -0.0187613
   0.190942   0.0279568    0.981203   -0.158547
          0           0           0           1
T_world_lidar: 
   0.974256    0.116659   -0.192914  -0.0693799
  -0.119859    0.992778 -0.00496189  -0.0187613
   0.190942   0.0279568    0.981203   -0.158547
          0           0           0           1
v_world_imu: -0.0454237   -0.11805    0.76512
frame_744
id: 744
stamp: 1757574275.808408022
T_odom_lidar: 
   0.974262    0.133237    -0.18183  -0.0599289
  -0.136204    0.990673 -0.00387378   -0.015612
   0.179618   0.0285401    0.983322   -0.179131
          0           0           0           1
T_world_lidar: 
   0.974262    0.133237    -0.18183  -0.0599289
  -0.136204    0.990673 -0.00387378   -0.015612
   0.179618   0.0285401    0.983322   -0.179131
          0           0           0           1
v_world_imu: -0.0454237   -0.11805    0.76512
frame_745
id: 745
stamp: 1757574275.845271587
T_odom_lidar: 
  0.974202   0.141138  -0.176098 -0.0614703
 -0.142647   0.989765 0.00412263 -0.0187122
  0.174877  0.0211036   0.984364  -0.188935
         0          0          0          1
T_world_lidar: 
  0.974202   0.141138  -0.176098 -0.0614703
 -0.142647   0.989765 0.00412263 -0.0187122
  0.174877  0.0211036   0.984364  -0.188935
         0          0          0          1
v_world_imu: -0.0454237   -0.11805    0.76512
frame_746
id: 746
stamp: 1757574275.921079874
T_odom_lidar: 
    0.974128      0.13997    -0.177432   -0.0226604
   -0.139389     0.990112    0.0157964 -0.000831791
    0.177889   0.00934444     0.984006    -0.177703
           0            0            0            1
T_world_lidar: 
    0.974128      0.13997    -0.177432   -0.0226604
   -0.139389     0.990112    0.0157964 -0.000831791
    0.177889   0.00934444     0.984006    -0.177703
           0            0            0            1
v_world_imu: -0.0454237   -0.11805    0.76512
frame_747
id: 747
stamp: 1757574275.957934141
T_odom_lidar: 
  0.975569   0.120255   -0.18386 -0.0174559
 -0.118895   0.992736  0.0184402   0.015202
  0.184741 0.00387038    0.98278  -0.166744
         0          0          0          1
T_world_lidar: 
  0.975569   0.120255   -0.18386 -0.0174559
 -0.118895   0.992736  0.0184402   0.015202
  0.184741 0.00387038    0.98278  -0.166744
         0          0          0          1
v_world_imu: -0.0454237   -0.11805    0.76512
frame_748
id: 748
stamp: 1757574276.026752472
T_odom_lidar: 
  0.977678  0.0969643  -0.186398 0.00445946
-0.0956653   0.995285   0.015973  0.0324195
  0.187068 0.00221533   0.982344  -0.164068
         0          0          0          1
T_world_lidar: 
  0.977678  0.0969643  -0.186398 0.00445946
-0.0956653   0.995285   0.015973  0.0324195
  0.187068 0.00221533   0.982344  -0.164068
         0          0          0          1
v_world_imu: -0.0454237   -0.11805    0.76512
frame_749
id: 749
stamp: 1757574276.055389404
T_odom_lidar: 
   0.97953  0.0656353    -0.1903  0.0143712
-0.0651911   0.997836 0.00860072  0.0480925
  0.190452 0.00398118   0.981688  -0.158029
         0          0          0          1
T_world_lidar: 
   0.97953  0.0656353    -0.1903  0.0143712
-0.0651911   0.997836 0.00860072  0.0480925
  0.190452 0.00398118   0.981688  -0.158029
         0          0          0          1
v_world_imu: -0.0454237   -0.11805    0.76512
frame_750
id: 750
stamp: 1757574276.129269600
T_odom_lidar: 
    0.98012   0.0345859   -0.195366   0.0364895
 -0.0358091    0.999355 -0.00273135   0.0606907
   0.195145  0.00967291    0.980727   -0.144912
          0           0           0           1
T_world_lidar: 
    0.98012   0.0345859   -0.195366   0.0364895
 -0.0358091    0.999355 -0.00273135   0.0606907
   0.195145  0.00967291    0.980727   -0.144912
          0           0           0           1
v_world_imu: -0.0454237   -0.11805    0.76512
frame_751
id: 751
stamp: 1757574276.162677050
T_odom_lidar: 
   0.980796   0.0138772   -0.194543   0.0121042
 -0.0156579    0.999848 -0.00761823   0.0634167
   0.194408   0.0105181    0.980864   -0.137269
          0           0           0           1
T_world_lidar: 
   0.980796   0.0138772   -0.194543   0.0121042
 -0.0156579    0.999848 -0.00761823   0.0634167
   0.194408   0.0105181    0.980864   -0.137269
          0           0           0           1
v_world_imu: -0.0454237   -0.11805    0.76512
frame_752
id: 752
stamp: 1757574276.230837822
T_odom_lidar: 
    0.98076 -0.00113744   -0.195216   0.0213615
-0.00145026    0.999913  -0.0131121   0.0668375
   0.195214    0.013143    0.980673   -0.130309
          0           0           0           1
T_world_lidar: 
    0.98076 -0.00113744   -0.195216   0.0213615
-0.00145026    0.999913  -0.0131121   0.0668375
   0.195214    0.013143    0.980673   -0.130309
          0           0           0           1
v_world_imu: -0.0454237   -0.11805    0.76512
frame_753
id: 753
stamp: 1757574276.263308525
T_odom_lidar: 
   0.980769 -0.00166776   -0.195164   0.0242827
-0.00143788    0.999875  -0.0157702   0.0648042
   0.195166   0.0157476    0.980644   -0.129262
          0           0           0           1
T_world_lidar: 
   0.980769 -0.00166776   -0.195164   0.0242827
-0.00143788    0.999875  -0.0157702   0.0648042
   0.195166   0.0157476    0.980644   -0.129262
          0           0           0           1
v_world_imu: -0.0454237   -0.11805    0.76512
frame_754
id: 754
stamp: 1757574276.342565298
T_odom_lidar: 
   0.980989  0.00474653   -0.194004   0.0202729
-0.00811684     0.99983  -0.0165811   0.0575865
   0.193893   0.0178406    0.980861   -0.131488
          0           0           0           1
T_world_lidar: 
   0.980989  0.00474653   -0.194004   0.0202729
-0.00811684     0.99983  -0.0165811   0.0575865
   0.193893   0.0178406    0.980861   -0.131488
          0           0           0           1
v_world_imu: -0.0454237   -0.11805    0.76512
frame_755
id: 755
stamp: 1757574276.376698971
T_odom_lidar: 
   0.981128   0.0217317   -0.192135   0.0105659
 -0.0238171     0.99968 -0.00855066   0.0477245
   0.191888   0.0129654    0.981331   -0.140887
          0           0           0           1
T_world_lidar: 
   0.981128   0.0217317   -0.192135   0.0105659
 -0.0238171     0.99968 -0.00855066   0.0477245
   0.191888   0.0129654    0.981331   -0.140887
          0           0           0           1
v_world_imu: -0.0454237   -0.11805    0.76512
frame_756
id: 756
stamp: 1757574276.447940588
T_odom_lidar: 
   0.981099   0.0391571   -0.189504  0.00201941
 -0.0402603    0.999187 -0.00197404    0.043311
   0.189273  0.00956622    0.981878   -0.156881
          0           0           0           1
T_world_lidar: 
   0.981099   0.0391571   -0.189504  0.00201941
 -0.0402603    0.999187 -0.00197404    0.043311
   0.189273  0.00956622    0.981878   -0.156881
          0           0           0           1
v_world_imu: -0.0454237   -0.11805    0.76512
frame_757
id: 757
stamp: 1757574276.482992887
T_odom_lidar: 
  0.980457  0.0429666  -0.191982 -0.0120098
-0.0434805   0.999053 0.00153751  0.0419349
  0.191867 0.00684002   0.981397   -0.15792
         0          0          0          1
T_world_lidar: 
  0.980457  0.0429666  -0.191982 -0.0120098
-0.0434805   0.999053 0.00153751  0.0419349
  0.191867 0.00684002   0.981397   -0.15792
         0          0          0          1
v_world_imu: -0.0454237   -0.11805    0.76512
frame_758
id: 758
stamp: 1757574276.559006453
T_odom_lidar: 
  0.979097  0.0485424  -0.197515 -0.0415783
-0.0486439   0.998807 0.00434068  0.0433704
   0.19749 0.00535797    0.98029  -0.154347
         0          0          0          1
T_world_lidar: 
  0.979097  0.0485424  -0.197515 -0.0415783
-0.0486439   0.998807 0.00434068  0.0433704
   0.19749 0.00535797    0.98029  -0.154347
         0          0          0          1
v_world_imu: -0.0454237   -0.11805    0.76512
frame_759
id: 759
stamp: 1757574276.593586922
T_odom_lidar: 
  0.977589  0.0565836  -0.202777 -0.0600791
-0.0561719   0.998391 0.00778932  0.0307609
  0.202891 0.00377559   0.979194  -0.147534
         0          0          0          1
T_world_lidar: 
  0.977589  0.0565836  -0.202777 -0.0600791
-0.0561719   0.998391 0.00778932  0.0307609
  0.202891 0.00377559   0.979194  -0.147534
         0          0          0          1
v_world_imu: -0.0454237   -0.11805    0.76512
frame_760
id: 760
stamp: 1757574276.666378975
T_odom_lidar: 
    0.9759  0.0697821  -0.206761 -0.0876574
-0.0689769   0.997556  0.0111095   0.019215
  0.207031 0.00341998   0.978328   -0.14565
         0          0          0          1
T_world_lidar: 
    0.9759  0.0697821  -0.206761 -0.0876574
-0.0689769   0.997556  0.0111095   0.019215
  0.207031 0.00341998   0.978328   -0.14565
         0          0          0          1
v_world_imu: -0.0454237   -0.11805    0.76512
frame_761
id: 761
stamp: 1757574276.707080603
T_odom_lidar: 
  0.975244  0.0768758  -0.207338  -0.100581
-0.0761438    0.99703  0.0115212  0.0285579
  0.207608 0.00455148   0.978201  -0.160162
         0          0          0          1
T_world_lidar: 
  0.975244  0.0768758  -0.207338  -0.100581
-0.0761438    0.99703  0.0115212  0.0285579
  0.207608 0.00455148   0.978201  -0.160162
         0          0          0          1
v_world_imu: -0.0454237   -0.11805    0.76512
frame_762
id: 762
stamp: 1757574276.780670166
T_odom_lidar: 
   0.97543  0.0772042  -0.206337 -0.0936096
-0.0760733   0.997012  0.0134212   0.033278
  0.206756 0.00260523   0.978389  -0.163358
         0          0          0          1
T_world_lidar: 
   0.97543  0.0772042  -0.206337 -0.0936096
-0.0760733   0.997012  0.0134212   0.033278
  0.206756 0.00260523   0.978389  -0.163358
         0          0          0          1
v_world_imu: -0.0454237   -0.11805    0.76512
frame_763
id: 763
stamp: 1757574276.811810970
T_odom_lidar: 
   0.97606  0.0781518  -0.202977 -0.0864471
-0.0768569    0.99694   0.014266  0.0311801
   0.20347  0.0016757    0.97908  -0.167763
         0          0          0          1
T_world_lidar: 
   0.97606  0.0781518  -0.202977 -0.0864471
-0.0768569    0.99694   0.014266  0.0311801
   0.20347  0.0016757    0.97908  -0.167763
         0          0          0          1
v_world_imu: -0.0454237   -0.11805    0.76512
frame_764
id: 764
stamp: 1757574276.887599468
T_odom_lidar: 
   0.977337    0.073027   -0.198696  -0.0626537
 -0.0717362     0.99733   0.0136976   0.0360203
   0.199166 0.000866585    0.979965   -0.167171
          0           0           0           1
T_world_lidar: 
   0.977337    0.073027   -0.198696  -0.0626537
 -0.0717362     0.99733   0.0136976   0.0360203
   0.199166 0.000866585    0.979965   -0.167171
          0           0           0           1
v_world_imu: -0.0454237   -0.11805    0.76512
frame_765
id: 765
stamp: 1757574276.926128149
T_odom_lidar: 
   0.979154   0.0631133   -0.193067  -0.0432866
 -0.0615151    0.998004   0.0142676   0.0394558
   0.193582 -0.00209367    0.981082   -0.172251
          0           0           0           1
T_world_lidar: 
   0.979154   0.0631133   -0.193067  -0.0432866
 -0.0615151    0.998004   0.0142676   0.0394558
   0.193582 -0.00209367    0.981082   -0.172251
          0           0           0           1
v_world_imu: -0.0454237   -0.11805    0.76512
frame_766
id: 766
stamp: 1757574276.999089003
T_odom_lidar: 
     0.9806   0.0532456   -0.188651 -0.00488794
   -0.05087    0.998553   0.0174159   0.0352143
   0.189305 -0.00748139     0.98189   -0.159564
          0           0           0           1
T_world_lidar: 
     0.9806   0.0532456   -0.188651 -0.00488794
   -0.05087    0.998553   0.0174159   0.0352143
   0.189305 -0.00748139     0.98189   -0.159564
          0           0           0           1
v_world_imu: -0.0454237   -0.11805    0.76512
frame_767
id: 767
stamp: 1757574277.031495571
T_odom_lidar: 
   0.981483   0.0500871   -0.184887 -0.00209626
 -0.0484055    0.998735   0.0136006   0.0293442
   0.185334 -0.00439922    0.982666   -0.161529
          0           0           0           1
T_world_lidar: 
   0.981483   0.0500871   -0.184887 -0.00209626
 -0.0484055    0.998735   0.0136006   0.0293442
   0.185334 -0.00439922    0.982666   -0.161529
          0           0           0           1
v_world_imu: -0.0454237   -0.11805    0.76512
frame_768
id: 768
stamp: 1757574277.103461504
T_odom_lidar: 
     0.98204    0.0516084    -0.181477   0.00289971
  -0.0507307     0.998667   0.00947785    0.0265404
    0.181724 -0.000101167     0.983349    -0.160698
           0            0            0            1
T_world_lidar: 
     0.98204    0.0516084    -0.181477   0.00289971
  -0.0507307     0.998667   0.00947785    0.0265404
    0.181724 -0.000101167     0.983349    -0.160698
           0            0            0            1
v_world_imu: -0.0454237   -0.11805    0.76512
frame_769
id: 769
stamp: 1757574277.134331226
T_odom_lidar: 
    0.98223    0.057239   -0.178738 -0.00739704
 -0.0558844    0.998358   0.0126086   0.0314974
   0.179166  -0.0023959    0.983816   -0.157883
          0           0           0           1
T_world_lidar: 
    0.98223    0.057239   -0.178738 -0.00739704
 -0.0558844    0.998358   0.0126086   0.0314974
   0.179166  -0.0023959    0.983816   -0.157883
          0           0           0           1
v_world_imu: -0.0454237   -0.11805    0.76512
frame_770
id: 770
stamp: 1757574277.215627432
T_odom_lidar: 
   0.982042   0.0630268   -0.177826  -0.0121943
 -0.0609769    0.997995    0.016975   0.0414504
   0.178539 -0.00582689    0.983916   -0.155834
          0           0           0           1
T_world_lidar: 
   0.982042   0.0630268   -0.177826  -0.0121943
 -0.0609769    0.997995    0.016975   0.0414504
   0.178539 -0.00582689    0.983916   -0.155834
          0           0           0           1
v_world_imu: -0.0454237   -0.11805    0.76512
frame_771
id: 771
stamp: 1757574277.248370171
T_odom_lidar: 
  0.981731  0.0646634  -0.178948 -0.0199077
-0.0610581   0.997806  0.0255878  0.0400771
   0.18021 -0.0141941   0.983526   -0.15661
         0          0          0          1
T_world_lidar: 
  0.981731  0.0646634  -0.178948 -0.0199077
-0.0610581   0.997806  0.0255878  0.0400771
   0.18021 -0.0141941   0.983526   -0.15661
         0          0          0          1
v_world_imu: -0.0454237   -0.11805    0.76512
frame_772
id: 772
stamp: 1757574277.323627234
T_odom_lidar: 
  0.981376  0.0581562  -0.183081 -0.0190571
-0.0530636   0.998059  0.0325979   0.043748
  0.184621 -0.0222759   0.982557  -0.155975
         0          0          0          1
T_world_lidar: 
  0.981376  0.0581562  -0.183081 -0.0190571
-0.0530636   0.998059  0.0325979   0.043748
  0.184621 -0.0222759   0.982557  -0.155975
         0          0          0          1
v_world_imu: -0.0454237   -0.11805    0.76512
frame_773
id: 773
stamp: 1757574277.357550621
T_odom_lidar: 
   0.98109  0.0513902  -0.186607 -0.0258011
-0.0469243   0.998498   0.028274  0.0265966
   0.18778 -0.0189829   0.982028   -0.16209
         0          0          0          1
T_world_lidar: 
   0.98109  0.0513902  -0.186607 -0.0258011
-0.0469243   0.998498   0.028274  0.0265966
   0.18778 -0.0189829   0.982028   -0.16209
         0          0          0          1
v_world_imu: -0.0454237   -0.11805    0.76512
frame_774
id: 774
stamp: 1757574277.429436445
T_odom_lidar: 
   0.980341   0.0476764   -0.191462  -0.0352381
 -0.0450979    0.998824   0.0178052  0.00835479
   0.192085 -0.00882067    0.981339   -0.169306
          0           0           0           1
T_world_lidar: 
   0.980341   0.0476764   -0.191462  -0.0352381
 -0.0450979    0.998824   0.0178052  0.00835479
   0.192085 -0.00882067    0.981339   -0.169306
          0           0           0           1
v_world_imu: -0.0454237   -0.11805    0.76512
frame_775
id: 775
stamp: 1757574277.458391666
T_odom_lidar: 
  0.979451  0.0425666  -0.197139 -0.0376049
-0.0427458    0.99908  0.0033479 0.00598518
    0.1971 0.00514776    0.98037  -0.167767
         0          0          0          1
T_world_lidar: 
  0.979451  0.0425666  -0.197139 -0.0376049
-0.0427458    0.99908  0.0033479 0.00598518
    0.1971 0.00514776    0.98037  -0.167767
         0          0          0          1
v_world_imu: -0.0454237   -0.11805    0.76512
frame_776
id: 776
stamp: 1757574277.528750181
T_odom_lidar: 
   0.979109   0.0403325   -0.199298  -0.0424737
 -0.0428066     0.99905 -0.00811914   -0.011702
   0.198782   0.0164808    0.979905   -0.158123
          0           0           0           1
T_world_lidar: 
   0.979109   0.0403325   -0.199298  -0.0424737
 -0.0428066     0.99905 -0.00811914   -0.011702
   0.198782   0.0164808    0.979905   -0.158123
          0           0           0           1
v_world_imu: -0.0454237   -0.11805    0.76512
frame_777
id: 777
stamp: 1757574277.553041458
T_odom_lidar: 
  0.980167  0.0337299  -0.195283 -0.0243133
-0.0378031   0.999138 -0.0171675 -0.0113879
  0.194536  0.0242094   0.980597   -0.14024
         0          0          0          1
T_world_lidar: 
  0.980167  0.0337299  -0.195283 -0.0243133
-0.0378031   0.999138 -0.0171675 -0.0113879
  0.194536  0.0242094   0.980597   -0.14024
         0          0          0          1
v_world_imu: -0.0454237   -0.11805    0.76512
frame_778
id: 778
stamp: 1757574277.629645586
T_odom_lidar: 
  0.981314  0.0243036  -0.190872 -0.0111348
-0.0284421   0.999415  -0.018972 -0.0137984
  0.190299  0.0240463   0.981432  -0.132738
         0          0          0          1
T_world_lidar: 
  0.981314  0.0243036  -0.190872 -0.0111348
-0.0284421   0.999415  -0.018972 -0.0137984
  0.190299  0.0240463   0.981432  -0.132738
         0          0          0          1
v_world_imu: -0.0454237   -0.11805    0.76512
frame_779
id: 779
stamp: 1757574277.657567501
T_odom_lidar: 
  0.981339  0.0190763  -0.191338  -0.015188
-0.0221314   0.999659 -0.0138425 -0.0050837
  0.191009  0.0178187   0.981427  -0.138006
         0          0          0          1
T_world_lidar: 
  0.981339  0.0190763  -0.191338  -0.015188
-0.0221314   0.999659 -0.0138425 -0.0050837
  0.191009  0.0178187   0.981427  -0.138006
         0          0          0          1
v_world_imu: -0.0454237   -0.11805    0.76512
frame_780
id: 780
stamp: 1757574277.727040768
T_odom_lidar: 
   0.980597    0.021384   -0.194865  -0.0276641
 -0.0227057    0.999732 -0.00455122  0.00962359
   0.194715  0.00888745     0.98082   -0.149229
          0           0           0           1
T_world_lidar: 
   0.980597    0.021384   -0.194865  -0.0276641
 -0.0227057    0.999732 -0.00455122  0.00962359
   0.194715  0.00888745     0.98082   -0.149229
          0           0           0           1
v_world_imu: -0.0454237   -0.11805    0.76512
frame_781
id: 781
stamp: 1757574277.759365082
T_odom_lidar: 
   0.979573   0.0281844   -0.199106    -0.01854
 -0.0298577     0.99954 -0.00540592   0.0298032
   0.198862   0.0112403    0.979963   -0.140172
          0           0           0           1
T_world_lidar: 
   0.979573   0.0281844   -0.199106    -0.01854
 -0.0298577     0.99954 -0.00540592   0.0298032
   0.198862   0.0112403    0.979963   -0.140172
          0           0           0           1
v_world_imu: -0.0454237   -0.11805    0.76512
frame_782
id: 782
stamp: 1757574277.833494186
T_odom_lidar: 
  0.979749  0.0340659   -0.19731 -0.0132673
-0.0339604   0.999415 0.00391939  0.0381461
  0.197328  0.0028607   0.980333  -0.140905
         0          0          0          1
T_world_lidar: 
  0.979749  0.0340659   -0.19731 -0.0132673
-0.0339604   0.999415 0.00391939  0.0381461
  0.197328  0.0028607   0.980333  -0.140905
         0          0          0          1
v_world_imu: -0.0454237   -0.11805    0.76512
frame_783
id: 783
stamp: 1757574277.865939617
T_odom_lidar: 
    0.980973    0.0353632    -0.190897   -0.0012904
  -0.0345805     0.999374   0.00743113    0.0354725
     0.19104 -0.000688447     0.981582    -0.145571
           0            0            0            1
T_world_lidar: 
    0.980973    0.0353632    -0.190897   -0.0012904
  -0.0345805     0.999374   0.00743113    0.0354725
     0.19104 -0.000688447     0.981582    -0.145571
           0            0            0            1
v_world_imu: -0.0454237   -0.11805    0.76512
frame_784
id: 784
stamp: 1757574277.939767122
T_odom_lidar: 
   0.981709   0.0392206   -0.186302  0.00116378
 -0.0383367     0.99923  0.00834622   0.0361891
   0.186486 -0.00105136    0.982457   -0.148011
          0           0           0           1
T_world_lidar: 
   0.981709   0.0392206   -0.186302  0.00116378
 -0.0383367     0.99923  0.00834622   0.0361891
   0.186486 -0.00105136    0.982457   -0.148011
          0           0           0           1
v_world_imu: -0.0454237   -0.11805    0.76512
frame_785
id: 785
stamp: 1757574277.965618610
T_odom_lidar: 
    0.981284    0.0440362    -0.187461   -0.0143592
  -0.0432142      0.99903   0.00847144    0.0343603
    0.187652 -0.000211924     0.982236    -0.147757
           0            0            0            1
T_world_lidar: 
    0.981284    0.0440362    -0.187461   -0.0143592
  -0.0432142      0.99903   0.00847144    0.0343603
    0.187652 -0.000211924     0.982236    -0.147757
           0            0            0            1
v_world_imu: -0.0454237   -0.11805    0.76512
frame_786
id: 786
stamp: 1757574278.043398142
T_odom_lidar: 
  0.981265  0.0468758  -0.186873 -0.0182483
 -0.045118   0.998888  0.0136504  0.0322193
  0.187305 -0.0049633   0.982289  -0.158855
         0          0          0          1
T_world_lidar: 
  0.981265  0.0468758  -0.186873 -0.0182483
 -0.045118   0.998888  0.0136504  0.0322193
  0.187305 -0.0049633   0.982289  -0.158855
         0          0          0          1
v_world_imu: -0.0454237   -0.11805    0.76512
frame_787
id: 787
stamp: 1757574278.078282356
T_odom_lidar: 
  0.981133  0.0458953  -0.187807 -0.0192909
-0.0445099   0.998942  0.0115895  0.0283146
   0.18814 -0.0030116   0.982138   -0.15799
         0          0          0          1
T_world_lidar: 
  0.981133  0.0458953  -0.187807 -0.0192909
-0.0445099   0.998942  0.0115895  0.0283146
   0.18814 -0.0030116   0.982138   -0.15799
         0          0          0          1
v_world_imu: -0.0454237   -0.11805    0.76512
frame_788
id: 788
stamp: 1757574278.155448675
T_odom_lidar: 
   0.981094    0.045945   -0.187998  -0.0186515
 -0.0452088    0.998944  0.00820387   0.0285144
   0.188177 0.000450419    0.982135    -0.15629
          0           0           0           1
T_world_lidar: 
   0.981094    0.045945   -0.187998  -0.0186515
 -0.0452088    0.998944  0.00820387   0.0285144
   0.188177 0.000450419    0.982135    -0.15629
          0           0           0           1
v_world_imu: -0.0454237   -0.11805    0.76512
frame_789
id: 789
stamp: 1757574278.186569214
T_odom_lidar: 
  0.981162  0.0457794  -0.187682 -0.0192795
-0.0455555   0.998947 0.00550804  0.0270605
  0.187737 0.00314568   0.982214  -0.154688
         0          0          0          1
T_world_lidar: 
  0.981162  0.0457794  -0.187682 -0.0192795
-0.0455555   0.998947 0.00550804  0.0270605
  0.187737 0.00314568   0.982214  -0.154688
         0          0          0          1
v_world_imu: -0.0454237   -0.11805    0.76512
frame_790
id: 790
stamp: 1757574278.262181997
T_odom_lidar: 
  0.980723  0.0462301  -0.189855 -0.0223409
-0.0464758   0.998914  0.0031605  0.0274669
  0.189795  0.0057241   0.981807  -0.154142
         0          0          0          1
T_world_lidar: 
  0.980723  0.0462301  -0.189855 -0.0223409
-0.0464758   0.998914  0.0031605  0.0274669
  0.189795  0.0057241   0.981807  -0.154142
         0          0          0          1
v_world_imu: -0.0454237   -0.11805    0.76512
frame_791
id: 791
stamp: 1757574278.293399096
T_odom_lidar: 
  0.980612  0.0462474  -0.190426 -0.0253408
-0.0466647   0.998908 0.00229448  0.0265986
  0.190324 0.00663616   0.981699  -0.153956
         0          0          0          1
T_world_lidar: 
  0.980612  0.0462474  -0.190426 -0.0253408
-0.0466647   0.998908 0.00229448  0.0265986
  0.190324 0.00663616   0.981699  -0.153956
         0          0          0          1
v_world_imu: -0.0454237   -0.11805    0.76512
frame_792
id: 792
stamp: 1757574278.370379686
T_odom_lidar: 
   0.980647   0.0458533   -0.190337    -0.02322
 -0.0466013    0.998913 0.000546798   0.0326676
   0.190155  0.00833371    0.981719   -0.151563
          0           0           0           1
T_world_lidar: 
   0.980647   0.0458533   -0.190337    -0.02322
 -0.0466013    0.998913 0.000546798   0.0326676
   0.190155  0.00833371    0.981719   -0.151563
          0           0           0           1
v_world_imu: -0.0454237   -0.11805    0.76512
frame_793
id: 793
stamp: 1757574278.407947063
T_odom_lidar: 
  0.980667  0.0459294  -0.190215 -0.0238325
-0.0465484   0.998915 0.00121484   0.031216
  0.190065 0.00766285   0.981742  -0.151567
         0          0          0          1
T_world_lidar: 
  0.980667  0.0459294  -0.190215 -0.0238325
-0.0465484   0.998915 0.00121484   0.031216
  0.190065 0.00766285   0.981742  -0.151567
         0          0          0          1
v_world_imu: -0.0454237   -0.11805    0.76512
frame_794
id: 794
stamp: 1757574278.479641914
T_odom_lidar: 
  0.980739  0.0471327  -0.189549 -0.0217358
 -0.047393   0.998871 0.00316163  0.0327792
  0.189484 0.00588255   0.981866  -0.151968
         0          0          0          1
T_world_lidar: 
  0.980739  0.0471327  -0.189549 -0.0217358
 -0.047393   0.998871 0.00316163  0.0327792
  0.189484 0.00588255   0.981866  -0.151968
         0          0          0          1
v_world_imu: -0.0454237   -0.11805    0.76512
frame_795
id: 795
stamp: 1757574278.519815445
T_odom_lidar: 
  0.980944  0.0467211  -0.188592 -0.0198934
-0.0467198   0.998898 0.00445504  0.0305024
  0.188592 0.00444082   0.982045  -0.152146
         0          0          0          1
T_world_lidar: 
  0.980944  0.0467211  -0.188592 -0.0198934
-0.0467198   0.998898 0.00445504  0.0305024
  0.188592 0.00444082   0.982045  -0.152146
         0          0          0          1
v_world_imu: -0.0454237   -0.11805    0.76512
frame_796
id: 796
stamp: 1757574278.593717098
T_odom_lidar: 
  0.981028  0.0464727  -0.188214 -0.0170455
-0.0464472    0.99891 0.00454824  0.0304605
   0.18822 0.00428007   0.982117  -0.152082
         0          0          0          1
T_world_lidar: 
  0.981028  0.0464727  -0.188214 -0.0170455
-0.0464472    0.99891 0.00454824  0.0304605
   0.18822 0.00428007   0.982117  -0.152082
         0          0          0          1
v_world_imu: -0.0454237   -0.11805    0.76512
frame_797
id: 797
stamp: 1757574278.628251791
T_odom_lidar: 
  0.981038   0.046412  -0.188177 -0.0204907
 -0.046247   0.998916  0.0052692  0.0284952
  0.188217 0.00353333   0.982121  -0.152876
         0          0          0          1
T_world_lidar: 
  0.981038   0.046412  -0.188177 -0.0204907
 -0.046247   0.998916  0.0052692  0.0284952
  0.188217 0.00353333   0.982121  -0.152876
         0          0          0          1
v_world_imu: -0.0454237   -0.11805    0.76512
frame_798
id: 798
stamp: 1757574278.703637362
T_odom_lidar: 
  0.980555  0.0468861  -0.190559 -0.0210657
-0.0472672   0.998879 0.00254753  0.0333956
  0.190465 0.00650918   0.981672  -0.149522
         0          0          0          1
T_world_lidar: 
  0.980555  0.0468861  -0.190559 -0.0210657
-0.0472672   0.998879 0.00254753  0.0333956
  0.190465 0.00650918   0.981672  -0.149522
         0          0          0          1
v_world_imu: -0.0454237   -0.11805    0.76512
frame_799
id: 799
stamp: 1757574278.742740393
T_odom_lidar: 
  0.980353  0.0469279  -0.191588  -0.025129
-0.0472264    0.99888 0.00301049  0.0314781
  0.191514 0.00609666   0.981471  -0.150978
         0          0          0          1
T_world_lidar: 
  0.980353  0.0469279  -0.191588  -0.025129
-0.0472264    0.99888 0.00301049  0.0314781
  0.191514 0.00609666   0.981471  -0.150978
         0          0          0          1
v_world_imu: -0.0454237   -0.11805    0.76512
frame_800
id: 800
stamp: 1757574278.814385653
T_odom_lidar: 
  0.980369  0.0463748  -0.191643 -0.0242951
 -0.046669   0.998906 0.00298081  0.0302716
  0.191571 0.00602148    0.98146  -0.151591
         0          0          0          1
T_world_lidar: 
  0.980369  0.0463748  -0.191643 -0.0242951
 -0.046669   0.998906 0.00298081  0.0302716
  0.191571 0.00602148    0.98146  -0.151591
         0          0          0          1
v_world_imu: -0.0454237   -0.11805    0.76512
frame_801
id: 801
stamp: 1757574278.843973875
T_odom_lidar: 
  0.980359  0.0467102  -0.191608 -0.0249313
-0.0468821   0.998894 0.00363887  0.0282358
  0.191566 0.00541559   0.981465  -0.152631
         0          0          0          1
T_world_lidar: 
  0.980359  0.0467102  -0.191608 -0.0249313
-0.0468821   0.998894 0.00363887  0.0282358
  0.191566 0.00541559   0.981465  -0.152631
         0          0          0          1
v_world_imu: -0.0454237   -0.11805    0.76512
frame_802
id: 802
stamp: 1757574278.914150000
T_odom_lidar: 
  0.980442  0.0479455  -0.190881 -0.0231798
 -0.047901    0.99884 0.00484984  0.0287614
  0.190893 0.00438842   0.981601  -0.153444
         0          0          0          1
T_world_lidar: 
  0.980442  0.0479455  -0.190881 -0.0231798
 -0.047901    0.99884 0.00484984  0.0287614
  0.190893 0.00438842   0.981601  -0.153444
         0          0          0          1
v_world_imu: -0.0454237   -0.11805    0.76512
frame_803
id: 803
stamp: 1757574278.944371462
T_odom_lidar: 
  0.980517  0.0471713  -0.190687 -0.0229693
-0.0470904   0.998878 0.00495768  0.0269323
  0.190707 0.00411846   0.981638  -0.154333
         0          0          0          1
T_world_lidar: 
  0.980517  0.0471713  -0.190687 -0.0229693
-0.0470904   0.998878 0.00495768  0.0269323
  0.190707 0.00411846   0.981638  -0.154333
         0          0          0          1
v_world_imu: -0.0454237   -0.11805    0.76512
frame_804
id: 804
stamp: 1757574279.012346983
T_odom_lidar: 
  0.980525  0.0462331  -0.190876 -0.0231909
-0.0468955   0.998899 0.00104767  0.0313194
  0.190714 0.00792396   0.981614  -0.150094
         0          0          0          1
T_world_lidar: 
  0.980525  0.0462331  -0.190876 -0.0231909
-0.0468955   0.998899 0.00104767  0.0313194
  0.190714 0.00792396   0.981614  -0.150094
         0          0          0          1
v_world_imu: -0.0454237   -0.11805    0.76512
frame_805
id: 805
stamp: 1757574279.041989565
T_odom_lidar: 
   0.980643     0.04633   -0.190246  -0.0239773
 -0.0471034     0.99889 0.000457171   0.0304873
   0.190056  0.00851291    0.981736    -0.15033
          0           0           0           1
T_world_lidar: 
   0.980643     0.04633   -0.190246  -0.0239773
 -0.0471034     0.99889 0.000457171   0.0304873
   0.190056  0.00851291    0.981736    -0.15033
          0           0           0           1
v_world_imu: -0.0454237   -0.11805    0.76512
frame_806
id: 806
stamp: 1757574279.115566492
T_odom_lidar: 
    0.980635    0.0460568    -0.190352   -0.0221378
  -0.0469989     0.998895 -0.000435345    0.0291766
    0.190121   0.00937323     0.981716    -0.150133
           0            0            0            1
T_world_lidar: 
    0.980635    0.0460568    -0.190352   -0.0221378
  -0.0469989     0.998895 -0.000435345    0.0291766
    0.190121   0.00937323     0.981716    -0.150133
           0            0            0            1
v_world_imu: -0.0454237   -0.11805    0.76512
frame_807
id: 807
stamp: 1757574279.150479317
T_odom_lidar: 
   0.980706   0.0460991   -0.189974  -0.0233423
 -0.0471489    0.998887 -0.00100774   0.0281659
   0.189716  0.00994535    0.981789   -0.150296
          0           0           0           1
T_world_lidar: 
   0.980706   0.0460991   -0.189974  -0.0233423
 -0.0471489    0.998887 -0.00100774   0.0281659
   0.189716  0.00994535    0.981789   -0.150296
          0           0           0           1
v_world_imu: -0.0454237   -0.11805    0.76512
frame_808
id: 808
stamp: 1757574279.220469475
T_odom_lidar: 
   0.981031   0.0464655   -0.188201  -0.0186184
 -0.0476536    0.998862 -0.00179053   0.0276747
   0.187904    0.010725    0.982129   -0.148848
          0           0           0           1
T_world_lidar: 
   0.981031   0.0464655   -0.188201  -0.0186184
 -0.0476536    0.998862 -0.00179053   0.0276747
   0.187904    0.010725    0.982129   -0.148848
          0           0           0           1
v_world_imu: -0.0454237   -0.11805    0.76512
frame_809
id: 809
stamp: 1757574279.254301071
T_odom_lidar: 
   0.981088   0.0468126   -0.187817  -0.0206397
  -0.048031    0.998844 -0.00193875   0.0265891
   0.187509   0.0109231    0.982202   -0.148158
          0           0           0           1
T_world_lidar: 
   0.981088   0.0468126   -0.187817  -0.0206397
  -0.048031    0.998844 -0.00193875   0.0265891
   0.187509   0.0109231    0.982202   -0.148158
          0           0           0           1
v_world_imu: -0.0454237   -0.11805    0.76512
frame_810
id: 810
stamp: 1757574279.326251507
T_odom_lidar: 
   0.981994   0.0474382   -0.182858  -0.0164587
 -0.0488225    0.998803 -0.00307343   0.0244774
   0.182493   0.0119457    0.983135   -0.151165
          0           0           0           1
T_world_lidar: 
   0.981994   0.0474382   -0.182858  -0.0164587
 -0.0488225    0.998803 -0.00307343   0.0244774
   0.182493   0.0119457    0.983135   -0.151165
          0           0           0           1
v_world_imu: -0.0454237   -0.11805    0.76512
frame_811
id: 811
stamp: 1757574279.362003088
T_odom_lidar: 
   0.981944   0.0450628   -0.183729  -0.0193197
  -0.046506    0.998912 -0.00355145   0.0247046
   0.183369   0.0120318    0.982971   -0.149508
          0           0           0           1
T_world_lidar: 
   0.981944   0.0450628   -0.183729  -0.0193197
  -0.046506    0.998912 -0.00355145   0.0247046
   0.183369   0.0120318    0.982971   -0.149508
          0           0           0           1
v_world_imu: -0.0454237   -0.11805    0.76512
frame_812
id: 812
stamp: 1757574279.431184053
T_odom_lidar: 
  0.981593  0.0448083  -0.185654 -0.0237119
-0.0464095   0.998913 -0.0042854  0.0241159
  0.185261  0.0128226   0.982606   -0.14909
         0          0          0          1
T_world_lidar: 
  0.981593  0.0448083  -0.185654 -0.0237119
-0.0464095   0.998913 -0.0042854  0.0241159
  0.185261  0.0128226   0.982606   -0.14909
         0          0          0          1
v_world_imu: -0.0454237   -0.11805    0.76512
frame_813
id: 813
stamp: 1757574279.464063168
T_odom_lidar: 
   0.981111   0.0446009   -0.188231  -0.0283536
 -0.0463806    0.998911 -0.00505894   0.0232505
   0.187801   0.0136937    0.982112   -0.148629
          0           0           0           1
T_world_lidar: 
   0.981111   0.0446009   -0.188231  -0.0283536
 -0.0463806    0.998911 -0.00505894   0.0232505
   0.187801   0.0136937    0.982112   -0.148629
          0           0           0           1
v_world_imu: -0.0454237   -0.11805    0.76512
frame_814
id: 814
stamp: 1757574279.528905153
T_odom_lidar: 
  0.980874  0.0444973   -0.18949 -0.0295673
-0.0463536   0.998911 -0.0053738  0.0241815
  0.189044  0.0140545   0.981868  -0.147979
         0          0          0          1
T_world_lidar: 
  0.980874  0.0444973   -0.18949 -0.0295673
-0.0463536   0.998911 -0.0053738  0.0241815
  0.189044  0.0140545   0.981868  -0.147979
         0          0          0          1
v_world_imu: -0.0454237   -0.11805    0.76512
frame_815
id: 815
stamp: 1757574279.564506769
T_odom_lidar: 
   0.980828   0.0439401   -0.189856  -0.0295088
 -0.0455567    0.998953 -0.00415697   0.0259497
   0.189475   0.0127265    0.981803   -0.147848
          0           0           0           1
T_world_lidar: 
   0.980828   0.0439401   -0.189856  -0.0295088
 -0.0455567    0.998953 -0.00415697   0.0259497
   0.189475   0.0127265    0.981803   -0.147848
          0           0           0           1
v_world_imu: -0.0454237   -0.11805    0.76512
frame_816
id: 816
stamp: 1757574279.639944077
T_odom_lidar: 
   0.981021   0.0444486   -0.188737  -0.0213025
 -0.0457934    0.998947 -0.00276873   0.0290403
   0.188415   0.0113591    0.982024   -0.148169
          0           0           0           1
T_world_lidar: 
   0.981021   0.0444486   -0.188737  -0.0213025
 -0.0457934    0.998947 -0.00276873   0.0290403
   0.188415   0.0113591    0.982024   -0.148169
          0           0           0           1
v_world_imu: -0.0454237   -0.11805    0.76512
frame_817
id: 817
stamp: 1757574279.674074411
T_odom_lidar: 
   0.981217   0.0452356   -0.187529  -0.0201084
 -0.0459756    0.998942 0.000403924   0.0300151
   0.187349   0.0082254    0.982259   -0.151541
          0           0           0           1
T_world_lidar: 
   0.981217   0.0452356   -0.187529  -0.0201084
 -0.0459756    0.998942 0.000403924   0.0300151
   0.187349   0.0082254    0.982259   -0.151541
          0           0           0           1
v_world_imu: -0.0454237   -0.11805    0.76512
frame_818
id: 818
stamp: 1757574279.749038219
T_odom_lidar: 
  0.981248  0.0453403  -0.187342 -0.0196404
-0.0452146   0.998965 0.00494633  0.0354216
  0.187372 0.00361703   0.982282  -0.152327
         0          0          0          1
T_world_lidar: 
  0.981248  0.0453403  -0.187342 -0.0196404
-0.0452146   0.998965 0.00494633  0.0354216
  0.187372 0.00361703   0.982282  -0.152327
         0          0          0          1
v_world_imu: -0.0454237   -0.11805    0.76512
frame_819
id: 819
stamp: 1757574279.784726858
T_odom_lidar: 
   0.981026   0.0475905   -0.187944  -0.0238563
 -0.0469185    0.998866  0.00802521   0.0333445
   0.188113 0.000945137    0.982147   -0.154825
          0           0           0           1
T_world_lidar: 
   0.981026   0.0475905   -0.187944  -0.0238563
 -0.0469185    0.998866  0.00802521   0.0333445
   0.188113 0.000945137    0.982147   -0.154825
          0           0           0           1
v_world_imu: -0.0454237   -0.11805    0.76512
frame_820
id: 820
stamp: 1757574279.849616289
T_odom_lidar: 
    0.980838     0.046682    -0.189151    -0.025407
  -0.0456621     0.998909   0.00974909    0.0351903
    0.189399 -0.000925271       0.9819    -0.155608
           0            0            0            1
T_world_lidar: 
    0.980838     0.046682    -0.189151    -0.025407
  -0.0456621     0.998909   0.00974909    0.0351903
    0.189399 -0.000925271       0.9819    -0.155608
           0            0            0            1
v_world_imu: -0.0454237   -0.11805    0.76512
frame_821
id: 821
stamp: 1757574279.880540371
T_odom_lidar: 
   0.980684   0.0468847   -0.189897  -0.0275529
  -0.045627    0.998898   0.0109922   0.0330154
   0.190203 -0.00211545    0.981742    -0.15672
          0           0           0           1
T_world_lidar: 
   0.980684   0.0468847   -0.189897  -0.0275529
  -0.045627    0.998898   0.0109922   0.0330154
   0.190203 -0.00211545    0.981742    -0.15672
          0           0           0           1
v_world_imu: -0.0454237   -0.11805    0.76512
frame_822
id: 822
stamp: 1757574279.958056688
T_odom_lidar: 
   0.979889   0.0467897   -0.193982  -0.0278395
 -0.0460337    0.998905  0.00840566    0.039333
   0.194162 0.000693068    0.980969   -0.154538
          0           0           0           1
T_world_lidar: 
   0.979889   0.0467897   -0.193982  -0.0278395
 -0.0460337    0.998905  0.00840566    0.039333
   0.194162 0.000693068    0.980969   -0.154538
          0           0           0           1
v_world_imu: -0.0454237   -0.11805    0.76512
frame_823
id: 823
stamp: 1757574279.992930412
T_odom_lidar: 
   0.979594   0.0476631   -0.195255  -0.0317539
 -0.0463707    0.998862   0.0111876   0.0389715
   0.195566 -0.00190522    0.980689   -0.154645
          0           0           0           1
T_world_lidar: 
   0.979594   0.0476631   -0.195255  -0.0317539
 -0.0463707    0.998862   0.0111876   0.0389715
   0.195566 -0.00190522    0.980689   -0.154645
          0           0           0           1
v_world_imu: -0.0454237   -0.11805    0.76512
frame_824
id: 824
stamp: 1757574280.061193705
T_odom_lidar: 
  0.979028   0.049206  -0.197696 -0.0366758
-0.0480147   0.998788  0.0108181  0.0371718
  0.197989 -0.0010989   0.980204  -0.152976
         0          0          0          1
T_world_lidar: 
  0.979028   0.049206  -0.197696 -0.0366758
-0.0480147   0.998788  0.0108181  0.0371718
  0.197989 -0.0010989   0.980204  -0.152976
         0          0          0          1
v_world_imu: -0.0454237   -0.11805    0.76512
frame_825
id: 825
stamp: 1757574280.096626043
T_odom_lidar: 
  0.978884  0.0489739  -0.198461 -0.0377662
-0.0484146   0.998798 0.00767266  0.0301727
  0.198598 0.00209776   0.980079  -0.152526
         0          0          0          1
T_world_lidar: 
  0.978884  0.0489739  -0.198461 -0.0377662
-0.0484146   0.998798 0.00767266  0.0301727
  0.198598 0.00209776   0.980079  -0.152526
         0          0          0          1
v_world_imu: -0.0454237   -0.11805    0.76512
frame_826
id: 826
stamp: 1757574280.171861649
T_odom_lidar: 
  0.979076  0.0494402    -0.1974 -0.0311384
-0.0496422   0.998759 0.00392809   0.024423
  0.197349 0.00595348   0.980315  -0.151747
         0          0          0          1
T_world_lidar: 
  0.979076  0.0494402    -0.1974 -0.0311384
-0.0496422   0.998759 0.00392809   0.024423
  0.197349 0.00595348   0.980315  -0.151747
         0          0          0          1
v_world_imu: -0.0454237   -0.11805    0.76512
frame_827
id: 827
stamp: 1757574280.202280998
T_odom_lidar: 
  0.979487   0.049844  -0.195246  -0.030077
-0.0502555   0.998732 0.00284869  0.0245472
  0.195141 0.00702194    0.98075  -0.152665
         0          0          0          1
T_world_lidar: 
  0.979487   0.049844  -0.195246  -0.030077
-0.0502555   0.998732 0.00284869  0.0245472
  0.195141 0.00702194    0.98075  -0.152665
         0          0          0          1
v_world_imu: -0.0454237   -0.11805    0.76512
frame_828
id: 828
stamp: 1757574280.278479338
T_odom_lidar: 
   0.980081   0.0489433   -0.192475  -0.0230702
 -0.0500746    0.998745 -0.00101494   0.0297972
   0.192183   0.0106328    0.981301   -0.146033
          0           0           0           1
T_world_lidar: 
   0.980081   0.0489433   -0.192475  -0.0230702
 -0.0500746    0.998745 -0.00101494   0.0297972
   0.192183   0.0106328    0.981301   -0.146033
          0           0           0           1
v_world_imu: -0.0454237   -0.11805    0.76512
frame_829
id: 829
stamp: 1757574280.311405659
T_odom_lidar: 
    0.98016   0.0479263   -0.192327  -0.0282344
 -0.0487132    0.998813 0.000637613   0.0304529
    0.19213  0.00874393    0.981331   -0.146219
          0           0           0           1
T_world_lidar: 
    0.98016   0.0479263   -0.192327  -0.0282344
 -0.0487132    0.998813 0.000637613   0.0304529
    0.19213  0.00874393    0.981331   -0.146219
          0           0           0           1
v_world_imu: -0.0454237   -0.11805    0.76512
frame_830
id: 830
stamp: 1757574280.385082483
T_odom_lidar: 
  0.980183  0.0455287  -0.192793 -0.0257504
-0.0461359   0.998934 0.00134122    0.03059
  0.192649 0.00758005   0.981239  -0.145949
         0          0          0          1
T_world_lidar: 
  0.980183  0.0455287  -0.192793 -0.0257504
-0.0461359   0.998934 0.00134122    0.03059
  0.192649 0.00758005   0.981239  -0.145949
         0          0          0          1
v_world_imu: -0.0454237   -0.11805    0.76512
frame_831
id: 831
stamp: 1757574280.421416521
T_odom_lidar: 
  0.979873  0.0452141  -0.194436 -0.0306241
-0.0456251   0.998956 0.00236647  0.0299296
   0.19434 0.00655234   0.980912  -0.146257
         0          0          0          1
T_world_lidar: 
  0.979873  0.0452141  -0.194436 -0.0306241
-0.0456251   0.998956 0.00236647  0.0299296
   0.19434 0.00655234   0.980912  -0.146257
         0          0          0          1
v_world_imu: -0.0454237   -0.11805    0.76512
frame_832
id: 832
stamp: 1757574280.494145155
T_odom_lidar: 
  0.979863  0.0454411  -0.194431 -0.0304039
-0.0459152   0.998943 0.00207026  0.0267209
   0.19432 0.00689877   0.980914    -0.1464
         0          0          0          1
T_world_lidar: 
  0.979863  0.0454411  -0.194431 -0.0304039
-0.0459152   0.998943 0.00207026  0.0267209
   0.19432 0.00689877   0.980914    -0.1464
         0          0          0          1
v_world_imu: -0.0454237   -0.11805    0.76512
frame_833
id: 833
stamp: 1757574280.529472589
T_odom_lidar: 
  0.980502  0.0443632  -0.191437 -0.0215003
-0.0447762   0.998995 0.00217057  0.0263251
  0.191341 0.00644359   0.981502  -0.144747
         0          0          0          1
T_world_lidar: 
  0.980502  0.0443632  -0.191437 -0.0215003
-0.0447762   0.998995 0.00217057  0.0263251
  0.191341 0.00644359   0.981502  -0.144747
         0          0          0          1
v_world_imu: -0.0454237   -0.11805    0.76512
frame_834
id: 834
stamp: 1757574280.602489233
T_odom_lidar: 
    0.9817  0.0420921  -0.185723 -0.0154511
-0.0421504   0.999105 0.00363596  0.0237686
  0.185709 0.00425887   0.982595  -0.148611
         0          0          0          1
T_world_lidar: 
    0.9817  0.0420921  -0.185723 -0.0154511
-0.0421504   0.999105 0.00363596  0.0237686
  0.185709 0.00425887   0.982595  -0.148611
         0          0          0          1
v_world_imu: -0.0454237   -0.11805    0.76512
frame_835
id: 835
stamp: 1757574280.633274555
T_odom_lidar: 
  0.982357  0.0396853  -0.182755 -0.0107191
-0.0396069   0.999207 0.00408043   0.025027
  0.182772 0.00322992    0.98315  -0.148232
         0          0          0          1
T_world_lidar: 
  0.982357  0.0396853  -0.182755 -0.0107191
-0.0396069   0.999207 0.00408043   0.025027
  0.182772 0.00322992    0.98315  -0.148232
         0          0          0          1
v_world_imu: -0.0454237   -0.11805    0.76512
frame_836
id: 836
stamp: 1757574280.708337545
T_odom_lidar: 
   0.982701   0.0364326    -0.18158 -0.00566173
 -0.0363502    0.999332  0.00378264   0.0231186
   0.181596  0.00288326    0.983369   -0.146633
          0           0           0           1
T_world_lidar: 
   0.982701   0.0364326    -0.18158 -0.00566173
 -0.0363502    0.999332  0.00378264   0.0231186
   0.181596  0.00288326    0.983369   -0.146633
          0           0           0           1
v_world_imu: -0.0454237   -0.11805    0.76512
frame_837
id: 837
stamp: 1757574280.740893126
T_odom_lidar: 
  0.982648  0.0336794  -0.182397 -0.0071942
 -0.033703   0.999427 0.00297124  0.0230057
  0.182393 0.00322765    0.98322  -0.147601
         0          0          0          1
T_world_lidar: 
  0.982648  0.0336794  -0.182397 -0.0071942
 -0.033703   0.999427 0.00297124  0.0230057
  0.182393 0.00322765    0.98322  -0.147601
         0          0          0          1
v_world_imu: -0.0454237   -0.11805    0.76512
frame_838
id: 838
stamp: 1757574280.813694954
T_odom_lidar: 
   0.982274   0.0311576   -0.184841 -0.00811554
 -0.0314683    0.999504  0.00125322   0.0205316
   0.184788  0.00458563    0.982768   -0.145902
          0           0           0           1
T_world_lidar: 
   0.982274   0.0311576   -0.184841 -0.00811554
 -0.0314683    0.999504  0.00125322   0.0205316
   0.184788  0.00458563    0.982768   -0.145902
          0           0           0           1
v_world_imu: -0.0454237   -0.11805    0.76512
frame_839
id: 839
stamp: 1757574280.850558043
T_odom_lidar: 
     0.98198    0.0273189    -0.187002  -0.00935498
  -0.0279184      0.99961 -0.000572214    0.0219818
    0.186913   0.00578269     0.982359    -0.146027
           0            0            0            1
T_world_lidar: 
     0.98198    0.0273189    -0.187002  -0.00935498
  -0.0279184      0.99961 -0.000572214    0.0219818
    0.186913   0.00578269     0.982359    -0.146027
           0            0            0            1
v_world_imu: -0.0454237   -0.11805    0.76512
frame_840
id: 840
stamp: 1757574280.922480345
T_odom_lidar: 
    0.98164   0.0225488   -0.189403   -0.009246
 -0.0233346    0.999726 -0.00191977   0.0311975
   0.189308  0.00630417    0.981898   -0.144299
          0           0           0           1
T_world_lidar: 
    0.98164   0.0225488   -0.189403   -0.009246
 -0.0233346    0.999726 -0.00191977   0.0311975
   0.189308  0.00630417    0.981898   -0.144299
          0           0           0           1
v_world_imu: -0.0454237   -0.11805    0.76512
frame_841
id: 841
stamp: 1757574280.959608555
T_odom_lidar: 
   0.981427   0.0140619   -0.191318 -0.00941217
 -0.0146582    0.999891 -0.00170208   0.0386805
   0.191273  0.00447485    0.981527   -0.141793
          0           0           0           1
T_world_lidar: 
   0.981427   0.0140619   -0.191318 -0.00941217
 -0.0146582    0.999891 -0.00170208   0.0386805
   0.191273  0.00447485    0.981527   -0.141793
          0           0           0           1
v_world_imu: -0.0454237   -0.11805    0.76512
frame_842
id: 842
stamp: 1757574281.026437283
T_odom_lidar: 
   0.981196  0.00500344   -0.192949 -0.00769912
-0.00541489    0.999984 -0.00160517   0.0450262
   0.192937  0.00261978    0.981208   -0.140292
          0           0           0           1
T_world_lidar: 
   0.981196  0.00500344   -0.192949 -0.00769912
-0.00541489    0.999984 -0.00160517   0.0450262
   0.192937  0.00261978    0.981208   -0.140292
          0           0           0           1
v_world_imu: -0.0454237   -0.11805    0.76512
frame_843
id: 843
stamp: 1757574281.057040215
T_odom_lidar: 
   0.981202 0.000649727   -0.192982 -0.00899488
-0.00121901    0.999995 -0.00283118   0.0476681
   0.192979  0.00301321    0.981198   -0.138965
          0           0           0           1
T_world_lidar: 
   0.981202 0.000649727   -0.192982 -0.00899488
-0.00121901    0.999995 -0.00283118   0.0476681
   0.192979  0.00301321    0.981198   -0.138965
          0           0           0           1
v_world_imu: -0.0454237   -0.11805    0.76512
frame_844
id: 844
stamp: 1757574281.131153107
T_odom_lidar: 
    0.981178  0.000641935    -0.193106  -0.00981537
-0.000965617     0.999998  -0.00158207    0.0512154
    0.193105   0.00173876     0.981177    -0.139449
           0            0            0            1
T_world_lidar: 
    0.981178  0.000641935    -0.193106  -0.00981537
-0.000965617     0.999998  -0.00158207    0.0512154
    0.193105   0.00173876     0.981177    -0.139449
           0            0            0            1
v_world_imu: -0.0454237   -0.11805    0.76512
frame_845
id: 845
stamp: 1757574281.159652233
T_odom_lidar: 
     0.98097    0.0059001    -0.194072   -0.0143943
 -0.00574115     0.999983   0.00138146    0.0513085
    0.194076 -0.000240981     0.980986      -0.1387
           0            0            0            1
T_world_lidar: 
     0.98097    0.0059001    -0.194072   -0.0143943
 -0.00574115     0.999983   0.00138146    0.0513085
    0.194076 -0.000240981     0.980986      -0.1387
           0            0            0            1
v_world_imu: -0.0454237   -0.11805    0.76512
frame_846
id: 846
stamp: 1757574281.235099792
T_odom_lidar: 
   0.981081   0.0154352    -0.19298   -0.017799
 -0.0146004    0.999877  0.00574729   0.0541781
   0.193045 -0.00282097    0.981186   -0.144468
          0           0           0           1
T_world_lidar: 
   0.981081   0.0154352    -0.19298   -0.017799
 -0.0146004    0.999877  0.00574729   0.0541781
   0.193045 -0.00282097    0.981186   -0.144468
          0           0           0           1
v_world_imu: -0.0454237   -0.11805    0.76512
frame_847
id: 847
stamp: 1757574281.266116858
T_odom_lidar: 
   0.980722     0.02497   -0.193806  -0.0217435
 -0.0241259    0.999686  0.00671473   0.0458317
   0.193913 -0.00190953    0.981017   -0.144862
          0           0           0           1
T_world_lidar: 
   0.980722     0.02497   -0.193806  -0.0217435
 -0.0241259    0.999686  0.00671473   0.0458317
   0.193913 -0.00190953    0.981017   -0.144862
          0           0           0           1
v_world_imu: -0.0454237   -0.11805    0.76512
frame_848
id: 848
stamp: 1757574281.339713573
T_odom_lidar: 
  0.980234   0.034426  -0.194822 -0.0301071
 -0.034092   0.999406 0.00506809  0.0379352
   0.19488 0.00167395   0.980826  -0.144416
         0          0          0          1
T_world_lidar: 
  0.980234   0.034426  -0.194822 -0.0301071
 -0.034092   0.999406 0.00506809  0.0379352
   0.19488 0.00167395   0.980826  -0.144416
         0          0          0          1
v_world_imu: -0.0454237   -0.11805    0.76512
frame_849
id: 849
stamp: 1757574281.376376629
T_odom_lidar: 
  0.980209  0.0379634   -0.19429 -0.0303174
-0.0382858   0.999265 0.00209701  0.0326079
  0.194226 0.00538302   0.980942  -0.144928
         0          0          0          1
T_world_lidar: 
  0.980209  0.0379634   -0.19429 -0.0303174
-0.0382858   0.999265 0.00209701  0.0326079
  0.194226 0.00538302   0.980942  -0.144928
         0          0          0          1
v_world_imu: -0.0454237   -0.11805    0.76512
frame_850
id: 850
stamp: 1757574281.451450586
T_odom_lidar: 
    0.980485    0.0399695    -0.192489   -0.0265182
  -0.0408721     0.999164 -0.000718794     0.027241
      0.1923   0.00857221     0.981299    -0.145015
           0            0            0            1
T_world_lidar: 
    0.980485    0.0399695    -0.192489   -0.0265182
  -0.0408721     0.999164 -0.000718794     0.027241
      0.1923   0.00857221     0.981299    -0.145015
           0            0            0            1
v_world_imu: -0.0454237   -0.11805    0.76512
frame_851
id: 851
stamp: 1757574281.480872393
T_odom_lidar: 
   0.980449   0.0418066   -0.192279  -0.0283991
  -0.043064     0.99907 -0.00236297     0.02631
   0.192002   0.0105971    0.981337   -0.145659
          0           0           0           1
T_world_lidar: 
   0.980449   0.0418066   -0.192279  -0.0283991
  -0.043064     0.99907 -0.00236297     0.02631
   0.192002   0.0105971    0.981337   -0.145659
          0           0           0           1
v_world_imu: -0.0454237   -0.11805    0.76512
frame_852
id: 852
stamp: 1757574281.551106930
T_odom_lidar: 
    0.98013   0.0431211   -0.193611  -0.0340091
 -0.0451038    0.998965 -0.00584208   0.0258925
   0.193159   0.0144586    0.981061   -0.139254
          0           0           0           1
T_world_lidar: 
    0.98013   0.0431211   -0.193611  -0.0340091
 -0.0451038    0.998965 -0.00584208   0.0258925
   0.193159   0.0144586    0.981061   -0.139254
          0           0           0           1
v_world_imu: -0.0454237   -0.11805    0.76512
frame_853
id: 853
stamp: 1757574281.583445787
T_odom_lidar: 
  0.979927  0.0431424  -0.194635  -0.037168
-0.0452538   0.998955 -0.0064123  0.0256504
  0.194155  0.0150916   0.980855  -0.139688
         0          0          0          1
T_world_lidar: 
  0.979927  0.0431424  -0.194635  -0.037168
-0.0452538   0.998955 -0.0064123  0.0256504
  0.194155  0.0150916   0.980855  -0.139688
         0          0          0          1
v_world_imu: -0.0454237   -0.11805    0.76512
frame_854
id: 854
stamp: 1757574281.652886868
T_odom_lidar: 
   0.979492   0.0425101   -0.196949  -0.0397824
 -0.0447121    0.998977 -0.00674552   0.0262103
   0.196461   0.0154132     0.98039   -0.139615
          0           0           0           1
T_world_lidar: 
   0.979492   0.0425101   -0.196949  -0.0397824
 -0.0447121    0.998977 -0.00674552   0.0262103
   0.196461   0.0154132     0.98039   -0.139615
          0           0           0           1
v_world_imu: -0.0454237   -0.11805    0.76512
frame_855
id: 855
stamp: 1757574281.683403492
T_odom_lidar: 
   0.979136   0.0409576   -0.199036  -0.0440962
 -0.0430416    0.999054 -0.00615293    0.028377
   0.198596   0.0145914    0.979973     -0.1394
          0           0           0           1
T_world_lidar: 
   0.979136   0.0409576   -0.199036  -0.0440962
 -0.0430416    0.999054 -0.00615293    0.028377
   0.198596   0.0145914    0.979973     -0.1394
          0           0           0           1
v_world_imu: -0.0454237   -0.11805    0.76512
frame_856
id: 856
stamp: 1757574281.755491018
T_odom_lidar: 
    0.97902   0.0492549   -0.197722  -0.0471531
 -0.0513051    0.998669 -0.00525694   0.0265811
     0.1972   0.0152908    0.980244   -0.140201
          0           0           0           1
T_world_lidar: 
    0.97902   0.0492549   -0.197722  -0.0471531
 -0.0513051    0.998669 -0.00525694   0.0265811
     0.1972   0.0152908    0.980244   -0.140201
          0           0           0           1
v_world_imu: -0.0454237   -0.11805    0.76512
frame_857
id: 857
stamp: 1757574281.790263414
T_odom_lidar: 
   0.978791   0.0616972   -0.195349  -0.0419634
 -0.0634485    0.997981 -0.00271438   0.0245825
   0.194788   0.0150514     0.98073   -0.140825
          0           0           0           1
T_world_lidar: 
   0.978791   0.0616972   -0.195349  -0.0419634
 -0.0634485    0.997981 -0.00271438   0.0245825
   0.194788   0.0150514     0.98073   -0.140825
          0           0           0           1
v_world_imu: -0.0454237   -0.11805    0.76512
frame_858
id: 858
stamp: 1757574281.863811255
T_odom_lidar: 
   0.977962   0.0778138   -0.193742  -0.0522419
 -0.0794766    0.996836 -0.00081293   0.0305588
   0.193066    0.016193    0.981052   -0.145979
          0           0           0           1
T_world_lidar: 
   0.977962   0.0778138   -0.193742  -0.0522419
 -0.0794766    0.996836 -0.00081293   0.0305588
   0.193066    0.016193    0.981052   -0.145979
          0           0           0           1
v_world_imu: -0.0454237   -0.11805    0.76512
frame_859
id: 859
stamp: 1757574281.894839287
T_odom_lidar: 
   0.97779  0.0814169  -0.193125 -0.0546378
-0.0818626   0.996627 0.00568478  0.0312214
  0.192937  0.0102512   0.981158  -0.148645
         0          0          0          1
T_world_lidar: 
   0.97779  0.0814169  -0.193125 -0.0546378
-0.0818626   0.996627 0.00568478  0.0312214
  0.192937  0.0102512   0.981158  -0.148645
         0          0          0          1
v_world_imu: -0.0454237   -0.11805    0.76512
frame_860
id: 860
stamp: 1757574281.971693516
T_odom_lidar: 
  0.977792  0.0818081  -0.192952 -0.0515694
-0.0813285   0.996633  0.0104184  0.0392254
  0.193155 0.00550544   0.981153   -0.14833
         0          0          0          1
T_world_lidar: 
  0.977792  0.0818081  -0.192952 -0.0515694
-0.0813285   0.996633  0.0104184  0.0392254
  0.193155 0.00550544   0.981153   -0.14833
         0          0          0          1
v_world_imu: -0.0454237   -0.11805    0.76512
frame_861
id: 861
stamp: 1757574282.006392956
T_odom_lidar: 
  0.978533  0.0766959  -0.191289 -0.0437116
-0.0755214   0.997054  0.0134343  0.0383255
  0.191756 0.00130047   0.981442  -0.152014
         0          0          0          1
T_world_lidar: 
  0.978533  0.0766959  -0.191289 -0.0437116
-0.0755214   0.997054  0.0134343  0.0383255
  0.191756 0.00130047   0.981442  -0.152014
         0          0          0          1
v_world_imu: -0.0454237   -0.11805    0.76512
frame_862
id: 862
stamp: 1757574282.081335068
T_odom_lidar: 
   0.979532   0.0651259   -0.190462  -0.0277077
 -0.0635544    0.997875   0.0143542   0.0400698
   0.190992 -0.00195576     0.98159   -0.152076
          0           0           0           1
T_world_lidar: 
   0.979532   0.0651259   -0.190462  -0.0277077
 -0.0635544    0.997875   0.0143542   0.0400698
   0.190992 -0.00195576     0.98159   -0.152076
          0           0           0           1
v_world_imu: -0.0454237   -0.11805    0.76512
frame_863
id: 863
stamp: 1757574282.114922523
T_odom_lidar: 
   0.980221   0.0492092   -0.191691  -0.0222201
 -0.0480237    0.998788   0.0108284   0.0345067
   0.191992 -0.00140849    0.981396   -0.151061
          0           0           0           1
T_world_lidar: 
   0.980221   0.0492092   -0.191691  -0.0222201
 -0.0480237    0.998788   0.0108284   0.0345067
   0.191992 -0.00140849    0.981396   -0.151061
          0           0           0           1
v_world_imu: -0.0454237   -0.11805    0.76512
frame_864
id: 864
stamp: 1757574282.188517332
T_odom_lidar: 
   0.979966   0.0481265    -0.19326  -0.0158838
 -0.0469952    0.998841   0.0104365   0.0247489
   0.193538 -0.00114511    0.981092   -0.151648
          0           0           0           1
T_world_lidar: 
   0.979966   0.0481265    -0.19326  -0.0158838
 -0.0469952    0.998841   0.0104365   0.0247489
   0.193538 -0.00114511    0.981092   -0.151648
          0           0           0           1
v_world_imu: -0.0454237   -0.11805    0.76512
frame_865
id: 865
stamp: 1757574282.227820396
T_odom_lidar: 
  0.979885  0.0443861  -0.194567 -0.0192713
-0.0438068   0.999013 0.00728133  0.0217317
  0.194698 0.00138847   0.980862  -0.149856
         0          0          0          1
T_world_lidar: 
  0.979885  0.0443861  -0.194567 -0.0192713
-0.0438068   0.999013 0.00728133  0.0217317
  0.194698 0.00138847   0.980862  -0.149856
         0          0          0          1
v_world_imu: -0.0454237   -0.11805    0.76512
frame_866
id: 866
stamp: 1757574282.299066067
T_odom_lidar: 
  0.980047  0.0348788   -0.19568  -0.010298
-0.0345214    0.99939 0.00523769  0.0170859
  0.195744 0.00162198   0.980654  -0.147637
         0          0          0          1
T_world_lidar: 
  0.980047  0.0348788   -0.19568  -0.010298
-0.0345214    0.99939 0.00523769  0.0170859
  0.195744 0.00162198   0.980654  -0.147637
         0          0          0          1
v_world_imu: -0.0454237   -0.11805    0.76512
frame_867
id: 867
stamp: 1757574282.338348389
T_odom_lidar: 
    0.980633     0.021996    -0.194616  -0.00119867
  -0.0215681     0.999758   0.00431732    0.0180587
    0.194664 -3.62124e-05      0.98087    -0.141455
           0            0            0            1
T_world_lidar: 
    0.980633     0.021996    -0.194616  -0.00119867
  -0.0215681     0.999758   0.00431732    0.0180587
    0.194664 -3.62124e-05      0.98087    -0.141455
           0            0            0            1
v_world_imu: -0.0454237   -0.11805    0.76512
frame_868
id: 868
stamp: 1757574282.412750959
T_odom_lidar: 
   0.981147   0.0107137   -0.192966   0.0129452
 -0.0101067     0.99994  0.00412976    0.019728
   0.192999 -0.00210166    0.981197   -0.136039
          0           0           0           1
T_world_lidar: 
   0.981147   0.0107137   -0.192966   0.0129452
 -0.0101067     0.99994  0.00412976    0.019728
   0.192999 -0.00210166    0.981197   -0.136039
          0           0           0           1
v_world_imu: -0.0454237   -0.11805    0.76512
frame_869
id: 869
stamp: 1757574282.448167562
T_odom_lidar: 
   0.981456  0.00626983   -0.191584   0.0181195
-0.00546964    0.999974  0.00470528   0.0201147
   0.191609 -0.00357013    0.981465   -0.133486
          0           0           0           1
T_world_lidar: 
   0.981456  0.00626983   -0.191584   0.0181195
-0.00546964    0.999974  0.00470528   0.0201147
   0.191609 -0.00357013    0.981465   -0.133486
          0           0           0           1
v_world_imu: -0.0454237   -0.11805    0.76512
frame_870
id: 870
stamp: 1757574282.530792475
T_odom_lidar: 
   0.982072  0.00596074   -0.188412   0.0160385
-0.00587072    0.999982  0.00103581   0.0231053
   0.188415 8.88766e-05    0.982089   -0.136606
          0           0           0           1
T_world_lidar: 
   0.982072  0.00596074   -0.188412   0.0160385
-0.00587072    0.999982  0.00103581   0.0231053
   0.188415 8.88766e-05    0.982089   -0.136606
          0           0           0           1
v_world_imu: -0.0454237   -0.11805    0.76512
frame_871
id: 871
stamp: 1757574282.566630602
T_odom_lidar: 
   0.982023  0.00930535    -0.18853   0.0093098
-0.00924098    0.999957  0.00122042   0.0232498
   0.188533 0.000543727    0.982067   -0.138222
          0           0           0           1
T_world_lidar: 
   0.982023  0.00930535    -0.18853   0.0093098
-0.00924098    0.999957  0.00122042   0.0232498
   0.188533 0.000543727    0.982067   -0.138222
          0           0           0           1
v_world_imu: -0.0454237   -0.11805    0.76512
frame_872
id: 872
stamp: 1757574282.641444921
T_odom_lidar: 
  0.981798  0.0136691  -0.189437 0.00339609
-0.0136595   0.999906 0.00135616  0.0226141
  0.189438 0.00125614   0.981892  -0.139445
         0          0          0          1
T_world_lidar: 
  0.981798  0.0136691  -0.189437 0.00339609
-0.0136595   0.999906 0.00135616  0.0226141
  0.189438 0.00125614   0.981892  -0.139445
         0          0          0          1
v_world_imu: -0.0454237   -0.11805    0.76512
frame_873
id: 873
stamp: 1757574282.676067829
T_odom_lidar: 
   0.981618   0.0176365   -0.190041 0.000225493
 -0.0175976    0.999843  0.00189238   0.0231904
   0.190044  0.00148667    0.981774    -0.14116
          0           0           0           1
T_world_lidar: 
   0.981618   0.0176365   -0.190041 0.000225493
 -0.0175976    0.999843  0.00189238   0.0231904
   0.190044  0.00148667    0.981774    -0.14116
          0           0           0           1
v_world_imu: -0.0454237   -0.11805    0.76512
frame_874
id: 874
stamp: 1757574282.745314837
T_odom_lidar: 
   0.981575   0.0198072    -0.19005  -0.0013117
 -0.0195839    0.999804  0.00305306   0.0232058
   0.190073 0.000725124     0.98177   -0.142582
          0           0           0           1
T_world_lidar: 
   0.981575   0.0198072    -0.19005  -0.0013117
 -0.0195839    0.999804  0.00305306   0.0232058
   0.190073 0.000725124     0.98177   -0.142582
          0           0           0           1
v_world_imu: -0.0454237   -0.11805    0.76512
frame_875
id: 875
stamp: 1757574282.781041622
T_odom_lidar: 
    0.981579     0.020499    -0.189954  -0.00353484
  -0.0200014      0.99979   0.00453675     0.024581
    0.190007 -0.000653834     0.981782    -0.142738
           0            0            0            1
T_world_lidar: 
    0.981579     0.020499    -0.189954  -0.00353484
  -0.0200014      0.99979   0.00453675     0.024581
    0.190007 -0.000653834     0.981782    -0.142738
           0            0            0            1
v_world_imu: -0.0454237   -0.11805    0.76512
frame_876
id: 876
stamp: 1757574282.853575945
T_odom_lidar: 
   0.980673   0.0192848   -0.194702 -0.00315928
 -0.0189277    0.999814  0.00369446   0.0309161
   0.194737 6.22028e-05    0.980855   -0.138869
          0           0           0           1
T_world_lidar: 
   0.980673   0.0192848   -0.194702 -0.00315928
 -0.0189277    0.999814  0.00369446   0.0309161
   0.194737 6.22028e-05    0.980855   -0.138869
          0           0           0           1
v_world_imu: -0.0454237   -0.11805    0.76512
frame_877
id: 877
stamp: 1757574282.889440775
T_odom_lidar: 
    0.98081   0.0181682   -0.194117 -0.00324288
 -0.0176481    0.999835  0.00440818   0.0310287
   0.194165 -0.00089779    0.980969   -0.139575
          0           0           0           1
T_world_lidar: 
    0.98081   0.0181682   -0.194117 -0.00324288
 -0.0176481    0.999835  0.00440818   0.0310287
   0.194165 -0.00089779    0.980969   -0.139575
          0           0           0           1
v_world_imu: -0.0454237   -0.11805    0.76512
frame_878
id: 878
stamp: 1757574282.963124514
T_odom_lidar: 
   0.980961   0.0171718   -0.193443 -0.00101648
  -0.016558    0.999851  0.00478974   0.0306702
   0.193496 -0.00149553      0.9811   -0.138498
          0           0           0           1
T_world_lidar: 
   0.980961   0.0171718   -0.193443 -0.00101648
  -0.016558    0.999851  0.00478974   0.0306702
   0.193496 -0.00149553      0.9811   -0.138498
          0           0           0           1
v_world_imu: -0.0454237   -0.11805    0.76512
frame_879
id: 879
stamp: 1757574283.002256155
T_odom_lidar: 
   0.981163   0.0165617   -0.192471 -0.00185145
     -0.016    0.999862  0.00447214   0.0291739
   0.192519 -0.00130835    0.981292   -0.138961
          0           0           0           1
T_world_lidar: 
   0.981163   0.0165617   -0.192471 -0.00185145
     -0.016    0.999862  0.00447214   0.0291739
   0.192519 -0.00130835    0.981292   -0.138961
          0           0           0           1
v_world_imu: -0.0454237   -0.11805    0.76512
frame_880
id: 880
stamp: 1757574283.073575974
T_odom_lidar: 
    0.981297    0.0164953    -0.191791  -0.00020832
  -0.0160883     0.999864   0.00367892    0.0281528
    0.191826 -0.000524511     0.981429    -0.138977
           0            0            0            1
T_world_lidar: 
    0.981297    0.0164953    -0.191791  -0.00020832
  -0.0160883     0.999864   0.00367892    0.0281528
    0.191826 -0.000524511     0.981429    -0.138977
           0            0            0            1
v_world_imu: -0.0454237   -0.11805    0.76512
frame_881
id: 881
stamp: 1757574283.109515190
T_odom_lidar: 
   0.981334   0.0166615   -0.191591 -0.00160224
 -0.0163606    0.999861  0.00315259   0.0273006
   0.191616 4.07978e-05     0.98147   -0.139752
          0           0           0           1
T_world_lidar: 
   0.981334   0.0166615   -0.191591 -0.00160224
 -0.0163606    0.999861  0.00315259   0.0273006
   0.191616 4.07978e-05     0.98147   -0.139752
          0           0           0           1
v_world_imu: -0.0454237   -0.11805    0.76512
frame_882
id: 882
stamp: 1757574283.188891411
T_odom_lidar: 
    0.98146   0.0184565   -0.190776  -0.0104525
 -0.0173134    0.999821  0.00765677   0.0290634
   0.190883 -0.00421184    0.981604    -0.14522
          0           0           0           1
T_world_lidar: 
    0.98146   0.0184565   -0.190776  -0.0104525
 -0.0173134    0.999821  0.00765677   0.0290634
   0.190883 -0.00421184    0.981604    -0.14522
          0           0           0           1
v_world_imu: -0.0454237   -0.11805    0.76512
frame_883
id: 883
stamp: 1757574283.215308428
T_odom_lidar: 
   0.981386   0.0188165   -0.191123  -0.0128011
 -0.0176948    0.999815   0.0075741    0.030179
    0.19123 -0.00405123    0.981537   -0.147006
          0           0           0           1
T_world_lidar: 
   0.981386   0.0188165   -0.191123  -0.0128011
 -0.0176948    0.999815   0.0075741    0.030179
    0.19123 -0.00405123    0.981537   -0.147006
          0           0           0           1
v_world_imu: -0.0454237   -0.11805    0.76512
frame_884
id: 884
stamp: 1757574283.288110256
T_odom_lidar: 
   0.981345   0.0188498   -0.191327  -0.0113996
 -0.0177847    0.999815  0.00728309   0.0303286
   0.191429 -0.00374454    0.981499   -0.147118
          0           0           0           1
T_world_lidar: 
   0.981345   0.0188498   -0.191327  -0.0113996
 -0.0177847    0.999815  0.00728309   0.0303286
   0.191429 -0.00374454    0.981499   -0.147118
          0           0           0           1
v_world_imu: -0.0454237   -0.11805    0.76512
frame_885
id: 885
stamp: 1757574283.321111679
T_odom_lidar: 
   0.981277   0.0189995   -0.191663  -0.0134928
 -0.0179304    0.999813  0.00731092   0.0309163
   0.191766 -0.00373744    0.981433   -0.148054
          0           0           0           1
T_world_lidar: 
   0.981277   0.0189995   -0.191663  -0.0134928
 -0.0179304    0.999813  0.00731092   0.0309163
   0.191766 -0.00373744    0.981433   -0.148054
          0           0           0           1
v_world_imu: -0.0454237   -0.11805    0.76512
frame_886
id: 886
stamp: 1757574283.392086744
T_odom_lidar: 
    0.98109   0.0198295   -0.192535  -0.0151213
 -0.0188549    0.999798   0.0068934   0.0295911
   0.192633 -0.00313282    0.981266   -0.148236
          0           0           0           1
T_world_lidar: 
    0.98109   0.0198295   -0.192535  -0.0151213
 -0.0188549    0.999798   0.0068934   0.0295911
   0.192633 -0.00313282    0.981266   -0.148236
          0           0           0           1
v_world_imu: -0.0454237   -0.11805    0.76512
frame_887
id: 887
stamp: 1757574283.422082186
T_odom_lidar: 
   0.981096   0.0212338   -0.192354  -0.0174463
 -0.0204528    0.999773  0.00604563   0.0280666
   0.192439 -0.00199717    0.981307   -0.147994
          0           0           0           1
T_world_lidar: 
   0.981096   0.0212338   -0.192354  -0.0174463
 -0.0204528    0.999773  0.00604563   0.0280666
   0.192439 -0.00199717    0.981307   -0.147994
          0           0           0           1
v_world_imu: -0.0454237   -0.11805    0.76512
frame_888
id: 888
stamp: 1757574283.494722605
T_odom_lidar: 
  0.980802  0.0233262  -0.193604 -0.0106148
-0.0233387   0.999725 0.00221695  0.0296975
  0.193603 0.00234407   0.981077  -0.143661
         0          0          0          1
T_world_lidar: 
  0.980802  0.0233262  -0.193604 -0.0106148
-0.0233387   0.999725 0.00221695  0.0296975
  0.193603 0.00234407   0.981077  -0.143661
         0          0          0          1
v_world_imu: -0.0454237   -0.11805    0.76512
frame_889
id: 889
stamp: 1757574283.528070688
T_odom_lidar: 
  0.980858  0.0251383  -0.193097 -0.0119763
-0.0254097   0.999677 0.00107136  0.0285525
  0.193061 0.00385568   0.981179  -0.143299
         0          0          0          1
T_world_lidar: 
  0.980858  0.0251383  -0.193097 -0.0119763
-0.0254097   0.999677 0.00107136  0.0285525
  0.193061 0.00385568   0.981179  -0.143299
         0          0          0          1
v_world_imu: -0.0454237   -0.11805    0.76512
frame_890
id: 890
stamp: 1757574283.592481375
T_odom_lidar: 
     0.98091    0.0274078    -0.192521   -0.0119064
  -0.0279375      0.99961 -3.67875e-05    0.0261948
    0.192445   0.00541463     0.981293    -0.142377
           0            0            0            1
T_world_lidar: 
     0.98091    0.0274078    -0.192521   -0.0119064
  -0.0279375      0.99961 -3.67875e-05    0.0261948
    0.192445   0.00541463     0.981293    -0.142377
           0            0            0            1
v_world_imu: -0.0454237   -0.11805    0.76512
frame_891
id: 891
stamp: 1757574283.629644632
T_odom_lidar: 
   0.980873   0.0286068   -0.192537  -0.0148956
 -0.0293493    0.999569 -0.00100512   0.0252535
   0.192425  0.00663673    0.981289    -0.14143
          0           0           0           1
T_world_lidar: 
   0.980873   0.0286068   -0.192537  -0.0148956
 -0.0293493    0.999569 -0.00100512   0.0252535
   0.192425  0.00663673    0.981289    -0.14143
          0           0           0           1
v_world_imu: -0.0454237   -0.11805    0.76512
frame_892
id: 892
stamp: 1757574283.705173731
T_odom_lidar: 
   0.980668   0.0299203    -0.19338  -0.0155684
 -0.0309051     0.99952 -0.00207726   0.0224039
   0.193225  0.00801352    0.981122   -0.140618
          0           0           0           1
T_world_lidar: 
   0.980668   0.0299203    -0.19338  -0.0155684
 -0.0309051     0.99952 -0.00207726   0.0224039
   0.193225  0.00801352    0.981122   -0.140618
          0           0           0           1
v_world_imu: -0.0454237   -0.11805    0.76512
frame_893
id: 893
stamp: 1757574283.742313623
T_odom_lidar: 
   0.980504   0.0326195   -0.193775  -0.0195618
 -0.0337616    0.999427 -0.00259374    0.020816
   0.193579  0.00908532    0.981043   -0.141173
          0           0           0           1
T_world_lidar: 
   0.980504   0.0326195   -0.193775  -0.0195618
 -0.0337616    0.999427 -0.00259374    0.020816
   0.193579  0.00908532    0.981043   -0.141173
          0           0           0           1
v_world_imu: -0.0454237   -0.11805    0.76512
frame_894
id: 894
stamp: 1757574283.814562559
T_odom_lidar: 
   0.980034   0.0343018    -0.19585  -0.0274685
  -0.035954    0.999342 -0.00488607   0.0235973
   0.195553   0.0118301    0.980622   -0.136897
          0           0           0           1
T_world_lidar: 
   0.980034   0.0343018    -0.19585  -0.0274685
  -0.035954    0.999342 -0.00488607   0.0235973
   0.195553   0.0118301    0.980622   -0.136897
          0           0           0           1
v_world_imu: -0.0454237   -0.11805    0.76512
frame_895
id: 895
stamp: 1757574283.846327543
T_odom_lidar: 
   0.979805    0.037113   -0.196481  -0.0289154
 -0.0386354    0.999246 -0.00391954   0.0250453
   0.196187   0.0114315      0.9805   -0.137179
          0           0           0           1
T_world_lidar: 
   0.979805    0.037113   -0.196481  -0.0289154
 -0.0386354    0.999246 -0.00391954   0.0250453
   0.196187   0.0114315      0.9805   -0.137179
          0           0           0           1
v_world_imu: -0.0454237   -0.11805    0.76512
frame_896
id: 896
stamp: 1757574283.915684938
T_odom_lidar: 
   0.979596   0.0403815    -0.19688  -0.0305931
 -0.0416627    0.999129 -0.00236804   0.0259925
   0.196613   0.0105223    0.980425   -0.138043
          0           0           0           1
T_world_lidar: 
   0.979596   0.0403815    -0.19688  -0.0305931
 -0.0416627    0.999129 -0.00236804   0.0259925
   0.196613   0.0105223    0.980425   -0.138043
          0           0           0           1
v_world_imu: -0.0454237   -0.11805    0.76512
frame_897
id: 897
stamp: 1757574283.949741602
T_odom_lidar: 
    0.979584    0.0436936    -0.196228   -0.0299562
  -0.0447242     0.998999 -0.000821434    0.0264544
    0.195996    0.0095808     0.980558    -0.138935
           0            0            0            1
T_world_lidar: 
    0.979584    0.0436936    -0.196228   -0.0299562
  -0.0447242     0.998999 -0.000821434    0.0264544
    0.195996    0.0095808     0.980558    -0.138935
           0            0            0            1
v_world_imu: -0.0454237   -0.11805    0.76512
frame_898
id: 898
stamp: 1757574284.024987459
T_odom_lidar: 
    0.979743    0.0450797    -0.195117   -0.0256335
  -0.0459727     0.998943 -4.82733e-05    0.0280449
    0.194909   0.00901737      0.98078    -0.137863
           0            0            0            1
T_world_lidar: 
    0.979743    0.0450797    -0.195117   -0.0256335
  -0.0459727     0.998943 -4.82733e-05    0.0280449
    0.194909   0.00901737      0.98078    -0.137863
           0            0            0            1
v_world_imu: -0.0454237   -0.11805    0.76512
frame_899
id: 899
stamp: 1757574284.056340218
T_odom_lidar: 
    0.979947    0.0458593    -0.193911   -0.0281301
  -0.0467724     0.998906 -0.000131162    0.0279668
    0.193693   0.00919822     0.981019    -0.138422
           0            0            0            1
T_world_lidar: 
    0.979947    0.0458593    -0.193911   -0.0281301
  -0.0467724     0.998906 -0.000131162    0.0279668
    0.193693   0.00919822     0.981019    -0.138422
           0            0            0            1
v_world_imu: -0.0454237   -0.11805    0.76512
frame_900
id: 900
stamp: 1757574284.131799459
T_odom_lidar: 
  0.980141  0.0473048  -0.192579 -0.0281268
-0.0469821   0.998876 0.00624472  0.0270939
  0.192658 0.00292708   0.981262  -0.147752
         0          0          0          1
T_world_lidar: 
  0.980141  0.0473048  -0.192579 -0.0281268
-0.0469821   0.998876 0.00624472  0.0270939
  0.192658 0.00292708   0.981262  -0.147752
         0          0          0          1
v_world_imu: -0.0454237   -0.11805    0.76512
frame_901
id: 901
stamp: 1757574284.164782047
T_odom_lidar: 
  0.979571  0.0487628  -0.195099 -0.0371142
-0.0484609   0.998805 0.00632328  0.0262822
  0.195174 0.00326058   0.980763  -0.151115
         0          0          0          1
T_world_lidar: 
  0.979571  0.0487628  -0.195099 -0.0371142
-0.0484609   0.998805 0.00632328  0.0262822
  0.195174 0.00326058   0.980763  -0.151115
         0          0          0          1
v_world_imu: -0.0454237   -0.11805    0.76512
frame_902
id: 902
stamp: 1757574284.232183695
T_odom_lidar: 
  0.978901  0.0487121  -0.198442 -0.0441095
-0.0486099   0.998803 0.00538951  0.0273648
  0.198467 0.00437046   0.980098  -0.153405
         0          0          0          1
T_world_lidar: 
  0.978901  0.0487121  -0.198442 -0.0441095
-0.0486099   0.998803 0.00538951  0.0273648
  0.198467 0.00437046   0.980098  -0.153405
         0          0          0          1
v_world_imu: -0.0454237   -0.11805    0.76512
frame_903
id: 903
stamp: 1757574284.268891811
T_odom_lidar: 
  0.978113  0.0494056  -0.202122 -0.0483237
-0.0494665   0.998764 0.00475327  0.0269627
  0.202107 0.00534902   0.979349   -0.15462
         0          0          0          1
T_world_lidar: 
  0.978113  0.0494056  -0.202122 -0.0483237
-0.0494665   0.998764 0.00475327  0.0269627
  0.202107 0.00534902   0.979349   -0.15462
         0          0          0          1
v_world_imu: -0.0454237   -0.11805    0.76512
frame_904
id: 904
stamp: 1757574284.343494892
T_odom_lidar: 
  0.977565  0.0500884  -0.204592 -0.0523919
-0.0496873    0.99874 0.00710081  0.0317428
  0.204689 0.00322409   0.978822    -0.1561
         0          0          0          1
T_world_lidar: 
  0.977565  0.0500884  -0.204592 -0.0523919
-0.0496873    0.99874 0.00710081  0.0317428
  0.204689 0.00322409   0.978822    -0.1561
         0          0          0          1
v_world_imu: -0.0454237   -0.11805    0.76512
frame_905
id: 905
stamp: 1757574284.376302958
T_odom_lidar: 
   0.977489   0.0518972   -0.204506  -0.0489993
 -0.0507536    0.998652   0.0108371   0.0318622
   0.204793 -0.00021369    0.978805    -0.15765
          0           0           0           1
T_world_lidar: 
   0.977489   0.0518972   -0.204506  -0.0489993
 -0.0507536    0.998652   0.0108371   0.0318622
   0.204793 -0.00021369    0.978805    -0.15765
          0           0           0           1
v_world_imu: -0.0454237   -0.11805    0.76512
frame_906
id: 906
stamp: 1757574284.452410698
T_odom_lidar: 
  0.978032  0.0526581  -0.201693 -0.0394565
 -0.050772   0.998605  0.0145169  0.0400127
  0.202176 -0.0039576   0.979341  -0.160933
         0          0          0          1
T_world_lidar: 
  0.978032  0.0526581  -0.201693 -0.0394565
 -0.050772   0.998605  0.0145169  0.0400127
  0.202176 -0.0039576   0.979341  -0.160933
         0          0          0          1
v_world_imu: -0.0454237   -0.11805    0.76512
frame_907
id: 907
stamp: 1757574284.490459919
T_odom_lidar: 
  0.978672  0.0512165  -0.198942 -0.0317522
-0.0490822   0.998672  0.0156485  0.0359569
   0.19948 -0.0055502   0.979886  -0.159444
         0          0          0          1
T_world_lidar: 
  0.978672  0.0512165  -0.198942 -0.0317522
-0.0490822   0.998672  0.0156485  0.0359569
   0.19948 -0.0055502   0.979886  -0.159444
         0          0          0          1
v_world_imu: -0.0454237   -0.11805    0.76512
frame_908
id: 908
stamp: 1757574284.562898636
T_odom_lidar: 
   0.979237   0.0500415   -0.196446  -0.0222381
 -0.0480951    0.998735   0.0146689   0.0317763
   0.196932 -0.00491617    0.980405   -0.155704
          0           0           0           1
T_world_lidar: 
   0.979237   0.0500415   -0.196446  -0.0222381
 -0.0480951    0.998735   0.0146689   0.0317763
   0.196932 -0.00491617    0.980405   -0.155704
          0           0           0           1
v_world_imu: -0.0454237   -0.11805    0.76512
frame_909
id: 909
stamp: 1757574284.599096775
T_odom_lidar: 
   0.979643   0.0493774   -0.194579  -0.0233668
 -0.0476715    0.998773   0.0134428   0.0285315
   0.195004 -0.00389327    0.980795   -0.152069
          0           0           0           1
T_world_lidar: 
   0.979643   0.0493774   -0.194579  -0.0233668
 -0.0476715    0.998773   0.0134428   0.0285315
   0.195004 -0.00389327    0.980795   -0.152069
          0           0           0           1
v_world_imu: -0.0454237   -0.11805    0.76512
frame_910
id: 910
stamp: 1757574284.672532320
T_odom_lidar: 
   0.980217    0.048614   -0.191862  -0.0121979
 -0.0470445    0.998812     0.01273   0.0257171
   0.192253 -0.00345205    0.981339    -0.14613
          0           0           0           1
T_world_lidar: 
   0.980217    0.048614   -0.191862  -0.0121979
 -0.0470445    0.998812     0.01273   0.0257171
   0.192253 -0.00345205    0.981339    -0.14613
          0           0           0           1
v_world_imu: -0.0454237   -0.11805    0.76512
frame_911
id: 911
stamp: 1757574284.704039335
T_odom_lidar: 
    0.98083   0.0484632   -0.188741  -0.0123339
 -0.0469632    0.998819   0.0124142   0.0255285
    0.18912 -0.00331232    0.981948   -0.140958
          0           0           0           1
T_world_lidar: 
    0.98083   0.0484632   -0.188741  -0.0123339
 -0.0469632    0.998819   0.0124142   0.0255285
    0.18912 -0.00331232    0.981948   -0.140958
          0           0           0           1
v_world_imu: -0.0454237   -0.11805    0.76512
frame_912
id: 912
stamp: 1757574284.782566547
T_odom_lidar: 
    0.980747    0.0472907     -0.18947  -0.00957715
  -0.0463013     0.998881   0.00964708    0.0250157
    0.189714 -0.000688619     0.981839    -0.135178
           0            0            0            1
T_world_lidar: 
    0.980747    0.0472907     -0.18947  -0.00957715
  -0.0463013     0.998881   0.00964708    0.0250157
    0.189714 -0.000688619     0.981839    -0.135178
           0            0            0            1
v_world_imu: -0.0454237   -0.11805    0.76512
frame_913
id: 913
stamp: 1757574284.816800594
T_odom_lidar: 
  0.980738  0.0465395  -0.189701 -0.0154141
-0.0459353   0.998916 0.00758297  0.0225468
  0.189848 0.00127707   0.981813  -0.135561
         0          0          0          1
T_world_lidar: 
  0.980738  0.0465395  -0.189701 -0.0154141
-0.0459353   0.998916 0.00758297  0.0225468
  0.189848 0.00127707   0.981813  -0.135561
         0          0          0          1
v_world_imu: -0.0454237   -0.11805    0.76512
frame_914
id: 914
stamp: 1757574284.892923355
T_odom_lidar: 
  0.980669  0.0461202  -0.190159 -0.0135991
-0.0459171    0.99893 0.00547635  0.0191346
  0.190208 0.00336106   0.981738  -0.133944
         0          0          0          1
T_world_lidar: 
  0.980669  0.0461202  -0.190159 -0.0135991
-0.0459171    0.99893 0.00547635  0.0191346
  0.190208 0.00336106   0.981738  -0.133944
         0          0          0          1
v_world_imu: -0.0454237   -0.11805    0.76512
frame_915
id: 915
stamp: 1757574284.928530931
T_odom_lidar: 
  0.980478  0.0455631  -0.191277 -0.0170558
 -0.045751   0.998947 0.00343654  0.0185207
  0.191233 0.00538167    0.98153  -0.135795
         0          0          0          1
T_world_lidar: 
  0.980478  0.0455631  -0.191277 -0.0170558
 -0.045751   0.998947 0.00343654  0.0185207
  0.191233 0.00538167    0.98153  -0.135795
         0          0          0          1
v_world_imu: -0.0454237   -0.11805    0.76512
frame_916
id: 916
stamp: 1757574285.000994444
T_odom_lidar: 
  0.980219  0.0454107  -0.192637 -0.0158049
-0.0457628   0.998949 0.00262334  0.0169838
  0.192554 0.00624419   0.981266  -0.136909
         0          0          0          1
T_world_lidar: 
  0.980219  0.0454107  -0.192637 -0.0158049
-0.0457628   0.998949 0.00262334  0.0169838
  0.192554 0.00624419   0.981266  -0.136909
         0          0          0          1
v_world_imu: -0.0454237   -0.11805    0.76512
frame_917
id: 917
stamp: 1757574285.034347296
T_odom_lidar: 
   0.97999  0.0455453  -0.193768 -0.0187548
-0.0458619   0.998944 0.00285426  0.0188198
  0.193694 0.00608943   0.981043   -0.13923
         0          0          0          1
T_world_lidar: 
   0.97999  0.0455453  -0.193768 -0.0187548
-0.0458619   0.998944 0.00285426  0.0188198
  0.193694 0.00608943   0.981043   -0.13923
         0          0          0          1
v_world_imu: -0.0454237   -0.11805    0.76512
frame_918
id: 918
stamp: 1757574285.107016563
T_odom_lidar: 
   0.98045   0.045099  -0.191532 -0.0162036
-0.0456573   0.998956 0.00149921  0.0208065
    0.1914 0.00727495   0.981485  -0.140688
         0          0          0          1
T_world_lidar: 
   0.98045   0.045099  -0.191532 -0.0162036
-0.0456573   0.998956 0.00149921  0.0208065
    0.1914 0.00727495   0.981485  -0.140688
         0          0          0          1
v_world_imu: -0.0454237   -0.11805    0.76512
frame_919
id: 919
stamp: 1757574285.144510984
T_odom_lidar: 
   0.98028   0.045936  -0.192202 -0.0210375
-0.0461775   0.998928 0.00322491  0.0230012
  0.192144 0.00571411    0.98135  -0.143006
         0          0          0          1
T_world_lidar: 
   0.98028   0.045936  -0.192202 -0.0210375
-0.0461775   0.998928 0.00322491  0.0230012
  0.192144 0.00571411    0.98135  -0.143006
         0          0          0          1
v_world_imu: -0.0454237   -0.11805    0.76512
frame_920
id: 920
stamp: 1757574285.214900970
T_odom_lidar: 
  0.979806  0.0459425    -0.1946 -0.0249613
-0.0460594   0.998931 0.00392633  0.0234097
  0.194572 0.00511612   0.980875  -0.146184
         0          0          0          1
T_world_lidar: 
  0.979806  0.0459425    -0.1946 -0.0249613
-0.0460594   0.998931 0.00392633  0.0234097
  0.194572 0.00511612   0.980875  -0.146184
         0          0          0          1
v_world_imu: -0.0454237   -0.11805    0.76512
frame_921
id: 921
stamp: 1757574285.248542309
T_odom_lidar: 
  0.979627    0.04685  -0.195285 -0.0273186
-0.0467861   0.998893 0.00494268  0.0242696
  0.195301 0.00429465   0.980734  -0.146662
         0          0          0          1
T_world_lidar: 
  0.979627    0.04685  -0.195285 -0.0273186
-0.0467861   0.998893 0.00494268  0.0242696
  0.195301 0.00429465   0.980734  -0.146662
         0          0          0          1
v_world_imu: -0.0454237   -0.11805    0.76512
frame_922
id: 922
stamp: 1757574285.319439173
T_odom_lidar: 
  0.979859  0.0462932  -0.194253 -0.0198487
-0.0462297   0.998919  0.0048626  0.0233343
  0.194268 0.00421558   0.980939  -0.143713
         0          0          0          1
T_world_lidar: 
  0.979859  0.0462932  -0.194253 -0.0198487
-0.0462297   0.998919  0.0048626  0.0233343
  0.194268 0.00421558   0.980939  -0.143713
         0          0          0          1
v_world_imu: -0.0454237   -0.11805    0.76512
frame_923
id: 923
stamp: 1757574285.351578236
T_odom_lidar: 
  0.980215    0.04568  -0.192591   -0.01985
 -0.045902    0.99894 0.00331182   0.022798
  0.192538 0.00559402   0.981273  -0.141299
         0          0          0          1
T_world_lidar: 
  0.980215    0.04568  -0.192591   -0.01985
 -0.045902    0.99894 0.00331182   0.022798
  0.192538 0.00559402   0.981273  -0.141299
         0          0          0          1
v_world_imu: -0.0454237   -0.11805    0.76512
frame_924
id: 924
stamp: 1757574285.423247576
T_odom_lidar: 
  0.980039  0.0450901  -0.193626 -0.0115934
-0.0450904   0.998973 0.00440815  0.0171959
  0.193626 0.00441052   0.981065  -0.142251
         0          0          0          1
T_world_lidar: 
  0.980039  0.0450901  -0.193626 -0.0115934
-0.0450904   0.998973 0.00440815  0.0171959
  0.193626 0.00441052   0.981065  -0.142251
         0          0          0          1
v_world_imu: -0.0454237   -0.11805    0.76512
frame_925
id: 925
stamp: 1757574285.459633112
T_odom_lidar: 
  0.980292  0.0448424  -0.192397  -0.014691
-0.0451588   0.998976 0.00274286  0.0178098
  0.192323 0.00599961   0.981313   -0.14167
         0          0          0          1
T_world_lidar: 
  0.980292  0.0448424  -0.192397  -0.014691
-0.0451588   0.998976 0.00274286  0.0178098
  0.192323 0.00599961   0.981313   -0.14167
         0          0          0          1
v_world_imu: -0.0454237   -0.11805    0.76512
frame_926
id: 926
stamp: 1757574285.530463457
T_odom_lidar: 
  0.980649  0.0445244  -0.190644  -0.010061
-0.0449357   0.998988 0.00216724  0.0179251
  0.190547  0.0064414   0.981657  -0.139477
         0          0          0          1
T_world_lidar: 
  0.980649  0.0445244  -0.190644  -0.010061
-0.0449357   0.998988 0.00216724  0.0179251
  0.190547  0.0064414   0.981657  -0.139477
         0          0          0          1
v_world_imu: -0.0454237   -0.11805    0.76512
frame_927
id: 927
stamp: 1757574285.562139273
T_odom_lidar: 
  0.980899  0.0445399   -0.18935 -0.0120029
-0.0449079   0.998988 0.00234875  0.0208886
  0.189263 0.00619943   0.981907  -0.141314
         0          0          0          1
T_world_lidar: 
  0.980899  0.0445399   -0.18935 -0.0120029
-0.0449079   0.998988 0.00234875  0.0208886
  0.189263 0.00619943   0.981907  -0.141314
         0          0          0          1
v_world_imu: -0.0454237   -0.11805    0.76512
frame_928
id: 928
stamp: 1757574285.637023926
T_odom_lidar: 
  0.981081  0.0446456  -0.188382 -0.0098858
-0.0449005   0.998987 0.00291626  0.0225723
  0.188321 0.00559737   0.982092  -0.141667
         0          0          0          1
T_world_lidar: 
  0.981081  0.0446456  -0.188382 -0.0098858
-0.0449005   0.998987 0.00291626  0.0225723
  0.188321 0.00559737   0.982092  -0.141667
         0          0          0          1
v_world_imu: -0.0454237   -0.11805    0.76512
frame_929
id: 929
stamp: 1757574285.672138214
T_odom_lidar: 
  0.980968  0.0455251  -0.188758 -0.0159584
-0.0456151   0.998952 0.00386932   0.025447
  0.188737 0.00481456   0.982016  -0.144657
         0          0          0          1
T_world_lidar: 
  0.980968  0.0455251  -0.188758 -0.0159584
-0.0456151   0.998952 0.00386932   0.025447
  0.188737 0.00481456   0.982016  -0.144657
         0          0          0          1
v_world_imu: -0.0454237   -0.11805    0.76512
frame_930
id: 930
stamp: 1757574285.751014948
T_odom_lidar: 
   0.98118  0.0464763  -0.187418 -0.0161714
-0.0458741   0.998919 0.00755136  0.0242703
  0.187566 0.00118838   0.982251  -0.156089
         0          0          0          1
T_world_lidar: 
   0.98118  0.0464763  -0.187418 -0.0161714
-0.0458741   0.998919 0.00755136  0.0242703
  0.187566 0.00118838   0.982251  -0.156089
         0          0          0          1
v_world_imu: -0.0454237   -0.11805    0.76512
frame_931
id: 931
stamp: 1757574285.785800695
T_odom_lidar: 
  0.980819  0.0464754  -0.189299 -0.0241786
-0.0466193   0.998906 0.00369493  0.0197164
  0.189264 0.00520095   0.981912  -0.158248
         0          0          0          1
T_world_lidar: 
  0.980819  0.0464754  -0.189299 -0.0241786
-0.0466193   0.998906 0.00369493  0.0197164
  0.189264 0.00520095   0.981912  -0.158248
         0          0          0          1
v_world_imu: -0.0454237   -0.11805    0.76512
frame_932
id: 932
stamp: 1757574285.860124111
T_odom_lidar: 
  0.979662  0.0470462  -0.195063  -0.038345
-0.0470085   0.998883 0.00482516  0.0246762
  0.195072 0.00444259   0.980779  -0.163489
         0          0          0          1
T_world_lidar: 
  0.979662  0.0470462  -0.195063  -0.038345
-0.0470085   0.998883 0.00482516  0.0246762
  0.195072 0.00444259   0.980779  -0.163489
         0          0          0          1
v_world_imu: -0.0454237   -0.11805    0.76512
frame_933
id: 933
stamp: 1757574285.895549297
T_odom_lidar: 
  0.978696  0.0497191  -0.199202 -0.0458721
-0.0491079   0.998761 0.00801091  0.0279597
  0.199354 0.00194215   0.979926  -0.166456
         0          0          0          1
T_world_lidar: 
  0.978696  0.0497191  -0.199202 -0.0458721
-0.0491079   0.998761 0.00801091  0.0279597
  0.199354 0.00194215   0.979926  -0.166456
         0          0          0          1
v_world_imu: -0.0454237   -0.11805    0.76512
frame_934
id: 934
stamp: 1757574285.969415903
T_odom_lidar: 
   0.978199   0.0516277   -0.201149  -0.0482631
 -0.0505736    0.998666   0.0103795   0.0309512
   0.201417 1.95885e-05    0.979506   -0.167643
          0           0           0           1
T_world_lidar: 
   0.978199   0.0516277   -0.201149  -0.0482631
 -0.0505736    0.998666   0.0103795   0.0309512
   0.201417 1.95885e-05    0.979506   -0.167643
          0           0           0           1
v_world_imu: -0.0454237   -0.11805    0.76512
frame_935
id: 935
stamp: 1757574286.004389286
T_odom_lidar: 
    0.978397    0.0515079    -0.200214   -0.0454101
  -0.0503574     0.998672    0.0108382    0.0281417
    0.200507 -0.000521759     0.979692    -0.165053
           0            0            0            1
T_world_lidar: 
    0.978397    0.0515079    -0.200214   -0.0454101
  -0.0503574     0.998672    0.0108382    0.0281417
    0.200507 -0.000521759     0.979692    -0.165053
           0            0            0            1
v_world_imu: -0.0454237   -0.11805    0.76512
frame_936
id: 936
stamp: 1757574286.077920198
T_odom_lidar: 
  0.977671  0.0494189  -0.204249 -0.0273711
-0.0489513   0.998774  0.0073442  0.0295571
  0.204361 0.00281802   0.978892  -0.156298
         0          0          0          1
T_world_lidar: 
  0.977671  0.0494189  -0.204249 -0.0273711
-0.0489513   0.998774  0.0073442  0.0295571
  0.204361 0.00281802   0.978892  -0.156298
         0          0          0          1
v_world_imu: -0.0454237   -0.11805    0.76512
frame_937
id: 937
stamp: 1757574286.112223148
T_odom_lidar: 
  0.978334  0.0467108  -0.201693 -0.0263913
-0.0464502   0.998902 0.00602774   0.025896
  0.201753 0.00347152    0.97943  -0.152559
         0          0          0          1
T_world_lidar: 
  0.978334  0.0467108  -0.201693 -0.0263913
-0.0464502   0.998902 0.00602774   0.025896
  0.201753 0.00347152    0.97943  -0.152559
         0          0          0          1
v_world_imu: -0.0454237   -0.11805    0.76512
frame_938
id: 938
stamp: 1757574286.189672947
T_odom_lidar: 
  0.979112  0.0448417  -0.198314 -0.0141033
-0.0448368   0.998984 0.00451732  0.0247403
  0.198315  0.0044688   0.980128   -0.14684
         0          0          0          1
T_world_lidar: 
  0.979112  0.0448417  -0.198314 -0.0141033
-0.0448368   0.998984 0.00451732  0.0247403
  0.198315  0.0044688   0.980128   -0.14684
         0          0          0          1
v_world_imu: -0.0454237   -0.11805    0.76512
frame_939
id: 939
stamp: 1757574286.223179340
T_odom_lidar: 
  0.979519  0.0443416  -0.196409 -0.0188408
-0.0447155   0.998997 0.00253261  0.0234713
  0.196324  0.0063018   0.980519  -0.145172
         0          0          0          1
T_world_lidar: 
  0.979519  0.0443416  -0.196409 -0.0188408
-0.0447155   0.998997 0.00253261  0.0234713
  0.196324  0.0063018   0.980519  -0.145172
         0          0          0          1
v_world_imu: -0.0454237   -0.11805    0.76512
frame_940
id: 940
stamp: 1757574286.295170784
T_odom_lidar: 
   0.979681   0.0444324   -0.195577  -0.0172921
 -0.0452554    0.998975 0.000260958   0.0233649
   0.195388  0.00859525    0.980688   -0.143303
          0           0           0           1
T_world_lidar: 
   0.979681   0.0444324   -0.195577  -0.0172921
 -0.0452554    0.998975 0.000260958   0.0233649
   0.195388  0.00859525    0.980688   -0.143303
          0           0           0           1
v_world_imu: -0.0454237   -0.11805    0.76512
frame_941
id: 941
stamp: 1757574286.326324940
T_odom_lidar: 
  0.979653  0.0453061   -0.19552 -0.0231097
-0.0464401    0.99892 -0.0012171  0.0231113
  0.195254  0.0102723   0.980699   -0.14381
         0          0          0          1
T_world_lidar: 
  0.979653  0.0453061   -0.19552 -0.0231097
-0.0464401    0.99892 -0.0012171  0.0231113
  0.195254  0.0102723   0.980699   -0.14381
         0          0          0          1
v_world_imu: -0.0454237   -0.11805    0.76512
frame_942
id: 942
stamp: 1757574286.401831865
T_odom_lidar: 
   0.979489   0.0440642   -0.196621  -0.0263116
 -0.0462323     0.99891 -0.00644861   0.0283299
   0.196122   0.0154066    0.980458   -0.137825
          0           0           0           1
T_world_lidar: 
   0.979489   0.0440642   -0.196621  -0.0263116
 -0.0462323     0.99891 -0.00644861   0.0283299
   0.196122   0.0154066    0.980458   -0.137825
          0           0           0           1
v_world_imu: -0.0454237   -0.11805    0.76512
frame_943
id: 943
stamp: 1757574286.431719542
T_odom_lidar: 
   0.979553   0.0441224   -0.196289  -0.0293318
 -0.0463468    0.998903 -0.00675127   0.0271769
   0.195776   0.0157106    0.980523     -0.1383
          0           0           0           1
T_world_lidar: 
   0.979553   0.0441224   -0.196289  -0.0293318
 -0.0463468    0.998903 -0.00675127   0.0271769
   0.195776   0.0157106    0.980523     -0.1383
          0           0           0           1
v_world_imu: -0.0454237   -0.11805    0.76512
frame_944
id: 944
stamp: 1757574286.502877474
T_odom_lidar: 
  0.979552  0.0464907  -0.195746 -0.0288103
-0.0486114   0.998799  -0.006041  0.0318864
   0.19523   0.015433   0.980636  -0.137934
         0          0          0          1
T_world_lidar: 
  0.979552  0.0464907  -0.195746 -0.0288103
-0.0486114   0.998799  -0.006041  0.0318864
   0.19523   0.015433   0.980636  -0.137934
         0          0          0          1
v_world_imu: -0.0454237   -0.11805    0.76512
frame_945
id: 945
stamp: 1757574286.539106846
T_odom_lidar: 
   0.979607    0.049119   -0.194828  -0.0323054
 -0.0508845    0.998696 -0.00406444   0.0326591
   0.194375   0.0138953    0.980829   -0.138782
          0           0           0           1
T_world_lidar: 
   0.979607    0.049119   -0.194828  -0.0323054
 -0.0508845    0.998696 -0.00406444   0.0326591
   0.194375   0.0138953    0.980829   -0.138782
          0           0           0           1
v_world_imu: -0.0454237   -0.11805    0.76512
frame_946
id: 946
stamp: 1757574286.613498688
T_odom_lidar: 
  0.979776  0.0521155  -0.193193 -0.0302021
-0.0536519   0.998556 -0.0027255  0.0365888
  0.192772  0.0130356   0.981157  -0.136753
         0          0          0          1
T_world_lidar: 
  0.979776  0.0521155  -0.193193 -0.0302021
-0.0536519   0.998556 -0.0027255  0.0365888
  0.192772  0.0130356   0.981157  -0.136753
         0          0          0          1
v_world_imu: -0.0454237   -0.11805    0.76512
frame_947
id: 947
stamp: 1757574286.647006750
T_odom_lidar: 
   0.979878   0.0552377   -0.191801   -0.034249
 -0.0570487    0.998364 -0.00392856    0.034928
    0.19127   0.0147915    0.981426   -0.136499
          0           0           0           1
T_world_lidar: 
   0.979878   0.0552377   -0.191801   -0.034249
 -0.0570487    0.998364 -0.00392856    0.034928
    0.19127   0.0147915    0.981426   -0.136499
          0           0           0           1
v_world_imu: -0.0454237   -0.11805    0.76512
frame_948
id: 948
stamp: 1757574286.720754623
T_odom_lidar: 
   0.979688   0.0592935   -0.191559  -0.0398603
  -0.061571    0.998085 -0.00595367   0.0381653
    0.19084   0.0176272    0.981463   -0.141024
          0           0           0           1
T_world_lidar: 
   0.979688   0.0592935   -0.191559  -0.0398603
  -0.061571    0.998085 -0.00595367   0.0381653
    0.19084   0.0176272    0.981463   -0.141024
          0           0           0           1
v_world_imu: -0.0454237   -0.11805    0.76512
frame_949
id: 949
stamp: 1757574286.750640154
T_odom_lidar: 
  0.979234  0.0621726  -0.192963 -0.0479053
-0.0646962   0.997882 -0.0067983  0.0384823
  0.192132  0.0191411   0.981182  -0.143357
         0          0          0          1
T_world_lidar: 
  0.979234  0.0621726  -0.192963 -0.0479053
-0.0646962   0.997882 -0.0067983  0.0384823
  0.192132  0.0191411   0.981182  -0.143357
         0          0          0          1
v_world_imu: -0.0454237   -0.11805    0.76512
frame_950
id: 950
stamp: 1757574286.820432663
T_odom_lidar: 
   0.978422   0.0687742   -0.194836  -0.0560064
 -0.0709608     0.99747 -0.00425697   0.0420147
    0.19405   0.0179908    0.980827   -0.146172
          0           0           0           1
T_world_lidar: 
   0.978422   0.0687742   -0.194836  -0.0560064
 -0.0709608     0.99747 -0.00425697   0.0420147
    0.19405   0.0179908    0.980827   -0.146172
          0           0           0           1
v_world_imu: -0.0454237   -0.11805    0.76512
frame_951
id: 951
stamp: 1757574286.855090141
T_odom_lidar: 
  0.979076   0.074055  -0.189543 -0.0556878
 -0.078663   0.996758 -0.0168939   0.036527
  0.187677  0.0314504   0.981727   -0.13826
         0          0          0          1
T_world_lidar: 
  0.979076   0.074055  -0.189543 -0.0556878
 -0.078663   0.996758 -0.0168939   0.036527
  0.187677  0.0314504   0.981727   -0.13826
         0          0          0          1
v_world_imu: -0.0454237   -0.11805    0.76512
frame_952
id: 952
stamp: 1757574286.925825834
T_odom_lidar: 
  0.979431  0.0831541   -0.18385 -0.0458943
-0.0890089   0.995746 -0.0238114  0.0376455
  0.181088  0.0396859   0.982666  -0.130905
         0          0          0          1
T_world_lidar: 
  0.979431  0.0831541   -0.18385 -0.0458943
-0.0890089   0.995746 -0.0238114  0.0376455
  0.181088  0.0396859   0.982666  -0.130905
         0          0          0          1
v_world_imu: -0.0454237   -0.11805    0.76512
frame_953
id: 953
stamp: 1757574286.960268259
T_odom_lidar: 
  0.979513   0.089836  -0.180232  -0.054588
-0.0952528   0.995219 -0.0216106   0.046175
  0.177428  0.0383355   0.983387   -0.12634
         0          0          0          1
T_world_lidar: 
  0.979513   0.089836  -0.180232  -0.054588
-0.0952528   0.995219 -0.0216106   0.046175
  0.177428  0.0383355   0.983387   -0.12634
         0          0          0          1
v_world_imu: -0.0454237   -0.11805    0.76512
frame_954
id: 954
stamp: 1757574287.036511183
T_odom_lidar: 
  0.979581  0.0920487  -0.178743 -0.0617469
-0.0966306   0.995174 -0.0170806  0.0457782
  0.176308  0.0340039   0.983748  -0.143017
         0          0          0          1
T_world_lidar: 
  0.979581  0.0920487  -0.178743 -0.0617469
-0.0966306   0.995174 -0.0170806  0.0457782
  0.176308  0.0340039   0.983748  -0.143017
         0          0          0          1
v_world_imu: -0.0454237   -0.11805    0.76512
frame_955
id: 955
stamp: 1757574287.069746256
T_odom_lidar: 
   0.979385   0.0899486   -0.180871  -0.0681376
 -0.0929148    0.995642 -0.00797684   0.0456799
   0.179365    0.024618    0.983474   -0.146376
          0           0           0           1
T_world_lidar: 
   0.979385   0.0899486   -0.180871  -0.0681376
 -0.0929148    0.995642 -0.00797684   0.0456799
   0.179365    0.024618    0.983474   -0.146376
          0           0           0           1
v_world_imu: -0.0454237   -0.11805    0.76512
frame_956
id: 956
stamp: 1757574287.143015862
T_odom_lidar: 
  0.979387  0.0844648  -0.183484 -0.0598295
 -0.085044   0.996366 0.00472433  0.0498669
  0.183216  0.0109772   0.983011   -0.14345
         0          0          0          1
T_world_lidar: 
  0.979387  0.0844648  -0.183484 -0.0598295
 -0.085044   0.996366 0.00472433  0.0498669
  0.183216  0.0109772   0.983011   -0.14345
         0          0          0          1
v_world_imu: -0.0454237   -0.11805    0.76512
frame_957
id: 957
stamp: 1757574287.174391747
T_odom_lidar: 
   0.979459   0.0777035    -0.18607  -0.0588333
 -0.0752587     0.99696   0.0201772   0.0470687
   0.187072 -0.00575938    0.982329   -0.146547
          0           0           0           1
T_world_lidar: 
   0.979459   0.0777035    -0.18607  -0.0588333
 -0.0752587     0.99696   0.0201772   0.0470687
   0.187072 -0.00575938    0.982329   -0.146547
          0           0           0           1
v_world_imu: -0.0454237   -0.11805    0.76512
frame_958
id: 958
stamp: 1757574287.243118763
T_odom_lidar: 
  0.979158  0.0656164  -0.192209 -0.0529851
-0.0596897    0.99755  0.0364712  0.0460431
  0.194131 -0.0242382   0.980676  -0.145366
         0          0          0          1
T_world_lidar: 
  0.979158  0.0656164  -0.192209 -0.0529851
-0.0596897    0.99755  0.0364712  0.0460431
  0.194131 -0.0242382   0.980676  -0.145366
         0          0          0          1
v_world_imu: -0.0454237   -0.11805    0.76512
frame_959
id: 959
stamp: 1757574287.280082226
T_odom_lidar: 
  0.978902  0.0563339  -0.196411  -0.053129
-0.0528441   0.998339  0.0229676  0.0319462
  0.197378 -0.0121039   0.980253  -0.155552
         0          0          0          1
T_world_lidar: 
  0.978902  0.0563339  -0.196411  -0.053129
-0.0528441   0.998339  0.0229676  0.0319462
  0.197378 -0.0121039   0.980253  -0.155552
         0          0          0          1
v_world_imu: -0.0454237   -0.11805    0.76512
frame_960
id: 960
stamp: 1757574287.351708174
T_odom_lidar: 
  0.978771  0.0519812  -0.198258 -0.0598179
-0.0515592   0.998643   0.007294 0.00772097
  0.198368 0.00308284   0.980123  -0.155638
         0          0          0          1
T_world_lidar: 
  0.978771  0.0519812  -0.198258 -0.0598179
-0.0515592   0.998643   0.007294 0.00772097
  0.198368 0.00308284   0.980123  -0.155638
         0          0          0          1
v_world_imu: -0.0454237   -0.11805    0.76512
frame_961
id: 961
stamp: 1757574287.386578083
T_odom_lidar: 
   0.978147   0.0420321    -0.20362  -0.0573029
 -0.0440019    0.999018 -0.00515417   0.0174578
   0.203204   0.0140012    0.979036   -0.149365
          0           0           0           1
T_world_lidar: 
   0.978147   0.0420321    -0.20362  -0.0573029
 -0.0440019    0.999018 -0.00515417   0.0174578
   0.203204   0.0140012    0.979036   -0.149365
          0           0           0           1
v_world_imu: -0.0454237   -0.11805    0.76512
frame_962
id: 962
stamp: 1757574287.461944103
T_odom_lidar: 
   0.977671   0.0302888   -0.207948  -0.0537628
 -0.0330202    0.999408 -0.00967568   0.0213822
   0.207531   0.0163261    0.978092   -0.147773
          0           0           0           1
T_world_lidar: 
   0.977671   0.0302888   -0.207948  -0.0537628
 -0.0330202    0.999408 -0.00967568   0.0213822
   0.207531   0.0163261    0.978092   -0.147773
          0           0           0           1
v_world_imu: -0.0454237   -0.11805    0.76512
frame_963
id: 963
stamp: 1757574287.497026920
T_odom_lidar: 
   0.977833    0.018815    -0.20854  -0.0367726
 -0.0206937    0.999763 -0.00683042   0.0332413
   0.208362   0.0109945     0.97799   -0.140053
          0           0           0           1
T_world_lidar: 
   0.977833    0.018815    -0.20854  -0.0367726
 -0.0206937    0.999763 -0.00683042   0.0332413
   0.208362   0.0109945     0.97799   -0.140053
          0           0           0           1
v_world_imu: -0.0454237   -0.11805    0.76512
frame_964
id: 964
stamp: 1757574287.570915222
T_odom_lidar: 
   0.978645  0.00944909    -0.20534  -0.0305791
 -0.0104392    0.999939 -0.00373915    0.037563
   0.205292   0.0058029    0.978684   -0.140899
          0           0           0           1
T_world_lidar: 
   0.978645  0.00944909    -0.20534  -0.0305791
 -0.0104392    0.999939 -0.00373915    0.037563
   0.205292   0.0058029    0.978684   -0.140899
          0           0           0           1
v_world_imu: -0.0454237   -0.11805    0.76512
frame_965
id: 965
stamp: 1757574287.605464935
T_odom_lidar: 
   0.980192 -0.00754697   -0.197906 -0.00371013
 0.00736804    0.999972  -0.0016405    0.040066
   0.197913 0.000149827     0.98022   -0.140695
          0           0           0           1
T_world_lidar: 
   0.980192 -0.00754697   -0.197906 -0.00371013
 0.00736804    0.999972  -0.0016405    0.040066
   0.197913 0.000149827     0.98022   -0.140695
          0           0           0           1
v_world_imu: -0.0454237   -0.11805    0.76512
frame_966
id: 966
stamp: 1757574287.678090096
T_odom_lidar: 
   0.980637  -0.0271818   -0.193937   0.0493691
  0.0278759    0.999611 0.000850253   0.0142079
   0.193839 -0.00623996    0.981014   -0.136245
          0           0           0           1
T_world_lidar: 
   0.980637  -0.0271818   -0.193937   0.0493691
  0.0278759    0.999611 0.000850253   0.0142079
   0.193839 -0.00623996    0.981014   -0.136245
          0           0           0           1
v_world_imu: -0.0454237   -0.11805    0.76512
frame_967
id: 967
stamp: 1757574287.711823702
T_odom_lidar: 
   0.980444  -0.0354223   -0.193583   0.0588663
  0.0362589    0.999342 0.000779332  0.00270135
   0.193428  -0.0077832    0.981084    -0.13379
          0           0           0           1
T_world_lidar: 
   0.980444  -0.0354223   -0.193583   0.0588663
  0.0362589    0.999342 0.000779332  0.00270135
   0.193428  -0.0077832    0.981084    -0.13379
          0           0           0           1
v_world_imu: -0.0454237   -0.11805    0.76512
frame_968
id: 968
stamp: 1757574287.788312674
T_odom_lidar: 
   0.980516   -0.036295   -0.193056   0.0587456
  0.0367787    0.999323  -0.0010792 -0.00273686
   0.192964 -0.00604217    0.981187    -0.13142
          0           0           0           1
T_world_lidar: 
   0.980516   -0.036295   -0.193056   0.0587456
  0.0367787    0.999323  -0.0010792 -0.00273686
   0.192964 -0.00604217    0.981187    -0.13142
          0           0           0           1
v_world_imu: -0.0454237   -0.11805    0.76512
frame_969
id: 969
stamp: 1757574287.818952084
T_odom_lidar: 
    0.980825   -0.0295432    -0.192639    0.0517553
   0.0300005      0.99955 -0.000543197   0.00467043
    0.192568  -0.00524649      0.98127     -0.13533
           0            0            0            1
T_world_lidar: 
    0.980825   -0.0295432    -0.192639    0.0517553
   0.0300005      0.99955 -0.000543197   0.00467043
    0.192568  -0.00524649      0.98127     -0.13533
           0            0            0            1
v_world_imu: -0.0454237   -0.11805    0.76512
frame_970
id: 970
stamp: 1757574287.899173737
T_odom_lidar: 
  0.981451 -0.0172725  -0.190933  0.0399503
 0.0184273   0.999821 0.00427419 0.00861438
  0.190825 -0.0077133   0.981594  -0.137998
         0          0          0          1
T_world_lidar: 
  0.981451 -0.0172725  -0.190933  0.0399503
 0.0184273   0.999821 0.00427419 0.00861438
  0.190825 -0.0077133   0.981594  -0.137998
         0          0          0          1
v_world_imu: -0.0454237   -0.11805    0.76512
frame_971
id: 971
stamp: 1757574287.930317879
T_odom_lidar: 
    0.982256   0.00222075    -0.187529    0.0283637
-0.000310058     0.999948    0.0102175    0.0125312
    0.187542  -0.00997805     0.982206    -0.142215
           0            0            0            1
T_world_lidar: 
    0.982256   0.00222075    -0.187529    0.0283637
-0.000310058     0.999948    0.0102175    0.0125312
    0.187542  -0.00997805     0.982206    -0.142215
           0            0            0            1
v_world_imu: -0.0454237   -0.11805    0.76512
frame_972
id: 972
stamp: 1757574288.004825592
T_odom_lidar: 
   0.982771   0.0254707   -0.183064   0.0031074
 -0.0236594    0.999647   0.0120721   0.0220453
   0.183307 -0.00753295    0.983027    -0.14508
          0           0           0           1
T_world_lidar: 
   0.982771   0.0254707   -0.183064   0.0031074
 -0.0236594    0.999647   0.0120721   0.0220453
   0.183307 -0.00753295    0.983027    -0.14508
          0           0           0           1
v_world_imu: -0.0454237   -0.11805    0.76512
frame_973
id: 973
stamp: 1757574288.041665316
T_odom_lidar: 
  0.981075  0.0437288  -0.188628 -0.0278074
-0.0422211   0.999036  0.0120059  0.0238757
  0.188971 -0.0038146   0.981975  -0.152064
         0          0          0          1
T_world_lidar: 
  0.981075  0.0437288  -0.188628 -0.0278074
-0.0422211   0.999036  0.0120059  0.0238757
  0.188971 -0.0038146   0.981975  -0.152064
         0          0          0          1
v_world_imu: -0.0454237   -0.11805    0.76512
frame_974
id: 974
stamp: 1757574288.116307735
T_odom_lidar: 
   0.979225   0.0520426   -0.195986  -0.0587619
 -0.0512148    0.998644  0.00929297   0.0294151
   0.196204 0.000937463    0.980563   -0.159292
          0           0           0           1
T_world_lidar: 
   0.979225   0.0520426   -0.195986  -0.0587619
 -0.0512148    0.998644  0.00929297   0.0294151
   0.196204 0.000937463    0.980563   -0.159292
          0           0           0           1
v_world_imu: -0.0454237   -0.11805    0.76512
frame_975
id: 975
stamp: 1757574288.147851229
T_odom_lidar: 
  0.977866  0.0589629  -0.200753 -0.0699222
-0.0588853   0.998244 0.00636307  0.0317465
  0.200775 0.00559916   0.979621  -0.158198
         0          0          0          1
T_world_lidar: 
  0.977866  0.0589629  -0.200753 -0.0699222
-0.0588853   0.998244 0.00636307  0.0317465
  0.200775 0.00559916   0.979621  -0.158198
         0          0          0          1
v_world_imu: -0.0454237   -0.11805    0.76512
frame_976
id: 976
stamp: 1757574288.218887568
T_odom_lidar: 
  0.977298  0.0670645  -0.200973 -0.0827398
-0.0678365   0.997692 0.00305127  0.0403134
  0.200714  0.0106513   0.979592  -0.159141
         0          0          0          1
T_world_lidar: 
  0.977298  0.0670645  -0.200973 -0.0827398
-0.0678365   0.997692 0.00305127  0.0403134
  0.200714  0.0106513   0.979592  -0.159141
         0          0          0          1
v_world_imu: -0.0454237   -0.11805    0.76512
frame_977
id: 977
stamp: 1757574288.250871897
T_odom_lidar: 
    0.977311    0.0729047    -0.198867   -0.0839286
  -0.0745907     0.997214 -0.000989696    0.0439955
    0.198241    0.0158009     0.980026    -0.159661
           0            0            0            1
T_world_lidar: 
    0.977311    0.0729047    -0.198867   -0.0839286
  -0.0745907     0.997214 -0.000989696    0.0439955
    0.198241    0.0158009     0.980026    -0.159661
           0            0            0            1
v_world_imu: -0.0454237   -0.11805    0.76512
frame_978
id: 978
stamp: 1757574288.326664686
T_odom_lidar: 
   0.976772   0.0871823   -0.195743   -0.078214
   -0.08872    0.996056 0.000915253   0.0504577
   0.195051   0.0164723    0.980655   -0.162406
          0           0           0           1
T_world_lidar: 
   0.976772   0.0871823   -0.195743   -0.078214
   -0.08872    0.996056 0.000915253   0.0504577
   0.195051   0.0164723    0.980655   -0.162406
          0           0           0           1
v_world_imu: -0.0454237   -0.11805    0.76512
frame_979
id: 979
stamp: 1757574288.363341093
T_odom_lidar: 
  0.976752   0.093351  -0.192979 -0.0796659
-0.0943389   0.995532 0.00408419  0.0515069
  0.192498  0.0142162   0.981194  -0.161913
         0          0          0          1
T_world_lidar: 
  0.976752   0.093351  -0.192979 -0.0796659
-0.0943389   0.995532 0.00408419  0.0515069
  0.192498  0.0142162   0.981194  -0.161913
         0          0          0          1
v_world_imu: -0.0454237   -0.11805    0.76512
frame_980
id: 980
stamp: 1757574288.435797215
T_odom_lidar: 
  0.977458  0.0911841  -0.190426 -0.0611227
  -0.09061   0.995817  0.0117385  0.0529734
    0.1907 0.00578061   0.981631  -0.157467
         0          0          0          1
T_world_lidar: 
  0.977458  0.0911841  -0.190426 -0.0611227
  -0.09061   0.995817  0.0117385  0.0529734
    0.1907 0.00578061   0.981631  -0.157467
         0          0          0          1
v_world_imu: -0.0454237   -0.11805    0.76512
frame_981
id: 981
stamp: 1757574288.461086750
T_odom_lidar: 
   0.978119   0.0857875   -0.189537  -0.0631688
 -0.0828099    0.996286   0.0235891    0.049968
   0.190857 -0.00737733     0.98159   -0.157715
          0           0           0           1
T_world_lidar: 
   0.978119   0.0857875   -0.189537  -0.0631688
 -0.0828099    0.996286   0.0235891    0.049968
   0.190857 -0.00737733     0.98159   -0.157715
          0           0           0           1
v_world_imu: -0.0454237   -0.11805    0.76512
frame_982
id: 982
stamp: 1757574288.532212973
T_odom_lidar: 
  0.978979  0.0716106  -0.190978  -0.043416
-0.0669811   0.997285  0.0305956  0.0475721
  0.192651 -0.0171605   0.981117  -0.156396
         0          0          0          1
T_world_lidar: 
  0.978979  0.0716106  -0.190978  -0.043416
-0.0669811   0.997285  0.0305956  0.0475721
  0.192651 -0.0171605   0.981117  -0.156396
         0          0          0          1
v_world_imu: -0.0454237   -0.11805    0.76512
frame_983
id: 983
stamp: 1757574288.558787346
T_odom_lidar: 
   0.97991  0.0546976  -0.191792 -0.0358191
-0.0516792   0.998449  0.0207088  0.0314144
  0.192627 -0.0103811   0.981217  -0.158792
         0          0          0          1
T_world_lidar: 
   0.97991  0.0546976  -0.191792 -0.0358191
-0.0516792   0.998449  0.0207088  0.0314144
  0.192627 -0.0103811   0.981217  -0.158792
         0          0          0          1
v_world_imu: -0.0454237   -0.11805    0.76512
frame_984
id: 984
stamp: 1757574288.633175850
T_odom_lidar: 
  0.980475  0.0414027  -0.192236 -0.0279607
-0.0414703   0.999133 0.00367364  0.0103501
  0.192221 0.00437016   0.981342  -0.155176
         0          0          0          1
T_world_lidar: 
  0.980475  0.0414027  -0.192236 -0.0279607
-0.0414703   0.999133 0.00367364  0.0103501
  0.192221 0.00437016   0.981342  -0.155176
         0          0          0          1
v_world_imu: -0.0454237   -0.11805    0.76512
frame_985
id: 985
stamp: 1757574288.665431976
T_odom_lidar: 
  0.979514  0.0317287  -0.198863 -0.0379321
-0.0345232   0.999348    -0.0106   0.012189
  0.198397  0.0172482    0.97997  -0.148492
         0          0          0          1
T_world_lidar: 
  0.979514  0.0317287  -0.198863 -0.0379321
-0.0345232   0.999348    -0.0106   0.012189
  0.198397  0.0172482    0.97997  -0.148492
         0          0          0          1
v_world_imu: -0.0454237   -0.11805    0.76512
frame_986
id: 986
stamp: 1757574288.738705635
T_odom_lidar: 
   0.97854  0.0264218  -0.204354 -0.0481083
-0.0302021   0.999425  -0.015402  0.0107121
  0.203829  0.0212434   0.978776  -0.148715
         0          0          0          1
T_world_lidar: 
   0.97854  0.0264218  -0.204354 -0.0481083
-0.0302021   0.999425  -0.015402  0.0107121
  0.203829  0.0212434   0.978776  -0.148715
         0          0          0          1
v_world_imu: -0.0454237   -0.11805    0.76512
frame_987
id: 987
stamp: 1757574288.775758982
T_odom_lidar: 
  0.978189  0.0264294  -0.206028 -0.0415791
-0.0299974   0.999449 -0.0142131  0.0173249
  0.205538  0.0200834   0.978443  -0.142054
         0          0          0          1
T_world_lidar: 
  0.978189  0.0264294  -0.206028 -0.0415791
-0.0299974   0.999449 -0.0142131  0.0173249
  0.205538  0.0200834   0.978443  -0.142054
         0          0          0          1
v_world_imu: -0.0454237   -0.11805    0.76512
frame_988
id: 988
stamp: 1757574288.846328735
T_odom_lidar: 
    0.97778   0.0317096   -0.207223  -0.0451934
 -0.0338017    0.999407 -0.00656212   0.0269363
   0.206892   0.0134208    0.978272   -0.137887
          0           0           0           1
T_world_lidar: 
    0.97778   0.0317096   -0.207223  -0.0451934
 -0.0338017    0.999407 -0.00656212   0.0269363
   0.206892   0.0134208    0.978272   -0.137887
          0           0           0           1
v_world_imu: -0.0454237   -0.11805    0.76512
frame_989
id: 989
stamp: 1757574288.885856867
T_odom_lidar: 
  0.977683  0.0444227  -0.205337 -0.0433745
 -0.044759   0.998993 0.00300881  0.0381264
  0.205264 0.00624902   0.978687   -0.13768
         0          0          0          1
T_world_lidar: 
  0.977683  0.0444227  -0.205337 -0.0433745
 -0.044759   0.998993 0.00300881  0.0381264
  0.205264 0.00624902   0.978687   -0.13768
         0          0          0          1
v_world_imu: -0.0454237   -0.11805    0.76512
frame_990
id: 990
stamp: 1757574288.959117413
T_odom_lidar: 
   0.978532   0.0507259   -0.199757  -0.0226998
  -0.049076    0.998708   0.0132057   0.0459753
   0.200168 -0.00311893    0.979757    -0.15235
          0           0           0           1
T_world_lidar: 
   0.978532   0.0507259   -0.199757  -0.0226998
  -0.049076    0.998708   0.0132057   0.0459753
   0.200168 -0.00311893    0.979757    -0.15235
          0           0           0           1
v_world_imu: -0.0454237   -0.11805    0.76512
frame_991
id: 991
stamp: 1757574288.990443707
T_odom_lidar: 
   0.980227   0.0478674   -0.192001 -0.00975363
 -0.0455389    0.998826   0.0165247   0.0344674
   0.192567 -0.00745444    0.981256   -0.148123
          0           0           0           1
T_world_lidar: 
   0.980227   0.0478674   -0.192001 -0.00975363
 -0.0455389    0.998826   0.0165247   0.0344674
   0.192567 -0.00745444    0.981256   -0.148123
          0           0           0           1
v_world_imu: -0.0454237   -0.11805    0.76512
frame_992
id: 992
stamp: 1757574289.065867662
T_odom_lidar: 
   0.980687   0.0455842   -0.190196 -0.00217997
 -0.0437435    0.998947   0.0138671   0.0287857
   0.190627 -0.00527943    0.981648   -0.143584
          0           0           0           1
T_world_lidar: 
   0.980687   0.0455842   -0.190196 -0.00217997
 -0.0437435    0.998947   0.0138671   0.0287857
   0.190627 -0.00527943    0.981648   -0.143584
          0           0           0           1
v_world_imu: -0.0454237   -0.11805    0.76512
frame_993
id: 993
stamp: 1757574289.097503662
T_odom_lidar: 
   0.980138   0.0454285   -0.193042  -0.0174115
 -0.0439029    0.998962   0.0121754   0.0309512
   0.193395 -0.00345848    0.981115   -0.146249
          0           0           0           1
T_world_lidar: 
   0.980138   0.0454285   -0.193042  -0.0174115
 -0.0439029    0.998962   0.0121754   0.0309512
   0.193395 -0.00345848    0.981115   -0.146249
          0           0           0           1
v_world_imu: -0.0454237   -0.11805    0.76512
frame_994
id: 994
stamp: 1757574289.171375990
T_odom_lidar: 
    0.979142    0.0496512    -0.197019      -0.0316
  -0.0484944     0.998766    0.0106947    0.0375125
    0.197307 -0.000917327     0.980341    -0.153546
           0            0            0            1
T_world_lidar: 
    0.979142    0.0496512    -0.197019      -0.0316
  -0.0484944     0.998766    0.0106947    0.0375125
    0.197307 -0.000917327     0.980341    -0.153546
           0            0            0            1
v_world_imu: -0.0454237   -0.11805    0.76512
frame_995
id: 995
stamp: 1757574289.204365969
T_odom_lidar: 
   0.978419   0.0538315   -0.199498  -0.0398353
 -0.0528139     0.99855   0.0104226   0.0422752
   0.199769 0.000338619    0.979843   -0.157698
          0           0           0           1
T_world_lidar: 
   0.978419   0.0538315   -0.199498  -0.0398353
 -0.0528139     0.99855   0.0104226   0.0422752
   0.199769 0.000338619    0.979843   -0.157698
          0           0           0           1
v_world_imu: -0.0454237   -0.11805    0.76512
frame_996
id: 996
stamp: 1757574289.273924589
T_odom_lidar: 
  0.977954  0.0594352  -0.200182 -0.0428918
-0.0586577    0.99823 0.00981846  0.0521063
  0.200411 0.00214019    0.97971  -0.165044
         0          0          0          1
T_world_lidar: 
  0.977954  0.0594352  -0.200182 -0.0428918
-0.0586577    0.99823 0.00981846  0.0521063
  0.200411 0.00214019    0.97971  -0.165044
         0          0          0          1
v_world_imu: -0.0454237   -0.11805    0.76512
frame_997
id: 997
stamp: 1757574289.307690144
T_odom_lidar: 
  0.977719   0.062411  -0.200428 -0.0458394
-0.0619159   0.998043 0.00874423  0.0513927
  0.200581 0.00386025   0.979669  -0.165656
         0          0          0          1
T_world_lidar: 
  0.977719   0.062411  -0.200428 -0.0458394
-0.0619159   0.998043 0.00874423  0.0513927
  0.200581 0.00386025   0.979669  -0.165656
         0          0          0          1
v_world_imu: -0.0454237   -0.11805    0.76512
frame_998
id: 998
stamp: 1757574289.381371260
T_odom_lidar: 
  0.977724  0.0614364  -0.200702 -0.0395041
-0.0611313     0.9981 0.00772356  0.0487839
  0.200795 0.00471765   0.979622  -0.164693
         0          0          0          1
T_world_lidar: 
  0.977724  0.0614364  -0.200702 -0.0395041
-0.0611313     0.9981 0.00772356  0.0487839
  0.200795 0.00471765   0.979622  -0.164693
         0          0          0          1
v_world_imu: -0.0454237   -0.11805    0.76512
frame_999
id: 999
stamp: 1757574289.416207552
T_odom_lidar: 
  0.978282  0.0540509  -0.200106  -0.037266
-0.0538733   0.998528 0.00633699  0.0393835
  0.200154   0.004581   0.979754  -0.164543
         0          0          0          1
T_world_lidar: 
  0.978282  0.0540509  -0.200106  -0.037266
-0.0538733   0.998528 0.00633699  0.0393835
  0.200154   0.004581   0.979754  -0.164543
         0          0          0          1
v_world_imu: -0.0454237   -0.11805    0.76512
frame_1000
id: 1000
stamp: 1757574289.488598824
T_odom_lidar: 
  0.978873  0.0477756  -0.198811 -0.0257365
-0.0478361   0.998845 0.00450193   0.032935
  0.198796 0.00510351   0.980028   -0.15995
         0          0          0          1
T_world_lidar: 
  0.978873  0.0477756  -0.198811 -0.0257365
-0.0478361   0.998845 0.00450193   0.032935
  0.198796 0.00510351   0.980028   -0.15995
         0          0          0          1
v_world_imu: -0.0454237   -0.11805    0.76512
frame_1001
id: 1001
stamp: 1757574289.520383358
T_odom_lidar: 
  0.979047  0.0473761  -0.198045 -0.0268139
-0.0475593   0.998861 0.00383463  0.0304292
  0.198001 0.00566458   0.980185  -0.159081
         0          0          0          1
T_world_lidar: 
  0.979047  0.0473761  -0.198045 -0.0268139
-0.0475593   0.998861 0.00383463  0.0304292
  0.198001 0.00566458   0.980185  -0.159081
         0          0          0          1
v_world_imu: -0.0454237   -0.11805    0.76512
frame_1002
id: 1002
stamp: 1757574289.598041296
T_odom_lidar: 
  0.979508  0.0470586  -0.195829  -0.014294
 -0.047751   0.998859 0.00118683  0.0370307
  0.195661 0.00818852   0.980637  -0.146647
         0          0          0          1
T_world_lidar: 
  0.979508  0.0470586  -0.195829  -0.014294
 -0.047751   0.998859 0.00118683  0.0370307
  0.195661 0.00818852   0.980637  -0.146647
         0          0          0          1
v_world_imu: -0.0454237   -0.11805    0.76512
frame_1003
id: 1003
stamp: 1757574289.631977320
T_odom_lidar: 
  0.979939  0.0479336  -0.193449 -0.0189403
-0.0477717   0.998843  0.0055045  0.0410999
  0.193489 0.00384733   0.981095   -0.14652
         0          0          0          1
T_world_lidar: 
  0.979939  0.0479336  -0.193449 -0.0189403
-0.0477717   0.998843  0.0055045  0.0410999
  0.193489 0.00384733   0.981095   -0.14652
         0          0          0          1
v_world_imu: -0.0454237   -0.11805    0.76512
frame_1004
id: 1004
stamp: 1757574289.696943283
T_odom_lidar: 
   0.980406   0.0490445   -0.190783  -0.0113447
  -0.047844    0.998795   0.0108961   0.0497167
   0.191088 -0.00155477    0.981572   -0.145177
          0           0           0           1
T_world_lidar: 
   0.980406   0.0490445   -0.190783  -0.0113447
  -0.047844    0.998795   0.0108961   0.0497167
   0.191088 -0.00155477    0.981572   -0.145177
          0           0           0           1
v_world_imu: -0.0454237   -0.11805    0.76512
frame_1005
id: 1005
stamp: 1757574289.721919537
T_odom_lidar: 
   0.980559    0.049818   -0.189796  -0.0182163
 -0.0480718    0.998749   0.0137958   0.0478348
   0.190246 -0.00440373    0.981727   -0.148003
          0           0           0           1
T_world_lidar: 
   0.980559    0.049818   -0.189796  -0.0182163
 -0.0480718    0.998749   0.0137958   0.0478348
   0.190246 -0.00440373    0.981727   -0.148003
          0           0           0           1
v_world_imu: -0.0454237   -0.11805    0.76512
frame_1006
id: 1006
stamp: 1757574289.795271635
T_odom_lidar: 
   0.981074   0.0493747   -0.187233 -0.00701642
  -0.048051    0.998777   0.0116044   0.0418278
   0.187578 -0.00238801    0.982247   -0.139002
          0           0           0           1
T_world_lidar: 
   0.981074   0.0493747   -0.187233 -0.00701642
  -0.048051    0.998777   0.0116044   0.0418278
   0.187578 -0.00238801    0.982247   -0.139002
          0           0           0           1
v_world_imu: -0.0454237   -0.11805    0.76512
frame_1007
id: 1007
stamp: 1757574289.829611540
T_odom_lidar: 
   0.981575   0.0486758   -0.184774 -0.00916687
 -0.0480148    0.998814  0.00805239   0.0350194
   0.184947 0.000967883    0.982748   -0.134667
          0           0           0           1
T_world_lidar: 
   0.981575   0.0486758   -0.184774 -0.00916687
 -0.0480148    0.998814  0.00805239   0.0350194
   0.184947 0.000967883    0.982748   -0.134667
          0           0           0           1
v_world_imu: -0.0454237   -0.11805    0.76512
frame_1008
id: 1008
stamp: 1757574289.900899410
T_odom_lidar: 
  0.981815  0.0475932  -0.183778 -0.0154989
-0.0483039   0.998832 0.00060998  0.0214885
  0.183593 0.00827831   0.982968  -0.142624
         0          0          0          1
T_world_lidar: 
  0.981815  0.0475932  -0.183778 -0.0154989
-0.0483039   0.998832 0.00060998  0.0214885
  0.183593 0.00827831   0.982968  -0.142624
         0          0          0          1
v_world_imu: -0.0454237   -0.11805    0.76512
frame_1009
id: 1009
stamp: 1757574289.935248137
T_odom_lidar: 
  0.981498  0.0469548  -0.185624 -0.0284538
-0.0497553   0.998707 -0.0104553  0.0119979
  0.184893  0.0194976   0.982565  -0.141289
         0          0          0          1
T_world_lidar: 
  0.981498  0.0469548  -0.185624 -0.0284538
-0.0497553   0.998707 -0.0104553  0.0119979
  0.184893  0.0194976   0.982565  -0.141289
         0          0          0          1
v_world_imu: -0.0454237   -0.11805    0.76512
frame_1010
id: 1010
stamp: 1757574290.008672953
T_odom_lidar: 
  0.981489  0.0455903  -0.186015 -0.0280876
-0.0492416   0.998673 -0.0150537   0.005766
  0.185082  0.0239347   0.982432  -0.139448
         0          0          0          1
T_world_lidar: 
  0.981489  0.0455903  -0.186015 -0.0280876
-0.0492416   0.998673 -0.0150537   0.005766
  0.185082  0.0239347   0.982432  -0.139448
         0          0          0          1
v_world_imu: -0.0454237   -0.11805    0.76512
frame_1011
id: 1011
stamp: 1757574290.038212776
T_odom_lidar: 
  0.982009  0.0446753  -0.183472  -0.023204
-0.0483258   0.998712 -0.0154715  0.0150914
  0.182545  0.0240596   0.982903  -0.129975
         0          0          0          1
T_world_lidar: 
  0.982009  0.0446753  -0.183472  -0.023204
-0.0483258   0.998712 -0.0154715  0.0150914
  0.182545  0.0240596   0.982903  -0.129975
         0          0          0          1
v_world_imu: -0.0454237   -0.11805    0.76512
frame_1012
id: 1012
stamp: 1757574290.114954233
T_odom_lidar: 
   0.98285  0.0432849  -0.179253 -0.0103875
-0.0464413    0.99883 -0.0134478  0.0198364
  0.178461  0.0215419   0.983711   -0.11989
         0          0          0          1
T_world_lidar: 
   0.98285  0.0432849  -0.179253 -0.0103875
-0.0464413    0.99883 -0.0134478  0.0198364
  0.178461  0.0215419   0.983711   -0.11989
         0          0          0          1
v_world_imu: -0.0454237   -0.11805    0.76512
frame_1013
id: 1013
stamp: 1757574290.140503883
T_odom_lidar: 
   0.983522   0.0422273   -0.175787 -0.00901254
 -0.0448727    0.998931  -0.0110996   0.0202753
    0.17513   0.0188047    0.984366     -0.1123
          0           0           0           1
T_world_lidar: 
   0.983522   0.0422273   -0.175787 -0.00901254
 -0.0448727    0.998931  -0.0110996   0.0202753
    0.17513   0.0188047    0.984366     -0.1123
          0           0           0           1
v_world_imu: -0.0454237   -0.11805    0.76512
frame_1014
id: 1014
stamp: 1757574290.216017008
T_odom_lidar: 
   0.983823   0.0397823   -0.174669  0.00549142
 -0.0420832    0.999069 -0.00948769   0.0208609
   0.174129   0.0166848    0.984582   -0.120816
          0           0           0           1
T_world_lidar: 
   0.983823   0.0397823   -0.174669  0.00549142
 -0.0420832    0.999069 -0.00948769   0.0208609
   0.174129   0.0166848    0.984582   -0.120816
          0           0           0           1
v_world_imu: -0.0454237   -0.11805    0.76512
frame_1015
id: 1015
stamp: 1757574290.252336502
T_odom_lidar: 
   0.983998   0.0383186   -0.174009  0.00408166
 -0.0403121    0.999156 -0.00793498   0.0194924
   0.173558   0.0148227    0.984712   -0.120431
          0           0           0           1
T_world_lidar: 
   0.983998   0.0383186   -0.174009  0.00408166
 -0.0403121    0.999156 -0.00793498   0.0194924
   0.173558   0.0148227    0.984712   -0.120431
          0           0           0           1
v_world_imu: -0.0454237   -0.11805    0.76512
frame_1016
id: 1016
stamp: 1757574290.326114893
T_odom_lidar: 
   0.983725   0.0380747   -0.175599  -0.0025841
 -0.0399985    0.999172 -0.00742799   0.0207889
   0.175171   0.0143308    0.984434   -0.123239
          0           0           0           1
T_world_lidar: 
   0.983725   0.0380747   -0.175599  -0.0025841
 -0.0399985    0.999172 -0.00742799   0.0207889
   0.175171   0.0143308    0.984434   -0.123239
          0           0           0           1
v_world_imu: -0.0454237   -0.11805    0.76512
frame_1017
id: 1017
stamp: 1757574290.357200146
T_odom_lidar: 
   0.983089   0.0394161   -0.178836 -0.00696017
 -0.0413339    0.999121 -0.00700865   0.0200463
   0.178403   0.0142821    0.983854   -0.128569
          0           0           0           1
T_world_lidar: 
   0.983089   0.0394161   -0.178836 -0.00696017
 -0.0413339    0.999121 -0.00700865   0.0200463
   0.178403   0.0142821    0.983854   -0.128569
          0           0           0           1
v_world_imu: -0.0454237   -0.11805    0.76512
frame_1018
id: 1018
stamp: 1757574290.424071074
T_odom_lidar: 
   0.981932   0.0412667   -0.184682  -0.0217498
 -0.0431267    0.999051 -0.00606453    0.022914
   0.184256   0.0139197     0.98278   -0.139962
          0           0           0           1
T_world_lidar: 
   0.981932   0.0412667   -0.184682  -0.0217498
 -0.0431267    0.999051 -0.00606453    0.022914
   0.184256   0.0139197     0.98278   -0.139962
          0           0           0           1
v_world_imu: -0.0454237   -0.11805    0.76512
frame_1019
id: 1019
stamp: 1757574290.459312439
T_odom_lidar: 
   0.980748   0.0432371    -0.19043  -0.0324933
 -0.0448922    0.998982 -0.00438402   0.0252562
   0.190046   0.0128484    0.981691   -0.150674
          0           0           0           1
T_world_lidar: 
   0.980748   0.0432371    -0.19043  -0.0324933
 -0.0448922    0.998982 -0.00438402   0.0252562
   0.190046   0.0128484    0.981691   -0.150674
          0           0           0           1
v_world_imu: -0.0454237   -0.11805    0.76512
frame_1020
id: 1020
stamp: 1757574290.535271645
T_odom_lidar: 
  0.980426  0.0443796  -0.191822 -0.0404531
-0.0465745   0.998891 -0.0069465   0.028858
  0.191301  0.0157445   0.981405  -0.148667
         0          0          0          1
T_world_lidar: 
  0.980426  0.0443796  -0.191822 -0.0404531
-0.0465745   0.998891 -0.0069465   0.028858
  0.191301  0.0157445   0.981405  -0.148667
         0          0          0          1
v_world_imu: -0.0454237   -0.11805    0.76512
frame_1021
id: 1021
stamp: 1757574290.567651510
T_odom_lidar: 
   0.979874    0.045795   -0.194293  -0.0430151
 -0.0481812     0.99881 -0.00757093    0.026888
   0.193715   0.0167798    0.980914   -0.148222
          0           0           0           1
T_world_lidar: 
   0.979874    0.045795   -0.194293  -0.0430151
 -0.0481812     0.99881 -0.00757093    0.026888
   0.193715   0.0167798    0.980914   -0.148222
          0           0           0           1
v_world_imu: -0.0454237   -0.11805    0.76512
frame_1022
id: 1022
stamp: 1757574290.642453194
T_odom_lidar: 
   0.979496   0.0467315   -0.195966  -0.0476327
 -0.0493257    0.998748 -0.00837589   0.0254308
    0.19533   0.0178703    0.980575   -0.149247
          0           0           0           1
T_world_lidar: 
   0.979496   0.0467315   -0.195966  -0.0476327
 -0.0493257    0.998748 -0.00837589   0.0254308
    0.19533   0.0178703    0.980575   -0.149247
          0           0           0           1
v_world_imu: -0.0454237   -0.11805    0.76512
frame_1023
id: 1023
stamp: 1757574290.671822309
T_odom_lidar: 
   0.979472   0.0468921    -0.19605  -0.0465169
 -0.0494269    0.998745 -0.00805358   0.0256866
   0.195427   0.0175784    0.980561   -0.148009
          0           0           0           1
T_world_lidar: 
   0.979472   0.0468921    -0.19605  -0.0465169
 -0.0494269    0.998745 -0.00805358   0.0256866
   0.195427   0.0175784    0.980561   -0.148009
          0           0           0           1
v_world_imu: -0.0454237   -0.11805    0.76512
frame_1024
id: 1024
stamp: 1757574290.744219065
T_odom_lidar: 
   0.979814   0.0463445   -0.194467  -0.0407842
 -0.0486078    0.998794 -0.00687986   0.0269349
   0.193914   0.0161936    0.980885   -0.146078
          0           0           0           1
T_world_lidar: 
   0.979814   0.0463445   -0.194467  -0.0407842
 -0.0486078    0.998794 -0.00687986   0.0269349
   0.193914   0.0161936    0.980885   -0.146078
          0           0           0           1
v_world_imu: -0.0454237   -0.11805    0.76512
frame_1025
id: 1025
stamp: 1757574290.775635242
T_odom_lidar: 
   0.980478   0.0450028   -0.191412   -0.034365
 -0.0472881    0.998854 -0.00738563   0.0229842
    0.19086   0.0162929    0.981482   -0.141009
          0           0           0           1
T_world_lidar: 
   0.980478   0.0450028   -0.191412   -0.034365
 -0.0472881    0.998854 -0.00738563   0.0229842
    0.19086   0.0162929    0.981482   -0.141009
          0           0           0           1
v_world_imu: -0.0454237   -0.11805    0.76512
frame_1026
id: 1026
stamp: 1757574290.845889568
T_odom_lidar: 
   0.980989   0.0435685    -0.18911  -0.0213636
 -0.0451126    0.998974 -0.00386627   0.0183548
   0.188747    0.012324    0.981948   -0.137004
          0           0           0           1
T_world_lidar: 
   0.980989   0.0435685    -0.18911  -0.0213636
 -0.0451126    0.998974 -0.00386627   0.0183548
   0.188747    0.012324    0.981948   -0.137004
          0           0           0           1
v_world_imu: -0.0454237   -0.11805    0.76512
frame_1027
id: 1027
stamp: 1757574290.874541759
T_odom_lidar: 
   0.981314   0.0432078   -0.187501  -0.0217552
 -0.0444571    0.999008 -0.00246082   0.0301154
   0.187209   0.0107506    0.982261   -0.142304
          0           0           0           1
T_world_lidar: 
   0.981314   0.0432078   -0.187501  -0.0217552
 -0.0444571    0.999008 -0.00246082   0.0301154
   0.187209   0.0107506    0.982261   -0.142304
          0           0           0           1
v_world_imu: -0.0454237   -0.11805    0.76512
frame_1028
id: 1028
stamp: 1757574290.950778723
T_odom_lidar: 
    0.980873    0.0448762    -0.189407   -0.0271181
  -0.0457713     0.998952 -0.000351813    0.0333894
    0.189192   0.00901446     0.981899    -0.146631
           0            0            0            1
T_world_lidar: 
    0.980873    0.0448762    -0.189407   -0.0271181
  -0.0457713     0.998952 -0.000351813    0.0333894
    0.189192   0.00901446     0.981899    -0.146631
           0            0            0            1
v_world_imu: -0.0454237   -0.11805    0.76512
frame_1029
id: 1029
stamp: 1757574290.984283686
T_odom_lidar: 
  0.980228  0.0468296  -0.192249  -0.035281
-0.0475066    0.99887 0.00108936  0.0333212
  0.192083 0.00806525   0.981346  -0.149267
         0          0          0          1
T_world_lidar: 
  0.980228  0.0468296  -0.192249  -0.035281
-0.0475066    0.99887 0.00108936  0.0333212
  0.192083 0.00806525   0.981346  -0.149267
         0          0          0          1
v_world_imu: -0.0454237   -0.11805    0.76512
frame_1030
id: 1030
stamp: 1757574291.059906960
T_odom_lidar: 
  0.979652  0.0475907  -0.194981 -0.0424406
-0.0480239   0.998843 0.00250744  0.0333726
  0.194874 0.00690732   0.980804  -0.152468
         0          0          0          1
T_world_lidar: 
  0.979652  0.0475907  -0.194981 -0.0424406
-0.0480239   0.998843 0.00250744  0.0333726
  0.194874 0.00690732   0.980804  -0.152468
         0          0          0          1
v_world_imu: -0.0454237   -0.11805    0.76512
frame_1031
id: 1031
stamp: 1757574291.096512079
T_odom_lidar: 
  0.979582  0.0483018  -0.195154 -0.0414116
-0.0485853   0.998813 0.00333675  0.0332251
  0.195084   0.006213   0.980767  -0.151806
         0          0          0          1
T_world_lidar: 
  0.979582  0.0483018  -0.195154 -0.0414116
-0.0485853   0.998813 0.00333675  0.0332251
  0.195084   0.006213   0.980767  -0.151806
         0          0          0          1
v_world_imu: -0.0454237   -0.11805    0.76512
frame_1032
id: 1032
stamp: 1757574291.169661999
T_odom_lidar: 
  0.978977  0.0490547  -0.197986 -0.0335406
-0.0490512   0.998784 0.00492467  0.0282689
  0.197987 0.00489034   0.980192  -0.152048
         0          0          0          1
T_world_lidar: 
  0.978977  0.0490547  -0.197986 -0.0335406
-0.0490512   0.998784 0.00492467  0.0282689
  0.197987 0.00489034   0.980192  -0.152048
         0          0          0          1
v_world_imu: -0.0454237   -0.11805    0.76512
frame_1033
id: 1033
stamp: 1757574291.200862169
T_odom_lidar: 
  0.979208  0.0473474  -0.197254 -0.0336719
-0.0474367   0.998865 0.00427502  0.0267163
  0.197232 0.00517093   0.980343   -0.15251
         0          0          0          1
T_world_lidar: 
  0.979208  0.0473474  -0.197254 -0.0336719
-0.0474367   0.998865 0.00427502  0.0267163
  0.197232 0.00517093   0.980343   -0.15251
         0          0          0          1
v_world_imu: -0.0454237   -0.11805    0.76512
frame_1034
id: 1034
stamp: 1757574291.268182516
T_odom_lidar: 
  0.979313  0.0474887  -0.196701 -0.0320002
-0.0478717    0.99885 0.00280976  0.0252529
  0.196608 0.00666476    0.98046  -0.151791
         0          0          0          1
T_world_lidar: 
  0.979313  0.0474887  -0.196701 -0.0320002
-0.0478717    0.99885 0.00280976  0.0252529
  0.196608 0.00666476    0.98046  -0.151791
         0          0          0          1
v_world_imu: -0.0454237   -0.11805    0.76512
frame_1035
id: 1035
stamp: 1757574291.292937994
T_odom_lidar: 
    0.9793  0.0476493  -0.196728 -0.0329976
-0.0482398   0.998834 0.00179234  0.0249492
  0.196584 0.00773486   0.980457  -0.151321
         0          0          0          1
T_world_lidar: 
    0.9793  0.0476493  -0.196728 -0.0329976
-0.0482398   0.998834 0.00179234  0.0249492
  0.196584 0.00773486   0.980457  -0.151321
         0          0          0          1
v_world_imu: -0.0454237   -0.11805    0.76512
frame_1036
id: 1036
stamp: 1757574291.361872435
T_odom_lidar: 
  0.979069  0.0470202  -0.198024 -0.0338058
 -0.047733   0.998859 0.00117471  0.0227339
  0.197853 0.00830215   0.980197  -0.151781
         0          0          0          1
T_world_lidar: 
  0.979069  0.0470202  -0.198024 -0.0338058
 -0.047733   0.998859 0.00117471  0.0227339
  0.197853 0.00830215   0.980197  -0.151781
         0          0          0          1
v_world_imu: -0.0454237   -0.11805    0.76512
frame_1037
id: 1037
stamp: 1757574291.394373894
T_odom_lidar: 
   0.978921   0.0467567   -0.198814  -0.0362886
 -0.0476711    0.998863 0.000187919   0.0227896
   0.198597  0.00929371    0.980037   -0.151682
          0           0           0           1
T_world_lidar: 
   0.978921   0.0467567   -0.198814  -0.0362886
 -0.0476711    0.998863 0.000187919   0.0227896
   0.198597  0.00929371    0.980037   -0.151682
          0           0           0           1
v_world_imu: -0.0454237   -0.11805    0.76512
frame_1038
id: 1038
stamp: 1757574291.470388889
T_odom_lidar: 
   0.978005   0.0477436   -0.203045  -0.0323527
 -0.0489128    0.998803 -0.00074137   0.0262066
   0.202766   0.0106566    0.979169   -0.149676
          0           0           0           1
T_world_lidar: 
   0.978005   0.0477436   -0.203045  -0.0323527
 -0.0489128    0.998803 -0.00074137   0.0262066
   0.202766   0.0106566    0.979169   -0.149676
          0           0           0           1
v_world_imu: -0.0454237   -0.11805    0.76512
frame_1039
id: 1039
stamp: 1757574291.503771782
T_odom_lidar: 
  0.978544  0.0469136  -0.200624 -0.0314602
-0.0472888   0.998877 0.00292442  0.0290875
  0.200536 0.00662561   0.979664  -0.149585
         0          0          0          1
T_world_lidar: 
  0.978544  0.0469136  -0.200624 -0.0314602
-0.0472888   0.998877 0.00292442  0.0290875
  0.200536 0.00662561   0.979664  -0.149585
         0          0          0          1
v_world_imu: -0.0454237   -0.11805    0.76512
frame_1040
id: 1040
stamp: 1757574291.581341028
T_odom_lidar: 
  0.979408  0.0471896  -0.196298 -0.0175996
 -0.046491   0.998885 0.00816775  0.0330343
  0.196464 0.00112651    0.98051  -0.143454
         0          0          0          1
T_world_lidar: 
  0.979408  0.0471896  -0.196298 -0.0175996
 -0.046491   0.998885 0.00816775  0.0330343
  0.196464 0.00112651    0.98051  -0.143454
         0          0          0          1
v_world_imu: -0.0454237   -0.11805    0.76512
frame_1041
id: 1041
stamp: 1757574291.613498926
T_odom_lidar: 
    0.980405    0.0466276    -0.191393   -0.0133394
  -0.0456003     0.998912   0.00977113    0.0323066
     0.19164 -0.000852102     0.981465    -0.140892
           0            0            0            1
T_world_lidar: 
    0.980405    0.0466276    -0.191393   -0.0133394
  -0.0456003     0.998912   0.00977113    0.0323066
     0.19164 -0.000852102     0.981465    -0.140892
           0            0            0            1
v_world_imu: -0.0454237   -0.11805    0.76512
frame_1042
id: 1042
stamp: 1757574291.689896345
T_odom_lidar: 
    0.980843    0.0463861    -0.189195  -0.00681689
  -0.0453891     0.998923   0.00960162    0.0320133
    0.189436 -0.000830318     0.981893    -0.139205
           0            0            0            1
T_world_lidar: 
    0.980843    0.0463861    -0.189195  -0.00681689
  -0.0453891     0.998923   0.00960162    0.0320133
    0.189436 -0.000830318     0.981893    -0.139205
           0            0            0            1
v_world_imu: -0.0454237   -0.11805    0.76512
frame_1043
id: 1043
stamp: 1757574291.720031500
T_odom_lidar: 
    0.980979     0.045986     -0.18859   -0.0140345
  -0.0451571     0.998942   0.00869181    0.0290691
     0.18879 -1.03003e-05     0.982017    -0.140665
           0            0            0            1
T_world_lidar: 
    0.980979     0.045986     -0.18859   -0.0140345
  -0.0451571     0.998942   0.00869181    0.0290691
     0.18879 -1.03003e-05     0.982017    -0.140665
           0            0            0            1
v_world_imu: -0.0454237   -0.11805    0.76512
frame_1044
id: 1044
stamp: 1757574291.795008183
T_odom_lidar: 
  0.981218  0.0448986  -0.187604 -0.0171543
 -0.044896   0.998983 0.00426535  0.0318708
  0.187605 0.00423742   0.982236  -0.134883
         0          0          0          1
T_world_lidar: 
  0.981218  0.0448986  -0.187604 -0.0171543
 -0.044896   0.998983 0.00426535  0.0318708
  0.187605 0.00423742   0.982236  -0.134883
         0          0          0          1
v_world_imu: -0.0454237   -0.11805    0.76512
frame_1045
id: 1045
stamp: 1757574291.824593544
T_odom_lidar: 
  0.981055  0.0449505   -0.18844 -0.0224805
-0.0454161   0.998966 0.00184861  0.0295468
  0.188329 0.00674463   0.982083  -0.138027
         0          0          0          1
T_world_lidar: 
  0.981055  0.0449505   -0.18844 -0.0224805
-0.0454161   0.998966 0.00184861  0.0295468
  0.188329 0.00674463   0.982083  -0.138027
         0          0          0          1
v_world_imu: -0.0454237   -0.11805    0.76512
frame_1046
id: 1046
stamp: 1757574291.896708488
T_odom_lidar: 
  0.980602  0.0450625  -0.190757  -0.026678
-0.0457111   0.998954 0.00100105  0.0290033
  0.190603 0.00773809   0.981637   -0.14188
         0          0          0          1
T_world_lidar: 
  0.980602  0.0450625  -0.190757  -0.026678
-0.0457111   0.998954 0.00100105  0.0290033
  0.190603 0.00773809   0.981637   -0.14188
         0          0          0          1
v_world_imu: -0.0454237   -0.11805    0.76512
frame_1047
id: 1047
stamp: 1757574291.934425116
T_odom_lidar: 
   0.979905   0.0450877   -0.194303  -0.0324168
 -0.0458163     0.99895 0.000744885   0.0281543
   0.194133  0.00817234    0.980941   -0.148282
          0           0           0           1
T_world_lidar: 
   0.979905   0.0450877   -0.194303  -0.0324168
 -0.0458163     0.99895 0.000744885   0.0281543
   0.194133  0.00817234    0.980941   -0.148282
          0           0           0           1
v_world_imu: -0.0454237   -0.11805    0.76512
frame_1048
id: 1048
stamp: 1757574292.003989697
T_odom_lidar: 
   0.979341   0.0447773   -0.197198  -0.0374333
 -0.0454774    0.998965 0.000978912   0.0285292
   0.197038  0.00800938    0.980363   -0.152886
          0           0           0           1
T_world_lidar: 
   0.979341   0.0447773   -0.197198  -0.0374333
 -0.0454774    0.998965 0.000978912   0.0285292
   0.197038  0.00800938    0.980363   -0.152886
          0           0           0           1
v_world_imu: -0.0454237   -0.11805    0.76512
frame_1049
id: 1049
stamp: 1757574292.034520864
T_odom_lidar: 
   0.97893   0.045019  -0.199174 -0.0391903
-0.0455443    0.99896 0.00194557  0.0277106
  0.199054 0.00716665   0.979962  -0.156458
         0          0          0          1
T_world_lidar: 
   0.97893   0.045019  -0.199174 -0.0391903
-0.0455443    0.99896 0.00194557  0.0277106
  0.199054 0.00716665   0.979962  -0.156458
         0          0          0          1
v_world_imu: -0.0454237   -0.11805    0.76512
frame_1050
id: 1050
stamp: 1757574292.115313530
T_odom_lidar: 
    0.97808   0.0448091   -0.203349  -0.0332574
 -0.0456532    0.998957 0.000540197   0.0319255
   0.203161  0.00875518    0.979106   -0.154003
          0           0           0           1
T_world_lidar: 
    0.97808   0.0448091   -0.203349  -0.0332574
 -0.0456532    0.998957 0.000540197   0.0319255
   0.203161  0.00875518    0.979106   -0.154003
          0           0           0           1
v_world_imu: -0.0454237   -0.11805    0.76512
frame_1051
id: 1051
stamp: 1757574292.148552179
T_odom_lidar: 
    0.97789   0.0451894   -0.204178  -0.0356983
 -0.0460556    0.998939 0.000509969   0.0317927
   0.203984  0.00890485    0.978934   -0.154553
          0           0           0           1
T_world_lidar: 
    0.97789   0.0451894   -0.204178  -0.0356983
 -0.0460556    0.998939 0.000509969   0.0317927
   0.203984  0.00890485    0.978934   -0.154553
          0           0           0           1
v_world_imu: -0.0454237   -0.11805    0.76512
frame_1052
id: 1052
stamp: 1757574292.218639612
T_odom_lidar: 
   0.978189    0.044423   -0.202911  -0.0277997
 -0.0453659     0.99897 4.31514e-06   0.0316455
   0.202702  0.00920101    0.979197   -0.152455
          0           0           0           1
T_world_lidar: 
   0.978189    0.044423   -0.202911  -0.0277997
 -0.0453659     0.99897 4.31514e-06   0.0316455
   0.202702  0.00920101    0.979197   -0.152455
          0           0           0           1
v_world_imu: -0.0454237   -0.11805    0.76512
frame_1053
id: 1053
stamp: 1757574292.254411936
T_odom_lidar: 
  0.978827  0.0423522   -0.20026  -0.024486
-0.0432233   0.999065 2.2401e-05  0.0290618
  0.200074 0.00863399   0.979743  -0.149371
         0          0          0          1
T_world_lidar: 
  0.978827  0.0423522   -0.20026  -0.024486
-0.0432233   0.999065 2.2401e-05  0.0290618
  0.200074 0.00863399   0.979743  -0.149371
         0          0          0          1
v_world_imu: -0.0454237   -0.11805    0.76512
frame_1054
id: 1054
stamp: 1757574292.324859619
T_odom_lidar: 
  0.979268  0.0408708  -0.198405  -0.014448
-0.0414825   0.999139 0.00107434  0.0319688
  0.198278 0.00717826    0.98012  -0.145307
         0          0          0          1
T_world_lidar: 
  0.979268  0.0408708  -0.198405  -0.014448
-0.0414825   0.999139 0.00107434  0.0319688
  0.198278 0.00717826    0.98012  -0.145307
         0          0          0          1
v_world_imu: -0.0454237   -0.11805    0.76512
frame_1055
id: 1055
stamp: 1757574292.361854553
T_odom_lidar: 
  0.979672  0.0392111  -0.196736 -0.0147278
-0.0395381   0.999215 0.00226683   0.030346
  0.196671 0.00555781   0.980454  -0.142723
         0          0          0          1
T_world_lidar: 
  0.979672  0.0392111  -0.196736 -0.0147278
-0.0395381   0.999215 0.00226683   0.030346
  0.196671 0.00555781   0.980454  -0.142723
         0          0          0          1
v_world_imu: -0.0454237   -0.11805    0.76512
frame_1056
id: 1056
stamp: 1757574292.434314966
T_odom_lidar: 
  0.979938   0.039037  -0.195441 -0.0159747
-0.0393322   0.999223 0.00237185  0.0317074
  0.195382 0.00536286   0.980713  -0.144924
         0          0          0          1
T_world_lidar: 
  0.979938   0.039037  -0.195441 -0.0159747
-0.0393322   0.999223 0.00237185  0.0317074
  0.195382 0.00536286   0.980713  -0.144924
         0          0          0          1
v_world_imu: -0.0454237   -0.11805    0.76512
frame_1057
id: 1057
stamp: 1757574292.465394258
T_odom_lidar: 
  0.980151  0.0397296  -0.194231 -0.0204763
-0.0395003   0.999207 0.00505466  0.0305566
  0.194278 0.00271786   0.980943  -0.144266
         0          0          0          1
T_world_lidar: 
  0.980151  0.0397296  -0.194231 -0.0204763
-0.0395003   0.999207 0.00505466  0.0305566
  0.194278 0.00271786   0.980943  -0.144266
         0          0          0          1
v_world_imu: -0.0454237   -0.11805    0.76512
frame_1058
id: 1058
stamp: 1757574292.539840460
T_odom_lidar: 
    0.980652    0.0398603    -0.191659   -0.0112613
  -0.0390601     0.999205   0.00795315    0.0334068
    0.191824 -0.000313042     0.981429    -0.137977
           0            0            0            1
T_world_lidar: 
    0.980652    0.0398603    -0.191659   -0.0112613
  -0.0390601     0.999205   0.00795315    0.0334068
    0.191824 -0.000313042     0.981429    -0.137977
           0            0            0            1
v_world_imu: -0.0454237   -0.11805    0.76512
frame_1059
id: 1059
stamp: 1757574292.574620247
T_odom_lidar: 
   0.980756   0.0403035   -0.191032  -0.0150768
 -0.0390872    0.999184   0.0101321   0.0320335
   0.191285 -0.00247015    0.981531   -0.139206
          0           0           0           1
T_world_lidar: 
   0.980756   0.0403035   -0.191032  -0.0150768
 -0.0390872    0.999184   0.0101321   0.0320335
   0.191285 -0.00247015    0.981531   -0.139206
          0           0           0           1
v_world_imu: -0.0454237   -0.11805    0.76512
frame_1060
id: 1060
stamp: 1757574292.649547815
T_odom_lidar: 
   0.981167   0.0394314   -0.189093 -0.00514964
 -0.0375131    0.999202   0.0137149   0.0333104
   0.189483 -0.00636319    0.981863   -0.134119
          0           0           0           1
T_world_lidar: 
   0.981167   0.0394314   -0.189093 -0.00514964
 -0.0375131    0.999202   0.0137149   0.0333104
   0.189483 -0.00636319    0.981863   -0.134119
          0           0           0           1
v_world_imu: -0.0454237   -0.11805    0.76512
frame_1061
id: 1061
stamp: 1757574292.679548740
T_odom_lidar: 
   0.981568   0.0374867   -0.187403 -0.00627685
  -0.035498    0.999272    0.013958   0.0287139
    0.18779 -0.00704833    0.982184   -0.133841
          0           0           0           1
T_world_lidar: 
   0.981568   0.0374867   -0.187403 -0.00627685
  -0.035498    0.999272    0.013958   0.0287139
    0.18779 -0.00704833    0.982184   -0.133841
          0           0           0           1
v_world_imu: -0.0454237   -0.11805    0.76512
frame_1062
id: 1062
stamp: 1757574292.754304647
T_odom_lidar: 
   0.981954    0.040968   -0.184627 0.000660779
 -0.0396522    0.999155   0.0108151   0.0246437
   0.184914 -0.00329911    0.982749    -0.13124
          0           0           0           1
T_world_lidar: 
   0.981954    0.040968   -0.184627 0.000660779
 -0.0396522    0.999155   0.0108151   0.0246437
   0.184914 -0.00329911    0.982749    -0.13124
          0           0           0           1
v_world_imu: -0.0454237   -0.11805    0.76512
frame_1063
id: 1063
stamp: 1757574292.788351297
T_odom_lidar: 
  0.981546  0.0427793  -0.186377 -0.0113443
-0.0431553   0.999066  0.0020414   0.014974
  0.186291 0.00603944   0.982476  -0.135959
         0          0          0          1
T_world_lidar: 
  0.981546  0.0427793  -0.186377 -0.0113443
-0.0431553   0.999066  0.0020414   0.014974
  0.186291 0.00603944   0.982476  -0.135959
         0          0          0          1
v_world_imu: -0.0454237   -0.11805    0.76512
frame_1064
id: 1064
stamp: 1757574292.857790709
T_odom_lidar: 
   0.981075   0.0438066   -0.188606  -0.0228726
 -0.0452938    0.998967 -0.00358029   0.0117391
   0.188254   0.0120552    0.982046   -0.142388
          0           0           0           1
T_world_lidar: 
   0.981075   0.0438066   -0.188606  -0.0228726
 -0.0452938    0.998967 -0.00358029   0.0117391
   0.188254   0.0120552    0.982046   -0.142388
          0           0           0           1
v_world_imu: -0.0454237   -0.11805    0.76512
frame_1065
id: 1065
stamp: 1757574292.891891956
T_odom_lidar: 
   0.980125   0.0434942   -0.193552  -0.0323311
 -0.0455432    0.998943 -0.00614708   0.0156874
   0.193081   0.0148399    0.981071   -0.147425
          0           0           0           1
T_world_lidar: 
   0.980125   0.0434942   -0.193552  -0.0323311
 -0.0455432    0.998943 -0.00614708   0.0156874
   0.193081   0.0148399    0.981071   -0.147425
          0           0           0           1
v_world_imu: -0.0454237   -0.11805    0.76512
frame_1066
id: 1066
stamp: 1757574292.964839697
T_odom_lidar: 
    0.97913   0.0348382   -0.200225  -0.0479615
 -0.0368755    0.999299 -0.00645351   0.0131653
    0.19986   0.0137022    0.979729   -0.160721
          0           0           0           1
T_world_lidar: 
    0.97913   0.0348382   -0.200225  -0.0479615
 -0.0368755    0.999299 -0.00645351   0.0131653
    0.19986   0.0137022    0.979729   -0.160721
          0           0           0           1
v_world_imu: -0.0454237   -0.11805    0.76512
frame_1067
id: 1067
stamp: 1757574292.999989986
T_odom_lidar: 
   0.978519   0.0253101   -0.204598  -0.0524046
 -0.0263576     0.99965 -0.00239578   0.0142283
   0.204465  0.00773701    0.978843   -0.166954
          0           0           0           1
T_world_lidar: 
   0.978519   0.0253101   -0.204598  -0.0524046
 -0.0263576     0.99965 -0.00239578   0.0142283
   0.204465  0.00773701    0.978843   -0.166954
          0           0           0           1
v_world_imu: -0.0454237   -0.11805    0.76512
frame_1068
id: 1068
stamp: 1757574293.077233791
T_odom_lidar: 
    0.978276    0.0205862    -0.206283   -0.0411409
  -0.0199595     0.999788   0.00511892    0.0157159
    0.206345 -0.000890412     0.978479    -0.178083
           0            0            0            1
T_world_lidar: 
    0.978276    0.0205862    -0.206283   -0.0411409
  -0.0199595     0.999788   0.00511892    0.0157159
    0.206345 -0.000890412     0.978479    -0.178083
           0            0            0            1
v_world_imu: -0.0454237   -0.11805    0.76512
frame_1069
id: 1069
stamp: 1757574293.109543800
T_odom_lidar: 
  0.978809   0.018251   -0.20396 -0.0269102
-0.0170252   0.999825 0.00776288  0.0160819
  0.204066 -0.0041259   0.978948  -0.174106
         0          0          0          1
T_world_lidar: 
  0.978809   0.018251   -0.20396 -0.0269102
-0.0170252   0.999825 0.00776288  0.0160819
  0.204066 -0.0041259   0.978948  -0.174106
         0          0          0          1
v_world_imu: -0.0454237   -0.11805    0.76512
frame_1070
id: 1070
stamp: 1757574293.181479931
T_odom_lidar: 
   0.979939   0.0195563   -0.198333  -0.0107293
 -0.0186081    0.999805  0.00664373   0.0153909
   0.198425 -0.00281985    0.980112   -0.159046
          0           0           0           1
T_world_lidar: 
   0.979939   0.0195563   -0.198333  -0.0107293
 -0.0186081    0.999805  0.00664373   0.0153909
   0.198425 -0.00281985    0.980112   -0.159046
          0           0           0           1
v_world_imu: -0.0454237   -0.11805    0.76512
frame_1071
id: 1071
stamp: 1757574293.214780569
T_odom_lidar: 
   0.980943   0.0229601   -0.192936 -0.00219424
    -0.0228    0.999735  0.00305064   0.0117631
   0.192955  0.00140643    0.981207    -0.14623
          0           0           0           1
T_world_lidar: 
   0.980943   0.0229601   -0.192936 -0.00219424
    -0.0228    0.999735  0.00305064   0.0117631
   0.192955  0.00140643    0.981207    -0.14623
          0           0           0           1
v_world_imu: -0.0454237   -0.11805    0.76512
frame_1072
id: 1072
stamp: 1757574293.288208485
T_odom_lidar: 
   0.982606    0.027156   -0.183704   0.0155165
 -0.0283924    0.999588 -0.00410319   0.0073867
   0.183517  0.00924763    0.982973   -0.124664
          0           0           0           1
T_world_lidar: 
   0.982606    0.027156   -0.183704   0.0155165
 -0.0283924    0.999588 -0.00410319   0.0073867
   0.183517  0.00924763    0.982973   -0.124664
          0           0           0           1
v_world_imu: -0.0454237   -0.11805    0.76512
frame_1073
id: 1073
stamp: 1757574293.323235035
T_odom_lidar: 
   0.983525   0.0300325   -0.178261   0.0227911
 -0.0321616    0.999442 -0.00906556  0.00703703
   0.177889   0.0146494    0.983941   -0.113411
          0           0           0           1
T_world_lidar: 
   0.983525   0.0300325   -0.178261   0.0227911
 -0.0321616    0.999442 -0.00906556  0.00703703
   0.177889   0.0146494    0.983941   -0.113411
          0           0           0           1
v_world_imu: -0.0454237   -0.11805    0.76512
frame_1074
id: 1074
stamp: 1757574293.397817612
T_odom_lidar: 
   0.983907   0.0368806   -0.174833   0.0140395
 -0.0388017    0.999218 -0.00758143  0.00665004
   0.174417   0.0142433    0.984569   -0.116476
          0           0           0           1
T_world_lidar: 
   0.983907   0.0368806   -0.174833   0.0140395
 -0.0388017    0.999218 -0.00758143  0.00665004
   0.174417   0.0142433    0.984569   -0.116476
          0           0           0           1
v_world_imu: -0.0454237   -0.11805    0.76512
frame_1075
id: 1075
stamp: 1757574293.432147741
T_odom_lidar: 
   0.983192   0.0402326   -0.178085  0.00144165
  -0.041938    0.999103 -0.00582089   0.0189146
   0.177692   0.0131916    0.983998   -0.123793
          0           0           0           1
T_world_lidar: 
   0.983192   0.0402326   -0.178085  0.00144165
  -0.041938    0.999103 -0.00582089   0.0189146
   0.177692   0.0131916    0.983998   -0.123793
          0           0           0           1
v_world_imu: -0.0454237   -0.11805    0.76512
frame_1076
id: 1076
stamp: 1757574293.505975723
T_odom_lidar: 
    0.98222   0.0433126   -0.182669  -0.0114603
  -0.044305    0.999017 -0.00135366   0.0299435
   0.182431  0.00942276    0.983173   -0.131354
          0           0           0           1
T_world_lidar: 
    0.98222   0.0433126   -0.182669  -0.0114603
  -0.044305    0.999017 -0.00135366   0.0299435
   0.182431  0.00942276    0.983173   -0.131354
          0           0           0           1
v_world_imu: -0.0454237   -0.11805    0.76512
frame_1077
id: 1077
stamp: 1757574293.536881447
T_odom_lidar: 
  0.981102  0.0461688  -0.187901 -0.0235647
-0.0462161   0.998923 0.00413177  0.0367866
  0.187889 0.00463034   0.982179  -0.145128
         0          0          0          1
T_world_lidar: 
  0.981102  0.0461688  -0.187901 -0.0235647
-0.0462161   0.998923 0.00413177  0.0367866
  0.187889 0.00463034   0.982179  -0.145128
         0          0          0          1
v_world_imu: -0.0454237   -0.11805    0.76512
frame_1078
id: 1078
stamp: 1757574293.613320112
T_odom_lidar: 
  0.980319   0.046588  -0.191847 -0.0322187
-0.0462745    0.99891 0.00611698  0.0389351
  0.191923 0.00288102   0.981406  -0.153397
         0          0          0          1
T_world_lidar: 
  0.980319   0.046588  -0.191847 -0.0322187
-0.0462745    0.99891 0.00611698  0.0389351
  0.191923 0.00288102   0.981406  -0.153397
         0          0          0          1
v_world_imu: -0.0454237   -0.11805    0.76512
frame_1079
id: 1079
stamp: 1757574293.644528389
T_odom_lidar: 
  0.980353  0.0405023  -0.193047 -0.0353095
-0.0405267   0.999171 0.00382431  0.0274922
  0.193042 0.00407438   0.981182  -0.155063
         0          0          0          1
T_world_lidar: 
  0.980353  0.0405023  -0.193047 -0.0353095
-0.0405267   0.999171 0.00382431  0.0274922
  0.193042 0.00407438   0.981182  -0.155063
         0          0          0          1
v_world_imu: -0.0454237   -0.11805    0.76512
frame_1080
id: 1080
stamp: 1757574293.720033407
T_odom_lidar: 
  0.980143  0.0304501  -0.195942 -0.0358496
-0.0314717   0.999502 -0.0021016  0.0149601
  0.195781 0.00822651   0.980613  -0.153717
         0          0          0          1
T_world_lidar: 
  0.980143  0.0304501  -0.195942 -0.0358496
-0.0314717   0.999502 -0.0021016  0.0149601
  0.195781 0.00822651   0.980613  -0.153717
         0          0          0          1
v_world_imu: -0.0454237   -0.11805    0.76512
frame_1081
id: 1081
stamp: 1757574293.755600452
T_odom_lidar: 
   0.980378   0.0281521   -0.195104  -0.0351771
 -0.0301417    0.999519 -0.00723561   0.0125875
   0.194806   0.0129744    0.980756   -0.153001
          0           0           0           1
T_world_lidar: 
   0.980378   0.0281521   -0.195104  -0.0351771
 -0.0301417    0.999519 -0.00723561   0.0125875
   0.194806   0.0129744    0.980756   -0.153001
          0           0           0           1
v_world_imu: -0.0454237   -0.11805    0.76512
frame_1082
id: 1082
stamp: 1757574293.832107544
T_odom_lidar: 
   0.980692   0.0197255   -0.194563  -0.0322168
 -0.0218121    0.999725 -0.00858787  0.00920842
    0.19434   0.0126659    0.980852     -0.1526
          0           0           0           1
T_world_lidar: 
   0.980692   0.0197255   -0.194563  -0.0322168
 -0.0218121    0.999725 -0.00858787  0.00920842
    0.19434   0.0126659    0.980852     -0.1526
          0           0           0           1
v_world_imu: -0.0454237   -0.11805    0.76512
frame_1083
id: 1083
stamp: 1757574293.865254164
T_odom_lidar: 
  0.981896  0.0168325  -0.188673 -0.0184435
-0.0192054   0.999758 -0.0107554  0.0104729
  0.188447  0.0141842   0.981981  -0.146009
         0          0          0          1
T_world_lidar: 
  0.981896  0.0168325  -0.188673 -0.0184435
-0.0192054   0.999758 -0.0107554  0.0104729
  0.188447  0.0141842   0.981981  -0.146009
         0          0          0          1
v_world_imu: -0.0454237   -0.11805    0.76512
frame_1084
id: 1084
stamp: 1757574293.936230659
T_odom_lidar: 
   0.982458  0.00693432   -0.186357 -0.00485585
-0.00874245    0.999922 -0.00888243   0.0168714
   0.186281   0.0103558    0.982442   -0.142979
          0           0           0           1
T_world_lidar: 
   0.982458  0.00693432   -0.186357 -0.00485585
-0.00874245    0.999922 -0.00888243   0.0168714
   0.186281   0.0103558    0.982442   -0.142979
          0           0           0           1
v_world_imu: -0.0454237   -0.11805    0.76512
frame_1085
id: 1085
stamp: 1757574293.968458891
T_odom_lidar: 
    0.982235 -0.000981476    -0.187652   -0.0142947
-3.90335e-05     0.999985  -0.00543455     0.019722
    0.187654   0.00534533     0.982221    -0.142991
           0            0            0            1
T_world_lidar: 
    0.982235 -0.000981476    -0.187652   -0.0142947
-3.90335e-05     0.999985  -0.00543455     0.019722
    0.187654   0.00534533     0.982221    -0.142991
           0            0            0            1
v_world_imu: -0.0454237   -0.11805    0.76512
frame_1086
id: 1086
stamp: 1757574294.045369148
T_odom_lidar: 
   0.981973 -0.00625524   -0.188919 -0.00487319
 0.00616515     0.99998 -0.00106452   0.0236972
   0.188922 -0.00011938    0.981992   -0.139048
          0           0           0           1
T_world_lidar: 
   0.981973 -0.00625524   -0.188919 -0.00487319
 0.00616515     0.99998 -0.00106452   0.0236972
   0.188922 -0.00011938    0.981992   -0.139048
          0           0           0           1
v_world_imu: -0.0454237   -0.11805    0.76512
frame_1087
id: 1087
stamp: 1757574294.082622766
T_odom_lidar: 
   0.981514 0.000113965   -0.191388 -0.00839797
0.000723679     0.99999  0.00430677   0.0272634
   0.191387 -0.00436566    0.981505   -0.140756
          0           0           0           1
T_world_lidar: 
   0.981514 0.000113965   -0.191388 -0.00839797
0.000723679     0.99999  0.00430677   0.0272634
   0.191387 -0.00436566    0.981505   -0.140756
          0           0           0           1
v_world_imu: -0.0454237   -0.11805    0.76512
frame_1088
id: 1088
stamp: 1757574294.151952744
T_odom_lidar: 
   0.981174   0.0145883   -0.192576  -0.0153161
 -0.0124687    0.999848   0.0122138   0.0280946
   0.192725 -0.00958273    0.981206   -0.143173
          0           0           0           1
T_world_lidar: 
   0.981174   0.0145883   -0.192576  -0.0153161
 -0.0124687    0.999848   0.0122138   0.0280946
   0.192725 -0.00958273    0.981206   -0.143173
          0           0           0           1
v_world_imu: -0.0454237   -0.11805    0.76512
frame_1089
id: 1089
stamp: 1757574294.182462931
T_odom_lidar: 
  0.980585  0.0316953  -0.193518 -0.0230055
-0.0288084   0.999428  0.0177148   0.031144
  0.193969 -0.0117959   0.980937  -0.153159
         0          0          0          1
T_world_lidar: 
  0.980585  0.0316953  -0.193518 -0.0230055
-0.0288084   0.999428  0.0177148   0.031144
  0.193969 -0.0117959   0.980937  -0.153159
         0          0          0          1
v_world_imu: -0.0454237   -0.11805    0.76512
frame_1090
id: 1090
stamp: 1757574294.260890722
T_odom_lidar: 
   0.980079   0.0451548   -0.193409  -0.0241227
 -0.0425728     0.99894   0.0174874   0.0310694
   0.193994 -0.00890508    0.980962   -0.157447
          0           0           0           1
T_world_lidar: 
   0.980079   0.0451548   -0.193409  -0.0241227
 -0.0425728     0.99894   0.0174874   0.0310694
   0.193994 -0.00890508    0.980962   -0.157447
          0           0           0           1
v_world_imu: -0.0454237   -0.11805    0.76512
frame_1091
id: 1091
stamp: 1757574294.294892788
T_odom_lidar: 
   0.980051   0.0492913   -0.192538  -0.0266703
  -0.047302    0.998769   0.0149183   0.0279281
   0.193036 -0.00551325    0.981176   -0.158553
          0           0           0           1
T_world_lidar: 
   0.980051   0.0492913   -0.192538  -0.0266703
  -0.047302    0.998769   0.0149183   0.0279281
   0.193036 -0.00551325    0.981176   -0.158553
          0           0           0           1
v_world_imu: -0.0454237   -0.11805    0.76512
frame_1092
id: 1092
stamp: 1757574294.371641397
T_odom_lidar: 
   0.979659   0.0490806   -0.194577   -0.035956
  -0.047708    0.998792   0.0117369    0.033883
   0.194918 -0.00221527    0.980817   -0.153207
          0           0           0           1
T_world_lidar: 
   0.979659   0.0490806   -0.194577   -0.035956
  -0.047708    0.998792   0.0117369    0.033883
   0.194918 -0.00221527    0.980817   -0.153207
          0           0           0           1
v_world_imu: -0.0454237   -0.11805    0.76512
frame_1093
id: 1093
stamp: 1757574294.405989408
T_odom_lidar: 
    0.979693    0.0483727     -0.19458   -0.0396482
  -0.0474254     0.998829   0.00952664    0.0323682
    0.194814 -0.000105128      0.98084    -0.150751
           0            0            0            1
T_world_lidar: 
    0.979693    0.0483727     -0.19458   -0.0396482
  -0.0474254     0.998829   0.00952664    0.0323682
    0.194814 -0.000105128      0.98084    -0.150751
           0            0            0            1
v_world_imu: -0.0454237   -0.11805    0.76512
frame_1094
id: 1094
stamp: 1757574294.480080128
T_odom_lidar: 
  0.980088  0.0466093  -0.193015 -0.0353528
-0.0464677   0.998906 0.00526335  0.0279705
  0.193049 0.00381041   0.981182  -0.149124
         0          0          0          1
T_world_lidar: 
  0.980088  0.0466093  -0.193015 -0.0353528
-0.0464677   0.998906 0.00526335  0.0279705
  0.193049 0.00381041   0.981182  -0.149124
         0          0          0          1
v_world_imu: -0.0454237   -0.11805    0.76512
frame_1095
id: 1095
stamp: 1757574294.516407251
T_odom_lidar: 
   0.980245   0.0473092   -0.192046   -0.034849
 -0.0480978    0.998842 0.000556161    0.023727
    0.19185  0.00869181    0.981386   -0.148951
          0           0           0           1
T_world_lidar: 
   0.980245   0.0473092   -0.192046   -0.034849
 -0.0480978    0.998842 0.000556161    0.023727
    0.19185  0.00869181    0.981386   -0.148951
          0           0           0           1
v_world_imu: -0.0454237   -0.11805    0.76512
frame_1096
id: 1096
stamp: 1757574294.587709427
T_odom_lidar: 
    0.97999   0.0507944   -0.192455  -0.0373964
 -0.0521947    0.998634 -0.00220965    0.019964
    0.19208   0.0122106    0.981303   -0.150301
          0           0           0           1
T_world_lidar: 
    0.97999   0.0507944   -0.192455  -0.0373964
 -0.0521947    0.998634 -0.00220965    0.019964
    0.19208   0.0122106    0.981303   -0.150301
          0           0           0           1
v_world_imu: -0.0454237   -0.11805    0.76512
frame_1097
id: 1097
stamp: 1757574294.622502804
T_odom_lidar: 
   0.979431   0.0557862   -0.193913  -0.0409563
 -0.0576872    0.998326 -0.00416582   0.0183396
   0.193356   0.0152664     0.98101   -0.152394
          0           0           0           1
T_world_lidar: 
   0.979431   0.0557862   -0.193913  -0.0409563
 -0.0576872    0.998326 -0.00416582   0.0183396
   0.193356   0.0152664     0.98101   -0.152394
          0           0           0           1
v_world_imu: -0.0454237   -0.11805    0.76512
frame_1098
id: 1098
stamp: 1757574294.694732428
T_odom_lidar: 
   0.979147   0.0582805   -0.194611   -0.045639
 -0.0609766    0.998108 -0.00788685   0.0228879
   0.193784   0.0195891    0.980849   -0.146351
          0           0           0           1
T_world_lidar: 
   0.979147   0.0582805   -0.194611   -0.045639
 -0.0609766    0.998108 -0.00788685   0.0228879
   0.193784   0.0195891    0.980849   -0.146351
          0           0           0           1
v_world_imu: -0.0454237   -0.11805    0.76512
frame_1099
id: 1099
stamp: 1757574294.728027344
T_odom_lidar: 
   0.978815   0.0580851   -0.196333  -0.0451133
 -0.0606565    0.998133 -0.00710471   0.0232368
   0.195554   0.0188631    0.980511   -0.149102
          0           0           0           1
T_world_lidar: 
   0.978815   0.0580851   -0.196333  -0.0451133
 -0.0606565    0.998133 -0.00710471   0.0232368
   0.195554   0.0188631    0.980511   -0.149102
          0           0           0           1
v_world_imu: -0.0454237   -0.11805    0.76512
frame_1100
id: 1100
stamp: 1757574294.806241274
T_odom_lidar: 
    0.97902   0.0537995   -0.196535  -0.0408549
 -0.0561069    0.998406 -0.00618773    0.026665
   0.195888   0.0170849    0.980477   -0.148331
          0           0           0           1
T_world_lidar: 
    0.97902   0.0537995   -0.196535  -0.0408549
 -0.0561069    0.998406 -0.00618773    0.026665
   0.195888   0.0170849    0.980477   -0.148331
          0           0           0           1
v_world_imu: -0.0454237   -0.11805    0.76512
frame_1101
id: 1101
stamp: 1757574294.838235855
T_odom_lidar: 
   0.979258   0.0474028   -0.196994  -0.0385297
 -0.0494217    0.998764 -0.00534245   0.0252096
   0.196497   0.0149674     0.98039   -0.149787
          0           0           0           1
T_world_lidar: 
   0.979258   0.0474028   -0.196994  -0.0385297
 -0.0494217    0.998764 -0.00534245   0.0252096
   0.196497   0.0149674     0.98039   -0.149787
          0           0           0           1
v_world_imu: -0.0454237   -0.11805    0.76512
frame_1102
id: 1102
stamp: 1757574294.909019947
T_odom_lidar: 
   0.979646   0.0444387   -0.195751  -0.0327113
 -0.0460276    0.998934 -0.00357271   0.0296102
   0.195384   0.0125099    0.980647   -0.148431
          0           0           0           1
T_world_lidar: 
   0.979646   0.0444387   -0.195751  -0.0327113
 -0.0460276    0.998934 -0.00357271   0.0296102
   0.195384   0.0125099    0.980647   -0.148431
          0           0           0           1
v_world_imu: -0.0454237   -0.11805    0.76512
frame_1103
id: 1103
stamp: 1757574294.940513611
T_odom_lidar: 
   0.979665   0.0432011   -0.195932  -0.0352354
 -0.0443994    0.999012 -0.00172548   0.0301243
   0.195664   0.0103897    0.980616   -0.150214
          0           0           0           1
T_world_lidar: 
   0.979665   0.0432011   -0.195932  -0.0352354
 -0.0443994    0.999012 -0.00172548   0.0301243
   0.195664   0.0103897    0.980616   -0.150214
          0           0           0           1
v_world_imu: -0.0454237   -0.11805    0.76512
frame_1104
id: 1104
stamp: 1757574295.009033203
T_odom_lidar: 
   0.979247   0.0429846    -0.19806  -0.0311218
 -0.0440932    0.999027 -0.00118838   0.0355267
   0.197816  0.00989683    0.980189   -0.151732
          0           0           0           1
T_world_lidar: 
   0.979247   0.0429846    -0.19806  -0.0311218
 -0.0440932    0.999027 -0.00118838   0.0355267
   0.197816  0.00989683    0.980189   -0.151732
          0           0           0           1
v_world_imu: -0.0454237   -0.11805    0.76512
frame_1105
id: 1105
stamp: 1757574295.042769670
T_odom_lidar: 
   0.97944  0.0428741  -0.197127 -0.0301395
-0.0431316   0.999065 0.00298909  0.0337376
  0.197071 0.00557478   0.980373  -0.151011
         0          0          0          1
T_world_lidar: 
   0.97944  0.0428741  -0.197127 -0.0301395
-0.0431316   0.999065 0.00298909  0.0337376
  0.197071 0.00557478   0.980373  -0.151011
         0          0          0          1
v_world_imu: -0.0454237   -0.11805    0.76512
frame_1106
id: 1106
stamp: 1757574295.115340471
T_odom_lidar: 
   0.979783   0.0432132    -0.19534  -0.0215175
 -0.0425387    0.999066  0.00764865   0.0384563
   0.195488 0.000815487    0.980706   -0.147936
          0           0           0           1
T_world_lidar: 
   0.979783   0.0432132    -0.19534  -0.0215175
 -0.0425387    0.999066  0.00764865   0.0384563
   0.195488 0.000815487    0.980706   -0.147936
          0           0           0           1
v_world_imu: -0.0454237   -0.11805    0.76512
frame_1107
id: 1107
stamp: 1757574295.145663977
T_odom_lidar: 
  0.980186  0.0424709  -0.193471 -0.0218665
-0.0410066   0.999092  0.0115692  0.0324994
  0.193786 -0.0034064   0.981038  -0.146308
         0          0          0          1
T_world_lidar: 
  0.980186  0.0424709  -0.193471 -0.0218665
-0.0410066   0.999092  0.0115692  0.0324994
  0.193786 -0.0034064   0.981038  -0.146308
         0          0          0          1
v_world_imu: -0.0454237   -0.11805    0.76512
frame_1108
id: 1108
stamp: 1757574295.221736908
T_odom_lidar: 
   0.980773   0.0407035    -0.19086  -0.0076466
 -0.0380635    0.999122   0.0174795   0.0384402
   0.191404 -0.00987867    0.981462   -0.139959
          0           0           0           1
T_world_lidar: 
   0.980773   0.0407035    -0.19086  -0.0076466
 -0.0380635    0.999122   0.0174795   0.0384402
   0.191404 -0.00987867    0.981462   -0.139959
          0           0           0           1
v_world_imu: -0.0454237   -0.11805    0.76512
frame_1109
id: 1109
stamp: 1757574295.256233454
T_odom_lidar: 
   0.981136   0.0356528   -0.190001 -0.00955956
 -0.0313498     0.99918   0.0256062   0.0345721
   0.190758  -0.0191667     0.98145   -0.139853
          0           0           0           1
T_world_lidar: 
   0.981136   0.0356528   -0.190001 -0.00955956
 -0.0313498     0.99918   0.0256062   0.0345721
   0.190758  -0.0191667     0.98145   -0.139853
          0           0           0           1
v_world_imu: -0.0454237   -0.11805    0.76512
frame_1110
id: 1110
stamp: 1757574295.333783150
T_odom_lidar: 
  0.980731  0.0338608  -0.192405 -0.0218204
-0.0300674   0.999292  0.0226022  0.0389549
  0.193034 -0.0163816   0.981055  -0.144576
         0          0          0          1
T_world_lidar: 
  0.980731  0.0338608  -0.192405 -0.0218204
-0.0300674   0.999292  0.0226022  0.0389549
  0.193034 -0.0163816   0.981055  -0.144576
         0          0          0          1
v_world_imu: -0.0454237   -0.11805    0.76512
frame_1111
id: 1111
stamp: 1757574295.368628979
T_odom_lidar: 
   0.981311    0.032878   -0.189598  -0.0250429
 -0.0310815    0.999439   0.0124418   0.0226189
   0.189901 -0.00631633    0.981783   -0.141076
          0           0           0           1
T_world_lidar: 
   0.981311    0.032878   -0.189598  -0.0250429
 -0.0310815    0.999439   0.0124418   0.0226189
   0.189901 -0.00631633    0.981783   -0.141076
          0           0           0           1
v_world_imu: -0.0454237   -0.11805    0.76512
frame_1112
id: 1112
stamp: 1757574295.440029860
T_odom_lidar: 
  0.981782  0.0337674  -0.186987 -0.0250653
-0.0341733   0.999415 0.00105303 0.00401227
  0.186913 0.00535612   0.982362  -0.136355
         0          0          0          1
T_world_lidar: 
  0.981782  0.0337674  -0.186987 -0.0250653
-0.0341733   0.999415 0.00105303 0.00401227
  0.186913 0.00535612   0.982362  -0.136355
         0          0          0          1
v_world_imu: -0.0454237   -0.11805    0.76512
frame_1113
id: 1113
stamp: 1757574295.472361803
T_odom_lidar: 
   0.981599   0.0323789   -0.188187   -0.031751
 -0.0347949    0.999349 -0.00954817  0.00430011
   0.187756   0.0159204    0.982087   -0.135295
          0           0           0           1
T_world_lidar: 
   0.981599   0.0323789   -0.188187   -0.031751
 -0.0347949    0.999349 -0.00954817  0.00430011
   0.187756   0.0159204    0.982087   -0.135295
          0           0           0           1
v_world_imu: -0.0454237   -0.11805    0.76512
frame_1114
id: 1114
stamp: 1757574295.545656443
T_odom_lidar: 
    0.98108    0.028914   -0.191431  -0.0395991
 -0.0326642    0.999331  -0.0164634 -0.00363734
   0.190827   0.0224049    0.981368   -0.138103
          0           0           0           1
T_world_lidar: 
    0.98108    0.028914   -0.191431  -0.0395991
 -0.0326642    0.999331  -0.0164634 -0.00363734
   0.190827   0.0224049    0.981368   -0.138103
          0           0           0           1
v_world_imu: -0.0454237   -0.11805    0.76512
frame_1115
id: 1115
stamp: 1757574295.579432964
T_odom_lidar: 
  0.980349  0.0264693  -0.195486 -0.0407751
-0.0304021   0.999391 -0.0171445   0.004858
  0.194913  0.0227508   0.980557  -0.138336
         0          0          0          1
T_world_lidar: 
  0.980349  0.0264693  -0.195486 -0.0407751
-0.0304021   0.999391 -0.0171445   0.004858
  0.194913  0.0227508   0.980557  -0.138336
         0          0          0          1
v_world_imu: -0.0454237   -0.11805    0.76512
frame_1116
id: 1116
stamp: 1757574295.655002356
T_odom_lidar: 
  0.979153  0.0254581  -0.201522 -0.0406938
-0.0286927   0.999502 -0.0131455 0.00737839
  0.201087  0.0186536   0.979396  -0.155871
         0          0          0          1
T_world_lidar: 
  0.979153  0.0254581  -0.201522 -0.0406938
-0.0286927   0.999502 -0.0131455 0.00737839
  0.201087  0.0186536   0.979396  -0.155871
         0          0          0          1
v_world_imu: -0.0454237   -0.11805    0.76512
frame_1117
id: 1117
stamp: 1757574295.689678192
T_odom_lidar: 
   0.978047   0.0304277    -0.20615  -0.0486347
 -0.0330545     0.99941 -0.00930948   0.0157655
   0.205746   0.0159193    0.978476    -0.16527
          0           0           0           1
T_world_lidar: 
   0.978047   0.0304277    -0.20615  -0.0486347
 -0.0330545     0.99941 -0.00930948   0.0157655
   0.205746   0.0159193    0.978476    -0.16527
          0           0           0           1
v_world_imu: -0.0454237   -0.11805    0.76512
frame_1118
id: 1118
stamp: 1757574295.764278412
T_odom_lidar: 
   0.976865   0.0422911   -0.209635  -0.0565565
 -0.0441617    0.999015 -0.00424785   0.0250426
   0.209249   0.0134074     0.97777   -0.170842
          0           0           0           1
T_world_lidar: 
   0.976865   0.0422911   -0.209635  -0.0565565
 -0.0441617    0.999015 -0.00424785   0.0250426
   0.209249   0.0134074     0.97777   -0.170842
          0           0           0           1
v_world_imu: -0.0454237   -0.11805    0.76512
frame_1119
id: 1119
stamp: 1757574295.799026489
T_odom_lidar: 
  0.976745  0.0509283  -0.208269 -0.0497991
 -0.051585   0.998666 0.00228023  0.0327862
  0.208108 0.00851638   0.978069  -0.173948
         0          0          0          1
T_world_lidar: 
  0.976745  0.0509283  -0.208269 -0.0497991
 -0.051585   0.998666 0.00228023  0.0327862
  0.208108 0.00851638   0.978069  -0.173948
         0          0          0          1
v_world_imu: -0.0454237   -0.11805    0.76512
frame_1120
id: 1120
stamp: 1757574295.865481615
T_odom_lidar: 
  0.977855  0.0536841  -0.202279 -0.0326149
-0.0535868   0.998545 0.00596124  0.0382264
  0.202305 0.00501027    0.97931  -0.167215
         0          0          0          1
T_world_lidar: 
  0.977855  0.0536841  -0.202279 -0.0326149
-0.0535868   0.998545 0.00596124  0.0382264
  0.202305 0.00501027    0.97931  -0.167215
         0          0          0          1
v_world_imu: -0.0454237   -0.11805    0.76512
frame_1121
id: 1121
stamp: 1757574295.900504589
T_odom_lidar: 
   0.979744   0.0479631   -0.194426  -0.0184798
 -0.0471943    0.998849  0.00858695   0.0336104
   0.194614 0.000762776     0.98088   -0.156428
          0           0           0           1
T_world_lidar: 
   0.979744   0.0479631   -0.194426  -0.0184798
 -0.0471943    0.998849  0.00858695   0.0336104
   0.194614 0.000762776     0.98088   -0.156428
          0           0           0           1
v_world_imu: -0.0454237   -0.11805    0.76512
frame_1122
id: 1122
stamp: 1757574295.979321957
T_odom_lidar: 
   0.980948   0.0415854   -0.189765  -0.0127743
 -0.0406195    0.999134  0.00897871   0.0328898
   0.189975 -0.00109948    0.981788   -0.144949
          0           0           0           1
T_world_lidar: 
   0.980948   0.0415854   -0.189765  -0.0127743
 -0.0406195    0.999134  0.00897871   0.0328898
   0.189975 -0.00109948    0.981788   -0.144949
          0           0           0           1
v_world_imu: -0.0454237   -0.11805    0.76512
frame_1123
id: 1123
stamp: 1757574296.011543274
T_odom_lidar: 
  0.981028  0.0433972  -0.188948 -0.0226077
-0.0423108   0.999057 0.00978142  0.0321221
  0.189194 -0.0016013   0.981938  -0.145057
         0          0          0          1
T_world_lidar: 
  0.981028  0.0433972  -0.188948 -0.0226077
-0.0423108   0.999057 0.00978142  0.0321221
  0.189194 -0.0016013   0.981938  -0.145057
         0          0          0          1
v_world_imu: -0.0454237   -0.11805    0.76512
frame_1124
id: 1124
stamp: 1757574296.088772535
T_odom_lidar: 
    0.980108    0.0469642    -0.192829   -0.0343183
  -0.0458924     0.998896    0.0100237    0.0385639
    0.193087 -0.000974949     0.981181    -0.158156
           0            0            0            1
T_world_lidar: 
    0.980108    0.0469642    -0.192829   -0.0343183
  -0.0458924     0.998896    0.0100237    0.0385639
    0.193087 -0.000974949     0.981181    -0.158156
           0            0            0            1
v_world_imu: -0.0454237   -0.11805    0.76512
frame_1125
id: 1125
stamp: 1757574296.120300531
T_odom_lidar: 
     0.97924    0.0488493    -0.196732   -0.0378626
  -0.0478794     0.998806   0.00968584    0.0365711
    0.196971 -6.53246e-05     0.980409    -0.168786
           0            0            0            1
T_world_lidar: 
     0.97924    0.0488493    -0.196732   -0.0378626
  -0.0478794     0.998806   0.00968584    0.0365711
    0.196971 -6.53246e-05     0.980409    -0.168786
           0            0            0            1
v_world_imu: -0.0454237   -0.11805    0.76512
frame_1126
id: 1126
stamp: 1757574296.188946962
T_odom_lidar: 
    0.978663     0.050155    -0.199254   -0.0393588
  -0.0490828     0.998741    0.0103201    0.0406093
    0.199521 -0.000319954     0.979893    -0.176425
           0            0            0            1
T_world_lidar: 
    0.978663     0.050155    -0.199254   -0.0393588
  -0.0490828     0.998741    0.0103201    0.0406093
    0.199521 -0.000319954     0.979893    -0.176425
           0            0            0            1
v_world_imu: -0.0454237   -0.11805    0.76512
frame_1127
id: 1127
stamp: 1757574296.211816549
T_odom_lidar: 
   0.978395   0.0510858   -0.200333  -0.0393765
 -0.0495583    0.998691   0.0126357   0.0402983
   0.200717 -0.00243452    0.979646   -0.180079
          0           0           0           1
T_world_lidar: 
   0.978395   0.0510858   -0.200333  -0.0393765
 -0.0495583    0.998691   0.0126357   0.0402983
   0.200717 -0.00243452    0.979646   -0.180079
          0           0           0           1
v_world_imu: -0.0454237   -0.11805    0.76512
frame_1128
id: 1128
stamp: 1757574296.286880732
T_odom_lidar: 
   0.977987   0.0527726   -0.201883  -0.0302797
 -0.0507754    0.998597   0.0150622    0.050689
   0.202395 -0.00447993    0.979294   -0.184195
          0           0           0           1
T_world_lidar: 
   0.977987   0.0527726   -0.201883  -0.0302797
 -0.0507754    0.998597   0.0150622    0.050689
   0.202395 -0.00447993    0.979294   -0.184195
          0           0           0           1
v_world_imu: -0.0454237   -0.11805    0.76512
frame_1129
id: 1129
stamp: 1757574296.322684050
T_odom_lidar: 
  0.977793  0.0539156  -0.202519 -0.0336345
-0.0512306   0.998516  0.0184802  0.0530309
  0.203214 -0.0076947   0.979104  -0.185203
         0          0          0          1
T_world_lidar: 
  0.977793  0.0539156  -0.202519 -0.0336345
-0.0512306   0.998516  0.0184802  0.0530309
  0.203214 -0.0076947   0.979104  -0.185203
         0          0          0          1
v_world_imu: -0.0454237   -0.11805    0.76512
frame_1130
id: 1130
stamp: 1757574296.399396658
T_odom_lidar: 
   0.977781   0.0523092   -0.202999  -0.0299688
 -0.0503389    0.998622   0.0148605   0.0435012
   0.203497 -0.00431156    0.979066   -0.183734
          0           0           0           1
T_world_lidar: 
   0.977781   0.0523092   -0.202999  -0.0299688
 -0.0503389    0.998622   0.0148605   0.0435012
   0.203497 -0.00431156    0.979066   -0.183734
          0           0           0           1
v_world_imu: -0.0454237   -0.11805    0.76512
frame_1131
id: 1131
stamp: 1757574296.436319351
T_odom_lidar: 
  0.978035  0.0495987  -0.202452  -0.029783
-0.0496292   0.998756 0.00492908  0.0239437
  0.202445 0.00522672    0.97928  -0.177895
         0          0          0          1
T_world_lidar: 
  0.978035  0.0495987  -0.202452  -0.029783
-0.0496292   0.998756 0.00492908  0.0239437
  0.202445 0.00522672    0.97928  -0.177895
         0          0          0          1
v_world_imu: -0.0454237   -0.11805    0.76512
frame_1132
id: 1132
stamp: 1757574296.505511284
T_odom_lidar: 
   0.979074   0.0480243   -0.197757  -0.0158394
 -0.0494299    0.998775 -0.00217446   0.0128977
    0.19741   0.0119041    0.980249    -0.16106
          0           0           0           1
T_world_lidar: 
   0.979074   0.0480243   -0.197757  -0.0158394
 -0.0494299    0.998775 -0.00217446   0.0128977
    0.19741   0.0119041    0.980249    -0.16106
          0           0           0           1
v_world_imu: -0.0454237   -0.11805    0.76512
frame_1133
id: 1133
stamp: 1757574296.537042141
T_odom_lidar: 
   0.979904   0.0477516   -0.193668  -0.0147076
 -0.0493633    0.998775 -0.00350181   0.0205744
   0.193263   0.0129915    0.981061   -0.147905
          0           0           0           1
T_world_lidar: 
   0.979904   0.0477516   -0.193668  -0.0147076
 -0.0493633    0.998775 -0.00350181   0.0205744
   0.193263   0.0129915    0.981061   -0.147905
          0           0           0           1
v_world_imu: -0.0454237   -0.11805    0.76512
frame_1134
id: 1134
stamp: 1757574296.603582144
T_odom_lidar: 
   0.980348   0.0473555   -0.191506 -0.00490781
  -0.049028    0.998789  -0.0040019   0.0293548
   0.191084   0.0133124    0.981483   -0.144085
          0           0           0           1
T_world_lidar: 
   0.980348   0.0473555   -0.191506 -0.00490781
  -0.049028    0.998789  -0.0040019   0.0293548
   0.191084   0.0133124    0.981483   -0.144085
          0           0           0           1
v_world_imu: -0.0454237   -0.11805    0.76512
frame_1135
id: 1135
stamp: 1757574296.633609772
T_odom_lidar: 
   0.980737   0.0484789    -0.18922 -0.00760348
 -0.0496841    0.998764 -0.00162817   0.0336357
   0.188907    0.010998    0.981933   -0.139165
          0           0           0           1
T_world_lidar: 
   0.980737   0.0484789    -0.18922 -0.00760348
 -0.0496841    0.998764 -0.00162817   0.0336357
   0.188907    0.010998    0.981933   -0.139165
          0           0           0           1
v_world_imu: -0.0454237   -0.11805    0.76512
frame_1136
id: 1136
stamp: 1757574296.706568956
T_odom_lidar: 
   0.980846   0.0466401   -0.189117 -0.00897019
 -0.0471451    0.998886  0.00183013   0.0378185
   0.188992  0.00712087    0.981953    -0.14182
          0           0           0           1
T_world_lidar: 
   0.980846   0.0466401   -0.189117 -0.00897019
 -0.0471451    0.998886  0.00183013   0.0378185
   0.188992  0.00712087    0.981953    -0.14182
          0           0           0           1
v_world_imu: -0.0454237   -0.11805    0.76512
frame_1137
id: 1137
stamp: 1757574296.732337952
T_odom_lidar: 
  0.980748  0.0463406  -0.189702 -0.0141757
-0.0463142   0.998916  0.0045745  0.0393113
  0.189708 0.00429946   0.981831  -0.146355
         0          0          0          1
T_world_lidar: 
  0.980748  0.0463406  -0.189702 -0.0141757
-0.0463142   0.998916  0.0045745  0.0393113
  0.189708 0.00429946   0.981831  -0.146355
         0          0          0          1
v_world_imu: -0.0454237   -0.11805    0.76512
frame_1138
id: 1138
stamp: 1757574296.804788351
T_odom_lidar: 
  0.980395   0.046324  -0.191519 -0.0174507
-0.0458904   0.998924 0.00670141  0.0412944
  0.191624 0.00221887   0.981466  -0.152805
         0          0          0          1
T_world_lidar: 
  0.980395   0.046324  -0.191519 -0.0174507
-0.0458904   0.998924 0.00670141  0.0412944
  0.191624 0.00221887   0.981466  -0.152805
         0          0          0          1
v_world_imu: -0.0454237   -0.11805    0.76512
frame_1139
id: 1139
stamp: 1757574296.836002827
T_odom_lidar: 
  0.979942  0.0459604  -0.193909 -0.0195265
-0.0457897   0.998937 0.00536512  0.0372041
   0.19395 0.00362153   0.981005  -0.157546
         0          0          0          1
T_world_lidar: 
  0.979942  0.0459604  -0.193909 -0.0195265
-0.0457897   0.998937 0.00536512  0.0372041
   0.19395 0.00362153   0.981005  -0.157546
         0          0          0          1
v_world_imu: -0.0454237   -0.11805    0.76512
frame_1140
id: 1140
stamp: 1757574296.912226677
T_odom_lidar: 
   0.981579   0.0411981   -0.186564  -0.0194167
 -0.0419158    0.999121 9.76953e-05   0.0195365
   0.186404  0.00772409    0.982443   -0.142804
          0           0           0           1
T_world_lidar: 
   0.981579   0.0411981   -0.186564  -0.0194167
 -0.0419158    0.999121 9.76953e-05   0.0195365
   0.186404  0.00772409    0.982443   -0.142804
          0           0           0           1
v_world_imu: -0.0454237   -0.11805    0.76512
frame_1141
id: 1141
stamp: 1757574296.943206787
T_odom_lidar: 
   0.982525    0.033902   -0.183017  -0.0169088
 -0.0357787    0.999335 -0.00696114  0.00723197
    0.18266   0.0133876    0.983085   -0.129065
          0           0           0           1
T_world_lidar: 
   0.982525    0.033902   -0.183017  -0.0169088
 -0.0357787    0.999335 -0.00696114  0.00723197
    0.18266   0.0133876    0.983085   -0.129065
          0           0           0           1
v_world_imu: -0.0454237   -0.11805    0.76512
frame_1142
id: 1142
stamp: 1757574297.011008978
T_odom_lidar: 
   0.983052   0.0265601   -0.181391  -0.0170592
 -0.0290315    0.999518  -0.0109825 -0.00349199
   0.181012   0.0160624     0.98335   -0.123495
          0           0           0           1
T_world_lidar: 
   0.983052   0.0265601   -0.181391  -0.0170592
 -0.0290315    0.999518  -0.0109825 -0.00349199
   0.181012   0.0160624     0.98335   -0.123495
          0           0           0           1
v_world_imu: -0.0454237   -0.11805    0.76512
frame_1143
id: 1143
stamp: 1757574297.037648916
T_odom_lidar: 
  0.982917  0.0242708  -0.182442 -0.0205184
-0.0266329    0.99959 -0.0105076 0.00110712
  0.182112  0.0151871    0.98316  -0.127137
         0          0          0          1
T_world_lidar: 
  0.982917  0.0242708  -0.182442 -0.0205184
-0.0266329    0.99959 -0.0105076 0.00110712
  0.182112  0.0151871    0.98316  -0.127137
         0          0          0          1
v_world_imu: -0.0454237   -0.11805    0.76512
frame_1144
id: 1144
stamp: 1757574297.111850500
T_odom_lidar: 
   0.981238   0.0309605   -0.190297   -0.030776
  -0.033024    0.999425 -0.00768108  0.00993985
    0.18995   0.0138213    0.981696   -0.148986
          0           0           0           1
T_world_lidar: 
   0.981238   0.0309605   -0.190297   -0.030776
  -0.033024    0.999425 -0.00768108  0.00993985
    0.18995   0.0138213    0.981696   -0.148986
          0           0           0           1
v_world_imu: -0.0454237   -0.11805    0.76512
frame_1145
id: 1145
stamp: 1757574297.147389650
T_odom_lidar: 
   0.981252   0.0321812   -0.190022  -0.0228457
 -0.0342027    0.999388 -0.00736751   0.0103949
   0.189668   0.0137287    0.981752   -0.145529
          0           0           0           1
T_world_lidar: 
   0.981252   0.0321812   -0.190022  -0.0228457
 -0.0342027    0.999388 -0.00736751   0.0103949
   0.189668   0.0137287    0.981752   -0.145529
          0           0           0           1
v_world_imu: -0.0454237   -0.11805    0.76512
frame_1146
id: 1146
stamp: 1757574297.215685844
T_odom_lidar: 
    0.98161   0.0310985   -0.188347  -0.0142671
 -0.0329936    0.999432 -0.00693386   0.0100492
   0.188024   0.0130206    0.982078   -0.145243
          0           0           0           1
T_world_lidar: 
    0.98161   0.0310985   -0.188347  -0.0142671
 -0.0329936    0.999432 -0.00693386   0.0100492
   0.188024   0.0130206    0.982078   -0.145243
          0           0           0           1
v_world_imu: -0.0454237   -0.11805    0.76512
frame_1147
id: 1147
stamp: 1757574297.247266531
T_odom_lidar: 
    0.981908    0.0324465    -0.186558   -0.0162191
  -0.0331697     0.999449 -0.000755622    0.0158926
    0.186431   0.00693003     0.982444    -0.143292
           0            0            0            1
T_world_lidar: 
    0.981908    0.0324465    -0.186558   -0.0162191
  -0.0331697     0.999449 -0.000755622    0.0158926
    0.186431   0.00693003     0.982444    -0.143292
           0            0            0            1
v_world_imu: -0.0454237   -0.11805    0.76512
frame_1148
id: 1148
stamp: 1757574297.320013523
T_odom_lidar: 
   0.982152    0.034523   -0.184895   -0.015037
 -0.0340625    0.999404  0.00566692   0.0257589
   0.184981 0.000732232    0.982742   -0.142094
          0           0           0           1
T_world_lidar: 
   0.982152    0.034523   -0.184895   -0.015037
 -0.0340625    0.999404  0.00566692   0.0257589
   0.184981 0.000732232    0.982742   -0.142094
          0           0           0           1
v_world_imu: -0.0454237   -0.11805    0.76512
frame_1149
id: 1149
stamp: 1757574297.351645470
T_odom_lidar: 
   0.982171   0.0287789   -0.185774  -0.0173793
 -0.0277487    0.999582  0.00814408   0.0156301
    0.18593 -0.00284391    0.982559   -0.147662
          0           0           0           1
T_world_lidar: 
   0.982171   0.0287789   -0.185774  -0.0173793
 -0.0277487    0.999582  0.00814408   0.0156301
    0.18593 -0.00284391    0.982559   -0.147662
          0           0           0           1
v_world_imu: -0.0454237   -0.11805    0.76512
frame_1150
id: 1150
stamp: 1757574297.427779198
T_odom_lidar: 
   0.981519   0.0323274   -0.188614  -0.0260799
 -0.0313611    0.999475  0.00810628   0.0206421
   0.188777 -0.00204134    0.982018   -0.157564
          0           0           0           1
T_world_lidar: 
   0.981519   0.0323274   -0.188614  -0.0260799
 -0.0313611    0.999475  0.00810628   0.0206421
   0.188777 -0.00204134    0.982018   -0.157564
          0           0           0           1
v_world_imu: -0.0454237   -0.11805    0.76512
frame_1151
id: 1151
stamp: 1757574297.462747097
T_odom_lidar: 
    0.980775    0.0364311    -0.191709     -0.03287
  -0.0356861     0.999336   0.00733863    0.0201104
    0.191849 -0.000356194     0.981424    -0.165327
           0            0            0            1
T_world_lidar: 
    0.980775    0.0364311    -0.191709     -0.03287
  -0.0356861     0.999336   0.00733863    0.0201104
    0.191849 -0.000356194     0.981424    -0.165327
           0            0            0            1
v_world_imu: -0.0454237   -0.11805    0.76512
frame_1152
id: 1152
stamp: 1757574297.540250540
T_odom_lidar: 
  0.979668  0.0395638  -0.196688 -0.0327155
 -0.039539    0.99921 0.00405443  0.0262433
  0.196693 0.00380486   0.980458  -0.166232
         0          0          0          1
T_world_lidar: 
  0.979668  0.0395638  -0.196688 -0.0327155
 -0.039539    0.99921 0.00405443  0.0262433
  0.196693 0.00380486   0.980458  -0.166232
         0          0          0          1
v_world_imu: -0.0454237   -0.11805    0.76512
frame_1153
id: 1153
stamp: 1757574297.570482492
T_odom_lidar: 
  0.979485  0.0421098   -0.19707 -0.0324005
-0.0425796   0.999091 0.00185486  0.0258499
  0.196969 0.00657433   0.980388  -0.164361
         0          0          0          1
T_world_lidar: 
  0.979485  0.0421098   -0.19707 -0.0324005
-0.0425796   0.999091 0.00185486  0.0258499
  0.196969 0.00657433   0.980388  -0.164361
         0          0          0          1
v_world_imu: -0.0454237   -0.11805    0.76512
frame_1154
id: 1154
stamp: 1757574297.644402742
T_odom_lidar: 
   0.979573   0.0434249   -0.196342  -0.0293767
 -0.0442611     0.99902 0.000128853   0.0257879
   0.196156  0.00856412    0.980535   -0.160848
          0           0           0           1
T_world_lidar: 
   0.979573   0.0434249   -0.196342  -0.0293767
 -0.0442611     0.99902 0.000128853   0.0257879
   0.196156  0.00856412    0.980535   -0.160848
          0           0           0           1
v_world_imu: -0.0454237   -0.11805    0.76512
frame_1155
id: 1155
stamp: 1757574297.674658060
T_odom_lidar: 
    0.979679    0.0444181    -0.195591   -0.0296113
  -0.0454856     0.998965 -0.000967661    0.0258461
    0.195345   0.00984457     0.980685     -0.15908
           0            0            0            1
T_world_lidar: 
    0.979679    0.0444181    -0.195591   -0.0296113
  -0.0454856     0.998965 -0.000967661    0.0258461
    0.195345   0.00984457     0.980685     -0.15908
           0            0            0            1
v_world_imu: -0.0454237   -0.11805    0.76512
frame_1156
id: 1156
stamp: 1757574297.749947786
T_odom_lidar: 
   0.979951   0.0439413   -0.194335  -0.0247797
 -0.0452304    0.998974 -0.00219864   0.0251534
   0.194039   0.0109444    0.980933   -0.155223
          0           0           0           1
T_world_lidar: 
   0.979951   0.0439413   -0.194335  -0.0247797
 -0.0452304    0.998974 -0.00219864   0.0251534
   0.194039   0.0109444    0.980933   -0.155223
          0           0           0           1
v_world_imu: -0.0454237   -0.11805    0.76512
frame_1157
id: 1157
stamp: 1757574297.785146713
T_odom_lidar: 
  0.979893  0.0436825  -0.194681 -0.0265444
-0.0451063   0.998978 -0.0028843  0.0257823
  0.194356  0.0116076   0.980862  -0.156901
         0          0          0          1
T_world_lidar: 
  0.979893  0.0436825  -0.194681 -0.0265444
-0.0451063   0.998978 -0.0028843  0.0257823
  0.194356  0.0116076   0.980862  -0.156901
         0          0          0          1
v_world_imu: -0.0454237   -0.11805    0.76512
frame_1158
id: 1158
stamp: 1757574297.851731539
T_odom_lidar: 
   0.980828   0.0438401   -0.189882  -0.0318573
 -0.0451267    0.998978 -0.00245523   0.0257469
   0.189581   0.0109769    0.981804   -0.151995
          0           0           0           1
T_world_lidar: 
   0.980828   0.0438401   -0.189882  -0.0318573
 -0.0451267    0.998978 -0.00245523   0.0257469
   0.189581   0.0109769    0.981804   -0.151995
          0           0           0           1
v_world_imu: -0.0454237   -0.11805    0.76512
frame_1159
id: 1159
stamp: 1757574297.885591745
T_odom_lidar: 
   0.980909   0.0439243   -0.189442   -0.032077
  -0.045118     0.99898 -0.00199095   0.0254958
   0.189161   0.0105002     0.98189   -0.151217
          0           0           0           1
T_world_lidar: 
   0.980909   0.0439243   -0.189442   -0.032077
  -0.045118     0.99898 -0.00199095   0.0254958
   0.189161   0.0105002     0.98189   -0.151217
          0           0           0           1
v_world_imu: -0.0454237   -0.11805    0.76512
frame_1160
id: 1160
stamp: 1757574297.958867788
T_odom_lidar: 
   0.981303   0.0429862   -0.187605  -0.0251621
  -0.044112    0.999025 -0.00182862   0.0252679
   0.187344   0.0100701    0.982243   -0.145995
          0           0           0           1
T_world_lidar: 
   0.981303   0.0429862   -0.187605  -0.0251621
  -0.044112    0.999025 -0.00182862   0.0252679
   0.187344   0.0100701    0.982243   -0.145995
          0           0           0           1
v_world_imu: -0.0454237   -0.11805    0.76512
frame_1161
id: 1161
stamp: 1757574297.990752220
T_odom_lidar: 
   0.981479   0.0415332   -0.187011  -0.0258675
 -0.0426608    0.999088 -0.00200741   0.0211781
   0.186757  0.00994826    0.982356    -0.14446
          0           0           0           1
T_world_lidar: 
   0.981479   0.0415332   -0.187011  -0.0258675
 -0.0426608    0.999088 -0.00200741   0.0211781
   0.186757  0.00994826    0.982356    -0.14446
          0           0           0           1
v_world_imu: -0.0454237   -0.11805    0.76512
frame_1162
id: 1162
stamp: 1757574298.061496973
T_odom_lidar: 
   0.981876   0.0396545   -0.185332  -0.0216849
 -0.0408633    0.999161 -0.00270613   0.0184495
   0.185069   0.0102304    0.982672   -0.139812
          0           0           0           1
T_world_lidar: 
   0.981876   0.0396545   -0.185332  -0.0216849
 -0.0408633    0.999161 -0.00270613   0.0184495
   0.185069   0.0102304    0.982672   -0.139812
          0           0           0           1
v_world_imu: -0.0454237   -0.11805    0.76512
frame_1163
id: 1163
stamp: 1757574298.096043587
T_odom_lidar: 
     0.9817   0.0386637   -0.186468  -0.0237548
 -0.0399163    0.999199 -0.00296598   0.0162635
   0.186204   0.0103548    0.982457   -0.142652
          0           0           0           1
T_world_lidar: 
     0.9817   0.0386637   -0.186468  -0.0237548
 -0.0399163    0.999199 -0.00296598   0.0162635
   0.186204   0.0103548    0.982457   -0.142652
          0           0           0           1
v_world_imu: -0.0454237   -0.11805    0.76512
frame_1164
id: 1164
stamp: 1757574298.172091722
T_odom_lidar: 
   0.981478   0.0389741   -0.187571  -0.0121242
 -0.0401246    0.999192 -0.00233947   0.0206647
   0.187328  0.00982235    0.982248   -0.147174
          0           0           0           1
T_world_lidar: 
   0.981478   0.0389741   -0.187571  -0.0121242
 -0.0401246    0.999192 -0.00233947   0.0206647
   0.187328  0.00982235    0.982248   -0.147174
          0           0           0           1
v_world_imu: -0.0454237   -0.11805    0.76512
frame_1165
id: 1165
stamp: 1757574298.210078478
T_odom_lidar: 
    0.98128   0.0389717   -0.188602  -0.0130176
 -0.0401312    0.999192 -0.00233162   0.0194471
   0.188358  0.00985679    0.982051   -0.149555
          0           0           0           1
T_world_lidar: 
    0.98128   0.0389717   -0.188602  -0.0130176
 -0.0401312    0.999192 -0.00233162   0.0194471
   0.188358  0.00985679    0.982051   -0.149555
          0           0           0           1
v_world_imu: -0.0454237   -0.11805    0.76512
frame_1166
id: 1166
stamp: 1757574298.279052496
T_odom_lidar: 
   0.981082   0.0393873   -0.189544  -0.0147532
 -0.0408215     0.99916 -0.00366712   0.0202884
    0.18924   0.0113352    0.981865   -0.151538
          0           0           0           1
T_world_lidar: 
   0.981082   0.0393873   -0.189544  -0.0147532
 -0.0408215     0.99916 -0.00366712   0.0202884
    0.18924   0.0113352    0.981865   -0.151538
          0           0           0           1
v_world_imu: -0.0454237   -0.11805    0.76512
frame_1167
id: 1167
stamp: 1757574298.310933590
T_odom_lidar: 
   0.980899   0.0395789   -0.190448  -0.0178215
 -0.0410472     0.99915 -0.00376954   0.0196561
   0.190137   0.0115149     0.98169   -0.154253
          0           0           0           1
T_world_lidar: 
   0.980899   0.0395789   -0.190448  -0.0178215
 -0.0410472     0.99915 -0.00376954   0.0196561
   0.190137   0.0115149     0.98169   -0.154253
          0           0           0           1
v_world_imu: -0.0454237   -0.11805    0.76512
frame_1168
id: 1168
stamp: 1757574298.386144400
T_odom_lidar: 
   0.980393   0.0429239    -0.19232  -0.0216926
 -0.0441793    0.999021 -0.00224176   0.0281402
   0.192035   0.0106944     0.98133   -0.159862
          0           0           0           1
T_world_lidar: 
   0.980393   0.0429239    -0.19232  -0.0216926
 -0.0441793    0.999021 -0.00224176   0.0281402
   0.192035   0.0106944     0.98133   -0.159862
          0           0           0           1
v_world_imu: -0.0454237   -0.11805    0.76512
frame_1169
id: 1169
stamp: 1757574298.410936832
T_odom_lidar: 
  0.980227  0.0449438  -0.192704 -0.0257833
-0.0460295   0.998939 -0.0011581   0.029128
  0.192447  0.0100053   0.981256  -0.161535
         0          0          0          1
T_world_lidar: 
  0.980227  0.0449438  -0.192704 -0.0257833
-0.0460295   0.998939 -0.0011581   0.029128
  0.192447  0.0100053   0.981256  -0.161535
         0          0          0          1
v_world_imu: -0.0454237   -0.11805    0.76512
frame_1170
id: 1170
stamp: 1757574298.482792616
T_odom_lidar: 
    0.980214     0.045678    -0.192597   -0.0335889
    -0.04671     0.998908 -0.000818522    0.0291274
    0.192349   0.00979851     0.981278    -0.158838
           0            0            0            1
T_world_lidar: 
    0.980214     0.045678    -0.192597   -0.0335889
    -0.04671     0.998908 -0.000818522    0.0291274
    0.192349   0.00979851     0.981278    -0.158838
           0            0            0            1
v_world_imu: -0.0454237   -0.11805    0.76512
frame_1171
id: 1171
stamp: 1757574298.514689445
T_odom_lidar: 
    0.980117    0.0456031    -0.193108   -0.0365212
  -0.0464867     0.998919 -4.45947e-05    0.0268277
    0.192897   0.00902067     0.981178    -0.160806
           0            0            0            1
T_world_lidar: 
    0.980117    0.0456031    -0.193108   -0.0365212
  -0.0464867     0.998919 -4.45947e-05    0.0268277
    0.192897   0.00902067     0.981178    -0.160806
           0            0            0            1
v_world_imu: -0.0454237   -0.11805    0.76512
frame_1172
id: 1172
stamp: 1757574298.586039782
T_odom_lidar: 
   0.979867   0.0454827   -0.194404  -0.0374762
  -0.046289    0.998928 0.000395431   0.0288901
   0.194213  0.00861129    0.980921   -0.164316
          0           0           0           1
T_world_lidar: 
   0.979867   0.0454827   -0.194404  -0.0374762
  -0.046289    0.998928 0.000395431   0.0288901
   0.194213  0.00861129    0.980921   -0.164316
          0           0           0           1
v_world_imu: -0.0454237   -0.11805    0.76512
frame_1173
id: 1173
stamp: 1757574298.623947859
T_odom_lidar: 
  0.979718  0.0455497  -0.195136 -0.0406342
-0.0462416    0.99893 0.00101098  0.0281004
  0.194973 0.00803293   0.980776  -0.166694
         0          0          0          1
T_world_lidar: 
  0.979718  0.0455497  -0.195136 -0.0406342
-0.0462416    0.99893 0.00101098  0.0281004
  0.194973 0.00803293   0.980776  -0.166694
         0          0          0          1
v_world_imu: -0.0454237   -0.11805    0.76512
frame_1174
id: 1174
stamp: 1757574298.695173979
T_odom_lidar: 
  0.979748  0.0457243  -0.194944 -0.0376969
-0.0463205   0.998926 0.00150152  0.0301144
  0.194804 0.00755882   0.980813  -0.165147
         0          0          0          1
T_world_lidar: 
  0.979748  0.0457243  -0.194944 -0.0376969
-0.0463205   0.998926 0.00150152  0.0301144
  0.194804 0.00755882   0.980813  -0.165147
         0          0          0          1
v_world_imu: -0.0454237   -0.11805    0.76512
frame_1175
id: 1175
stamp: 1757574298.729983568
T_odom_lidar: 
  0.979814  0.0458539  -0.194581 -0.0375281
-0.0463055   0.998925 0.00222933  0.0285275
  0.194474 0.00682583   0.980884     -0.164
         0          0          0          1
T_world_lidar: 
  0.979814  0.0458539  -0.194581 -0.0375281
-0.0463055   0.998925 0.00222933  0.0285275
  0.194474 0.00682583   0.980884     -0.164
         0          0          0          1
v_world_imu: -0.0454237   -0.11805    0.76512
frame_1176
id: 1176
stamp: 1757574298.801165342
T_odom_lidar: 
  0.979059  0.0466794  -0.198153  -0.029833
-0.0473526   0.998877 0.00134233  0.0393999
  0.197993 0.00806884    0.98017  -0.164083
         0          0          0          1
T_world_lidar: 
  0.979059  0.0466794  -0.198153  -0.029833
-0.0473526   0.998877 0.00134233  0.0393999
  0.197993 0.00806884    0.98017  -0.164083
         0          0          0          1
v_world_imu: -0.0454237   -0.11805    0.76512
frame_1177
id: 1177
stamp: 1757574298.836031914
T_odom_lidar: 
  0.978796  0.0472822  -0.199304 -0.0333752
-0.0475627   0.998863  0.0033827  0.0386277
  0.199238 0.00616848   0.979932  -0.167908
         0          0          0          1
T_world_lidar: 
  0.978796  0.0472822  -0.199304 -0.0333752
-0.0475627   0.998863  0.0033827  0.0386277
  0.199238 0.00616848   0.979932  -0.167908
         0          0          0          1
v_world_imu: -0.0454237   -0.11805    0.76512
frame_1178
id: 1178
stamp: 1757574298.913561344
T_odom_lidar: 
  0.978702  0.0479601  -0.199605 -0.0330053
-0.0478344    0.99884 0.00545514  0.0430028
  0.199635 0.00420902   0.979861  -0.170121
         0          0          0          1
T_world_lidar: 
  0.978702  0.0479601  -0.199605 -0.0330053
-0.0478344    0.99884 0.00545514  0.0430028
  0.199635 0.00420902   0.979861  -0.170121
         0          0          0          1
v_world_imu: -0.0454237   -0.11805    0.76512
frame_1179
id: 1179
stamp: 1757574298.941370726
T_odom_lidar: 
  0.978564  0.0480702  -0.200253 -0.0351333
-0.0477549   0.998839 0.00640738  0.0393161
  0.200329 0.00329305   0.979723  -0.172716
         0          0          0          1
T_world_lidar: 
  0.978564  0.0480702  -0.200253 -0.0351333
-0.0477549   0.998839 0.00640738  0.0393161
  0.200329 0.00329305   0.979723  -0.172716
         0          0          0          1
v_world_imu: -0.0454237   -0.11805    0.76512
frame_1180
id: 1180
stamp: 1757574299.010622263
T_odom_lidar: 
  0.978582   0.047979   -0.20019 -0.0314214
 -0.047869   0.998839 0.00539254  0.0400953
  0.200216 0.00430585   0.979742  -0.171283
         0          0          0          1
T_world_lidar: 
  0.978582   0.047979   -0.20019 -0.0314214
 -0.047869   0.998839 0.00539254  0.0400953
  0.200216 0.00430585   0.979742  -0.171283
         0          0          0          1
v_world_imu: -0.0454237   -0.11805    0.76512
frame_1181
id: 1181
stamp: 1757574299.041564465
T_odom_lidar: 
  0.978455  0.0475637  -0.200909 -0.0324664
-0.0478181    0.99885 0.00358972  0.0375316
  0.200849  0.0060947   0.979603  -0.170462
         0          0          0          1
T_world_lidar: 
  0.978455  0.0475637  -0.200909 -0.0324664
-0.0478181    0.99885 0.00358972  0.0375316
  0.200849  0.0060947   0.979603  -0.170462
         0          0          0          1
v_world_imu: -0.0454237   -0.11805    0.76512
frame_1182
id: 1182
stamp: 1757574299.109817743
T_odom_lidar: 
  0.978994  0.0474217  -0.198296 -0.0361051
-0.0472051   0.998868 0.00582226  0.0299239
  0.198348 0.00366064   0.980125  -0.175234
         0          0          0          1
T_world_lidar: 
  0.978994  0.0474217  -0.198296 -0.0361051
-0.0472051   0.998868 0.00582226  0.0299239
  0.198348 0.00366064   0.980125  -0.175234
         0          0          0          1
v_world_imu: -0.0454237   -0.11805    0.76512
frame_1183
id: 1183
stamp: 1757574299.144097090
T_odom_lidar: 
  0.979249  0.0475809  -0.196995 -0.0357366
-0.0474427   0.998859 0.00542357   0.027456
  0.197029 0.00403495   0.980389  -0.175058
         0          0          0          1
T_world_lidar: 
  0.979249  0.0475809  -0.196995 -0.0357366
-0.0474427   0.998859 0.00542357   0.027456
  0.197029 0.00403495   0.980389  -0.175058
         0          0          0          1
v_world_imu: -0.0454237   -0.11805    0.76512
frame_1184
id: 1184
stamp: 1757574299.216295719
T_odom_lidar: 
  0.979392  0.0473903   -0.19633 -0.0309269
 -0.047305   0.998867 0.00512655  0.0284168
  0.196351 0.00426649   0.980524   -0.17295
         0          0          0          1
T_world_lidar: 
  0.979392  0.0473903   -0.19633 -0.0309269
 -0.047305   0.998867 0.00512655  0.0284168
  0.196351 0.00426649   0.980524   -0.17295
         0          0          0          1
v_world_imu: -0.0454237   -0.11805    0.76512
frame_1185
id: 1185
stamp: 1757574299.250047445
T_odom_lidar: 
  0.979342   0.046996  -0.196676 -0.0340218
-0.0470619   0.998883 0.00434127  0.0268563
   0.19666 0.00500435   0.980459  -0.173616
         0          0          0          1
T_world_lidar: 
  0.979342   0.046996  -0.196676 -0.0340218
-0.0470619   0.998883 0.00434127  0.0268563
   0.19666 0.00500435   0.980459  -0.173616
         0          0          0          1
v_world_imu: -0.0454237   -0.11805    0.76512
frame_1186
id: 1186
stamp: 1757574299.329837322
T_odom_lidar: 
  0.979369  0.0471789  -0.196495  -0.030746
 -0.047135   0.998876 0.00490237  0.0297851
  0.196505 0.00446055   0.980493  -0.172845
         0          0          0          1
T_world_lidar: 
  0.979369  0.0471789  -0.196495  -0.030746
 -0.047135   0.998876 0.00490237  0.0297851
  0.196505 0.00446055   0.980493  -0.172845
         0          0          0          1
v_world_imu: -0.0454237   -0.11805    0.76512
frame_1187
id: 1187
stamp: 1757574299.365885019
T_odom_lidar: 
  0.979493  0.0470166  -0.195916 -0.0331465
-0.0469682   0.998884 0.00489586  0.0285428
  0.195927 0.00440634   0.980609   -0.17245
         0          0          0          1
T_world_lidar: 
  0.979493  0.0470166  -0.195916 -0.0331465
-0.0469682   0.998884 0.00489586  0.0285428
  0.195927 0.00440634   0.980609   -0.17245
         0          0          0          1
v_world_imu: -0.0454237   -0.11805    0.76512
frame_1188
id: 1188
stamp: 1757574299.446096420
T_odom_lidar: 
  0.979015  0.0473869  -0.198203 -0.0233038
-0.0472714   0.998868 0.00531673   0.032697
   0.19823 0.00416417   0.980147  -0.178706
         0          0          0          1
T_world_lidar: 
  0.979015  0.0473869  -0.198203 -0.0233038
-0.0472714   0.998868 0.00531673   0.032697
   0.19823 0.00416417   0.980147  -0.178706
         0          0          0          1
v_world_imu: -0.0454237   -0.11805    0.76512
frame_1189
id: 1189
stamp: 1757574299.477971792
T_odom_lidar: 
  0.978804  0.0475619  -0.199199  -0.025746
-0.0475337   0.998857  0.0049265   0.031264
  0.199205 0.00464657   0.979947  -0.180605
         0          0          0          1
T_world_lidar: 
  0.978804  0.0475619  -0.199199  -0.025746
-0.0475337   0.998857  0.0049265   0.031264
  0.199205 0.00464657   0.979947  -0.180605
         0          0          0          1
v_world_imu: -0.0454237   -0.11805    0.76512
frame_1190
id: 1190
stamp: 1757574299.550174952
T_odom_lidar: 
  0.978899  0.0474985  -0.198748 -0.0226204
-0.0475166   0.998859  0.0046812  0.0326992
  0.198744 0.00486139   0.980039  -0.178828
         0          0          0          1
T_world_lidar: 
  0.978899  0.0474985  -0.198748 -0.0226204
-0.0475166   0.998859  0.0046812  0.0326992
  0.198744 0.00486139   0.980039  -0.178828
         0          0          0          1
v_world_imu: -0.0454237   -0.11805    0.76512
frame_1191
id: 1191
stamp: 1757574299.586734056
T_odom_lidar: 
  0.979144  0.0477528  -0.197474 -0.0235851
-0.0476861   0.998849 0.00509559  0.0316101
   0.19749 0.00442743   0.980295  -0.179278
         0          0          0          1
T_world_lidar: 
  0.979144  0.0477528  -0.197474 -0.0235851
-0.0476861   0.998849 0.00509559  0.0316101
   0.19749 0.00442743   0.980295  -0.179278
         0          0          0          1
v_world_imu: -0.0454237   -0.11805    0.76512
frame_1192
id: 1192
stamp: 1757574299.657576799
T_odom_lidar: 
  0.979362  0.0475327  -0.196447  -0.019454
-0.0473859   0.998862 0.00545044  0.0324581
  0.196483 0.00397087   0.980499  -0.178878
         0          0          0          1
T_world_lidar: 
  0.979362  0.0475327  -0.196447  -0.019454
-0.0473859   0.998862 0.00545044  0.0324581
  0.196483 0.00397087   0.980499  -0.178878
         0          0          0          1
v_world_imu: -0.0454237   -0.11805    0.76512
frame_1193
id: 1193
stamp: 1757574299.692541361
T_odom_lidar: 
  0.979544  0.0475996  -0.195521 -0.0222017
 -0.047202   0.998863 0.00669552  0.0321406
  0.195617 0.00267042   0.980677  -0.179776
         0          0          0          1
T_world_lidar: 
  0.979544  0.0475996  -0.195521 -0.0222017
 -0.047202   0.998863 0.00669552  0.0321406
  0.195617 0.00267042   0.980677  -0.179776
         0          0          0          1
v_world_imu: -0.0454237   -0.11805    0.76512
frame_1194
id: 1194
stamp: 1757574299.760162830
T_odom_lidar: 
  0.980958  0.0475549  -0.188308 -0.0239573
-0.0471203   0.998866 0.00678666  0.0347269
  0.188418 0.00221572   0.982086  -0.172915
         0          0          0          1
T_world_lidar: 
  0.980958  0.0475549  -0.188308 -0.0239573
-0.0471203   0.998866 0.00678666  0.0347269
  0.188418 0.00221572   0.982086  -0.172915
         0          0          0          1
v_world_imu: -0.0454237   -0.11805    0.76512
frame_1195
id: 1195
stamp: 1757574299.787014008
T_odom_lidar: 
  0.981165  0.0477609  -0.187174 -0.0311785
-0.0471857   0.998858 0.00752961  0.0317432
   0.18732 0.00144414   0.982298  -0.173334
         0          0          0          1
T_world_lidar: 
  0.981165  0.0477609  -0.187174 -0.0311785
-0.0471857   0.998858 0.00752961  0.0317432
   0.18732 0.00144414   0.982298  -0.173334
         0          0          0          1
v_world_imu: -0.0454237   -0.11805    0.76512
frame_1196
id: 1196
stamp: 1757574299.859652519
T_odom_lidar: 
  0.981068  0.0475156  -0.187746 -0.0295571
 -0.046953   0.998869 0.00744505  0.0330697
  0.187887 0.00151114   0.982189  -0.173487
         0          0          0          1
T_world_lidar: 
  0.981068  0.0475156  -0.187746 -0.0295571
 -0.046953   0.998869 0.00744505  0.0330697
  0.187887 0.00151114   0.982189  -0.173487
         0          0          0          1
v_world_imu: -0.0454237   -0.11805    0.76512
frame_1197
id: 1197
stamp: 1757574299.887159586
T_odom_lidar: 
  0.981179   0.047071  -0.187276 -0.0328631
-0.0467147   0.998888 0.00631802  0.0294855
  0.187365 0.00254941   0.982287  -0.173022
         0          0          0          1
T_world_lidar: 
  0.981179   0.047071  -0.187276 -0.0328631
-0.0467147   0.998888 0.00631802  0.0294855
  0.187365 0.00254941   0.982287  -0.173022
         0          0          0          1
v_world_imu: -0.0454237   -0.11805    0.76512
frame_1198
id: 1198
stamp: 1757574299.961138725
T_odom_lidar: 
  0.981337  0.0511604  -0.185368 -0.0303884
 -0.051191   0.998678 0.00462418  0.0372611
  0.185359 0.00495129   0.982658  -0.168694
         0          0          0          1
T_world_lidar: 
  0.981337  0.0511604  -0.185368 -0.0303884
 -0.051191   0.998678 0.00462418  0.0372611
  0.185359 0.00495129   0.982658  -0.168694
         0          0          0          1
v_world_imu: -0.0454237   -0.11805    0.76512
frame_1199
id: 1199
stamp: 1757574299.992256403
T_odom_lidar: 
    0.9815  0.0556941  -0.183184 -0.0366686
-0.0559197   0.998428 0.00393807  0.0426015
  0.183116 0.00637839   0.983071  -0.167447
         0          0          0          1
T_world_lidar: 
    0.9815  0.0556941  -0.183184 -0.0366686
-0.0559197   0.998428 0.00393807  0.0426015
  0.183116 0.00637839   0.983071  -0.167447
         0          0          0          1
v_world_imu: -0.0454237   -0.11805    0.76512
frame_1200
id: 1200
stamp: 1757574300.061728477
T_odom_lidar: 
    0.979991    0.0585365    -0.190242   -0.0252722
  -0.0596707     0.998218 -0.000234241    0.0548752
    0.189889    0.0115814     0.981737    -0.162182
           0            0            0            1
T_world_lidar: 
    0.979991    0.0585365    -0.190242   -0.0252722
  -0.0596707     0.998218 -0.000234241    0.0548752
    0.189889    0.0115814     0.981737    -0.162182
           0            0            0            1
v_world_imu: -0.0454237   -0.11805    0.76512
frame_1201
id: 1201
stamp: 1757574300.097512484
T_odom_lidar: 
   0.979446   0.0651457   -0.190896  -0.0315056
 -0.0663658    0.997795 1.84091e-06   0.0656833
   0.190476   0.0126672     0.98161   -0.163478
          0           0           0           1
T_world_lidar: 
   0.979446   0.0651457   -0.190896  -0.0315056
 -0.0663658    0.997795 1.84091e-06   0.0656833
   0.190476   0.0126672     0.98161   -0.163478
          0           0           0           1
v_world_imu: -0.0454237   -0.11805    0.76512
frame_1202
id: 1202
stamp: 1757574300.170541763
T_odom_lidar: 
  0.978589  0.0745174  -0.191862 -0.0366743
-0.0756866   0.997131 0.00123821  0.0830725
  0.191404  0.0133097   0.981421   -0.16659
         0          0          0          1
T_world_lidar: 
  0.978589  0.0745174  -0.191862 -0.0366743
-0.0756866   0.997131 0.00123821  0.0830725
  0.191404  0.0133097   0.981421   -0.16659
         0          0          0          1
v_world_imu: -0.0454237   -0.11805    0.76512
frame_1203
id: 1203
stamp: 1757574300.207122087
T_odom_lidar: 
  0.977911  0.0839107  -0.191439 -0.0447326
 -0.084951   0.996381 0.00278148  0.0960351
  0.190979  0.0135429   0.981501  -0.168303
         0          0          0          1
T_world_lidar: 
  0.977911  0.0839107  -0.191439 -0.0447326
 -0.084951   0.996381 0.00278148  0.0960351
  0.190979  0.0135429   0.981501  -0.168303
         0          0          0          1
v_world_imu: -0.0454237   -0.11805    0.76512
frame_1204
id: 1204
stamp: 1757574300.280443430
T_odom_lidar: 
  0.977277    0.08957   -0.19211 -0.0480937
-0.0905648   0.995884 0.00361462   0.103946
  0.191643   0.013866   0.981367  -0.170537
         0          0          0          1
T_world_lidar: 
  0.977277    0.08957   -0.19211 -0.0480937
-0.0905648   0.995884 0.00361462   0.103946
  0.191643   0.013866   0.981367  -0.170537
         0          0          0          1
v_world_imu: -0.0454237   -0.11805    0.76512
frame_1205
id: 1205
stamp: 1757574300.312427282
T_odom_lidar: 
  0.977161  0.0911745  -0.191948 -0.0527537
-0.0919395   0.995752 0.00493635   0.105492
  0.191583   0.012824   0.981393  -0.172805
         0          0          0          1
T_world_lidar: 
  0.977161  0.0911745  -0.191948 -0.0527537
-0.0919395   0.995752 0.00493635   0.105492
  0.191583   0.012824   0.981393  -0.172805
         0          0          0          1
v_world_imu: -0.0454237   -0.11805    0.76512
frame_1206
id: 1206
stamp: 1757574300.389870405
T_odom_lidar: 
  0.976419   0.088726  -0.196811 -0.0515199
-0.0894533   0.995977 0.00520922   0.101267
  0.196482   0.012519   0.980428  -0.174129
         0          0          0          1
T_world_lidar: 
  0.976419   0.088726  -0.196811 -0.0515199
-0.0894533   0.995977 0.00520922   0.101267
  0.196482   0.012519   0.980428  -0.174129
         0          0          0          1
v_world_imu: -0.0454237   -0.11805    0.76512
frame_1207
id: 1207
stamp: 1757574300.422261238
T_odom_lidar: 
   0.97759  0.0818374   -0.19396 -0.0516995
-0.0821967   0.996597 0.00620886  0.0921133
  0.193808 0.00987318    0.98099  -0.169507
         0          0          0          1
T_world_lidar: 
   0.97759  0.0818374   -0.19396 -0.0516995
-0.0821967   0.996597 0.00620886  0.0921133
  0.193808 0.00987318    0.98099  -0.169507
         0          0          0          1
v_world_imu: -0.0454237   -0.11805    0.76512
frame_1208
id: 1208
stamp: 1757574300.492299795
T_odom_lidar: 
    0.97959   0.0691839   -0.188725  -0.0422045
 -0.0703138    0.997525 0.000709691   0.0629793
   0.188307   0.0125747     0.98203   -0.152542
          0           0           0           1
T_world_lidar: 
    0.97959   0.0691839   -0.188725  -0.0422045
 -0.0703138    0.997525 0.000709691   0.0629793
   0.188307   0.0125747     0.98203   -0.152542
          0           0           0           1
v_world_imu: -0.0454237   -0.11805    0.76512
frame_1209
id: 1209
stamp: 1757574300.526748419
T_odom_lidar: 
   0.981708   0.0517022   -0.183239  -0.0365407
 -0.0538254    0.998528 -0.00662912    0.028926
   0.182627   0.0163708    0.983046   -0.136243
          0           0           0           1
T_world_lidar: 
   0.981708   0.0517022   -0.183239  -0.0365407
 -0.0538254    0.998528 -0.00662912    0.028926
   0.182627   0.0163708    0.983046   -0.136243
          0           0           0           1
v_world_imu: -0.0454237   -0.11805    0.76512
frame_1210
id: 1210
stamp: 1757574300.606637239
T_odom_lidar: 
   0.982784    0.037552   -0.180901   -0.031596
 -0.0406253    0.999086  -0.0133123 -0.00339277
   0.180236   0.0204323    0.983411   -0.126503
          0           0           0           1
T_world_lidar: 
   0.982784    0.037552   -0.180901   -0.031596
 -0.0406253    0.999086  -0.0133123 -0.00339277
   0.180236   0.0204323    0.983411   -0.126503
          0           0           0           1
v_world_imu: -0.0454237   -0.11805    0.76512
frame_1211
id: 1211
stamp: 1757574300.636867762
T_odom_lidar: 
   0.982665   0.0329697   -0.182436  -0.0324718
  -0.036515    0.999203  -0.0161069 -0.00429753
    0.18176   0.0224893    0.983086   -0.131269
          0           0           0           1
T_world_lidar: 
   0.982665   0.0329697   -0.182436  -0.0324718
  -0.036515    0.999203  -0.0161069 -0.00429753
    0.18176   0.0224893    0.983086   -0.131269
          0           0           0           1
v_world_imu: -0.0454237   -0.11805    0.76512
frame_1212
id: 1212
stamp: 1757574300.711030722
T_odom_lidar: 
  0.981996  0.0384775   -0.18494 -0.0227058
-0.0425295   0.998933 -0.0179917 0.00926078
  0.184051  0.0255332   0.982585  -0.132285
         0          0          0          1
T_world_lidar: 
  0.981996  0.0384775   -0.18494 -0.0227058
-0.0425295   0.998933 -0.0179917 0.00926078
  0.184051  0.0255332   0.982585  -0.132285
         0          0          0          1
v_world_imu: -0.0454237   -0.11805    0.76512
frame_1213
id: 1213
stamp: 1757574300.737411976
T_odom_lidar: 
  0.981871  0.0460294  -0.183876 -0.0237653
-0.0486873   0.998764 -0.0099636  0.0253618
   0.18319  0.0187354   0.982899  -0.134747
         0          0          0          1
T_world_lidar: 
  0.981871  0.0460294  -0.183876 -0.0237653
-0.0486873   0.998764 -0.0099636  0.0253618
   0.18319  0.0187354   0.982899  -0.134747
         0          0          0          1
v_world_imu: -0.0454237   -0.11805    0.76512
frame_1214
id: 1214
stamp: 1757574300.811406612
T_odom_lidar: 
   0.98241  0.0438044  -0.181528 -0.0140913
-0.0453115   0.998964 -0.0041616  0.0285739
  0.181158  0.0123137   0.983377  -0.131489
         0          0          0          1
T_world_lidar: 
   0.98241  0.0438044  -0.181528 -0.0140913
-0.0453115   0.998964 -0.0041616  0.0285739
  0.181158  0.0123137   0.983377  -0.131489
         0          0          0          1
v_world_imu: -0.0454237   -0.11805    0.76512
frame_1215
id: 1215
stamp: 1757574300.846708536
T_odom_lidar: 
  0.982782  0.0324083  -0.181904 -0.0179167
-0.0324669   0.999469 0.00265654  0.0159639
  0.181893 0.00329504   0.983313  -0.138066
         0          0          0          1
T_world_lidar: 
  0.982782  0.0324083  -0.181904 -0.0179167
-0.0324669   0.999469 0.00265654  0.0159639
  0.181893 0.00329504   0.983313  -0.138066
         0          0          0          1
v_world_imu: -0.0454237   -0.11805    0.76512
frame_1216
id: 1216
stamp: 1757574300.917615891
T_odom_lidar: 
       0.982    0.0410339     -0.18437   -0.0229037
  -0.0402817     0.999158   0.00782525    0.0326779
    0.184536 -0.000257649     0.982826    -0.147852
           0            0            0            1
T_world_lidar: 
       0.982    0.0410339     -0.18437   -0.0229037
  -0.0402817     0.999158   0.00782525    0.0326779
    0.184536 -0.000257649     0.982826    -0.147852
           0            0            0            1
v_world_imu: -0.0454237   -0.11805    0.76512
frame_1217
id: 1217
stamp: 1757574300.945123911
T_odom_lidar: 
   0.980422   0.0474516   -0.191104  -0.0344034
 -0.0460446     0.99887   0.0117991   0.0333486
   0.191448 -0.00276883    0.981499   -0.166935
          0           0           0           1
T_world_lidar: 
   0.980422   0.0474516   -0.191104  -0.0344034
 -0.0460446     0.99887   0.0117991   0.0333486
   0.191448 -0.00276883    0.981499   -0.166935
          0           0           0           1
v_world_imu: -0.0454237   -0.11805    0.76512
frame_1218
id: 1218
stamp: 1757574301.013115644
T_odom_lidar: 
  0.978997  0.0480769  -0.198127 -0.0596965
-0.0473834   0.998843 0.00824257  0.0397876
  0.198294 0.00131848   0.980142  -0.161576
         0          0          0          1
T_world_lidar: 
  0.978997  0.0480769  -0.198127 -0.0596965
-0.0473834   0.998843 0.00824257  0.0397876
  0.198294 0.00131848   0.980142  -0.161576
         0          0          0          1
v_world_imu: -0.0454237   -0.11805    0.76512
frame_1219
id: 1219
stamp: 1757574301.043734074
T_odom_lidar: 
  0.978974  0.0472361   -0.19844 -0.0555666
-0.0470105   0.998877 0.00585083  0.0350702
  0.198494 0.00360097   0.980096  -0.161331
         0          0          0          1
T_world_lidar: 
  0.978974  0.0472361   -0.19844 -0.0555666
-0.0470105   0.998877 0.00585083  0.0350702
  0.198494 0.00360097   0.980096  -0.161331
         0          0          0          1
v_world_imu: -0.0454237   -0.11805    0.76512
frame_1220
id: 1220
stamp: 1757574301.115126848
T_odom_lidar: 
  0.979236  0.0460753   -0.19742 -0.0499618
-0.0466226   0.998911 0.00187712  0.0323116
  0.197292 0.00736609   0.980317  -0.157455
         0          0          0          1
T_world_lidar: 
  0.979236  0.0460753   -0.19742 -0.0499618
-0.0466226   0.998911 0.00187712  0.0323116
  0.197292 0.00736609   0.980317  -0.157455
         0          0          0          1
v_world_imu: -0.0454237   -0.11805    0.76512
frame_1221
id: 1221
stamp: 1757574301.151593447
T_odom_lidar: 
   0.979621   0.0448499   -0.195783  -0.0461379
 -0.0460215    0.998939 -0.00143675   0.0281579
   0.195511   0.0104177    0.980646   -0.154452
          0           0           0           1
T_world_lidar: 
   0.979621   0.0448499   -0.195783  -0.0461379
 -0.0460215    0.998939 -0.00143675   0.0281579
   0.195511   0.0104177    0.980646   -0.154452
          0           0           0           1
v_world_imu: -0.0454237   -0.11805    0.76512
frame_1222
id: 1222
stamp: 1757574301.226690531
T_odom_lidar: 
   0.980056   0.0441579   -0.193751   -0.038917
 -0.0455801    0.998957 -0.00288672   0.0281462
   0.193421   0.0116603    0.981046   -0.149889
          0           0           0           1
T_world_lidar: 
   0.980056   0.0441579   -0.193751   -0.038917
 -0.0455801    0.998957 -0.00288672   0.0281462
   0.193421   0.0116603    0.981046   -0.149889
          0           0           0           1
v_world_imu: -0.0454237   -0.11805    0.76512
frame_1223
id: 1223
stamp: 1757574301.258486271
T_odom_lidar: 
   0.980342   0.0439924   -0.192337  -0.0373414
 -0.0452846    0.998971 -0.00232565   0.0269889
   0.192037   0.0109899    0.981326   -0.148902
          0           0           0           1
T_world_lidar: 
   0.980342   0.0439924   -0.192337  -0.0373414
 -0.0452846    0.998971 -0.00232565   0.0269889
   0.192037   0.0109899    0.981326   -0.148902
          0           0           0           1
v_world_imu: -0.0454237   -0.11805    0.76512
frame_1224
id: 1224
stamp: 1757574301.331591129
T_odom_lidar: 
    0.980132     0.044702    -0.193244   -0.0328248
   -0.045634     0.998958 -0.000372054    0.0303205
    0.193026   0.00918317     0.981151      -0.1503
           0            0            0            1
T_world_lidar: 
    0.980132     0.044702    -0.193244   -0.0328248
   -0.045634     0.998958 -0.000372054    0.0303205
    0.193026   0.00918317     0.981151      -0.1503
           0            0            0            1
v_world_imu: -0.0454237   -0.11805    0.76512
frame_1225
id: 1225
stamp: 1757574301.364941597
T_odom_lidar: 
  0.979978  0.0453297  -0.193876 -0.0359983
-0.0459438   0.998943    0.00133   0.029744
  0.193731   0.007604   0.981025  -0.153254
         0          0          0          1
T_world_lidar: 
  0.979978  0.0453297  -0.193876 -0.0359983
-0.0459438   0.998943    0.00133   0.029744
  0.193731   0.007604   0.981025  -0.153254
         0          0          0          1
v_world_imu: -0.0454237   -0.11805    0.76512
frame_1226
id: 1226
stamp: 1757574301.439035177
T_odom_lidar: 
  0.979839  0.0459234  -0.194439 -0.0351308
-0.0462939   0.998924 0.00264046  0.0327824
  0.194351 0.00641413   0.980911  -0.155017
         0          0          0          1
T_world_lidar: 
  0.979839  0.0459234  -0.194439 -0.0351308
-0.0462939   0.998924 0.00264046  0.0327824
  0.194351 0.00641413   0.980911  -0.155017
         0          0          0          1
v_world_imu: -0.0454237   -0.11805    0.76512
frame_1227
id: 1227
stamp: 1757574301.476034641
T_odom_lidar: 
  0.979633  0.0460037  -0.195454  -0.037437
-0.0462036   0.998926 0.00353918  0.0306892
  0.195407 0.00556356   0.980707  -0.157641
         0          0          0          1
T_world_lidar: 
  0.979633  0.0460037  -0.195454  -0.037437
-0.0462036   0.998926 0.00353918  0.0306892
  0.195407 0.00556356   0.980707  -0.157641
         0          0          0          1
v_world_imu: -0.0454237   -0.11805    0.76512
frame_1228
id: 1228
stamp: 1757574301.548940659
T_odom_lidar: 
  0.979546  0.0462205  -0.195842 -0.0362064
-0.0465076   0.998913  0.0031345  0.0310141
  0.195774 0.00603774   0.980631  -0.158378
         0          0          0          1
T_world_lidar: 
  0.979546  0.0462205  -0.195842 -0.0362064
-0.0465076   0.998913  0.0031345  0.0310141
  0.195774 0.00603774   0.980631  -0.158378
         0          0          0          1
v_world_imu: -0.0454237   -0.11805    0.76512
frame_1229
id: 1229
stamp: 1757574301.579297066
T_odom_lidar: 
  0.979473  0.0463332  -0.196178 -0.0357007
-0.0466945   0.998905 0.00278541  0.0279528
  0.196092 0.00643219   0.980564  -0.158689
         0          0          0          1
T_world_lidar: 
  0.979473  0.0463332  -0.196178 -0.0357007
-0.0466945   0.998905 0.00278541  0.0279528
  0.196092 0.00643219   0.980564  -0.158689
         0          0          0          1
v_world_imu: -0.0454237   -0.11805    0.76512
frame_1230
id: 1230
stamp: 1757574301.650386810
T_odom_lidar: 
  0.978782  0.0466313  -0.199529 -0.0361451
-0.0465794   0.998902 0.00495702  0.0305631
  0.199541 0.00444207   0.979879  -0.168197
         0          0          0          1
T_world_lidar: 
  0.978782  0.0466313  -0.199529 -0.0361451
-0.0465794   0.998902 0.00495702  0.0305631
  0.199541 0.00444207   0.979879  -0.168197
         0          0          0          1
v_world_imu: -0.0454237   -0.11805    0.76512
frame_1231
id: 1231
stamp: 1757574301.682037115
T_odom_lidar: 
   0.97888  0.0466481  -0.199043 -0.0359295
-0.0466629     0.9989 0.00461942  0.0296429
   0.19904 0.00476607    0.97998   -0.16811
         0          0          0          1
T_world_lidar: 
   0.97888  0.0466481  -0.199043 -0.0359295
-0.0466629     0.9989 0.00461942  0.0296429
   0.19904 0.00476607    0.97998   -0.16811
         0          0          0          1
v_world_imu: -0.0454237   -0.11805    0.76512
frame_1232
id: 1232
stamp: 1757574301.752342939
T_odom_lidar: 
  0.979182  0.0461945  -0.197657 -0.0294608
-0.0462876    0.99892 0.00415172  0.0289535
  0.197635 0.00508377   0.980262  -0.164204
         0          0          0          1
T_world_lidar: 
  0.979182  0.0461945  -0.197657 -0.0294608
-0.0462876    0.99892 0.00415172  0.0289535
  0.197635 0.00508377   0.980262  -0.164204
         0          0          0          1
v_world_imu: -0.0454237   -0.11805    0.76512
frame_1233
id: 1233
stamp: 1757574301.785345554
T_odom_lidar: 
  0.979301  0.0456363  -0.197199 -0.0295538
-0.0457938   0.998944  0.0037635  0.0265262
  0.197162 0.00534488   0.980356  -0.163109
         0          0          0          1
T_world_lidar: 
  0.979301  0.0456363  -0.197199 -0.0295538
-0.0457938   0.998944  0.0037635  0.0265262
  0.197162 0.00534488   0.980356  -0.163109
         0          0          0          1
v_world_imu: -0.0454237   -0.11805    0.76512
frame_1234
id: 1234
stamp: 1757574301.854766846
T_odom_lidar: 
  0.979383  0.0457889  -0.196756 -0.0262974
-0.0459419   0.998937 0.00378896  0.0282604
   0.19672 0.00532849   0.980445  -0.161708
         0          0          0          1
T_world_lidar: 
  0.979383  0.0457889  -0.196756 -0.0262974
-0.0459419   0.998937 0.00378896  0.0282604
   0.19672 0.00532849   0.980445  -0.161708
         0          0          0          1
v_world_imu: -0.0454237   -0.11805    0.76512
frame_1235
id: 1235
stamp: 1757574301.886615753
T_odom_lidar: 
  0.979146  0.0460556  -0.197871 -0.0285667
-0.0462172   0.998924 0.00380422  0.0267541
  0.197833 0.00542013   0.980221  -0.165073
         0          0          0          1
T_world_lidar: 
  0.979146  0.0460556  -0.197871 -0.0285667
-0.0462172   0.998924 0.00380422  0.0267541
  0.197833 0.00542013   0.980221  -0.165073
         0          0          0          1
v_world_imu: -0.0454237   -0.11805    0.76512
frame_1236
id: 1236
stamp: 1757574301.957057714
T_odom_lidar: 
  0.980594  0.0452269  -0.190761 -0.0283262
-0.0456196   0.998956 0.00233486  0.0303037
  0.190668 0.00641289   0.981634  -0.157546
         0          0          0          1
T_world_lidar: 
  0.980594  0.0452269  -0.190761 -0.0283262
-0.0456196   0.998956 0.00233486  0.0303037
  0.190668 0.00641289   0.981634  -0.157546
         0          0          0          1
v_world_imu: -0.0454237   -0.11805    0.76512
frame_1237
id: 1237
stamp: 1757574301.991556644
T_odom_lidar: 
  0.980492  0.0447356  -0.191401 -0.0290266
-0.0452495   0.998974 0.00168742  0.0276045
   0.19128 0.00700627   0.981511  -0.158389
         0          0          0          1
T_world_lidar: 
  0.980492  0.0447356  -0.191401 -0.0290266
-0.0452495   0.998974 0.00168742  0.0276045
   0.19128 0.00700627   0.981511  -0.158389
         0          0          0          1
v_world_imu: -0.0454237   -0.11805    0.76512
frame_1238
id: 1238
stamp: 1757574302.056959629
T_odom_lidar: 
  0.980466  0.0446892  -0.191544   -0.02622
-0.0450908    0.99898  0.0022636  0.0293357
  0.191449 0.00641748   0.981482   -0.15875
         0          0          0          1
T_world_lidar: 
  0.980466  0.0446892  -0.191544   -0.02622
-0.0450908    0.99898  0.0022636  0.0293357
  0.191449 0.00641748   0.981482   -0.15875
         0          0          0          1
v_world_imu: -0.0454237   -0.11805    0.76512
frame_1239
id: 1239
stamp: 1757574302.088300943
T_odom_lidar: 
   0.98044  0.0443362  -0.191761 -0.0265388
-0.0447864   0.998995 0.00198798  0.0273932
  0.191656  0.0066392    0.98144  -0.159245
         0          0          0          1
T_world_lidar: 
   0.98044  0.0443362  -0.191761 -0.0265388
-0.0447864   0.998995 0.00198798  0.0273932
  0.191656  0.0066392    0.98144  -0.159245
         0          0          0          1
v_world_imu: -0.0454237   -0.11805    0.76512
frame_1240
id: 1240
stamp: 1757574302.157289505
T_odom_lidar: 
   0.980347   0.0443279   -0.192238  -0.0244766
 -0.0449922    0.998987 0.000910645   0.0279753
   0.192084  0.00775648    0.981348   -0.160079
          0           0           0           1
T_world_lidar: 
   0.980347   0.0443279   -0.192238  -0.0244766
 -0.0449922    0.998987 0.000910645   0.0279753
   0.192084  0.00775648    0.981348   -0.160079
          0           0           0           1
v_world_imu: -0.0454237   -0.11805    0.76512
frame_1241
id: 1241
stamp: 1757574302.185389757
T_odom_lidar: 
    0.980467    0.0450986    -0.191443   -0.0236484
  -0.0460269      0.99894 -0.000402299    0.0261916
    0.191222   0.00920596     0.981504     -0.15678
           0            0            0            1
T_world_lidar: 
    0.980467    0.0450986    -0.191443   -0.0236484
  -0.0460269      0.99894 -0.000402299    0.0261916
    0.191222   0.00920596     0.981504     -0.15678
           0            0            0            1
v_world_imu: -0.0454237   -0.11805    0.76512
frame_1242
id: 1242
stamp: 1757574302.264079571
T_odom_lidar: 
   0.981053   0.0472565    -0.18789  -0.0261877
 -0.0480571    0.998845 0.000294321   0.0282308
   0.187687  0.00874071     0.98219   -0.155073
          0           0           0           1
T_world_lidar: 
   0.981053   0.0472565    -0.18789  -0.0261877
 -0.0480571    0.998845 0.000294321   0.0282308
   0.187687  0.00874071     0.98219   -0.155073
          0           0           0           1
v_world_imu: -0.0454237   -0.11805    0.76512
frame_1243
id: 1243
stamp: 1757574302.296052217
T_odom_lidar: 
   0.980887   0.0524006    -0.18739  -0.0346606
 -0.0532389    0.998582 0.000560023   0.0331562
   0.187154  0.00942713    0.982285   -0.154485
          0           0           0           1
T_world_lidar: 
   0.980887   0.0524006    -0.18739  -0.0346606
 -0.0532389    0.998582 0.000560023   0.0331562
   0.187154  0.00942713    0.982285   -0.154485
          0           0           0           1
v_world_imu: -0.0454237   -0.11805    0.76512
frame_1244
id: 1244
stamp: 1757574302.366587877
T_odom_lidar: 
  0.980426  0.0604612  -0.187373 -0.0374411
-0.0613264   0.998117 0.00118124  0.0461559
  0.187091  0.0103328   0.982288  -0.154945
         0          0          0          1
T_world_lidar: 
  0.980426  0.0604612  -0.187373 -0.0374411
-0.0613264   0.998117 0.00118124  0.0461559
  0.187091  0.0103328   0.982288  -0.154945
         0          0          0          1
v_world_imu: -0.0454237   -0.11805    0.76512
frame_1245
id: 1245
stamp: 1757574302.400622845
T_odom_lidar: 
  0.979623   0.068789    -0.1887 -0.0480456
-0.0697052   0.997566 0.00178502  0.0553572
  0.188364  0.0114047   0.982033  -0.158884
         0          0          0          1
T_world_lidar: 
  0.979623   0.068789    -0.1887 -0.0480456
-0.0697052   0.997566 0.00178502  0.0553572
  0.188364  0.0114047   0.982033  -0.158884
         0          0          0          1
v_world_imu: -0.0454237   -0.11805    0.76512
frame_1246
id: 1246
stamp: 1757574302.478518248
T_odom_lidar: 
  0.978713  0.0762177  -0.190558 -0.0587618
-0.0770117   0.997025 0.00324636  0.0687211
  0.190239   0.011498    0.98167  -0.163865
         0          0          0          1
T_world_lidar: 
  0.978713  0.0762177  -0.190558 -0.0587618
-0.0770117   0.997025 0.00324636  0.0687211
  0.190239   0.011498    0.98167  -0.163865
         0          0          0          1
v_world_imu: -0.0454237   -0.11805    0.76512
frame_1247
id: 1247
stamp: 1757574302.510515928
T_odom_lidar: 
  0.978197  0.0789181  -0.192101 -0.0658049
-0.0796629   0.996814 0.00385577  0.0717455
  0.191793  0.0115316   0.981368  -0.168483
         0          0          0          1
T_world_lidar: 
  0.978197  0.0789181  -0.192101 -0.0658049
-0.0796629   0.996814 0.00385577  0.0717455
  0.191793  0.0115316   0.981368  -0.168483
         0          0          0          1
v_world_imu: -0.0454237   -0.11805    0.76512
frame_1248
id: 1248
stamp: 1757574302.588500261
T_odom_lidar: 
  0.977511  0.0772643  -0.196218 -0.0560634
 -0.077891   0.996952 0.00453294  0.0698106
   0.19597  0.0108526    0.98055  -0.173723
         0          0          0          1
T_world_lidar: 
  0.977511  0.0772643  -0.196218 -0.0560634
 -0.077891   0.996952 0.00453294  0.0698106
   0.19597  0.0108526    0.98055  -0.173723
         0          0          0          1
v_world_imu: -0.0454237   -0.11805    0.76512
frame_1249
id: 1249
stamp: 1757574302.620378256
T_odom_lidar: 
   0.97764   0.077054  -0.195661 -0.0575816
-0.0776035   0.996972 0.00486818  0.0689505
  0.195444  0.0104247   0.980659  -0.171469
         0          0          0          1
T_world_lidar: 
   0.97764   0.077054  -0.195661 -0.0575816
-0.0776035   0.996972 0.00486818  0.0689505
  0.195444  0.0104247   0.980659  -0.171469
         0          0          0          1
v_world_imu: -0.0454237   -0.11805    0.76512
frame_1250
id: 1250
stamp: 1757574302.693919897
T_odom_lidar: 
   0.97784  0.0817145  -0.192747 -0.0542736
-0.0822342   0.996599 0.00531652  0.0738222
  0.192526  0.0106517   0.981234   -0.16451
         0          0          0          1
T_world_lidar: 
   0.97784  0.0817145  -0.192747 -0.0542736
-0.0822342   0.996599 0.00531652  0.0738222
  0.192526  0.0106517   0.981234   -0.16451
         0          0          0          1
v_world_imu: -0.0454237   -0.11805    0.76512
frame_1251
id: 1251
stamp: 1757574302.723389626
T_odom_lidar: 
  0.977976  0.0836028  -0.191242  -0.059586
-0.0840031   0.996447 0.00602787     0.0756
  0.191067  0.0101698   0.981524  -0.163276
         0          0          0          1
T_world_lidar: 
  0.977976  0.0836028  -0.191242  -0.059586
-0.0840031   0.996447 0.00602787     0.0756
  0.191067  0.0101698   0.981524  -0.163276
         0          0          0          1
v_world_imu: -0.0454237   -0.11805    0.76512
frame_1252
id: 1252
stamp: 1757574302.794026613
T_odom_lidar: 
  0.978312   0.081254  -0.190536 -0.0527531
-0.0813142    0.99666 0.00751589  0.0719865
  0.190511 0.00814042   0.981651   -0.16131
         0          0          0          1
T_world_lidar: 
  0.978312   0.081254  -0.190536 -0.0527531
-0.0813142    0.99666 0.00751589  0.0719865
  0.190511 0.00814042   0.981651   -0.16131
         0          0          0          1
v_world_imu: -0.0454237   -0.11805    0.76512
frame_1253
id: 1253
stamp: 1757574302.823750734
T_odom_lidar: 
  0.978743  0.0784717  -0.189485 -0.0551669
-0.0780609   0.996902  0.0096421  0.0701073
  0.189655 0.00535425   0.981836  -0.160704
         0          0          0          1
T_world_lidar: 
  0.978743  0.0784717  -0.189485 -0.0551669
-0.0780609   0.996902  0.0096421  0.0701073
  0.189655 0.00535425   0.981836  -0.160704
         0          0          0          1
v_world_imu: -0.0454237   -0.11805    0.76512
frame_1254
id: 1254
stamp: 1757574302.891551018
T_odom_lidar: 
  0.979133  0.0738306  -0.189336 -0.0404606
-0.0734963   0.997257 0.00879585  0.0649594
  0.189466 0.00530324   0.981873  -0.155016
         0          0          0          1
T_world_lidar: 
  0.979133  0.0738306  -0.189336 -0.0404606
-0.0734963   0.997257 0.00879585  0.0649594
  0.189466 0.00530324   0.981873  -0.155016
         0          0          0          1
v_world_imu: -0.0454237   -0.11805    0.76512
frame_1255
id: 1255
stamp: 1757574302.927014351
T_odom_lidar: 
  0.980704  0.0617369  -0.185493 -0.0269508
-0.0616043    0.99808 0.00648382  0.0459535
  0.185537 0.00506848   0.982624  -0.141474
         0          0          0          1
T_world_lidar: 
  0.980704  0.0617369  -0.185493 -0.0269508
-0.0616043    0.99808 0.00648382  0.0459535
  0.185537 0.00506848   0.982624  -0.141474
         0          0          0          1
v_world_imu: -0.0454237   -0.11805    0.76512
frame_1256
id: 1256
stamp: 1757574303.002346754
T_odom_lidar: 
  0.981736  0.0453034  -0.184775 -0.0231949
-0.0457117   0.998953 0.00205134  0.0175725
  0.184675 0.00643252   0.982779  -0.136784
         0          0          0          1
T_world_lidar: 
  0.981736  0.0453034  -0.184775 -0.0231949
-0.0457117   0.998953 0.00205134  0.0175725
  0.184675 0.00643252   0.982779  -0.136784
         0          0          0          1
v_world_imu: -0.0454237   -0.11805    0.76512
frame_1257
id: 1257
stamp: 1757574303.037225723
T_odom_lidar: 
    0.982231    0.0313086    -0.185048    -0.024428
    -0.03276     0.999452  -0.00479011 -0.000589913
    0.184797    0.0107672     0.982718    -0.134041
           0            0            0            1
T_world_lidar: 
    0.982231    0.0313086    -0.185048    -0.024428
    -0.03276     0.999452  -0.00479011 -0.000589913
    0.184797    0.0107672     0.982718    -0.134041
           0            0            0            1
v_world_imu: -0.0454237   -0.11805    0.76512
frame_1258
id: 1258
stamp: 1757574303.111249447
T_odom_lidar: 
  0.983074  0.0245478  -0.181556 -0.0145588
-0.0274877   0.999528 -0.0136942 -0.0175494
  0.181134   0.018453   0.983285  -0.118464
         0          0          0          1
T_world_lidar: 
  0.983074  0.0245478  -0.181556 -0.0145588
-0.0274877   0.999528 -0.0136942 -0.0175494
  0.181134   0.018453   0.983285  -0.118464
         0          0          0          1
v_world_imu: -0.0454237   -0.11805    0.76512
frame_1259
id: 1259
stamp: 1757574303.141123295
T_odom_lidar: 
   0.983783   0.0269367   -0.177327 -0.00836638
 -0.0307661    0.999348  -0.0188806  -0.0115369
   0.176703   0.0240301    0.983971   -0.108298
          0           0           0           1
T_world_lidar: 
   0.983783   0.0269367   -0.177327 -0.00836638
 -0.0307661    0.999348  -0.0188806  -0.0115369
   0.176703   0.0240301    0.983971   -0.108298
          0           0           0           1
v_world_imu: -0.0454237   -0.11805    0.76512
frame_1260
id: 1260
stamp: 1757574303.213173628
T_odom_lidar: 
   0.984142   0.0321343   -0.174449 -0.00885346
  -0.036629    0.999073  -0.0226061  0.00877567
   0.173561   0.0286374    0.984407   -0.120483
          0           0           0           1
T_world_lidar: 
   0.984142   0.0321343   -0.174449 -0.00885346
  -0.036629    0.999073  -0.0226061  0.00877567
   0.173561   0.0286374    0.984407   -0.120483
          0           0           0           1
v_world_imu: -0.0454237   -0.11805    0.76512
frame_1261
id: 1261
stamp: 1757574303.244353056
T_odom_lidar: 
  0.984147  0.0357817  -0.173709 -0.0130231
-0.0394646   0.999063 -0.0177928  0.0215115
   0.17291  0.0243661   0.984636  -0.123386
         0          0          0          1
T_world_lidar: 
  0.984147  0.0357817  -0.173709 -0.0130231
-0.0394646   0.999063 -0.0177928  0.0215115
   0.17291  0.0243661   0.984636  -0.123386
         0          0          0          1
v_world_imu: -0.0454237   -0.11805    0.76512
frame_1262
id: 1262
stamp: 1757574303.319052219
T_odom_lidar: 
   0.98321  0.0336267  -0.179355 -0.0253572
-0.0360691   0.999295 -0.0103732  0.0356118
   0.17888  0.0166682    0.98373  -0.129653
         0          0          0          1
T_world_lidar: 
   0.98321  0.0336267  -0.179355 -0.0253572
-0.0360691   0.999295 -0.0103732  0.0356118
   0.17888  0.0166682    0.98373  -0.129653
         0          0          0          1
v_world_imu: -0.0454237   -0.11805    0.76512
frame_1263
id: 1263
stamp: 1757574303.348412752
T_odom_lidar: 
   0.981981   0.0382374   -0.185071  -0.0379525
 -0.0394929    0.999215 -0.00310121   0.0377435
   0.184807   0.0103543     0.98272   -0.137617
          0           0           0           1
T_world_lidar: 
   0.981981   0.0382374   -0.185071  -0.0379525
 -0.0394929    0.999215 -0.00310121   0.0377435
   0.184807   0.0103543     0.98272   -0.137617
          0           0           0           1
v_world_imu: -0.0454237   -0.11805    0.76512
frame_1264
id: 1264
stamp: 1757574303.418456078
T_odom_lidar: 
  0.980268  0.0448497  -0.192517 -0.0518252
-0.0454361   0.998966 0.00136994  0.0475408
  0.192379 0.00740432   0.981293  -0.150982
         0          0          0          1
T_world_lidar: 
  0.980268  0.0448497  -0.192517 -0.0518252
-0.0454361   0.998966 0.00136994  0.0475408
  0.192379 0.00740432   0.981293  -0.150982
         0          0          0          1
v_world_imu: -0.0454237   -0.11805    0.76512
frame_1265
id: 1265
stamp: 1757574303.454403639
T_odom_lidar: 
  0.978415  0.0506201  -0.200354 -0.0626776
 -0.051196   0.998686 0.00230897  0.0445052
  0.200208 0.00799822   0.979721  -0.161674
         0          0          0          1
T_world_lidar: 
  0.978415  0.0506201  -0.200354 -0.0626776
 -0.051196   0.998686 0.00230897  0.0445052
  0.200208 0.00799822   0.979721  -0.161674
         0          0          0          1
v_world_imu: -0.0454237   -0.11805    0.76512
frame_1266
id: 1266
stamp: 1757574303.530555487
T_odom_lidar: 
  0.977189  0.0534574  -0.205532 -0.0665316
-0.0529688   0.998565 0.00788288  0.0358217
  0.205659 0.00318372   0.978619  -0.164604
         0          0          0          1
T_world_lidar: 
  0.977189  0.0534574  -0.205532 -0.0665316
-0.0529688   0.998565 0.00788288  0.0358217
  0.205659 0.00318372   0.978619  -0.164604
         0          0          0          1
v_world_imu: -0.0454237   -0.11805    0.76512
frame_1267
id: 1267
stamp: 1757574303.564174652
T_odom_lidar: 
  0.976524  0.0541694  -0.208486 -0.0679409
-0.0539038   0.998522 0.00695976  0.0302985
  0.208555 0.00444181   0.978001  -0.163222
         0          0          0          1
T_world_lidar: 
  0.976524  0.0541694  -0.208486 -0.0679409
-0.0539038   0.998522 0.00695976  0.0302985
  0.208555 0.00444181   0.978001  -0.163222
         0          0          0          1
v_world_imu: -0.0454237   -0.11805    0.76512
frame_1268
id: 1268
stamp: 1757574303.634297132
T_odom_lidar: 
  0.976862   0.053951  -0.206956 -0.0618239
-0.0536107   0.998536 0.00725609  0.0314901
  0.207045 0.00400688   0.978323  -0.161022
         0          0          0          1
T_world_lidar: 
  0.976862   0.053951  -0.206956 -0.0618239
-0.0536107   0.998536 0.00725609  0.0314901
  0.207045 0.00400688   0.978323  -0.161022
         0          0          0          1
v_world_imu: -0.0454237   -0.11805    0.76512
frame_1269
id: 1269
stamp: 1757574303.669492722
T_odom_lidar: 
  0.977751  0.0539639  -0.202708 -0.0541843
-0.0535803   0.998536 0.00738347  0.0291746
  0.202809 0.00364195   0.979211  -0.159605
         0          0          0          1
T_world_lidar: 
  0.977751  0.0539639  -0.202708 -0.0541843
-0.0535803   0.998536 0.00738347  0.0291746
  0.202809 0.00364195   0.979211  -0.159605
         0          0          0          1
v_world_imu: -0.0454237   -0.11805    0.76512
frame_1270
id: 1270
stamp: 1757574303.742651939
T_odom_lidar: 
  0.978366  0.0580683  -0.198564 -0.0477374
-0.0579864   0.998298 0.00623247  0.0278464
  0.198588 0.00541639   0.980068  -0.159374
         0          0          0          1
T_world_lidar: 
  0.978366  0.0580683  -0.198564 -0.0477374
-0.0579864   0.998298 0.00623247  0.0278464
  0.198588 0.00541639   0.980068  -0.159374
         0          0          0          1
v_world_imu: -0.0454237   -0.11805    0.76512
frame_1271
id: 1271
stamp: 1757574303.777470589
T_odom_lidar: 
  0.979001  0.0637652  -0.193624 -0.0507976
-0.0638857   0.997941 0.00562809  0.0251539
  0.193584 0.00685989    0.98106  -0.158859
         0          0          0          1
T_world_lidar: 
  0.979001  0.0637652  -0.193624 -0.0507976
-0.0638857   0.997941 0.00562809  0.0251539
  0.193584 0.00685989    0.98106  -0.158859
         0          0          0          1
v_world_imu: -0.0454237   -0.11805    0.76512
frame_1272
id: 1272
stamp: 1757574303.851512671
T_odom_lidar: 
   0.978834   0.0679636   -0.193042  -0.0382197
 -0.0691341    0.997607 0.000674017   0.0441634
   0.192626    0.012686     0.98119   -0.152856
          0           0           0           1
T_world_lidar: 
   0.978834   0.0679636   -0.193042  -0.0382197
 -0.0691341    0.997607 0.000674017   0.0441634
   0.192626    0.012686     0.98119   -0.152856
          0           0           0           1
v_world_imu: -0.0454237   -0.11805    0.76512
frame_1273
id: 1273
stamp: 1757574303.886236191
T_odom_lidar: 
    0.979015    0.0738939     -0.18992   -0.0449507
  -0.0753653     0.997156 -0.000526283    0.0481023
    0.189341    0.0148286       0.9818    -0.146232
           0            0            0            1
T_world_lidar: 
    0.979015    0.0738939     -0.18992   -0.0449507
  -0.0753653     0.997156 -0.000526283    0.0481023
    0.189341    0.0148286       0.9818    -0.146232
           0            0            0            1
v_world_imu: -0.0454237   -0.11805    0.76512
frame_1274
id: 1274
stamp: 1757574303.959159374
T_odom_lidar: 
   0.978783   0.0805489   -0.188404  -0.0450168
 -0.0822546    0.996611 -0.00123964   0.0487334
   0.187665   0.0167104    0.982091    -0.14404
          0           0           0           1
T_world_lidar: 
   0.978783   0.0805489   -0.188404  -0.0450168
 -0.0822546    0.996611 -0.00123964   0.0487334
   0.187665   0.0167104    0.982091    -0.14404
          0           0           0           1
v_world_imu: -0.0454237   -0.11805    0.76512
frame_1275
id: 1275
stamp: 1757574303.987629652
T_odom_lidar: 
   0.978683   0.0843829    -0.18724  -0.0510032
 -0.0858397    0.996309 0.000328947   0.0483683
   0.186577   0.0157507    0.982314   -0.142933
          0           0           0           1
T_world_lidar: 
   0.978683   0.0843829    -0.18724  -0.0510032
 -0.0858397    0.996309 0.000328947   0.0483683
   0.186577   0.0157507    0.982314   -0.142933
          0           0           0           1
v_world_imu: -0.0454237   -0.11805    0.76512
frame_1276
id: 1276
stamp: 1757574304.055792332
T_odom_lidar: 
   0.97881  0.0850857  -0.186256 -0.0492731
-0.0859274   0.996295 0.00356416  0.0530161
  0.185869  0.0125158   0.982495  -0.142004
         0          0          0          1
T_world_lidar: 
   0.97881  0.0850857  -0.186256 -0.0492731
-0.0859274   0.996295 0.00356416  0.0530161
  0.185869  0.0125158   0.982495  -0.142004
         0          0          0          1
v_world_imu: -0.0454237   -0.11805    0.76512
frame_1277
id: 1277
stamp: 1757574304.086414099
T_odom_lidar: 
  0.979051  0.0836457  -0.185641 -0.0529164
-0.0834577   0.996472 0.00884092  0.0534977
  0.185726 0.00683749   0.982578  -0.143147
         0          0          0          1
T_world_lidar: 
  0.979051  0.0836457  -0.185641 -0.0529164
-0.0834577   0.996472 0.00884092  0.0534977
  0.185726 0.00683749   0.982578  -0.143147
         0          0          0          1
v_world_imu: -0.0454237   -0.11805    0.76512
frame_1278
id: 1278
stamp: 1757574304.158989668
T_odom_lidar: 
  0.979557  0.0757734  -0.186352   -0.04605
-0.0749446   0.997121  0.0114987  0.0483519
  0.186687 0.00270248   0.982416  -0.151179
         0          0          0          1
T_world_lidar: 
  0.979557  0.0757734  -0.186352   -0.04605
-0.0749446   0.997121  0.0114987  0.0483519
  0.186687 0.00270248   0.982416  -0.151179
         0          0          0          1
v_world_imu: -0.0454237   -0.11805    0.76512
frame_1279
id: 1279
stamp: 1757574304.188375711
T_odom_lidar: 
   0.98079  0.0571768  -0.186501 -0.0456269
-0.0565543   0.998362 0.00866118   0.037375
   0.18669 0.00205261   0.982417  -0.150531
         0          0          0          1
T_world_lidar: 
   0.98079  0.0571768  -0.186501 -0.0456269
-0.0565543   0.998362 0.00866118   0.037375
   0.18669 0.00205261   0.982417  -0.150531
         0          0          0          1
v_world_imu: -0.0454237   -0.11805    0.76512
frame_1280
id: 1280
stamp: 1757574304.265559196
T_odom_lidar: 
  0.981597  0.0384273  -0.187058  -0.045399
-0.0389093   0.999242 0.00109557  0.0214694
  0.186958 0.00620289   0.982348   -0.14998
         0          0          0          1
T_world_lidar: 
  0.981597  0.0384273  -0.187058  -0.045399
-0.0389093   0.999242 0.00109557  0.0214694
  0.186958 0.00620289   0.982348   -0.14998
         0          0          0          1
v_world_imu: -0.0454237   -0.11805    0.76512
frame_1281
id: 1281
stamp: 1757574304.301554918
T_odom_lidar: 
   0.981964   0.0227558   -0.187695   -0.042288
 -0.0241773    0.999694 -0.00528726   0.0149833
   0.187517  0.00972984    0.982213   -0.148481
          0           0           0           1
T_world_lidar: 
   0.981964   0.0227558   -0.187695   -0.042288
 -0.0241773    0.999694 -0.00528726   0.0149833
   0.187517  0.00972984    0.982213   -0.148481
          0           0           0           1
v_world_imu: -0.0454237   -0.11805    0.76512
frame_1282
id: 1282
stamp: 1757574304.368083000
T_odom_lidar: 
  0.981712   0.015776  -0.189716 -0.0443897
-0.0182384    0.99977 -0.0112401 0.00615537
  0.189495  0.0144947   0.981775  -0.148527
         0          0          0          1
T_world_lidar: 
  0.981712   0.015776  -0.189716 -0.0443897
-0.0182384    0.99977 -0.0112401 0.00615537
  0.189495  0.0144947   0.981775  -0.148527
         0          0          0          1
v_world_imu: -0.0454237   -0.11805    0.76512
frame_1283
id: 1283
stamp: 1757574304.402716398
T_odom_lidar: 
  0.981273  0.0144536   -0.19208 -0.0483213
-0.0177764    0.99972 -0.0155873 0.00739985
  0.191801  0.0187099   0.981255  -0.148899
         0          0          0          1
T_world_lidar: 
  0.981273  0.0144536   -0.19208 -0.0483213
-0.0177764    0.99972 -0.0155873 0.00739985
  0.191801  0.0187099   0.981255  -0.148899
         0          0          0          1
v_world_imu: -0.0454237   -0.11805    0.76512
frame_1284
id: 1284
stamp: 1757574304.479461670
T_odom_lidar: 
  0.981026  0.0243998  -0.192336 -0.0535322
-0.0284428   0.999428 -0.0182869  0.0119719
  0.191779  0.0234104   0.981159   -0.14556
         0          0          0          1
T_world_lidar: 
  0.981026  0.0243998  -0.192336 -0.0535322
-0.0284428   0.999428 -0.0182869  0.0119719
  0.191779  0.0234104   0.981159   -0.14556
         0          0          0          1
v_world_imu: -0.0454237   -0.11805    0.76512
frame_1285
id: 1285
stamp: 1757574304.516749144
T_odom_lidar: 
  0.981792  0.0278507  -0.187906 -0.0490342
-0.0330354   0.999153 -0.0245165  0.0148622
  0.187064  0.0302777   0.981881  -0.147787
         0          0          0          1
T_world_lidar: 
  0.981792  0.0278507  -0.187906 -0.0490342
-0.0330354   0.999153 -0.0245165  0.0148622
  0.187064  0.0302777   0.981881  -0.147787
         0          0          0          1
v_world_imu: -0.0454237   -0.11805    0.76512
frame_1286
id: 1286
stamp: 1757574304.590762615
T_odom_lidar: 
  0.981903  0.0360185  -0.185929 -0.0486713
-0.0405735   0.998961 -0.0207506  0.0181881
  0.184988  0.0279188   0.982344  -0.142691
         0          0          0          1
T_world_lidar: 
  0.981903  0.0360185  -0.185929 -0.0486713
-0.0405735   0.998961 -0.0207506  0.0181881
  0.184988  0.0279188   0.982344  -0.142691
         0          0          0          1
v_world_imu: -0.0454237   -0.11805    0.76512
frame_1287
id: 1287
stamp: 1757574304.628860235
T_odom_lidar: 
 0.981417 0.0450681  -0.18652 -0.057908
-0.048083  0.998775 -0.011669 0.0294363
 0.185766 0.0204206  0.982382 -0.145657
        0         0         0         1
T_world_lidar: 
 0.981417 0.0450681  -0.18652 -0.057908
-0.048083  0.998775 -0.011669 0.0294363
 0.185766 0.0204206  0.982382 -0.145657
        0         0         0         1
v_world_imu: -0.0454237   -0.11805    0.76512
frame_1288
id: 1288
stamp: 1757574304.702591896
T_odom_lidar: 
   0.980436   0.0516268    -0.18995  -0.0628554
 -0.0531027    0.998585 -0.00268508   0.0429542
   0.189542   0.0127194     0.98179   -0.146328
          0           0           0           1
T_world_lidar: 
   0.980436   0.0516268    -0.18995  -0.0628554
 -0.0531027    0.998585 -0.00268508   0.0429542
   0.189542   0.0127194     0.98179   -0.146328
          0           0           0           1
v_world_imu: -0.0454237   -0.11805    0.76512
frame_1289
id: 1289
stamp: 1757574304.736382008
T_odom_lidar: 
   0.97908  0.0562647  -0.195543 -0.0762565
-0.0563322   0.998398 0.00522081  0.0445815
  0.195524 0.00590379   0.980681  -0.148773
         0          0          0          1
T_world_lidar: 
   0.97908  0.0562647  -0.195543 -0.0762565
-0.0563322   0.998398 0.00522081  0.0445815
  0.195524 0.00590379   0.980681  -0.148773
         0          0          0          1
v_world_imu: -0.0454237   -0.11805    0.76512
frame_1290
id: 1290
stamp: 1757574304.809717655
T_odom_lidar: 
   0.978009    0.059451   -0.199909  -0.0682752
 -0.0579547     0.99823   0.0133338   0.0333633
   0.200348 -0.00145493    0.979724   -0.148976
          0           0           0           1
T_world_lidar: 
   0.978009    0.059451   -0.199909  -0.0682752
 -0.0579547     0.99823   0.0133338   0.0333633
   0.200348 -0.00145493    0.979724   -0.148976
          0           0           0           1
v_world_imu: -0.0454237   -0.11805    0.76512
frame_1291
id: 1291
stamp: 1757574304.841486692
T_odom_lidar: 
    0.97663   0.0693308    -0.20344  -0.0772065
 -0.0670876    0.997586   0.0179107   0.0175988
    0.20419 -0.00384386    0.978924   -0.150033
          0           0           0           1
T_world_lidar: 
    0.97663   0.0693308    -0.20344  -0.0772065
 -0.0670876    0.997586   0.0179107   0.0175988
    0.20419 -0.00384386    0.978924   -0.150033
          0           0           0           1
v_world_imu: -0.0454237   -0.11805    0.76512
frame_1292
id: 1292
stamp: 1757574304.913394690
T_odom_lidar: 
   0.975641   0.0756044   -0.205933  -0.0884416
 -0.0730733    0.997128   0.0198801   0.0143126
   0.206845 -0.00434759    0.978364   -0.152939
          0           0           0           1
T_world_lidar: 
   0.975641   0.0756044   -0.205933  -0.0884416
 -0.0730733    0.997128   0.0198801   0.0143126
   0.206845 -0.00434759    0.978364   -0.152939
          0           0           0           1
v_world_imu: -0.0454237   -0.11805    0.76512
frame_1293
id: 1293
stamp: 1757574304.945167065
T_odom_lidar: 
   0.975415   0.0766971   -0.206599  -0.0893226
 -0.0741732    0.997046   0.0199462  0.00844632
   0.207519 -0.00413169    0.978222   -0.153721
          0           0           0           1
T_world_lidar: 
   0.975415   0.0766971   -0.206599  -0.0893226
 -0.0741732    0.997046   0.0199462  0.00844632
   0.207519 -0.00413169    0.978222   -0.153721
          0           0           0           1
v_world_imu: -0.0454237   -0.11805    0.76512
frame_1294
id: 1294
stamp: 1757574305.019257545
T_odom_lidar: 
   0.975807   0.0756338   -0.205134  -0.0789196
 -0.0729381    0.997122   0.0206821   0.0106195
   0.206108 -0.00521973    0.978515   -0.154064
          0           0           0           1
T_world_lidar: 
   0.975807   0.0756338   -0.205134  -0.0789196
 -0.0729381    0.997122   0.0206821   0.0106195
   0.206108 -0.00521973    0.978515   -0.154064
          0           0           0           1
v_world_imu: -0.0454237   -0.11805    0.76512
frame_1295
id: 1295
stamp: 1757574305.049540520
T_odom_lidar: 
   0.976903   0.0701935   -0.201824  -0.0673658
 -0.0674721    0.997514   0.0203409   0.0115642
    0.20275 -0.00625354    0.979211   -0.156913
          0           0           0           1
T_world_lidar: 
   0.976903   0.0701935   -0.201824  -0.0673658
 -0.0674721    0.997514   0.0203409   0.0115642
    0.20275 -0.00625354    0.979211   -0.156913
          0           0           0           1
v_world_imu: -0.0454237   -0.11805    0.76512
frame_1296
id: 1296
stamp: 1757574305.128409624
T_odom_lidar: 
   0.977386    0.067873   -0.200277  -0.0493817
 -0.0656168    0.997685     0.01789   0.0343325
   0.201027 -0.00434397    0.979576   -0.172744
          0           0           0           1
T_world_lidar: 
   0.977386    0.067873   -0.200277  -0.0493817
 -0.0656168    0.997685     0.01789   0.0343325
   0.201027 -0.00434397    0.979576   -0.172744
          0           0           0           1
v_world_imu: -0.0454237   -0.11805    0.76512
frame_1297
id: 1297
stamp: 1757574305.160045147
T_odom_lidar: 
   0.979241    0.056296   -0.194725  -0.0443363
  -0.054112    0.998398   0.0165211   0.0328812
   0.195343 -0.00564115    0.980719   -0.165957
          0           0           0           1
T_world_lidar: 
   0.979241    0.056296   -0.194725  -0.0443363
  -0.054112    0.998398   0.0165211   0.0328812
   0.195343 -0.00564115    0.980719   -0.165957
          0           0           0           1
v_world_imu: -0.0454237   -0.11805    0.76512
frame_1298
id: 1298
stamp: 1757574305.233825445
T_odom_lidar: 
   0.981652    0.038532    -0.18675  -0.0176561
 -0.0375266    0.999256   0.0089176   0.0186707
   0.186954 -0.00174591    0.982367    -0.14581
          0           0           0           1
T_world_lidar: 
   0.981652    0.038532    -0.18675  -0.0176561
 -0.0375266    0.999256   0.0089176   0.0186707
   0.186954 -0.00174591    0.982367    -0.14581
          0           0           0           1
v_world_imu: -0.0454237   -0.11805    0.76512
frame_1299
id: 1299
stamp: 1757574305.267374277
T_odom_lidar: 
   0.983119   0.0179748   -0.182084 -0.00840708
 -0.0185686    0.999826 -0.00155674 -0.00518617
   0.182025  0.00491152    0.983282   -0.133921
          0           0           0           1
T_world_lidar: 
   0.983119   0.0179748   -0.182084 -0.00840708
 -0.0185686    0.999826 -0.00155674 -0.00518617
   0.182025  0.00491152    0.983282   -0.133921
          0           0           0           1
v_world_imu: -0.0454237   -0.11805    0.76512
frame_1300
id: 1300
stamp: 1757574305.338238716
T_odom_lidar: 
   0.983211  0.00287792    -0.18245  -0.0031474
-0.00538442    0.999898  -0.0132441  -0.0270526
   0.182393   0.0140042    0.983126   -0.130698
          0           0           0           1
T_world_lidar: 
   0.983211  0.00287792    -0.18245  -0.0031474
-0.00538442    0.999898  -0.0132441  -0.0270526
   0.182393   0.0140042    0.983126   -0.130698
          0           0           0           1
v_world_imu: -0.0454237   -0.11805    0.76512
frame_1301
id: 1301
stamp: 1757574305.372658968
T_odom_lidar: 
   0.982687  0.00288923   -0.185252 -0.00796329
-0.00644696    0.999806  -0.0186053  -0.0213252
   0.185163   0.0194775    0.982515   -0.134969
          0           0           0           1
T_world_lidar: 
   0.982687  0.00288923   -0.185252 -0.00796329
-0.00644696    0.999806  -0.0186053  -0.0213252
   0.185163   0.0194775    0.982515   -0.134969
          0           0           0           1
v_world_imu: -0.0454237   -0.11805    0.76512
frame_1302
id: 1302
stamp: 1757574305.448626041
T_odom_lidar: 
   0.982336   0.0117264   -0.186759 0.000446979
 -0.0156002    0.999692  -0.0192862 -0.00194083
   0.186475    0.021859    0.982216   -0.138293
          0           0           0           1
T_world_lidar: 
   0.982336   0.0117264   -0.186759 0.000446979
 -0.0156002    0.999692  -0.0192862 -0.00194083
   0.186475    0.021859    0.982216   -0.138293
          0           0           0           1
v_world_imu: -0.0454237   -0.11805    0.76512
frame_1303
id: 1303
stamp: 1757574305.478995562
T_odom_lidar: 
   0.981761   0.0292023   -0.187863 -0.00868469
  -0.032249    0.999393  -0.0131811   0.0129815
   0.187364    0.018999    0.982107   -0.137491
          0           0           0           1
T_world_lidar: 
   0.981761   0.0292023   -0.187863 -0.00868469
  -0.032249    0.999393  -0.0131811   0.0129815
   0.187364    0.018999    0.982107   -0.137491
          0           0           0           1
v_world_imu: -0.0454237   -0.11805    0.76512
frame_1304
id: 1304
stamp: 1757574305.553333998
T_odom_lidar: 
   0.981008    0.039258   -0.189951  -0.0196533
 -0.0412446    0.999128 -0.00651479   0.0278956
   0.189529   0.0142255    0.981772   -0.138841
          0           0           0           1
T_world_lidar: 
   0.981008    0.039258   -0.189951  -0.0196533
 -0.0412446    0.999128 -0.00651479   0.0278956
   0.189529   0.0142255    0.981772   -0.138841
          0           0           0           1
v_world_imu: -0.0454237   -0.11805    0.76512
frame_1305
id: 1305
stamp: 1757574305.584830761
T_odom_lidar: 
   0.979656   0.0447583   -0.195631  -0.0370733
 -0.0456258    0.998959 7.21308e-05    0.032865
   0.195431  0.00885516    0.980678   -0.147199
          0           0           0           1
T_world_lidar: 
   0.979656   0.0447583   -0.195631  -0.0370733
 -0.0456258    0.998959 7.21308e-05    0.032865
   0.195431  0.00885516    0.980678   -0.147199
          0           0           0           1
v_world_imu: -0.0454237   -0.11805    0.76512
frame_1306
id: 1306
stamp: 1757574305.658832312
T_odom_lidar: 
  0.977538  0.0528859  -0.204015 -0.0621392
-0.0529008   0.998585  0.0053844  0.0411702
  0.204011 0.00552908   0.978953  -0.157929
         0          0          0          1
T_world_lidar: 
  0.977538  0.0528859  -0.204015 -0.0621392
-0.0529008   0.998585  0.0053844  0.0411702
  0.204011 0.00552908   0.978953  -0.157929
         0          0          0          1
v_world_imu: -0.0454237   -0.11805    0.76512
frame_1307
id: 1307
stamp: 1757574305.694246292
T_odom_lidar: 
  0.975883  0.0591524  -0.210126 -0.0790891
-0.0583881   0.998245 0.00984497  0.0380705
  0.210339 0.00266128   0.977625  -0.166775
         0          0          0          1
T_world_lidar: 
  0.975883  0.0591524  -0.210126 -0.0790891
-0.0583881   0.998245 0.00984497  0.0380705
  0.210339 0.00266128   0.977625  -0.166775
         0          0          0          1
v_world_imu: -0.0454237   -0.11805    0.76512
frame_1308
id: 1308
stamp: 1757574305.771488667
T_odom_lidar: 
  0.974588  0.0631724  -0.214913  -0.095225
-0.0620027   0.998002  0.0121867  0.0515601
  0.215253 0.00144812   0.976557  -0.189403
         0          0          0          1
T_world_lidar: 
  0.974588  0.0631724  -0.214913  -0.095225
-0.0620027   0.998002  0.0121867  0.0515601
  0.215253 0.00144812   0.976557  -0.189403
         0          0          0          1
v_world_imu: -0.0454237   -0.11805    0.76512
frame_1309
id: 1309
stamp: 1757574305.802780628
T_odom_lidar: 
    0.97455   0.0633579   -0.215031  -0.0969927
 -0.0620833     0.99799   0.0126831   0.0480177
   0.215402 0.000989529    0.976525    -0.19133
          0           0           0           1
T_world_lidar: 
    0.97455   0.0633579   -0.215031  -0.0969927
 -0.0620833     0.99799   0.0126831   0.0480177
   0.215402 0.000989529    0.976525    -0.19133
          0           0           0           1
v_world_imu: -0.0454237   -0.11805    0.76512
frame_1310
id: 1310
stamp: 1757574305.878497124
T_odom_lidar: 
    0.975406    0.0606451    -0.211907   -0.0812407
  -0.0590623     0.998159    0.0137972    0.0503116
    0.212353 -0.000942145     0.977193    -0.184868
           0            0            0            1
T_world_lidar: 
    0.975406    0.0606451    -0.211907   -0.0812407
  -0.0590623     0.998159    0.0137972    0.0503116
    0.212353 -0.000942145     0.977193    -0.184868
           0            0            0            1
v_world_imu: -0.0454237   -0.11805    0.76512
frame_1311
id: 1311
stamp: 1757574305.916532755
T_odom_lidar: 
   0.976651   0.0591974   -0.206516  -0.0685763
 -0.0571449    0.998239   0.0158954   0.0481209
   0.207094 -0.00372289    0.978314   -0.177662
          0           0           0           1
T_world_lidar: 
   0.976651   0.0591974   -0.206516  -0.0685763
 -0.0571449    0.998239   0.0158954   0.0481209
   0.207094 -0.00372289    0.978314   -0.177662
          0           0           0           1
v_world_imu: -0.0454237   -0.11805    0.76512
frame_1312
id: 1312
stamp: 1757574305.987334967
T_odom_lidar: 
   0.977884   0.0551216   -0.201752  -0.0497952
 -0.0534137    0.998476    0.013904    0.044695
   0.202211 -0.00282016    0.979338   -0.169328
          0           0           0           1
T_world_lidar: 
   0.977884   0.0551216   -0.201752  -0.0497952
 -0.0534137    0.998476    0.013904    0.044695
   0.202211 -0.00282016    0.979338   -0.169328
          0           0           0           1
v_world_imu: -0.0454237   -0.11805    0.76512
frame_1313
id: 1313
stamp: 1757574306.022769451
T_odom_lidar: 
   0.97946  0.0482211  -0.195789 -0.0377126
-0.0475871   0.998836 0.00794359  0.0368719
  0.195944 0.00153661   0.980614   -0.16171
         0          0          0          1
T_world_lidar: 
   0.97946  0.0482211  -0.195789 -0.0377126
-0.0475871   0.998836 0.00794359  0.0368719
  0.195944 0.00153661   0.980614   -0.16171
         0          0          0          1
v_world_imu: -0.0454237   -0.11805    0.76512
frame_1314
id: 1314
stamp: 1757574306.097553015
T_odom_lidar: 
  0.980071  0.0466749  -0.193088 -0.0259711
-0.0469549   0.998892 0.00312835  0.0374081
   0.19302 0.00600044   0.981176  -0.159827
         0          0          0          1
T_world_lidar: 
  0.980071  0.0466749  -0.193088 -0.0259711
-0.0469549   0.998892 0.00312835  0.0374081
   0.19302 0.00600044   0.981176  -0.159827
         0          0          0          1
v_world_imu: -0.0454237   -0.11805    0.76512
frame_1315
id: 1315
stamp: 1757574306.128887653
T_odom_lidar: 
   0.98131  0.0502676   -0.18575 -0.0312192
-0.0504389    0.99872 0.00380679  0.0412248
  0.185704  0.0056334    0.98259  -0.151849
         0          0          0          1
T_world_lidar: 
   0.98131  0.0502676   -0.18575 -0.0312192
-0.0504389    0.99872 0.00380679  0.0412248
  0.185704  0.0056334    0.98259  -0.151849
         0          0          0          1
v_world_imu: -0.0454237   -0.11805    0.76512
frame_1316
id: 1316
stamp: 1757574306.201026678
T_odom_lidar: 
  0.982302  0.0545907  -0.179173 -0.0279413
-0.0540168   0.998507 0.00808388  0.0473182
  0.179347 0.00173754   0.983784  -0.147649
         0          0          0          1
T_world_lidar: 
  0.982302  0.0545907  -0.179173 -0.0279413
-0.0540168   0.998507 0.00808388  0.0473182
  0.179347 0.00173754   0.983784  -0.147649
         0          0          0          1
v_world_imu: -0.0454237   -0.11805    0.76512
frame_1317
id: 1317
stamp: 1757574306.236191988
T_odom_lidar: 
    0.98297   0.0559268   -0.175047  -0.0364961
 -0.0544099    0.998428   0.0134565   0.0458527
   0.175524 -0.00370308    0.984468   -0.146954
          0           0           0           1
T_world_lidar: 
    0.98297   0.0559268   -0.175047  -0.0364961
 -0.0544099    0.998428   0.0134565   0.0458527
   0.175524 -0.00370308    0.984468   -0.146954
          0           0           0           1
v_world_imu: -0.0454237   -0.11805    0.76512
frame_1318
id: 1318
stamp: 1757574306.307029486
T_odom_lidar: 
   0.983617   0.0514472   -0.172772  -0.0336026
 -0.0498211    0.998664   0.0137375    0.034007
   0.173248 -0.00490477    0.984866   -0.143748
          0           0           0           1
T_world_lidar: 
   0.983617   0.0514472   -0.172772  -0.0336026
 -0.0498211    0.998664   0.0137375    0.034007
   0.173248 -0.00490477    0.984866   -0.143748
          0           0           0           1
v_world_imu: -0.0454237   -0.11805    0.76512
frame_1319
id: 1319
stamp: 1757574306.342269421
T_odom_lidar: 
  0.984165  0.0380245  -0.173131 -0.0253502
-0.0377767   0.999275 0.00472717 0.00936171
  0.173185   0.001888   0.984887  -0.135876
         0          0          0          1
T_world_lidar: 
  0.984165  0.0380245  -0.173131 -0.0253502
-0.0377767   0.999275 0.00472717 0.00936171
  0.173185   0.001888   0.984887  -0.135876
         0          0          0          1
v_world_imu: -0.0454237   -0.11805    0.76512
frame_1320
id: 1320
stamp: 1757574306.411958456
T_odom_lidar: 
   0.984397    0.022443   -0.174523   -0.024083
 -0.0232663    0.999726  -0.0026724 -0.00797057
   0.174415   0.0066912    0.984649   -0.125644
          0           0           0           1
T_world_lidar: 
   0.984397    0.022443   -0.174523   -0.024083
 -0.0232663    0.999726  -0.0026724 -0.00797057
   0.174415   0.0066912    0.984649   -0.125644
          0           0           0           1
v_world_imu: -0.0454237   -0.11805    0.76512
frame_1321
id: 1321
stamp: 1757574306.434911728
T_odom_lidar: 
   0.984095   0.0139754   -0.177091  -0.0259119
 -0.0158193    0.999834 -0.00900442    -0.01021
   0.176935   0.0116627    0.984153   -0.127335
          0           0           0           1
T_world_lidar: 
   0.984095   0.0139754   -0.177091  -0.0259119
 -0.0158193    0.999834 -0.00900442    -0.01021
   0.176935   0.0116627    0.984153   -0.127335
          0           0           0           1
v_world_imu: -0.0454237   -0.11805    0.76512
frame_1322
id: 1322
stamp: 1757574306.502782106
T_odom_lidar: 
  0.983461 0.00975047  -0.180856 -0.0328111
-0.0124675   0.999826 -0.0138923 -0.0201864
  0.180689  0.0159174   0.983411  -0.131562
         0          0          0          1
T_world_lidar: 
  0.983461 0.00975047  -0.180856 -0.0328111
-0.0124675   0.999826 -0.0138923 -0.0201864
  0.180689  0.0159174   0.983411  -0.131562
         0          0          0          1
v_world_imu: -0.0454237   -0.11805    0.76512
frame_1323
id: 1323
stamp: 1757574306.538009882
T_odom_lidar: 
   0.98241  0.0123086  -0.186332 -0.0396625
-0.0155569   0.999751 -0.0159809  -0.014852
  0.186088  0.0185985   0.982357  -0.140806
         0          0          0          1
T_world_lidar: 
   0.98241  0.0123086  -0.186332 -0.0396625
-0.0155569   0.999751 -0.0159809  -0.014852
  0.186088  0.0185985   0.982357  -0.140806
         0          0          0          1
v_world_imu: -0.0454237   -0.11805    0.76512
frame_1324
id: 1324
stamp: 1757574306.610641479
T_odom_lidar: 
   0.981195   0.0231072   -0.191633  -0.0456791
 -0.0259199     0.99959  -0.0121832 8.97922e-05
   0.191273   0.0169212    0.981391    -0.14943
          0           0           0           1
T_world_lidar: 
   0.981195   0.0231072   -0.191633  -0.0456791
 -0.0259199     0.99959  -0.0121832 8.97922e-05
   0.191273   0.0169212    0.981391    -0.14943
          0           0           0           1
v_world_imu: -0.0454237   -0.11805    0.76512
frame_1325
id: 1325
stamp: 1757574306.644553661
T_odom_lidar: 
   0.97982  0.0403871  -0.195758 -0.0506026
-0.0417936   0.999122 -0.0030577  0.0263082
  0.195462  0.0111774   0.980648  -0.163475
         0          0          0          1
T_world_lidar: 
   0.97982  0.0403871  -0.195758 -0.0506026
-0.0417936   0.999122 -0.0030577  0.0263082
  0.195462  0.0111774   0.980648  -0.163475
         0          0          0          1
v_world_imu: -0.0454237   -0.11805    0.76512
frame_1326
id: 1326
stamp: 1757574306.715688944
T_odom_lidar: 
  0.978763   0.049098  -0.199029 -0.0624261
 -0.049464   0.998771 0.00313554  0.0425043
  0.198939 0.00677584   0.979989  -0.162297
         0          0          0          1
T_world_lidar: 
  0.978763   0.049098  -0.199029 -0.0624261
 -0.049464   0.998771 0.00313554  0.0425043
  0.198939 0.00677584   0.979989  -0.162297
         0          0          0          1
v_world_imu: -0.0454237   -0.11805    0.76512
frame_1327
id: 1327
stamp: 1757574306.743191004
T_odom_lidar: 
  0.978119  0.0535968  -0.201025 -0.0704973
-0.0529268    0.99856  0.0087101  0.0432887
  0.201202 0.00212008   0.979547  -0.161674
         0          0          0          1
T_world_lidar: 
  0.978119  0.0535968  -0.201025 -0.0704973
-0.0529268    0.99856  0.0087101  0.0432887
  0.201202 0.00212008   0.979547  -0.161674
         0          0          0          1
v_world_imu: -0.0454237   -0.11805    0.76512
frame_1328
id: 1328
stamp: 1757574306.815905571
T_odom_lidar: 
   0.977411   0.0502769    -0.20528  -0.0758226
 -0.0487735    0.998733   0.0123803   0.0499722
   0.205642 -0.00208842    0.978625   -0.164844
          0           0           0           1
T_world_lidar: 
   0.977411   0.0502769    -0.20528  -0.0758226
 -0.0487735    0.998733   0.0123803   0.0499722
   0.205642 -0.00208842    0.978625   -0.164844
          0           0           0           1
v_world_imu: -0.0454237   -0.11805    0.76512
frame_1329
id: 1329
stamp: 1757574306.847043037
T_odom_lidar: 
   0.976728    0.052386   -0.207985  -0.0840053
 -0.0509223    0.998626   0.0123893   0.0446146
   0.208348 -0.00150992    0.978054   -0.165887
          0           0           0           1
T_world_lidar: 
   0.976728    0.052386   -0.207985  -0.0840053
 -0.0509223    0.998626   0.0123893   0.0446146
   0.208348 -0.00150992    0.978054   -0.165887
          0           0           0           1
v_world_imu: -0.0454237   -0.11805    0.76512
frame_1330
id: 1330
stamp: 1757574306.918554306
T_odom_lidar: 
   0.976125    0.055556   -0.209983  -0.0926125
 -0.0544741    0.998455   0.0109372   0.0434377
   0.210266 0.000762606    0.977644   -0.167384
          0           0           0           1
T_world_lidar: 
   0.976125    0.055556   -0.209983  -0.0926125
 -0.0544741    0.998455   0.0109372   0.0434377
   0.210266 0.000762606    0.977644   -0.167384
          0           0           0           1
v_world_imu: -0.0454237   -0.11805    0.76512
frame_1331
id: 1331
stamp: 1757574306.952781677
T_odom_lidar: 
  0.975764  0.0577237  -0.211077 -0.0969353
-0.0567823   0.998331  0.0105237  0.0410794
  0.211332 0.00171681   0.977413  -0.167955
         0          0          0          1
T_world_lidar: 
  0.975764  0.0577237  -0.211077 -0.0969353
-0.0567823   0.998331  0.0105237  0.0410794
  0.211332 0.00171681   0.977413  -0.167955
         0          0          0          1
v_world_imu: -0.0454237   -0.11805    0.76512
frame_1332
id: 1332
stamp: 1757574307.032188177
T_odom_lidar: 
   0.976023   0.0586328   -0.209621  -0.0966129
 -0.0573274     0.99828   0.0123033   0.0494087
   0.209982 8.78859e-06    0.977705   -0.199708
          0           0           0           1
T_world_lidar: 
   0.976023   0.0586328   -0.209621  -0.0966129
 -0.0573274     0.99828   0.0123033   0.0494087
   0.209982 8.78859e-06    0.977705   -0.199708
          0           0           0           1
v_world_imu: -0.0454237   -0.11805    0.76512
frame_1333
id: 1333
stamp: 1757574307.064587355
T_odom_lidar: 
    0.976361    0.0578358    -0.208266   -0.0947809
  -0.0565295     0.998326    0.0122239    0.0449488
    0.208624 -0.000161784     0.977996    -0.196775
           0            0            0            1
T_world_lidar: 
    0.976361    0.0578358    -0.208266   -0.0947809
  -0.0565295     0.998326    0.0122239    0.0449488
    0.208624 -0.000161784     0.977996    -0.196775
           0            0            0            1
v_world_imu: -0.0454237   -0.11805    0.76512
frame_1334
id: 1334
stamp: 1757574307.135895491
T_odom_lidar: 
   0.977412   0.0519981   -0.204845  -0.0832419
 -0.0504325    0.998645   0.0128601   0.0444564
   0.205236 -0.00223876     0.97871   -0.189697
          0           0           0           1
T_world_lidar: 
   0.977412   0.0519981   -0.204845  -0.0832419
 -0.0504325    0.998645   0.0128601   0.0444564
   0.205236 -0.00223876     0.97871   -0.189697
          0           0           0           1
v_world_imu: -0.0454237   -0.11805    0.76512
frame_1335
id: 1335
stamp: 1757574307.163035154
T_odom_lidar: 
   0.978124   0.0510484   -0.201664  -0.0790269
 -0.0495091    0.998693   0.0126731   0.0438443
   0.202047 -0.00241165    0.979373   -0.182329
          0           0           0           1
T_world_lidar: 
   0.978124   0.0510484   -0.201664  -0.0790269
 -0.0495091    0.998693   0.0126731   0.0438443
   0.202047 -0.00241165    0.979373   -0.182329
          0           0           0           1
v_world_imu: -0.0454237   -0.11805    0.76512
frame_1336
id: 1336
stamp: 1757574307.229428291
T_odom_lidar: 
   0.979115   0.0505594    -0.19692  -0.0661925
 -0.0487016    0.998711   0.0142687   0.0456501
   0.197388 -0.00438038    0.980316    -0.17015
          0           0           0           1
T_world_lidar: 
   0.979115   0.0505594    -0.19692  -0.0661925
 -0.0487016    0.998711   0.0142687   0.0456501
   0.197388 -0.00438038    0.980316    -0.17015
          0           0           0           1
v_world_imu: -0.0454237   -0.11805    0.76512
frame_1337
id: 1337
stamp: 1757574307.264385939
T_odom_lidar: 
   0.979783   0.0490257   -0.193966  -0.0654907
 -0.0470149    0.998782   0.0149598    0.041883
   0.194463 -0.00553804    0.980894   -0.164075
          0           0           0           1
T_world_lidar: 
   0.979783   0.0490257   -0.193966  -0.0654907
 -0.0470149    0.998782   0.0149598    0.041883
   0.194463 -0.00553804    0.980894   -0.164075
          0           0           0           1
v_world_imu: -0.0454237   -0.11805    0.76512
frame_1338
id: 1338
stamp: 1757574307.339634180
T_odom_lidar: 
  0.980023  0.0480281  -0.192999 -0.0431288
-0.0467524   0.998844  0.0111615  0.0392078
  0.193312 -0.0019153   0.981135   -0.16763
         0          0          0          1
T_world_lidar: 
  0.980023  0.0480281  -0.192999 -0.0431288
-0.0467524   0.998844  0.0111615  0.0392078
  0.193312 -0.0019153   0.981135   -0.16763
         0          0          0          1
v_world_imu: -0.0454237   -0.11805    0.76512
frame_1339
id: 1339
stamp: 1757574307.369626999
T_odom_lidar: 
  0.980447  0.0476779  -0.190921 -0.0401878
-0.0471629   0.998861 0.00724281  0.0368278
  0.191049 0.00190323   0.981579  -0.159329
         0          0          0          1
T_world_lidar: 
  0.980447  0.0476779  -0.190921 -0.0401878
-0.0471629   0.998861 0.00724281  0.0368278
  0.191049 0.00190323   0.981579  -0.159329
         0          0          0          1
v_world_imu: -0.0454237   -0.11805    0.76512
frame_1340
id: 1340
stamp: 1757574307.445929766
T_odom_lidar: 
   0.98111  0.0472036  -0.187603 -0.0283133
-0.0472593   0.998874 0.00417867  0.0325462
  0.187589 0.00476625   0.982236   -0.14682
         0          0          0          1
T_world_lidar: 
   0.98111  0.0472036  -0.187603 -0.0283133
-0.0472593   0.998874 0.00417867  0.0325462
  0.187589 0.00476625   0.982236   -0.14682
         0          0          0          1
v_world_imu: -0.0454237   -0.11805    0.76512
frame_1341
id: 1341
stamp: 1757574307.479153395
T_odom_lidar: 
  0.981461  0.0475608  -0.185669 -0.0277026
-0.0476872   0.998855 0.00378741  0.0347289
  0.185637 0.00513687   0.982605  -0.138609
         0          0          0          1
T_world_lidar: 
  0.981461  0.0475608  -0.185669 -0.0277026
-0.0476872   0.998855 0.00378741  0.0347289
  0.185637 0.00513687   0.982605  -0.138609
         0          0          0          1
v_world_imu: -0.0454237   -0.11805    0.76512
frame_1342
id: 1342
stamp: 1757574307.548622608
T_odom_lidar: 
  0.981719  0.0477293  -0.184257 -0.0232955
-0.0479564   0.998844 0.00322632  0.0359962
  0.184198 0.00566894   0.982873  -0.132967
         0          0          0          1
T_world_lidar: 
  0.981719  0.0477293  -0.184257 -0.0232955
-0.0479564   0.998844 0.00322632  0.0359962
  0.184198 0.00566894   0.982873  -0.132967
         0          0          0          1
v_world_imu: -0.0454237   -0.11805    0.76512
frame_1343
id: 1343
stamp: 1757574307.579253197
T_odom_lidar: 
  0.981462  0.0485264  -0.185414 -0.0276845
-0.0488578   0.998802 0.00278391   0.036786
  0.185327 0.00632664   0.982657  -0.136537
         0          0          0          1
T_world_lidar: 
  0.981462  0.0485264  -0.185414 -0.0276845
-0.0488578   0.998802 0.00278391   0.036786
  0.185327 0.00632664   0.982657  -0.136537
         0          0          0          1
v_world_imu: -0.0454237   -0.11805    0.76512
frame_1344
id: 1344
stamp: 1757574307.654216766
T_odom_lidar: 
  0.981926   0.048759  -0.182876 -0.0183521
-0.0486829   0.998802 0.00490841  0.0320082
  0.182897 0.00408325   0.983124  -0.138954
         0          0          0          1
T_world_lidar: 
  0.981926   0.048759  -0.182876 -0.0183521
-0.0486829   0.998802 0.00490841  0.0320082
  0.182897 0.00408325   0.983124  -0.138954
         0          0          0          1
v_world_imu: -0.0454237   -0.11805    0.76512
frame_1345
id: 1345
stamp: 1757574307.690259218
T_odom_lidar: 
  0.981519  0.0477246  -0.185317  -0.018301
-0.0483362    0.99883 0.00121862  0.0277535
  0.185159 0.00776144   0.982678  -0.142977
         0          0          0          1
T_world_lidar: 
  0.981519  0.0477246  -0.185317  -0.018301
-0.0483362    0.99883 0.00121862  0.0277535
  0.185159 0.00776144   0.982678  -0.142977
         0          0          0          1
v_world_imu: -0.0454237   -0.11805    0.76512
frame_1346
id: 1346
stamp: 1757574307.764300346
T_odom_lidar: 
   0.981287   0.0460059   -0.186973  -0.0162397
  -0.047327    0.998876 -0.00260549   0.0214257
   0.186643   0.0114056    0.982362   -0.144813
          0           0           0           1
T_world_lidar: 
   0.981287   0.0460059   -0.186973  -0.0162397
  -0.047327    0.998876 -0.00260549   0.0214257
   0.186643   0.0114056    0.982362   -0.144813
          0           0           0           1
v_world_imu: -0.0454237   -0.11805    0.76512
frame_1347
id: 1347
stamp: 1757574307.795523643
T_odom_lidar: 
   0.981089   0.0456193   -0.188105  -0.0186817
 -0.0471829    0.998879 -0.00384099   0.0223242
   0.187719   0.0126437    0.982141   -0.146846
          0           0           0           1
T_world_lidar: 
   0.981089   0.0456193   -0.188105  -0.0186817
 -0.0471829    0.998879 -0.00384099   0.0223242
   0.187719   0.0126437    0.982141   -0.146846
          0           0           0           1
v_world_imu: -0.0454237   -0.11805    0.76512
frame_1348
id: 1348
stamp: 1757574307.864507675
T_odom_lidar: 
   0.980395   0.0442095   -0.192019  -0.0223253
 -0.0464166    0.998898 -0.00700908   0.0195987
   0.191497   0.0157845    0.981366   -0.153475
          0           0           0           1
T_world_lidar: 
   0.980395   0.0442095   -0.192019  -0.0223253
 -0.0464166    0.998898 -0.00700908   0.0195987
   0.191497   0.0157845    0.981366   -0.153475
          0           0           0           1
v_world_imu: -0.0454237   -0.11805    0.76512
frame_1349
id: 1349
stamp: 1757574307.897698641
T_odom_lidar: 
   0.980616    0.043595   -0.191027  -0.0206765
 -0.0460939      0.9989 -0.00865539   0.0200313
    0.19044   0.0172928    0.981547    -0.14919
          0           0           0           1
T_world_lidar: 
   0.980616    0.043595   -0.191027  -0.0206765
 -0.0460939      0.9989 -0.00865539   0.0200313
    0.19044   0.0172928    0.981547    -0.14919
          0           0           0           1
v_world_imu: -0.0454237   -0.11805    0.76512
frame_1350
id: 1350
stamp: 1757574307.972870111
T_odom_lidar: 
  0.980455  0.0417742   -0.19226 -0.0134934
-0.0449868   0.998911  -0.012373  0.0188813
  0.191534  0.0207803   0.981266  -0.144294
         0          0          0          1
T_world_lidar: 
  0.980455  0.0417742   -0.19226 -0.0134934
-0.0449868   0.998911  -0.012373  0.0188813
  0.191534  0.0207803   0.981266  -0.144294
         0          0          0          1
v_world_imu: -0.0454237   -0.11805    0.76512
frame_1351
id: 1351
stamp: 1757574308.005649328
T_odom_lidar: 
  0.980847  0.0405816  -0.190503 -0.0115566
-0.0439272   0.998945 -0.0133707  0.0172228
  0.189759  0.0214829   0.981596  -0.140897
         0          0          0          1
T_world_lidar: 
  0.980847  0.0405816  -0.190503 -0.0115566
-0.0439272   0.998945 -0.0133707  0.0172228
  0.189759  0.0214829   0.981596  -0.140897
         0          0          0          1
v_world_imu: -0.0454237   -0.11805    0.76512
frame_1352
id: 1352
stamp: 1757574308.078658819
T_odom_lidar: 
    0.98129   0.0415221   -0.188006 -0.00366899
 -0.0444454    0.998947  -0.0113583   0.0227511
   0.187337   0.0195018    0.982102   -0.135564
          0           0           0           1
T_world_lidar: 
    0.98129   0.0415221   -0.188006 -0.00366899
 -0.0444454    0.998947  -0.0113583   0.0227511
   0.187337   0.0195018    0.982102   -0.135564
          0           0           0           1
v_world_imu: -0.0454237   -0.11805    0.76512
frame_1353
id: 1353
stamp: 1757574308.110037327
T_odom_lidar: 
   0.981404   0.0426663   -0.187153 -0.00750365
 -0.0450811    0.998946 -0.00866392   0.0241367
   0.186586   0.0169398    0.982293   -0.136191
          0           0           0           1
T_world_lidar: 
   0.981404   0.0426663   -0.187153 -0.00750365
 -0.0450811    0.998946 -0.00866392   0.0241367
   0.186586   0.0169398    0.982293   -0.136191
          0           0           0           1
v_world_imu: -0.0454237   -0.11805    0.76512
frame_1354
id: 1354
stamp: 1757574308.180540800
T_odom_lidar: 
   0.981353   0.0447184    -0.18694 -0.00555216
 -0.0466289    0.998895 -0.00583293   0.0315123
   0.186473    0.014441    0.982354    -0.13676
          0           0           0           1
T_world_lidar: 
   0.981353   0.0447184    -0.18694 -0.00555216
 -0.0466289    0.998895 -0.00583293   0.0315123
   0.186473    0.014441    0.982354    -0.13676
          0           0           0           1
v_world_imu: -0.0454237   -0.11805    0.76512
frame_1355
id: 1355
stamp: 1757574308.215960741
T_odom_lidar: 
   0.981172   0.0518065   -0.186059 -0.00922963
  -0.053057     0.99859 -0.00174434   0.0379622
   0.185706   0.0115832    0.982537   -0.136922
          0           0           0           1
T_world_lidar: 
   0.981172   0.0518065   -0.186059 -0.00922963
  -0.053057     0.99859 -0.00174434   0.0379622
   0.185706   0.0115832    0.982537   -0.136922
          0           0           0           1
v_world_imu: -0.0454237   -0.11805    0.76512
frame_1356
id: 1356
stamp: 1757574308.289972067
T_odom_lidar: 
  0.980618  0.0607032  -0.186287 -0.0228257
-0.0605193   0.998145 0.00667889  0.0476337
  0.186347 0.00472455   0.982473  -0.145207
         0          0          0          1
T_world_lidar: 
  0.980618  0.0607032  -0.186287 -0.0228257
-0.0605193   0.998145 0.00667889  0.0476337
  0.186347 0.00472455   0.982473  -0.145207
         0          0          0          1
v_world_imu: -0.0454237   -0.11805    0.76512
frame_1357
id: 1357
stamp: 1757574308.320925474
T_odom_lidar: 
   0.980227   0.0586787   -0.188978  -0.0369302
 -0.0570875    0.998273    0.013857   0.0482546
   0.189465 -0.00279477    0.981884   -0.153006
          0           0           0           1
T_world_lidar: 
   0.980227   0.0586787   -0.188978  -0.0369302
 -0.0570875    0.998273    0.013857   0.0482546
   0.189465 -0.00279477    0.981884   -0.153006
          0           0           0           1
v_world_imu: -0.0454237   -0.11805    0.76512
frame_1358
id: 1358
stamp: 1757574308.398104906
T_odom_lidar: 
   0.980451   0.0512021   -0.189986  -0.0366201
 -0.0483965     0.99864   0.0193806   0.0481541
    0.19072 -0.00980703    0.981595   -0.154912
          0           0           0           1
T_world_lidar: 
   0.980451   0.0512021   -0.189986  -0.0366201
 -0.0483965     0.99864   0.0193806   0.0481541
    0.19072 -0.00980703    0.981595   -0.154912
          0           0           0           1
v_world_imu: -0.0454237   -0.11805    0.76512
frame_1359
id: 1359
stamp: 1757574308.430045843
T_odom_lidar: 
   0.980516   0.0503149   -0.189887  -0.0371303
 -0.0479207    0.998703    0.017182   0.0397766
   0.190505 -0.00774774    0.981656   -0.152014
          0           0           0           1
T_world_lidar: 
   0.980516   0.0503149   -0.189887  -0.0371303
 -0.0479207    0.998703    0.017182   0.0397766
   0.190505 -0.00774774    0.981656   -0.152014
          0           0           0           1
v_world_imu: -0.0454237   -0.11805    0.76512
frame_1360
id: 1360
stamp: 1757574308.503028154
T_odom_lidar: 
    0.9808  0.0478794  -0.189047 -0.0291722
-0.0473765   0.998851 0.00718094  0.0276555
  0.189173  0.0019133   0.981942   -0.14578
         0          0          0          1
T_world_lidar: 
    0.9808  0.0478794  -0.189047 -0.0291722
-0.0473765   0.998851 0.00718094  0.0276555
  0.189173  0.0019133   0.981942   -0.14578
         0          0          0          1
v_world_imu: -0.0454237   -0.11805    0.76512
frame_1361
id: 1361
stamp: 1757574308.531637430
T_odom_lidar: 
   0.981058   0.0440522   -0.188637  -0.0259392
 -0.0455315    0.998957 -0.00351377   0.0234393
   0.188285   0.0120361    0.982041   -0.141431
          0           0           0           1
T_world_lidar: 
   0.981058   0.0440522   -0.188637  -0.0259392
 -0.0455315    0.998957 -0.00351377   0.0234393
   0.188285   0.0120361    0.982041   -0.141431
          0           0           0           1
v_world_imu: -0.0454237   -0.11805    0.76512
frame_1362
id: 1362
stamp: 1757574308.609437227
T_odom_lidar: 
     0.9816   0.0394761   -0.186824  -0.0268107
 -0.0419718    0.999074 -0.00942049   0.0119191
   0.186279   0.0170885    0.982348   -0.145578
          0           0           0           1
T_world_lidar: 
     0.9816   0.0394761   -0.186824  -0.0268107
 -0.0419718    0.999074 -0.00942049   0.0119191
   0.186279   0.0170885    0.982348   -0.145578
          0           0           0           1
v_world_imu: -0.0454237   -0.11805    0.76512
frame_1363
id: 1363
stamp: 1757574308.642456532
T_odom_lidar: 
   0.98206  0.0402813  -0.184217 -0.0206105
-0.0442275   0.998871 -0.0173611  0.0148855
   0.18331  0.0251971   0.982732  -0.141151
         0          0          0          1
T_world_lidar: 
   0.98206  0.0402813  -0.184217 -0.0206105
-0.0442275   0.998871 -0.0173611  0.0148855
   0.18331  0.0251971   0.982732  -0.141151
         0          0          0          1
v_world_imu: -0.0454237   -0.11805    0.76512
frame_1364
id: 1364
stamp: 1757574308.713129282
T_odom_lidar: 
   0.983031   0.0334708   -0.180361 -0.00903335
 -0.0363256    0.999261  -0.0125478   0.0219192
   0.179808   0.0188866     0.98352   -0.134217
          0           0           0           1
T_world_lidar: 
   0.983031   0.0334708   -0.180361 -0.00903335
 -0.0363256    0.999261  -0.0125478   0.0219192
   0.179808   0.0188866     0.98352   -0.134217
          0           0           0           1
v_world_imu: -0.0454237   -0.11805    0.76512
frame_1365
id: 1365
stamp: 1757574308.747162580
T_odom_lidar: 
   0.982754   0.0243494   -0.183309   -0.020382
 -0.0261703    0.999629 -0.00752082    0.023246
   0.183058   0.0121884    0.983027   -0.139621
          0           0           0           1
T_world_lidar: 
   0.982754   0.0243494   -0.183309   -0.020382
 -0.0261703    0.999629 -0.00752082    0.023246
   0.183058   0.0121884    0.983027   -0.139621
          0           0           0           1
v_world_imu: -0.0454237   -0.11805    0.76512
frame_1366
id: 1366
stamp: 1757574308.823430538
T_odom_lidar: 
   0.981756    0.018956   -0.189197  -0.0319436
 -0.0207261    0.999758 -0.00738122   0.0212238
   0.189011   0.0111679    0.981911    -0.14679
          0           0           0           1
T_world_lidar: 
   0.981756    0.018956   -0.189197  -0.0319436
 -0.0207261    0.999758 -0.00738122   0.0212238
   0.189011   0.0111679    0.981911    -0.14679
          0           0           0           1
v_world_imu: -0.0454237   -0.11805    0.76512
frame_1367
id: 1367
stamp: 1757574308.855428696
T_odom_lidar: 
   0.980982   0.0215873   -0.192895  -0.0366474
 -0.0230442     0.99972 -0.00531243   0.0242477
   0.192726  0.00965652    0.981205   -0.150458
          0           0           0           1
T_world_lidar: 
   0.980982   0.0215873   -0.192895  -0.0366474
 -0.0230442     0.99972 -0.00531243   0.0242477
   0.192726  0.00965652    0.981205   -0.150458
          0           0           0           1
v_world_imu: -0.0454237   -0.11805    0.76512
frame_1368
id: 1368
stamp: 1757574308.924329519
T_odom_lidar: 
   0.980559   0.0303849    -0.19386  -0.0305116
 -0.0314487    0.999502 -0.00241176   0.0328149
    0.19369  0.00846151    0.981026    -0.15638
          0           0           0           1
T_world_lidar: 
   0.980559   0.0303849    -0.19386  -0.0305116
 -0.0314487    0.999502 -0.00241176   0.0328149
    0.19369  0.00846151    0.981026    -0.15638
          0           0           0           1
v_world_imu: -0.0454237   -0.11805    0.76512
frame_1369
id: 1369
stamp: 1757574308.960059404
T_odom_lidar: 
  0.980878  0.0397653  -0.190518 -0.0337732
-0.0401894   0.999191   0.001639  0.0335668
  0.190429 0.00604914   0.981682  -0.156045
         0          0          0          1
T_world_lidar: 
  0.980878  0.0397653  -0.190518 -0.0337732
-0.0401894   0.999191   0.001639  0.0335668
  0.190429 0.00604914   0.981682  -0.156045
         0          0          0          1
v_world_imu: -0.0454237   -0.11805    0.76512
frame_1370
id: 1370
stamp: 1757574309.035475254
T_odom_lidar: 
  0.980525  0.0461511  -0.190894 -0.0436746
-0.0454264   0.998934 0.00817324   0.036173
  0.191067 0.00065754   0.981577  -0.156346
         0          0          0          1
T_world_lidar: 
  0.980525  0.0461511  -0.190894 -0.0436746
-0.0454264   0.998934 0.00817324   0.036173
  0.191067 0.00065754   0.981577  -0.156346
         0          0          0          1
v_world_imu: -0.0454237   -0.11805    0.76512
frame_1371
id: 1371
stamp: 1757574309.067687035
T_odom_lidar: 
   0.979141   0.0498217    -0.19698  -0.0646359
 -0.0477719    0.998743   0.0151467   0.0357565
   0.197488 -0.00542064     0.98029   -0.158837
          0           0           0           1
T_world_lidar: 
   0.979141   0.0498217    -0.19698  -0.0646359
 -0.0477719    0.998743   0.0151467   0.0357565
   0.197488 -0.00542064     0.98029   -0.158837
          0           0           0           1
v_world_imu: -0.0454237   -0.11805    0.76512
frame_1372
id: 1372
stamp: 1757574309.143737078
T_odom_lidar: 
   0.977876   0.0556636   -0.201641  -0.0824766
 -0.0529515     0.99842   0.0188234   0.0362455
    0.20237 -0.00772979    0.979279   -0.160817
          0           0           0           1
T_world_lidar: 
   0.977876   0.0556636   -0.201641  -0.0824766
 -0.0529515     0.99842   0.0188234   0.0362455
    0.20237 -0.00772979    0.979279   -0.160817
          0           0           0           1
v_world_imu: -0.0454237   -0.11805    0.76512
frame_1373
id: 1373
stamp: 1757574309.177697420
T_odom_lidar: 
   0.977259   0.0619969   -0.202785  -0.0881636
 -0.0599475    0.998069   0.0162391   0.0333333
   0.203401 -0.00371335    0.979089   -0.160578
          0           0           0           1
T_world_lidar: 
   0.977259   0.0619969   -0.202785  -0.0881636
 -0.0599475    0.998069   0.0162391   0.0333333
   0.203401 -0.00371335    0.979089   -0.160578
          0           0           0           1
v_world_imu: -0.0454237   -0.11805    0.76512
frame_1374
id: 1374
stamp: 1757574309.250942707
T_odom_lidar: 
   0.976609    0.066424   -0.204505   -0.081378
  -0.064654     0.99779   0.0153322   0.0353083
   0.205071 -0.00175149    0.978745   -0.177578
          0           0           0           1
T_world_lidar: 
   0.976609    0.066424   -0.204505   -0.081378
  -0.064654     0.99779   0.0153322   0.0353083
   0.205071 -0.00175149    0.978745   -0.177578
          0           0           0           1
v_world_imu: -0.0454237   -0.11805    0.76512
frame_1375
id: 1375
stamp: 1757574309.285708427
T_odom_lidar: 
  0.977085  0.0639346  -0.203023 -0.0733467
-0.0633119   0.997948 0.00956689  0.0337099
  0.203218 0.00350609   0.979127  -0.178978
         0          0          0          1
T_world_lidar: 
  0.977085  0.0639346  -0.203023 -0.0733467
-0.0633119   0.997948 0.00956689  0.0337099
  0.203218 0.00350609   0.979127  -0.178978
         0          0          0          1
v_world_imu: -0.0454237   -0.11805    0.76512
frame_1376
id: 1376
stamp: 1757574309.358253241
T_odom_lidar: 
  0.978156  0.0565687  -0.200029 -0.0517984
-0.0564195   0.998386 0.00645043  0.0374716
  0.200071 0.00497601   0.979769  -0.179227
         0          0          0          1
T_world_lidar: 
  0.978156  0.0565687  -0.200029 -0.0517984
-0.0564195   0.998386 0.00645043  0.0374716
  0.200071 0.00497601   0.979769  -0.179227
         0          0          0          1
v_world_imu: -0.0454237   -0.11805    0.76512
frame_1377
id: 1377
stamp: 1757574309.391860485
T_odom_lidar: 
  0.978463  0.0515959  -0.199871 -0.0481921
-0.0511096   0.998664 0.00759541  0.0369717
  0.199996 0.00278349   0.979793  -0.178361
         0          0          0          1
T_world_lidar: 
  0.978463  0.0515959  -0.199871 -0.0481921
-0.0511096   0.998664 0.00759541  0.0369717
  0.199996 0.00278349   0.979793  -0.178361
         0          0          0          1
v_world_imu: -0.0454237   -0.11805    0.76512
frame_1378
id: 1378
stamp: 1757574309.467027426
T_odom_lidar: 
     0.97999    0.0483183    -0.193092    -0.028476
   -0.049273     0.998785 -0.000142397    0.0339827
     0.19285   0.00965377     0.981181    -0.177442
           0            0            0            1
T_world_lidar: 
     0.97999    0.0483183    -0.193092    -0.028476
   -0.049273     0.998785 -0.000142397    0.0339827
     0.19285   0.00965377     0.981181    -0.177442
           0            0            0            1
v_world_imu: -0.0454237   -0.11805    0.76512
frame_1379
id: 1379
stamp: 1757574309.501229048
T_odom_lidar: 
   0.980581   0.0487881    -0.18995  -0.0256686
  -0.050189    0.998736 -0.00256835   0.0376093
   0.189585   0.0120519     0.98179   -0.169177
          0           0           0           1
T_world_lidar: 
   0.980581   0.0487881    -0.18995  -0.0256686
  -0.050189    0.998736 -0.00256835   0.0376093
   0.189585   0.0120519     0.98179   -0.169177
          0           0           0           1
v_world_imu: -0.0454237   -0.11805    0.76512
frame_1380
id: 1380
stamp: 1757574309.573283672
T_odom_lidar: 
   0.980988   0.0490769    -0.18776   -0.033474
 -0.0508119    0.998698 -0.00443524   0.0398262
   0.187298   0.0138914    0.982205   -0.149102
          0           0           0           1
T_world_lidar: 
   0.980988   0.0490769    -0.18776   -0.033474
 -0.0508119    0.998698 -0.00443524   0.0398262
   0.187298   0.0138914    0.982205   -0.149102
          0           0           0           1
v_world_imu: -0.0454237   -0.11805    0.76512
frame_1381
id: 1381
stamp: 1757574309.607156277
T_odom_lidar: 
   0.980995    0.048897   -0.187772  -0.0409178
 -0.0496533    0.998766 0.000676807   0.0390251
   0.187573  0.00865954    0.982212    -0.14832
          0           0           0           1
T_world_lidar: 
   0.980995    0.048897   -0.187772  -0.0409178
 -0.0496533    0.998766 0.000676807   0.0390251
   0.187573  0.00865954    0.982212    -0.14832
          0           0           0           1
v_world_imu: -0.0454237   -0.11805    0.76512
frame_1382
id: 1382
stamp: 1757574309.678666353
T_odom_lidar: 
  0.980983  0.0474569  -0.188202 -0.0362332
-0.0469199   0.998872 0.00730956  0.0440365
  0.188337 0.00165987   0.982103  -0.146895
         0          0          0          1
T_world_lidar: 
  0.980983  0.0474569  -0.188202 -0.0362332
-0.0469199   0.998872 0.00730956  0.0440365
  0.188337 0.00165987   0.982103  -0.146895
         0          0          0          1
v_world_imu: -0.0454237   -0.11805    0.76512
frame_1383
id: 1383
stamp: 1757574309.712045908
T_odom_lidar: 
   0.980786   0.0461576   -0.189545  -0.0430434
 -0.0435266     0.99889   0.0180225   0.0468751
   0.190167 -0.00942595    0.981707   -0.150196
          0           0           0           1
T_world_lidar: 
   0.980786   0.0461576   -0.189545  -0.0430434
 -0.0435266     0.99889   0.0180225   0.0468751
   0.190167 -0.00942595    0.981707   -0.150196
          0           0           0           1
v_world_imu: -0.0454237   -0.11805    0.76512
frame_1384
id: 1384
stamp: 1757574309.783707142
T_odom_lidar: 
   0.979424   0.0527711   -0.194793  -0.0573495
 -0.0506066    0.998589    0.016075   0.0433153
   0.195366 -0.00588643    0.980713   -0.158737
          0           0           0           1
T_world_lidar: 
   0.979424   0.0527711   -0.194793  -0.0573495
 -0.0506066    0.998589    0.016075   0.0433153
   0.195366 -0.00588643    0.980713   -0.158737
          0           0           0           1
v_world_imu: -0.0454237   -0.11805    0.76512
frame_1385
id: 1385
stamp: 1757574309.815383911
T_odom_lidar: 
  0.978694  0.0563063  -0.197453 -0.0680876
-0.0560737   0.998404 0.00677304  0.0287832
  0.197519 0.00444318   0.980289   -0.16818
         0          0          0          1
T_world_lidar: 
  0.978694  0.0563063  -0.197453 -0.0680876
-0.0560737   0.998404 0.00677304  0.0287832
  0.197519 0.00444318   0.980289   -0.16818
         0          0          0          1
v_world_imu: -0.0454237   -0.11805    0.76512
frame_1386
id: 1386
stamp: 1757574309.887441874
T_odom_lidar: 
  0.978899  0.0493745   -0.19829 -0.0621409
-0.0500257   0.998746 0.00172707  0.0314215
  0.198127 0.00822897   0.980142  -0.178081
         0          0          0          1
T_world_lidar: 
  0.978899  0.0493745   -0.19829 -0.0621409
-0.0500257   0.998746 0.00172707  0.0314215
  0.198127 0.00822897   0.980142  -0.178081
         0          0          0          1
v_world_imu: -0.0454237   -0.11805    0.76512
frame_1387
id: 1387
stamp: 1757574309.919734478
T_odom_lidar: 
   0.978808   0.0482918   -0.199004  -0.0623207
 -0.0502116    0.998728 -0.00460888   0.0331756
   0.198529   0.0145035    0.979988   -0.173858
          0           0           0           1
T_world_lidar: 
   0.978808   0.0482918   -0.199004  -0.0623207
 -0.0502116    0.998728 -0.00460888   0.0331756
   0.198529   0.0145035    0.979988   -0.173858
          0           0           0           1
v_world_imu: -0.0454237   -0.11805    0.76512
frame_1388
id: 1388
stamp: 1757574309.995759487
T_odom_lidar: 
   0.978201   0.0485877   -0.201897  -0.0693291
 -0.0512586    0.998653 -0.00801848   0.0312929
   0.201235   0.0181926    0.979374   -0.180218
          0           0           0           1
T_world_lidar: 
   0.978201   0.0485877   -0.201897  -0.0693291
 -0.0512586    0.998653 -0.00801848   0.0312929
   0.201235   0.0181926    0.979374   -0.180218
          0           0           0           1
v_world_imu: -0.0454237   -0.11805    0.76512
frame_1389
id: 1389
stamp: 1757574310.028571606
T_odom_lidar: 
   0.978159    0.044616   -0.203015  -0.0680565
 -0.0467566     0.99889 -0.00575773   0.0330971
   0.202532   0.0151242    0.979159   -0.177558
          0           0           0           1
T_world_lidar: 
   0.978159    0.044616   -0.203015  -0.0680565
 -0.0467566     0.99889 -0.00575773   0.0330971
   0.202532   0.0151242    0.979159   -0.177558
          0           0           0           1
v_world_imu: -0.0454237   -0.11805    0.76512
frame_1390
id: 1390
stamp: 1757574310.102412939
T_odom_lidar: 
    0.978355    0.0389049    -0.203243   -0.0672896
  -0.0398207     0.999207 -0.000417285    0.0357765
    0.203065   0.00850154     0.979128    -0.176402
           0            0            0            1
T_world_lidar: 
    0.978355    0.0389049    -0.203243   -0.0672896
  -0.0398207     0.999207 -0.000417285    0.0357765
    0.203065   0.00850154     0.979128    -0.176402
           0            0            0            1
v_world_imu: -0.0454237   -0.11805    0.76512
frame_1391
id: 1391
stamp: 1757574310.139510155
T_odom_lidar: 
    0.978931    0.0336022    -0.201406   -0.0620693
  -0.0328387     0.999435   0.00713214    0.0357865
    0.201532 -0.000367966     0.979482    -0.172799
           0            0            0            1
T_world_lidar: 
    0.978931    0.0336022    -0.201406   -0.0620693
  -0.0328387     0.999435   0.00713214    0.0357865
    0.201532 -0.000367966     0.979482    -0.172799
           0            0            0            1
v_world_imu: -0.0454237   -0.11805    0.76512
frame_1392
id: 1392
stamp: 1757574310.217556238
T_odom_lidar: 
    0.97944   0.0350934   -0.198658  -0.0613899
 -0.0326503    0.999346   0.0155616   0.0309762
   0.199074 -0.00875547    0.979945   -0.186938
          0           0           0           1
T_world_lidar: 
    0.97944   0.0350934   -0.198658  -0.0613899
 -0.0326503    0.999346   0.0155616   0.0309762
   0.199074 -0.00875547    0.979945   -0.186938
          0           0           0           1
v_world_imu: -0.0454237   -0.11805    0.76512
frame_1393
id: 1393
stamp: 1757574310.250919104
T_odom_lidar: 
   0.980489   0.0348762   -0.193457  -0.0479556
 -0.0328185    0.999366   0.0138319   0.0265123
   0.193817 -0.00721308    0.981011   -0.172949
          0           0           0           1
T_world_lidar: 
   0.980489   0.0348762   -0.193457  -0.0479556
 -0.0328185    0.999366   0.0138319   0.0265123
   0.193817 -0.00721308    0.981011   -0.172949
          0           0           0           1
v_world_imu: -0.0454237   -0.11805    0.76512
frame_1394
id: 1394
stamp: 1757574310.324498415
T_odom_lidar: 
   0.981698   0.0358626   -0.187036   -0.032044
 -0.0349409    0.999356  0.00822344   0.0220686
   0.187211 -0.00153771    0.982319   -0.151997
          0           0           0           1
T_world_lidar: 
   0.981698   0.0358626   -0.187036   -0.032044
 -0.0349409    0.999356  0.00822344   0.0220686
   0.187211 -0.00153771    0.982319   -0.151997
          0           0           0           1
v_world_imu: -0.0454237   -0.11805    0.76512
frame_1395
id: 1395
stamp: 1757574310.356467485
T_odom_lidar: 
   0.98218  0.0387983  -0.183893 -0.0265239
-0.0392272   0.999229 0.00130631  0.0222878
  0.183802 0.00593055   0.982945  -0.142228
         0          0          0          1
T_world_lidar: 
   0.98218  0.0387983  -0.183893 -0.0265239
-0.0392272   0.999229 0.00130631  0.0222878
  0.183802 0.00593055   0.982945  -0.142228
         0          0          0          1
v_world_imu: -0.0454237   -0.11805    0.76512
frame_1396
id: 1396
stamp: 1757574310.432895184
T_odom_lidar: 
   0.982313   0.0419539   -0.182484  -0.0216968
 -0.0431668    0.999064 -0.00267786   0.0230395
   0.182201   0.0105077    0.983205   -0.136155
          0           0           0           1
T_world_lidar: 
   0.982313   0.0419539   -0.182484  -0.0216968
 -0.0431668    0.999064 -0.00267786   0.0230395
   0.182201   0.0105077    0.983205   -0.136155
          0           0           0           1
v_world_imu: -0.0454237   -0.11805    0.76512
frame_1397
id: 1397
stamp: 1757574310.465825081
T_odom_lidar: 
    0.98194    0.043791   -0.184054  -0.0297209
 -0.0447477    0.998998 -0.00104567   0.0288753
   0.183824   0.0092628    0.982916   -0.138201
          0           0           0           1
T_world_lidar: 
    0.98194    0.043791   -0.184054  -0.0297209
 -0.0447477    0.998998 -0.00104567   0.0288753
   0.183824   0.0092628    0.982916   -0.138201
          0           0           0           1
v_world_imu: -0.0454237   -0.11805    0.76512
frame_1398
id: 1398
stamp: 1757574310.532935858
T_odom_lidar: 
  0.981501  0.0444369  -0.186228 -0.0238055
-0.0444363   0.999003 0.00417934  0.0344153
  0.186228 0.00417327   0.982498  -0.156544
         0          0          0          1
T_world_lidar: 
  0.981501  0.0444369  -0.186228 -0.0238055
-0.0444363   0.999003 0.00417934  0.0344153
  0.186228 0.00417327   0.982498  -0.156544
         0          0          0          1
v_world_imu: -0.0454237   -0.11805    0.76512
frame_1399
id: 1399
stamp: 1757574310.562389374
T_odom_lidar: 
  0.981818  0.0429776  -0.184893 -0.0223215
-0.0424102   0.999076 0.00702451  0.0385832
  0.185024 0.00094457   0.982733  -0.153736
         0          0          0          1
T_world_lidar: 
  0.981818  0.0429776  -0.184893 -0.0223215
-0.0424102   0.999076 0.00702451  0.0385832
  0.185024 0.00094457   0.982733  -0.153736
         0          0          0          1
v_world_imu: -0.0454237   -0.11805    0.76512
frame_1400
id: 1400
stamp: 1757574310.630155087
T_odom_lidar: 
  0.982083  0.0427071  -0.183545 -0.0194406
-0.0429245   0.999074 0.00279003  0.0375476
  0.183494 0.00513854   0.983007   -0.14674
         0          0          0          1
T_world_lidar: 
  0.982083  0.0427071  -0.183545 -0.0194406
-0.0429245   0.999074 0.00279003  0.0375476
  0.183494 0.00513854   0.983007   -0.14674
         0          0          0          1
v_world_imu: -0.0454237   -0.11805    0.76512
frame_1401
id: 1401
stamp: 1757574310.662645817
T_odom_lidar: 
   0.981636   0.0432598   -0.185795  -0.0264385
 -0.0446482    0.998997 -0.00329266   0.0345136
   0.185466   0.0115276    0.982583   -0.148367
          0           0           0           1
T_world_lidar: 
   0.981636   0.0432598   -0.185795  -0.0264385
 -0.0446482    0.998997 -0.00329266   0.0345136
   0.185466   0.0115276    0.982583   -0.148367
          0           0           0           1
v_world_imu: -0.0454237   -0.11805    0.76512
frame_1402
id: 1402
stamp: 1757574310.733700514
T_odom_lidar: 
   0.981159   0.0432709   -0.188294  -0.0347361
 -0.0451038    0.998967 -0.00545823   0.0347001
   0.187864   0.0138482    0.982097   -0.152596
          0           0           0           1
T_world_lidar: 
   0.981159   0.0432709   -0.188294  -0.0347361
 -0.0451038    0.998967 -0.00545823   0.0347001
   0.187864   0.0138482    0.982097   -0.152596
          0           0           0           1
v_world_imu: -0.0454237   -0.11805    0.76512
frame_1403
id: 1403
stamp: 1757574310.766111612
T_odom_lidar: 
   0.980131   0.0460063    -0.19294  -0.0438516
 -0.0479771    0.998833 -0.00555234   0.0383081
   0.192459   0.0146987    0.981195   -0.162722
          0           0           0           1
T_world_lidar: 
   0.980131   0.0460063    -0.19294  -0.0438516
 -0.0479771    0.998833 -0.00555234   0.0383081
   0.192459   0.0146987    0.981195   -0.162722
          0           0           0           1
v_world_imu: -0.0454237   -0.11805    0.76512
frame_1404
id: 1404
stamp: 1757574310.839753628
T_odom_lidar: 
  0.979625  0.0480978  -0.194989 -0.0539729
-0.0498524   0.998748 -0.0040984  0.0431799
  0.194548  0.0137356   0.980797  -0.165534
         0          0          0          1
T_world_lidar: 
  0.979625  0.0480978  -0.194989 -0.0539729
-0.0498524   0.998748 -0.0040984  0.0431799
  0.194548  0.0137356   0.980797  -0.165534
         0          0          0          1
v_world_imu: -0.0454237   -0.11805    0.76512
frame_1405
id: 1405
stamp: 1757574310.877071857
T_odom_lidar: 
    0.97885    0.046949    -0.19912  -0.0591466
 -0.0480918    0.998843 -0.00090418   0.0448046
   0.198847   0.0104611    0.979975   -0.174816
          0           0           0           1
T_world_lidar: 
    0.97885    0.046949    -0.19912  -0.0591466
 -0.0480918    0.998843 -0.00090418   0.0448046
   0.198847   0.0104611    0.979975   -0.174816
          0           0           0           1
v_world_imu: -0.0454237   -0.11805    0.76512
frame_1406
id: 1406
stamp: 1757574310.951072216
T_odom_lidar: 
  0.978388  0.0465185  -0.201477 -0.0621615
-0.0468587   0.998897 0.00308328  0.0499495
  0.201398 0.00642431   0.979488  -0.180002
         0          0          0          1
T_world_lidar: 
  0.978388  0.0465185  -0.201477 -0.0621615
-0.0468587   0.998897 0.00308328  0.0499495
  0.201398 0.00642431   0.979488  -0.180002
         0          0          0          1
v_world_imu: -0.0454237   -0.11805    0.76512
frame_1407
id: 1407
stamp: 1757574310.985295534
T_odom_lidar: 
  0.978201  0.0463944  -0.202413 -0.0624541
-0.0460112   0.998919 0.00660053   0.048702
  0.202501 0.00285665   0.979278  -0.183675
         0          0          0          1
T_world_lidar: 
  0.978201  0.0463944  -0.202413 -0.0624541
-0.0460112   0.998919 0.00660053   0.048702
  0.202501 0.00285665   0.979278  -0.183675
         0          0          0          1
v_world_imu: -0.0454237   -0.11805    0.76512
frame_1408
id: 1408
stamp: 1757574311.061546326
T_odom_lidar: 
   0.978367   0.0464079   -0.201605  -0.0566286
 -0.0454717    0.998923  0.00927489   0.0518242
   0.201818 9.30516e-05    0.979423   -0.182237
          0           0           0           1
T_world_lidar: 
   0.978367   0.0464079   -0.201605  -0.0566286
 -0.0454717    0.998923  0.00927489   0.0518242
   0.201818 9.30516e-05    0.979423   -0.182237
          0           0           0           1
v_world_imu: -0.0454237   -0.11805    0.76512
frame_1409
id: 1409
stamp: 1757574311.094474077
T_odom_lidar: 
   0.979123   0.0462024   -0.197947  -0.0519934
 -0.0448251    0.998929   0.0114354    0.049563
   0.198263 -0.00232364    0.980146   -0.178101
          0           0           0           1
T_world_lidar: 
   0.979123   0.0462024   -0.197947  -0.0519934
 -0.0448251    0.998929   0.0114354    0.049563
   0.198263 -0.00232364    0.980146   -0.178101
          0           0           0           1
v_world_imu: -0.0454237   -0.11805    0.76512
frame_1410
id: 1410
stamp: 1757574311.166258335
T_odom_lidar: 
    0.98042   0.0444866   -0.191829  -0.0478636
 -0.0434073    0.999009  0.00982731   0.0485056
   0.192076 -0.00130809    0.981379   -0.156683
          0           0           0           1
T_world_lidar: 
    0.98042   0.0444866   -0.191829  -0.0478636
 -0.0434073    0.999009  0.00982731   0.0485056
   0.192076 -0.00130809    0.981379   -0.156683
          0           0           0           1
v_world_imu: -0.0454237   -0.11805    0.76512
frame_1411
id: 1411
stamp: 1757574311.203388691
T_odom_lidar: 
   0.981244    0.044676    -0.18752  -0.0484121
 -0.0424114    0.998971   0.0160731    0.047159
   0.188045 -0.00781867    0.982129   -0.149515
          0           0           0           1
T_world_lidar: 
   0.981244    0.044676    -0.18752  -0.0484121
 -0.0424114    0.998971   0.0160731    0.047159
   0.188045 -0.00781867    0.982129   -0.149515
          0           0           0           1
v_world_imu: -0.0454237   -0.11805    0.76512
frame_1412
id: 1412
stamp: 1757574311.270758390
T_odom_lidar: 
    0.98126   0.0440201   -0.187593  -0.0469811
 -0.0414155    0.998984   0.0177831   0.0450503
   0.188185 -0.00968063    0.982086   -0.150773
          0           0           0           1
T_world_lidar: 
    0.98126   0.0440201   -0.187593  -0.0469811
 -0.0414155    0.998984   0.0177831   0.0450503
   0.188185 -0.00968063    0.982086   -0.150773
          0           0           0           1
v_world_imu: -0.0454237   -0.11805    0.76512
frame_1413
id: 1413
stamp: 1757574311.301385880
T_odom_lidar: 
    0.980764    0.0475345    -0.189321    -0.055626
  -0.0466113      0.99887   0.00932833    0.0336733
     0.18955 -0.000324381     0.981871    -0.155821
           0            0            0            1
T_world_lidar: 
    0.980764    0.0475345    -0.189321    -0.055626
  -0.0466113      0.99887   0.00932833    0.0336733
     0.18955 -0.000324381     0.981871    -0.155821
           0            0            0            1
v_world_imu: -0.0454237   -0.11805    0.76512
frame_1414
id: 1414
stamp: 1757574311.371320963
T_odom_lidar: 
   0.980743   0.0447642   -0.190106  -0.0501353
 -0.0455694    0.998961 0.000135815   0.0248769
   0.189915  0.00852982    0.981764   -0.154715
          0           0           0           1
T_world_lidar: 
   0.980743   0.0447642   -0.190106  -0.0501353
 -0.0455694    0.998961 0.000135815   0.0248769
   0.189915  0.00852982    0.981764   -0.154715
          0           0           0           1
v_world_imu: -0.0454237   -0.11805    0.76512
frame_1415
id: 1415
stamp: 1757574311.404531479
T_odom_lidar: 
   0.980588   0.0437979   -0.191127  -0.0529868
 -0.0459765    0.998918 -0.00697696   0.0260061
   0.190614   0.0156288    0.981541   -0.148993
          0           0           0           1
T_world_lidar: 
   0.980588   0.0437979   -0.191127  -0.0529868
 -0.0459765    0.998918 -0.00697696   0.0260061
   0.190614   0.0156288    0.981541   -0.148993
          0           0           0           1
v_world_imu: -0.0454237   -0.11805    0.76512
frame_1416
id: 1416
stamp: 1757574311.479306221
T_odom_lidar: 
   0.98007  0.0413324  -0.194307 -0.0572623
 -0.044404   0.998948 -0.0114771   0.021283
  0.193628  0.0198764   0.980874   -0.15136
         0          0          0          1
T_world_lidar: 
   0.98007  0.0413324  -0.194307 -0.0572623
 -0.044404   0.998948 -0.0114771   0.021283
  0.193628  0.0198764   0.980874   -0.15136
         0          0          0          1
v_world_imu: -0.0454237   -0.11805    0.76512
frame_1417
id: 1417
stamp: 1757574311.514501333
T_odom_lidar: 
  0.979806  0.0337861  -0.197077 -0.0567031
-0.0374651   0.999186 -0.0149686  0.0192607
   0.19641  0.0220498   0.980274  -0.151787
         0          0          0          1
T_world_lidar: 
  0.979806  0.0337861  -0.197077 -0.0567031
-0.0374651   0.999186 -0.0149686  0.0192607
   0.19641  0.0220498   0.980274  -0.151787
         0          0          0          1
v_world_imu: -0.0454237   -0.11805    0.76512
frame_1418
id: 1418
stamp: 1757574311.592018843
T_odom_lidar: 
   0.97951  0.0274964  -0.199508 -0.0603102
-0.0311938   0.999395 -0.0154121  0.0205032
  0.198963  0.0213197   0.979775  -0.154702
         0          0          0          1
T_world_lidar: 
   0.97951  0.0274964  -0.199508 -0.0603102
-0.0311938   0.999395 -0.0154121  0.0205032
  0.198963  0.0213197   0.979775  -0.154702
         0          0          0          1
v_world_imu: -0.0454237   -0.11805    0.76512
frame_1419
id: 1419
stamp: 1757574311.623305321
T_odom_lidar: 
  0.979481  0.0245919  -0.200033 -0.0564671
-0.0279557   0.999511 -0.0140085  0.0247838
   0.19959  0.0193131   0.979689   -0.15515
         0          0          0          1
T_world_lidar: 
  0.979481  0.0245919  -0.200033 -0.0564671
-0.0279557   0.999511 -0.0140085  0.0247838
   0.19959  0.0193131   0.979689   -0.15515
         0          0          0          1
v_world_imu: -0.0454237   -0.11805    0.76512
frame_1420
id: 1420
stamp: 1757574311.694960594
T_odom_lidar: 
  0.979484  0.0260876  -0.199827 -0.0561473
-0.0290087   0.999511 -0.0117038  0.0279602
  0.199424  0.0172604   0.979761   -0.15406
         0          0          0          1
T_world_lidar: 
  0.979484  0.0260876  -0.199827 -0.0561473
-0.0290087   0.999511 -0.0117038  0.0279602
  0.199424  0.0172604   0.979761   -0.15406
         0          0          0          1
v_world_imu: -0.0454237   -0.11805    0.76512
frame_1421
id: 1421
stamp: 1757574311.727570057
T_odom_lidar: 
  0.979549  0.0306087  -0.198864 -0.0514599
-0.0334686   0.999379 -0.0110353  0.0286604
  0.198403  0.0174654   0.979965  -0.154965
         0          0          0          1
T_world_lidar: 
  0.979549  0.0306087  -0.198864 -0.0514599
-0.0334686   0.999379 -0.0110353  0.0286604
  0.198403  0.0174654   0.979965  -0.154965
         0          0          0          1
v_world_imu: -0.0454237   -0.11805    0.76512
frame_1422
id: 1422
stamp: 1757574311.804163694
T_odom_lidar: 
  0.979438  0.0388596  -0.197967 -0.0402079
-0.0409401   0.999141 -0.0064255  0.0258085
  0.197547  0.0143981   0.980188  -0.166795
         0          0          0          1
T_world_lidar: 
  0.979438  0.0388596  -0.197967 -0.0402079
-0.0409401   0.999141 -0.0064255  0.0258085
  0.197547  0.0143981   0.980188  -0.166795
         0          0          0          1
v_world_imu: -0.0454237   -0.11805    0.76512
frame_1423
id: 1423
stamp: 1757574311.838478088
T_odom_lidar: 
    0.979831    0.0437354    -0.194983   -0.0360524
  -0.0446575     0.999002 -0.000333379    0.0359414
    0.194774   0.00903409     0.980807    -0.166091
           0            0            0            1
T_world_lidar: 
    0.979831    0.0437354    -0.194983   -0.0360524
  -0.0446575     0.999002 -0.000333379    0.0359414
    0.194774   0.00903409     0.980807    -0.166091
           0            0            0            1
v_world_imu: -0.0454237   -0.11805    0.76512
frame_1424
id: 1424
stamp: 1757574311.905023098
T_odom_lidar: 
  0.980848  0.0444704  -0.189632 -0.0248126
-0.0444418   0.999002 0.00440541   0.040891
  0.189639 0.00410658   0.981845  -0.156381
         0          0          0          1
T_world_lidar: 
  0.980848  0.0444704  -0.189632 -0.0248126
-0.0444418   0.999002 0.00440541   0.040891
  0.189639 0.00410658   0.981845  -0.156381
         0          0          0          1
v_world_imu: -0.0454237   -0.11805    0.76512
frame_1425
id: 1425
stamp: 1757574311.938976049
T_odom_lidar: 
  0.981862  0.0381952  -0.185708  -0.021222
-0.0377172    0.99927 0.00610787  0.0347019
  0.185805 0.00100728   0.982586  -0.150045
         0          0          0          1
T_world_lidar: 
  0.981862  0.0381952  -0.185708  -0.021222
-0.0377172    0.99927 0.00610787  0.0347019
  0.185805 0.00100728   0.982586  -0.150045
         0          0          0          1
v_world_imu: -0.0454237   -0.11805    0.76512
frame_1426
id: 1426
stamp: 1757574312.013007164
T_odom_lidar: 
   0.981547   0.0450418   -0.185841  -0.0265003
  -0.044281    0.998985  0.00824501   0.0450938
   0.186024 0.000136359    0.982545   -0.155199
          0           0           0           1
T_world_lidar: 
   0.981547   0.0450418   -0.185841  -0.0265003
  -0.044281    0.998985  0.00824501   0.0450938
   0.186024 0.000136359    0.982545   -0.155199
          0           0           0           1
v_world_imu: -0.0454237   -0.11805    0.76512
frame_1427
id: 1427
stamp: 1757574312.043620825
T_odom_lidar: 
    0.981188    0.0472132    -0.187194    -0.034128
  -0.0462483     0.998885   0.00952101    0.0427202
    0.187434 -0.000684523     0.982277    -0.159764
           0            0            0            1
T_world_lidar: 
    0.981188    0.0472132    -0.187194    -0.034128
  -0.0462483     0.998885   0.00952101    0.0427202
    0.187434 -0.000684523     0.982277    -0.159764
           0            0            0            1
v_world_imu: -0.0454237   -0.11805    0.76512
frame_1428
id: 1428
stamp: 1757574312.111342192
T_odom_lidar: 
  0.979943  0.0471902   -0.19361 -0.0431132
-0.0468231   0.998882  0.0064746  0.0476945
  0.193699 0.00272068   0.981057  -0.157003
         0          0          0          1
T_world_lidar: 
  0.979943  0.0471902   -0.19361 -0.0431132
-0.0468231   0.998882  0.0064746  0.0476945
  0.193699 0.00272068   0.981057  -0.157003
         0          0          0          1
v_world_imu: -0.0454237   -0.11805    0.76512
frame_1429
id: 1429
stamp: 1757574312.144958258
T_odom_lidar: 
  0.979618  0.0482222  -0.194997 -0.0455707
-0.0483179   0.998823 0.00426839  0.0461037
  0.194973 0.00524044   0.980795  -0.158512
         0          0          0          1
T_world_lidar: 
  0.979618  0.0482222  -0.194997 -0.0455707
-0.0483179   0.998823 0.00426839  0.0461037
  0.194973 0.00524044   0.980795  -0.158512
         0          0          0          1
v_world_imu: -0.0454237   -0.11805    0.76512
frame_1430
id: 1430
stamp: 1757574312.221254349
T_odom_lidar: 
  0.979354  0.0493709   -0.19603 -0.0463061
 -0.049793   0.998756 0.00277739   0.045315
  0.195924  0.0070409   0.980594  -0.161091
         0          0          0          1
T_world_lidar: 
  0.979354  0.0493709   -0.19603 -0.0463061
 -0.049793   0.998756 0.00277739   0.045315
  0.195924  0.0070409   0.980594  -0.161091
         0          0          0          1
v_world_imu: -0.0454237   -0.11805    0.76512
frame_1431
id: 1431
stamp: 1757574312.253583193
T_odom_lidar: 
  0.979048  0.0498324  -0.197439 -0.0490093
-0.0504426   0.998725 0.00194067  0.0446641
  0.197284 0.00805935   0.980313  -0.165033
         0          0          0          1
T_world_lidar: 
  0.979048  0.0498324  -0.197439 -0.0490093
-0.0504426   0.998725 0.00194067  0.0446641
  0.197284 0.00805935   0.980313  -0.165033
         0          0          0          1
v_world_imu: -0.0454237   -0.11805    0.76512
frame_1432
id: 1432
stamp: 1757574312.328646660
T_odom_lidar: 
  0.979126  0.0484206  -0.197404 -0.0449747
-0.0491806   0.998789 0.00105339  0.0433005
  0.197216 0.00867704   0.980322  -0.163773
         0          0          0          1
T_world_lidar: 
  0.979126  0.0484206  -0.197404 -0.0449747
-0.0491806   0.998789 0.00105339  0.0433005
  0.197216 0.00867704   0.980322  -0.163773
         0          0          0          1
v_world_imu: -0.0454237   -0.11805    0.76512
frame_1433
id: 1433
stamp: 1757574312.363174677
T_odom_lidar: 
    0.97932   0.0475875   -0.196639  -0.0417371
 -0.0485133    0.998823 0.000108777   0.0423069
   0.196413   0.0094331    0.980476   -0.160774
          0           0           0           1
T_world_lidar: 
    0.97932   0.0475875   -0.196639  -0.0417371
 -0.0485133    0.998823 0.000108777   0.0423069
   0.196413   0.0094331    0.980476   -0.160774
          0           0           0           1
v_world_imu: -0.0454237   -0.11805    0.76512
frame_1434
id: 1434
stamp: 1757574312.435902834
T_odom_lidar: 
  0.979759  0.0459563  -0.194832 -0.0418153
-0.0464938   0.998917 0.00181586  0.0456613
  0.194705 0.00727938   0.980835  -0.168771
         0          0          0          1
T_world_lidar: 
  0.979759  0.0459563  -0.194832 -0.0418153
-0.0464938   0.998917 0.00181586  0.0456613
  0.194705 0.00727938   0.980835  -0.168771
         0          0          0          1
v_world_imu: -0.0454237   -0.11805    0.76512
frame_1435
id: 1435
stamp: 1757574312.470164061
T_odom_lidar: 
   0.979872   0.0449992   -0.194491  -0.0424078
 -0.0457628    0.998952 0.000567611   0.0434047
   0.194313  0.00834428    0.980904    -0.16826
          0           0           0           1
T_world_lidar: 
   0.979872   0.0449992   -0.194491  -0.0424078
 -0.0457628    0.998952 0.000567611   0.0434047
   0.194313  0.00834428    0.980904    -0.16826
          0           0           0           1
v_world_imu: -0.0454237   -0.11805    0.76512
frame_1436
id: 1436
stamp: 1757574312.543375254
T_odom_lidar: 
    0.980114    0.0438056    -0.193538   -0.0384232
  -0.0448111     0.998995 -0.000818331    0.0415947
    0.193308   0.00947471     0.981092    -0.164813
           0            0            0            1
T_world_lidar: 
    0.980114    0.0438056    -0.193538   -0.0384232
  -0.0448111     0.998995 -0.000818331    0.0415947
    0.193308   0.00947471     0.981092    -0.164813
           0            0            0            1
v_world_imu: -0.0454237   -0.11805    0.76512
frame_1437
id: 1437
stamp: 1757574312.580383778
T_odom_lidar: 
   0.980635   0.0441144   -0.190812  -0.0352355
 -0.0452845    0.998973 -0.00177383    0.042615
   0.190538   0.0103803    0.981625   -0.157896
          0           0           0           1
T_world_lidar: 
   0.980635   0.0441144   -0.190812  -0.0352355
 -0.0452845    0.998973 -0.00177383    0.042615
   0.190538   0.0103803    0.981625   -0.157896
          0           0           0           1
v_world_imu: -0.0454237   -0.11805    0.76512
frame_1438
id: 1438
stamp: 1757574312.653167725
T_odom_lidar: 
    0.98109   0.0444697   -0.188374  -0.0295299
  -0.045869    0.998943 -0.00307301   0.0429849
   0.188038   0.0116554    0.982093    -0.15201
          0           0           0           1
T_world_lidar: 
    0.98109   0.0444697   -0.188374  -0.0295299
  -0.045869    0.998943 -0.00307301   0.0429849
   0.188038   0.0116554    0.982093    -0.15201
          0           0           0           1
v_world_imu: -0.0454237   -0.11805    0.76512
frame_1439
id: 1439
stamp: 1757574312.681074619
T_odom_lidar: 
   0.981197   0.0444213   -0.187829  -0.0319514
 -0.0459679    0.998935 -0.00388412   0.0425039
   0.187456   0.0124452    0.982194   -0.152338
          0           0           0           1
T_world_lidar: 
   0.981197   0.0444213   -0.187829  -0.0319514
 -0.0459679    0.998935 -0.00388412   0.0425039
   0.187456   0.0124452    0.982194   -0.152338
          0           0           0           1
v_world_imu: -0.0454237   -0.11805    0.76512
frame_1440
id: 1440
stamp: 1757574312.760280848
T_odom_lidar: 
  0.981554  0.0447341  -0.185879 -0.0357141
-0.0460283   0.998937 -0.0026511  0.0340844
  0.185563  0.0111579   0.982569  -0.132904
         0          0          0          1
T_world_lidar: 
  0.981554  0.0447341  -0.185879 -0.0357141
-0.0460283   0.998937 -0.0026511  0.0340844
  0.185563  0.0111579   0.982569  -0.132904
         0          0          0          1
v_world_imu: -0.0454237   -0.11805    0.76512
frame_1441
id: 1441
stamp: 1757574312.795697212
T_odom_lidar: 
    0.981364    0.0441117    -0.187028   -0.0401673
  -0.0450595     0.998984 -0.000817097    0.0342968
    0.186802   0.00922926     0.982354    -0.137014
           0            0            0            1
T_world_lidar: 
    0.981364    0.0441117    -0.187028   -0.0401673
  -0.0450595     0.998984 -0.000817097    0.0342968
    0.186802   0.00922926     0.982354    -0.137014
           0            0            0            1
v_world_imu: -0.0454237   -0.11805    0.76512
frame_1442
id: 1442
stamp: 1757574312.869509220
T_odom_lidar: 
   0.98096  0.0466148  -0.188534 -0.0450784
-0.0471845   0.998885 0.00146767  0.0402681
  0.188392 0.00745613   0.982066  -0.141944
         0          0          0          1
T_world_lidar: 
   0.98096  0.0466148  -0.188534 -0.0450784
-0.0471845   0.998885 0.00146767  0.0402681
  0.188392 0.00745613   0.982066  -0.141944
         0          0          0          1
v_world_imu: -0.0454237   -0.11805    0.76512
frame_1443
id: 1443
stamp: 1757574312.906489849
T_odom_lidar: 
  0.980646  0.0464086  -0.190208  -0.049807
-0.0465387   0.998909 0.00378527  0.0383813
  0.190177 0.00514004   0.981736  -0.148857
         0          0          0          1
T_world_lidar: 
  0.980646  0.0464086  -0.190208  -0.049807
-0.0465387   0.998909 0.00378527  0.0383813
  0.190177 0.00514004   0.981736  -0.148857
         0          0          0          1
v_world_imu: -0.0454237   -0.11805    0.76512
frame_1444
id: 1444
stamp: 1757574312.983939886
T_odom_lidar: 
  0.980388  0.0463696  -0.191544 -0.0512935
-0.0461292   0.998919 0.00571609  0.0401522
  0.191602 0.00323179   0.981467  -0.153775
         0          0          0          1
T_world_lidar: 
  0.980388  0.0463696  -0.191544 -0.0512935
-0.0461292   0.998919 0.00571609  0.0401522
  0.191602 0.00323179   0.981467  -0.153775
         0          0          0          1
v_world_imu: -0.0454237   -0.11805    0.76512
frame_1445
id: 1445
stamp: 1757574313.018945694
T_odom_lidar: 
  0.980175  0.0471663  -0.192436 -0.0537439
-0.0464778   0.998887 0.00809287  0.0402894
  0.192603 0.00101157   0.981276  -0.158319
         0          0          0          1
T_world_lidar: 
  0.980175  0.0471663  -0.192436 -0.0537439
-0.0464778   0.998887 0.00809287  0.0402894
  0.192603 0.00101157   0.981276  -0.158319
         0          0          0          1
v_world_imu: -0.0454237   -0.11805    0.76512
frame_1446
id: 1446
stamp: 1757574313.096388578
T_odom_lidar: 
   0.979319   0.0475087   -0.196666  -0.0478706
 -0.0462772     0.99887   0.0108552   0.0463623
   0.196959 -0.00152951    0.980411    -0.17273
          0           0           0           1
T_world_lidar: 
   0.979319   0.0475087   -0.196666  -0.0478706
 -0.0462772     0.99887   0.0108552   0.0463623
   0.196959 -0.00152951    0.980411    -0.17273
          0           0           0           1
v_world_imu: -0.0454237   -0.11805    0.76512
frame_1447
id: 1447
stamp: 1757574313.129908800
T_odom_lidar: 
  0.978999  0.0479242  -0.198154 -0.0479666
-0.0472079    0.99885 0.00834011  0.0430986
  0.198326 0.00118949   0.980135  -0.175672
         0          0          0          1
T_world_lidar: 
  0.978999  0.0479242  -0.198154 -0.0479666
-0.0472079    0.99885 0.00834011  0.0430986
  0.198326 0.00118949   0.980135  -0.175672
         0          0          0          1
v_world_imu: -0.0454237   -0.11805    0.76512
frame_1448
id: 1448
stamp: 1757574313.205038309
T_odom_lidar: 
  0.979249  0.0471261  -0.197106  -0.038852
-0.0473056   0.998873 0.00379991  0.0352755
  0.197063 0.00560315   0.980375   -0.17123
         0          0          0          1
T_world_lidar: 
  0.979249  0.0471261  -0.197106  -0.038852
-0.0473056   0.998873 0.00379991  0.0352755
  0.197063 0.00560315   0.980375   -0.17123
         0          0          0          1
v_world_imu: -0.0454237   -0.11805    0.76512
frame_1449
id: 1449
stamp: 1757574313.237823963
T_odom_lidar: 
    0.979955    0.0457428    -0.193897    -0.031578
    -0.04667      0.99891 -0.000214262    0.0326608
    0.193676   0.00925914     0.981022    -0.159296
           0            0            0            1
T_world_lidar: 
    0.979955    0.0457428    -0.193897    -0.031578
    -0.04667      0.99891 -0.000214262    0.0326608
    0.193676   0.00925914     0.981022    -0.159296
           0            0            0            1
v_world_imu: -0.0454237   -0.11805    0.76512
frame_1450
id: 1450
stamp: 1757574313.310976505
T_odom_lidar: 
   0.980527   0.0458569   -0.190958  -0.0229511
  -0.047223    0.998881 -0.00260657   0.0315383
   0.190625   0.0115734    0.981595   -0.150292
          0           0           0           1
T_world_lidar: 
   0.980527   0.0458569   -0.190958  -0.0229511
  -0.047223    0.998881 -0.00260657   0.0315383
   0.190625   0.0115734    0.981595   -0.150292
          0           0           0           1
v_world_imu: -0.0454237   -0.11805    0.76512
frame_1451
id: 1451
stamp: 1757574313.346068144
T_odom_lidar: 
    0.98073   0.0460233   -0.189871  -0.0263228
 -0.0475323    0.998864 -0.00339876   0.0323124
   0.189499   0.0123583    0.981803   -0.145003
          0           0           0           1
T_world_lidar: 
    0.98073   0.0460233   -0.189871  -0.0263228
 -0.0475323    0.998864 -0.00339876   0.0323124
   0.189499   0.0123583    0.981803   -0.145003
          0           0           0           1
v_world_imu: -0.0454237   -0.11805    0.76512
frame_1452
id: 1452
stamp: 1757574313.422204494
T_odom_lidar: 
   0.979816   0.0448485   -0.194806  -0.0369562
 -0.0468043    0.998889 -0.00544577   0.0348913
   0.194345   0.0144536    0.980827    -0.16699
          0           0           0           1
T_world_lidar: 
   0.979816   0.0448485   -0.194806  -0.0369562
 -0.0468043    0.998889 -0.00544577   0.0348913
   0.194345   0.0144536    0.980827    -0.16699
          0           0           0           1
v_world_imu: -0.0454237   -0.11805    0.76512
frame_1453
id: 1453
stamp: 1757574313.461540699
T_odom_lidar: 
   0.980002   0.0447609    -0.19389  -0.0373937
 -0.0466835    0.998895 -0.00535564    0.035048
   0.193436      0.0143    0.981009   -0.165074
          0           0           0           1
T_world_lidar: 
   0.980002   0.0447609    -0.19389  -0.0373937
 -0.0466835    0.998895 -0.00535564    0.035048
   0.193436      0.0143    0.981009   -0.165074
          0           0           0           1
v_world_imu: -0.0454237   -0.11805    0.76512
frame_1454
id: 1454
stamp: 1757574313.531085968
T_odom_lidar: 
   0.980135   0.0450639   -0.193144  -0.0353886
 -0.0470023     0.99888 -0.00546321   0.0349741
   0.192682   0.0144329    0.981155   -0.161697
          0           0           0           1
T_world_lidar: 
   0.980135   0.0450639   -0.193144  -0.0353886
 -0.0470023     0.99888 -0.00546321   0.0349741
   0.192682   0.0144329    0.981155   -0.161697
          0           0           0           1
v_world_imu: -0.0454237   -0.11805    0.76512
frame_1455
id: 1455
stamp: 1757574313.563323021
T_odom_lidar: 
    0.98003   0.0454425   -0.193588  -0.0380372
 -0.0472167    0.998874 -0.00455818   0.0355951
   0.193163   0.0136077    0.981072    -0.16499
          0           0           0           1
T_world_lidar: 
    0.98003   0.0454425   -0.193588  -0.0380372
 -0.0472167    0.998874 -0.00455818   0.0355951
   0.193163   0.0136077    0.981072    -0.16499
          0           0           0           1
v_world_imu: -0.0454237   -0.11805    0.76512
frame_1456
id: 1456
stamp: 1757574313.635574579
T_odom_lidar: 
   0.979762   0.0459888   -0.194811  -0.0403773
 -0.0473908    0.998873 -0.00253979   0.0377869
   0.194475   0.0117206    0.980838   -0.168918
          0           0           0           1
T_world_lidar: 
   0.979762   0.0459888   -0.194811  -0.0403773
 -0.0473908    0.998873 -0.00253979   0.0377869
   0.194475   0.0117206    0.980838   -0.168918
          0           0           0           1
v_world_imu: -0.0454237   -0.11805    0.76512
frame_1457
id: 1457
stamp: 1757574313.663512230
T_odom_lidar: 
    0.979501     0.045692    -0.196187   -0.0419314
   -0.046776     0.998905 -0.000892964    0.0401326
    0.195931    0.0100515     0.980566    -0.176413
           0            0            0            1
T_world_lidar: 
    0.979501     0.045692    -0.196187   -0.0419314
   -0.046776     0.998905 -0.000892964    0.0401326
    0.195931    0.0100515     0.980566    -0.176413
           0            0            0            1
v_world_imu: -0.0454237   -0.11805    0.76512
frame_1458
id: 1458
stamp: 1757574313.734882355
T_odom_lidar: 
  0.980212  0.0444412  -0.192897 -0.0386786
-0.0457269   0.998952 -0.0022161  0.0336199
  0.192596  0.0109928   0.981217  -0.158414
         0          0          0          1
T_world_lidar: 
  0.980212  0.0444412  -0.192897 -0.0386786
-0.0457269   0.998952 -0.0022161  0.0336199
  0.192596  0.0109928   0.981217  -0.158414
         0          0          0          1
v_world_imu: -0.0454237   -0.11805    0.76512
frame_1459
id: 1459
stamp: 1757574313.766079187
T_odom_lidar: 
   0.980237   0.0446583    -0.19272  -0.0408434
 -0.0453901    0.998969 0.000618306   0.0349197
   0.192549  0.00814152    0.981254    -0.16127
          0           0           0           1
T_world_lidar: 
   0.980237   0.0446583    -0.19272  -0.0408434
 -0.0453901    0.998969 0.000618306   0.0349197
   0.192549  0.00814152    0.981254    -0.16127
          0           0           0           1
v_world_imu: -0.0454237   -0.11805    0.76512
frame_1460
id: 1460
stamp: 1757574313.839781523
T_odom_lidar: 
  0.980168  0.0454203  -0.192892 -0.0407901
 -0.045113   0.998964 0.00598762  0.0405558
  0.192964 0.00283305   0.981202  -0.166926
         0          0          0          1
T_world_lidar: 
  0.980168  0.0454203  -0.192892 -0.0407901
 -0.045113   0.998964 0.00598762  0.0405558
  0.192964 0.00283305   0.981202  -0.166926
         0          0          0          1
v_world_imu: -0.0454237   -0.11805    0.76512
frame_1461
id: 1461
stamp: 1757574313.865166903
T_odom_lidar: 
    0.980153    0.0461367    -0.192797   -0.0432006
  -0.0451544     0.998935   0.00948823    0.0423747
    0.193029 -0.000594299     0.981193    -0.168592
           0            0            0            1
T_world_lidar: 
    0.980153    0.0461367    -0.192797   -0.0432006
  -0.0451544     0.998935   0.00948823    0.0423747
    0.193029 -0.000594299     0.981193    -0.168592
           0            0            0            1
v_world_imu: -0.0454237   -0.11805    0.76512
frame_1462
id: 1462
stamp: 1757574313.940382481
T_odom_lidar: 
  0.980135  0.0454907  -0.193045 -0.0396905
-0.0451262   0.998962 0.00628706  0.0355742
   0.19313  0.0025492    0.98117  -0.167392
         0          0          0          1
T_world_lidar: 
  0.980135  0.0454907  -0.193045 -0.0396905
-0.0451262   0.998962 0.00628706  0.0355742
   0.19313  0.0025492    0.98117  -0.167392
         0          0          0          1
v_world_imu: -0.0454237   -0.11805    0.76512
frame_1463
id: 1463
stamp: 1757574313.971695900
T_odom_lidar: 
   0.980498   0.0405697   -0.192296  -0.0330145
 -0.0417423    0.999126 -0.00204892   0.0256145
   0.192045   0.0100358    0.981335   -0.156485
          0           0           0           1
T_world_lidar: 
   0.980498   0.0405697   -0.192296  -0.0330145
 -0.0417423    0.999126 -0.00204892   0.0256145
   0.192045   0.0100358    0.981335   -0.156485
          0           0           0           1
v_world_imu: -0.0454237   -0.11805    0.76512
frame_1464
id: 1464
stamp: 1757574314.045010567
T_odom_lidar: 
   0.980389   0.0335321     -0.1942  -0.0429996
 -0.0358504    0.999322 -0.00843458   0.0127728
   0.193786   0.0152313    0.980926   -0.154723
          0           0           0           1
T_world_lidar: 
   0.980389   0.0335321     -0.1942  -0.0429996
 -0.0358504    0.999322 -0.00843458   0.0127728
   0.193786   0.0152313    0.980926   -0.154723
          0           0           0           1
v_world_imu: -0.0454237   -0.11805    0.76512
frame_1465
id: 1465
stamp: 1757574314.079247475
T_odom_lidar: 
  0.980616   0.029538  -0.193699 -0.0401584
-0.0329599   0.999352 -0.0144669   0.013526
  0.193146  0.0205708   0.980954  -0.151654
         0          0          0          1
T_world_lidar: 
  0.980616   0.029538  -0.193699 -0.0401584
-0.0329599   0.999352 -0.0144669   0.013526
  0.193146  0.0205708   0.980954  -0.151654
         0          0          0          1
v_world_imu: -0.0454237   -0.11805    0.76512
frame_1466
id: 1466
stamp: 1757574314.148271799
T_odom_lidar: 
    0.9807  0.0287136    -0.1934 -0.0339315
-0.0330442   0.999269 -0.0192028  0.0111111
  0.192707  0.0252229   0.980932  -0.147985
         0          0          0          1
T_world_lidar: 
    0.9807  0.0287136    -0.1934 -0.0339315
-0.0330442   0.999269 -0.0192028  0.0111111
  0.192707  0.0252229   0.980932  -0.147985
         0          0          0          1
v_world_imu: -0.0454237   -0.11805    0.76512
frame_1467
id: 1467
stamp: 1757574314.181985855
T_odom_lidar: 
   0.98085  0.0332412  -0.191905 -0.0324818
-0.0373833   0.999139 -0.0180032  0.0174137
  0.191142  0.0248325   0.981248   -0.14537
         0          0          0          1
T_world_lidar: 
   0.98085  0.0332412  -0.191905 -0.0324818
-0.0373833   0.999139 -0.0180032  0.0174137
  0.191142  0.0248325   0.981248   -0.14537
         0          0          0          1
v_world_imu: -0.0454237   -0.11805    0.76512
frame_1468
id: 1468
stamp: 1757574314.254667759
T_odom_lidar: 
  0.981584   0.037973  -0.187218 -0.0199296
 -0.041123    0.99907 -0.0129688  0.0298487
  0.186551  0.0204289   0.982233  -0.136244
         0          0          0          1
T_world_lidar: 
  0.981584   0.037973  -0.187218 -0.0199296
 -0.041123    0.99907 -0.0129688  0.0298487
  0.186551  0.0204289   0.982233  -0.136244
         0          0          0          1
v_world_imu: -0.0454237   -0.11805    0.76512
frame_1469
id: 1469
stamp: 1757574314.288247347
T_odom_lidar: 
   0.982539   0.0345236   -0.182826  -0.0147023
 -0.0367624    0.999285 -0.00886911   0.0335195
   0.182389   0.0154354    0.983105   -0.131291
          0           0           0           1
T_world_lidar: 
   0.982539   0.0345236   -0.182826  -0.0147023
 -0.0367624    0.999285 -0.00886911   0.0335195
   0.182389   0.0154354    0.983105   -0.131291
          0           0           0           1
v_world_imu: -0.0454237   -0.11805    0.76512
frame_1470
id: 1470
stamp: 1757574314.369552851
T_odom_lidar: 
    0.98253      0.0331   -0.183137  -0.0145138
  -0.034104    0.999416 -0.00233465   0.0328676
   0.182953  0.00853958    0.983085   -0.132625
          0           0           0           1
T_world_lidar: 
    0.98253      0.0331   -0.183137  -0.0145138
  -0.034104    0.999416 -0.00233465   0.0328676
   0.182953  0.00853958    0.983085   -0.132625
          0           0           0           1
v_world_imu: -0.0454237   -0.11805    0.76512
frame_1471
id: 1471
stamp: 1757574314.402107477
T_odom_lidar: 
  0.981342  0.0437196  -0.187232 -0.0396937
-0.0433036   0.999042 0.00631301  0.0374367
  0.187329  0.0019126   0.982295  -0.146641
         0          0          0          1
T_world_lidar: 
  0.981342  0.0437196  -0.187232 -0.0396937
-0.0433036   0.999042 0.00631301  0.0374367
  0.187329  0.0019126   0.982295  -0.146641
         0          0          0          1
v_world_imu: -0.0454237   -0.11805    0.76512
frame_1472
id: 1472
stamp: 1757574314.474489927
T_odom_lidar: 
  0.980238  0.0493973  -0.191556 -0.0580867
-0.0473558   0.998762  0.0152236  0.0441723
  0.192071 -0.0058515   0.981364  -0.161194
         0          0          0          1
T_world_lidar: 
  0.980238  0.0493973  -0.191556 -0.0580867
-0.0473558   0.998762  0.0152236  0.0441723
  0.192071 -0.0058515   0.981364  -0.161194
         0          0          0          1
v_world_imu: -0.0454237   -0.11805    0.76512
frame_1473
id: 1473
stamp: 1757574314.507148504
T_odom_lidar: 
   0.979745   0.0512138   -0.193591  -0.0594623
 -0.0485823    0.998651   0.0183194    0.042568
   0.194268 -0.00854325    0.980911   -0.166909
          0           0           0           1
T_world_lidar: 
   0.979745   0.0512138   -0.193591  -0.0594623
 -0.0485823    0.998651   0.0183194    0.042568
   0.194268 -0.00854325    0.980911   -0.166909
          0           0           0           1
v_world_imu: -0.0454237   -0.11805    0.76512
frame_1474
id: 1474
stamp: 1757574314.575424910
T_odom_lidar: 
    0.97941   0.0507293   -0.195402  -0.0604081
 -0.0483357    0.998686   0.0170016   0.0399223
   0.196007 -0.00720665    0.980576   -0.171599
          0           0           0           1
T_world_lidar: 
    0.97941   0.0507293   -0.195402  -0.0604081
 -0.0483357    0.998686   0.0170016   0.0399223
   0.196007 -0.00720665    0.980576   -0.171599
          0           0           0           1
v_world_imu: -0.0454237   -0.11805    0.76512
frame_1475
id: 1475
stamp: 1757574314.605080605
T_odom_lidar: 
   0.979079   0.0508338   -0.197029   -0.061573
  -0.048777    0.998693   0.0152812   0.0358082
   0.197548 -0.00535102    0.980279   -0.176282
          0           0           0           1
T_world_lidar: 
   0.979079   0.0508338   -0.197029   -0.061573
  -0.048777    0.998693   0.0152812   0.0358082
   0.197548 -0.00535102    0.980279   -0.176282
          0           0           0           1
v_world_imu: -0.0454237   -0.11805    0.76512
frame_1476
id: 1476
stamp: 1757574314.679170847
T_odom_lidar: 
   0.978779    0.048001   -0.199217  -0.0651288
 -0.0461541    0.998838   0.0139073   0.0331966
   0.199653 -0.00441747    0.979857   -0.183596
          0           0           0           1
T_world_lidar: 
   0.978779    0.048001   -0.199217  -0.0651288
 -0.0461541    0.998838   0.0139073   0.0331966
   0.199653 -0.00441747    0.979857   -0.183596
          0           0           0           1
v_world_imu: -0.0454237   -0.11805    0.76512
frame_1477
id: 1477
stamp: 1757574314.717571259
T_odom_lidar: 
   0.978842   0.0474498   -0.199039  -0.0639185
 -0.0458491    0.998868   0.0126461   0.0322191
   0.199414 -0.00325279     0.97991   -0.184046
          0           0           0           1
T_world_lidar: 
   0.978842   0.0474498   -0.199039  -0.0639185
 -0.0458491    0.998868   0.0126461   0.0322191
   0.199414 -0.00325279     0.97991   -0.184046
          0           0           0           1
v_world_imu: -0.0454237   -0.11805    0.76512
frame_1478
id: 1478
stamp: 1757574314.788364887
T_odom_lidar: 
   0.979023   0.0472208   -0.198204  -0.0596377
 -0.0455818    0.998878   0.0128266      0.0333
   0.198588 -0.00352301    0.980077   -0.183022
          0           0           0           1
T_world_lidar: 
   0.979023   0.0472208   -0.198204  -0.0596377
 -0.0455818    0.998878   0.0128266      0.0333
   0.198588 -0.00352301    0.980077   -0.183022
          0           0           0           1
v_world_imu: -0.0454237   -0.11805    0.76512
frame_1479
id: 1479
stamp: 1757574314.818355322
T_odom_lidar: 
   0.979248   0.0474241    -0.19704  -0.0593723
 -0.0455959    0.998865   0.0138072   0.0333426
   0.197471 -0.00453641    0.980298   -0.182132
          0           0           0           1
T_world_lidar: 
   0.979248   0.0474241    -0.19704  -0.0593723
 -0.0455959    0.998865   0.0138072   0.0333426
   0.197471 -0.00453641    0.980298   -0.182132
          0           0           0           1
v_world_imu: -0.0454237   -0.11805    0.76512
frame_1480
id: 1480
stamp: 1757574314.891171217
T_odom_lidar: 
   0.979417   0.0475629   -0.196164   -0.055134
 -0.0452883    0.998845   0.0160671   0.0374153
   0.196701 -0.00685247     0.98044   -0.182508
          0           0           0           1
T_world_lidar: 
   0.979417   0.0475629   -0.196164   -0.055134
 -0.0452883    0.998845   0.0160671   0.0374153
   0.196701 -0.00685247     0.98044   -0.182508
          0           0           0           1
v_world_imu: -0.0454237   -0.11805    0.76512
frame_1481
id: 1481
stamp: 1757574314.927369833
T_odom_lidar: 
   0.979386   0.0479445   -0.196226  -0.0576381
 -0.0453146    0.998813   0.0178727   0.0371866
    0.19685 -0.00861238    0.980396   -0.184463
          0           0           0           1
T_world_lidar: 
   0.979386   0.0479445   -0.196226  -0.0576381
 -0.0453146    0.998813   0.0178727   0.0371866
    0.19685 -0.00861238    0.980396   -0.184463
          0           0           0           1
v_world_imu: -0.0454237   -0.11805    0.76512
frame_1482
id: 1482
stamp: 1757574315.002890348
T_odom_lidar: 
   0.979893    0.048525   -0.193531  -0.0550377
 -0.0459952    0.998788   0.0175461    0.038105
   0.194148 -0.00829176    0.980937   -0.171598
          0           0           0           1
T_world_lidar: 
   0.979893    0.048525   -0.193531  -0.0550377
 -0.0459952    0.998788   0.0175461    0.038105
   0.194148 -0.00829176    0.980937   -0.171598
          0           0           0           1
v_world_imu: -0.0454237   -0.11805    0.76512
frame_1483
id: 1483
stamp: 1757574315.040966272
T_odom_lidar: 
  0.980035  0.0487284  -0.192763 -0.0549442
-0.0458535   0.998761  0.0193504   0.038479
  0.193467 -0.0101253   0.981055  -0.171478
         0          0          0          1
T_world_lidar: 
  0.980035  0.0487284  -0.192763 -0.0549442
-0.0458535   0.998761  0.0193504   0.038479
  0.193467 -0.0101253   0.981055  -0.171478
         0          0          0          1
v_world_imu: -0.0454237   -0.11805    0.76512
frame_1484
id: 1484
stamp: 1757574315.114354372
T_odom_lidar: 
   0.979942   0.0486097   -0.193263  -0.0513748
 -0.0459483    0.998777   0.0182323   0.0388617
   0.193913 -0.00898651    0.980978   -0.172443
          0           0           0           1
T_world_lidar: 
   0.979942   0.0486097   -0.193263  -0.0513748
 -0.0459483    0.998777   0.0182323   0.0388617
   0.193913 -0.00898651    0.980978   -0.172443
          0           0           0           1
v_world_imu: -0.0454237   -0.11805    0.76512
frame_1485
id: 1485
stamp: 1757574315.151845455
T_odom_lidar: 
   0.979961   0.0484178   -0.193214  -0.0513009
 -0.0463022    0.998808   0.0154529   0.0354536
   0.193732 -0.00619705    0.981035   -0.172433
          0           0           0           1
T_world_lidar: 
   0.979961   0.0484178   -0.193214  -0.0513009
 -0.0463022    0.998808   0.0154529   0.0354536
   0.193732 -0.00619705    0.981035   -0.172433
          0           0           0           1
v_world_imu: -0.0454237   -0.11805    0.76512
frame_1486
id: 1486
stamp: 1757574315.222379684
T_odom_lidar: 
   0.980179   0.0479636   -0.192222  -0.0449722
 -0.0471543    0.998849  0.00878582   0.0257771
   0.192422 0.000452396    0.981312   -0.165797
          0           0           0           1
T_world_lidar: 
   0.980179   0.0479636   -0.192222  -0.0449722
 -0.0471543    0.998849  0.00878582   0.0257771
   0.192422 0.000452396    0.981312   -0.165797
          0           0           0           1
v_world_imu: -0.0454237   -0.11805    0.76512
frame_1487
id: 1487
stamp: 1757574315.256380796
T_odom_lidar: 
   0.980425   0.0458351   -0.191483  -0.0393825
 -0.0469071    0.998899 -0.00106693   0.0118628
   0.191223   0.0100279    0.981495   -0.160579
          0           0           0           1
T_world_lidar: 
   0.980425   0.0458351   -0.191483  -0.0393825
 -0.0469071    0.998899 -0.00106693   0.0118628
   0.191223   0.0100279    0.981495   -0.160579
          0           0           0           1
v_world_imu: -0.0454237   -0.11805    0.76512
frame_1488
id: 1488
stamp: 1757574315.334591389
T_odom_lidar: 
   0.979624   0.0453823   -0.195646  -0.0393277
 -0.0467389    0.998904 -0.00231999   0.0196171
   0.195327    0.011417    0.980672   -0.174181
          0           0           0           1
T_world_lidar: 
   0.979624   0.0453823   -0.195646  -0.0393277
 -0.0467389    0.998904 -0.00231999   0.0196171
   0.195327    0.011417    0.980672   -0.174181
          0           0           0           1
v_world_imu: -0.0454237   -0.11805    0.76512
frame_1489
id: 1489
stamp: 1757574315.368979692
T_odom_lidar: 
  0.979404  0.0462623   -0.19654 -0.0429639
-0.0469114   0.998898 0.00135421    0.02974
  0.196386 0.00789364   0.980495  -0.178937
         0          0          0          1
T_world_lidar: 
  0.979404  0.0462623   -0.19654 -0.0429639
-0.0469114   0.998898 0.00135421    0.02974
  0.196386 0.00789364   0.980495  -0.178937
         0          0          0          1
v_world_imu: -0.0454237   -0.11805    0.76512
frame_1490
id: 1490
stamp: 1757574315.434796810
T_odom_lidar: 
  0.979479  0.0473481  -0.195906 -0.0431435
-0.0467936   0.998877 0.00746068   0.039979
  0.196039 0.00185958   0.980594  -0.180352
         0          0          0          1
T_world_lidar: 
  0.979479  0.0473481  -0.195906 -0.0431435
-0.0467936   0.998877 0.00746068   0.039979
  0.196039 0.00185958   0.980594  -0.180352
         0          0          0          1
v_world_imu: -0.0454237   -0.11805    0.76512
frame_1491
id: 1491
stamp: 1757574315.465837955
T_odom_lidar: 
   0.979557   0.0481381   -0.195322  -0.0453382
 -0.0468191    0.998839   0.0113671   0.0422888
   0.195643 -0.00198996    0.980673   -0.182215
          0           0           0           1
T_world_lidar: 
   0.979557   0.0481381   -0.195322  -0.0453382
 -0.0468191    0.998839   0.0113671   0.0422888
   0.195643 -0.00198996    0.980673   -0.182215
          0           0           0           1
v_world_imu: -0.0454237   -0.11805    0.76512
frame_1492
id: 1492
stamp: 1757574315.545424938
T_odom_lidar: 
   0.979675   0.0486686   -0.194599  -0.0424531
 -0.0468791    0.998805   0.0137933    0.045546
   0.195038 -0.00439028    0.980786    -0.18222
          0           0           0           1
T_world_lidar: 
   0.979675   0.0486686   -0.194599  -0.0424531
 -0.0468791    0.998805   0.0137933    0.045546
   0.195038 -0.00439028    0.980786    -0.18222
          0           0           0           1
v_world_imu: -0.0454237   -0.11805    0.76512
frame_1493
id: 1493
stamp: 1757574315.579608202
T_odom_lidar: 
   0.979864   0.0482117   -0.193758  -0.0406654
 -0.0464372    0.998827   0.0136924    0.043203
   0.194191 -0.00441913    0.980954   -0.182421
          0           0           0           1
T_world_lidar: 
   0.979864   0.0482117   -0.193758  -0.0406654
 -0.0464372    0.998827   0.0136924    0.043203
   0.194191 -0.00441913    0.980954   -0.182421
          0           0           0           1
v_world_imu: -0.0454237   -0.11805    0.76512
frame_1494
id: 1494
stamp: 1757574315.656832695
T_odom_lidar: 
     0.98034    0.0480443    -0.191375   -0.0440148
  -0.0470711     0.998845   0.00963093    0.0274825
    0.191617 -0.000433363      0.98147     -0.16173
           0            0            0            1
T_world_lidar: 
     0.98034    0.0480443    -0.191375   -0.0440148
  -0.0470711     0.998845   0.00963093    0.0274825
    0.191617 -0.000433363      0.98147     -0.16173
           0            0            0            1
v_world_imu: -0.0454237   -0.11805    0.76512
frame_1495
id: 1495
stamp: 1757574315.693227291
T_odom_lidar: 
  0.980179  0.0468904  -0.192484 -0.0447174
-0.0472641   0.998879 0.00265215  0.0201684
  0.192393 0.00649801   0.981297  -0.159912
         0          0          0          1
T_world_lidar: 
  0.980179  0.0468904  -0.192484 -0.0447174
-0.0472641   0.998879 0.00265215  0.0201684
  0.192393 0.00649801   0.981297  -0.159912
         0          0          0          1
v_world_imu: -0.0454237   -0.11805    0.76512
frame_1496
id: 1496
stamp: 1757574315.771317005
T_odom_lidar: 
   0.980178   0.0455419   -0.192815  -0.0399035
 -0.0474771    0.998858 -0.00542567   0.0135893
   0.192348   0.0144724     0.98122   -0.158015
          0           0           0           1
T_world_lidar: 
   0.980178   0.0455419   -0.192815  -0.0399035
 -0.0474771    0.998858 -0.00542567   0.0135893
   0.192348   0.0144724     0.98122   -0.158015
          0           0           0           1
v_world_imu: -0.0454237   -0.11805    0.76512
frame_1497
id: 1497
stamp: 1757574315.805211306
T_odom_lidar: 
   0.980219   0.0450815   -0.192713  -0.0386688
 -0.0474648    0.998843 -0.00776577   0.0181868
    0.19214   0.0167592    0.981224    -0.15741
          0           0           0           1
T_world_lidar: 
   0.980219   0.0450815   -0.192713  -0.0386688
 -0.0474648    0.998843 -0.00776577   0.0181868
    0.19214   0.0167592    0.981224    -0.15741
          0           0           0           1
v_world_imu: -0.0454237   -0.11805    0.76512
frame_1498
id: 1498
stamp: 1757574315.873995304
T_odom_lidar: 
   0.980319   0.0452255    -0.19217  -0.0344782
 -0.0473251    0.998859 -0.00634753   0.0232596
   0.191664   0.0153171    0.981341   -0.156444
          0           0           0           1
T_world_lidar: 
   0.980319   0.0452255    -0.19217  -0.0344782
 -0.0473251    0.998859 -0.00634753   0.0232596
   0.191664   0.0153171    0.981341   -0.156444
          0           0           0           1
v_world_imu: -0.0454237   -0.11805    0.76512
frame_1499
id: 1499
stamp: 1757574315.912654638
T_odom_lidar: 
    0.980411    0.0459874    -0.191519   -0.0389193
  -0.0469453     0.998897 -0.000464615    0.0303123
    0.191286   0.00944641     0.981489    -0.158756
           0            0            0            1
T_world_lidar: 
    0.980411    0.0459874    -0.191519   -0.0389193
  -0.0469453     0.998897 -0.000464615    0.0303123
    0.191286   0.00944641     0.981489    -0.158756
           0            0            0            1
v_world_imu: -0.0454237   -0.11805    0.76512
frame_1500
id: 1500
stamp: 1757574315.986841202
T_odom_lidar: 
   0.980154   0.0450018   -0.193062  -0.0368865
 -0.0465697    0.998909 -0.00358831   0.0346198
    0.19269   0.0125079     0.98118   -0.163837
          0           0           0           1
T_world_lidar: 
   0.980154   0.0450018   -0.193062  -0.0368865
 -0.0465697    0.998909 -0.00358831   0.0346198
    0.19269   0.0125079     0.98118   -0.163837
          0           0           0           1
v_world_imu: -0.0454237   -0.11805    0.76512
frame_1501
id: 1501
stamp: 1757574316.017008543
T_odom_lidar: 
   0.980112   0.0460881   -0.193021  -0.0423336
  -0.046787    0.998904 0.000938408   0.0349762
   0.192853  0.00811112    0.981194   -0.165771
          0           0           0           1
T_world_lidar: 
   0.980112   0.0460881   -0.193021  -0.0423336
  -0.046787    0.998904 0.000938408   0.0349762
   0.192853  0.00811112    0.981194   -0.165771
          0           0           0           1
v_world_imu: -0.0454237   -0.11805    0.76512
frame_1502
id: 1502
stamp: 1757574316.094046116
T_odom_lidar: 
   0.979884   0.0473425   -0.193872  -0.0468959
 -0.0465407    0.998879  0.00869092   0.0391502
   0.194066 0.000506847    0.980988   -0.173142
          0           0           0           1
T_world_lidar: 
   0.979884   0.0473425   -0.193872  -0.0468959
 -0.0465407    0.998879  0.00869092   0.0391502
   0.194066 0.000506847    0.980988   -0.173142
          0           0           0           1
v_world_imu: -0.0454237   -0.11805    0.76512
frame_1503
id: 1503
stamp: 1757574316.127030611
T_odom_lidar: 
   0.979443   0.0486112   -0.195778  -0.0594334
 -0.0463948    0.998797   0.0158939   0.0390671
   0.196315 -0.00648411    0.980519   -0.182931
          0           0           0           1
T_world_lidar: 
   0.979443   0.0486112   -0.195778  -0.0594334
 -0.0463948    0.998797   0.0158939   0.0390671
   0.196315 -0.00648411    0.980519   -0.182931
          0           0           0           1
v_world_imu: -0.0454237   -0.11805    0.76512
frame_1504
id: 1504
stamp: 1757574316.197486162
T_odom_lidar: 
  0.979316  0.0490361  -0.196305 -0.0636646
-0.0459407   0.998738  0.0202936  0.0397304
  0.197052 -0.0108555   0.980333  -0.188038
         0          0          0          1
T_world_lidar: 
  0.979316  0.0490361  -0.196305 -0.0636646
-0.0459407   0.998738  0.0202936  0.0397304
  0.197052 -0.0108555   0.980333  -0.188038
         0          0          0          1
v_world_imu: -0.0454237   -0.11805    0.76512
frame_1505
id: 1505
stamp: 1757574316.229064465
T_odom_lidar: 
   0.979461    0.047803   -0.195886  -0.0619911
 -0.0451575    0.998819   0.0179517   0.0342469
   0.196513 -0.00873729    0.980462   -0.186336
          0           0           0           1
T_world_lidar: 
   0.979461    0.047803   -0.195886  -0.0619911
 -0.0451575    0.998819   0.0179517   0.0342469
   0.196513 -0.00873729    0.980462   -0.186336
          0           0           0           1
v_world_imu: -0.0454237   -0.11805    0.76512
frame_1506
id: 1506
stamp: 1757574316.299967766
T_odom_lidar: 
   0.979675   0.0407225   -0.196414  -0.0374179
 -0.0394366    0.999167   0.0104552   0.0256662
   0.196676 -0.00249678    0.980465   -0.184866
          0           0           0           1
T_world_lidar: 
   0.979675   0.0407225   -0.196414  -0.0374179
 -0.0394366    0.999167   0.0104552   0.0256662
   0.196676 -0.00249678    0.980465   -0.184866
          0           0           0           1
v_world_imu: -0.0454237   -0.11805    0.76512
frame_1507
id: 1507
stamp: 1757574316.333899021
T_odom_lidar: 
    0.980432    0.0315579    -0.194313   -0.0151433
  -0.0322429      0.99948 -0.000362446    0.0152272
      0.1942   0.00662056      0.98094    -0.172547
           0            0            0            1
T_world_lidar: 
    0.980432    0.0315579    -0.194313   -0.0151433
  -0.0322429      0.99948 -0.000362446    0.0152272
      0.1942   0.00662056      0.98094    -0.172547
           0            0            0            1
v_world_imu: -0.0454237   -0.11805    0.76512
frame_1508
id: 1508
stamp: 1757574316.408046007
T_odom_lidar: 
    0.980905    0.0232817    -0.193091 -8.93235e-06
  -0.0251508     0.999657  -0.00723401   0.00891089
    0.192856    0.0119523     0.981154    -0.163664
           0            0            0            1
T_world_lidar: 
    0.980905    0.0232817    -0.193091 -8.93235e-06
  -0.0251508     0.999657  -0.00723401   0.00891089
    0.192856    0.0119523     0.981154    -0.163664
           0            0            0            1
v_world_imu: -0.0454237   -0.11805    0.76512
frame_1509
id: 1509
stamp: 1757574316.441312075
T_odom_lidar: 
   0.980944   0.0194884   -0.193309 0.000844041
 -0.0216318    0.999726 -0.00898341    0.011156
   0.193081   0.0129939    0.981097   -0.163318
          0           0           0           1
T_world_lidar: 
   0.980944   0.0194884   -0.193309 0.000844041
 -0.0216318    0.999726 -0.00898341    0.011156
   0.193081   0.0129939    0.981097   -0.163318
          0           0           0           1
v_world_imu: -0.0454237   -0.11805    0.76512
frame_1510
id: 1510
stamp: 1757574316.511294603
T_odom_lidar: 
   0.980467   0.0205314   -0.195609 -0.00836947
 -0.0221241    0.999737 -0.00596065   0.0134871
   0.195435   0.0101719    0.980664    -0.16838
          0           0           0           1
T_world_lidar: 
   0.980467   0.0205314   -0.195609 -0.00836947
 -0.0221241    0.999737 -0.00596065   0.0134871
   0.195435   0.0101719    0.980664    -0.16838
          0           0           0           1
v_world_imu: -0.0454237   -0.11805    0.76512
frame_1511
id: 1511
stamp: 1757574316.541697741
T_odom_lidar: 
   0.979874   0.0246298   -0.198092  -0.0190185
 -0.0254614    0.999674 -0.00165142   0.0194092
   0.197987  0.00666188    0.980182   -0.174644
          0           0           0           1
T_world_lidar: 
   0.979874   0.0246298   -0.198092  -0.0190185
 -0.0254614    0.999674 -0.00165142   0.0194092
   0.197987  0.00666188    0.980182   -0.174644
          0           0           0           1
v_world_imu: -0.0454237   -0.11805    0.76512
frame_1512
id: 1512
stamp: 1757574316.617050171
T_odom_lidar: 
  0.980127  0.0336398  -0.195497 -0.0171822
-0.0335674    0.99943 0.00368427  0.0259491
   0.19551 0.00295129   0.980697  -0.175945
         0          0          0          1
T_world_lidar: 
  0.980127  0.0336398  -0.195497 -0.0171822
-0.0335674    0.99943 0.00368427  0.0259491
   0.19551 0.00295129   0.980697  -0.175945
         0          0          0          1
v_world_imu: -0.0454237   -0.11805    0.76512
frame_1513
id: 1513
stamp: 1757574316.653441429
T_odom_lidar: 
   0.980002   0.0456464   -0.193679  -0.0377624
 -0.0431898    0.998924   0.0168898   0.0321854
   0.194242 -0.00818709     0.98092   -0.184635
          0           0           0           1
T_world_lidar: 
   0.980002   0.0456464   -0.193679  -0.0377624
 -0.0431898    0.998924   0.0168898   0.0321854
   0.194242 -0.00818709     0.98092   -0.184635
          0           0           0           1
v_world_imu: -0.0454237   -0.11805    0.76512
frame_1514
id: 1514
stamp: 1757574316.729021311
T_odom_lidar: 
   0.97997  0.0520178  -0.192233  -0.046914
-0.0477851   0.998504  0.0265929  0.0373872
  0.193329 -0.0168744   0.980989  -0.192607
         0          0          0          1
T_world_lidar: 
   0.97997  0.0520178  -0.192233  -0.046914
-0.0477851   0.998504  0.0265929  0.0373872
  0.193329 -0.0168744   0.980989  -0.192607
         0          0          0          1
v_world_imu: -0.0454237   -0.11805    0.76512
frame_1515
id: 1515
stamp: 1757574316.764558315
T_odom_lidar: 
  0.979963  0.0488491  -0.193095  -0.048365
-0.0443742   0.998638  0.0274346  0.0371741
  0.194172 -0.0183165   0.980797   -0.19585
         0          0          0          1
T_world_lidar: 
  0.979963  0.0488491  -0.193095  -0.048365
-0.0443742   0.998638  0.0274346  0.0371741
  0.194172 -0.0183165   0.980797   -0.19585
         0          0          0          1
v_world_imu: -0.0454237   -0.11805    0.76512
frame_1516
id: 1516
stamp: 1757574316.834860086
T_odom_lidar: 
  0.978821   0.056597  -0.196739 -0.0715632
-0.0524005   0.998275  0.0264753  0.0422426
  0.197898 -0.0156054   0.980098  -0.205836
         0          0          0          1
T_world_lidar: 
  0.978821   0.056597  -0.196739 -0.0715632
-0.0524005   0.998275  0.0264753  0.0422426
  0.197898 -0.0156054   0.980098  -0.205836
         0          0          0          1
v_world_imu: -0.0454237   -0.11805    0.76512
frame_1517
id: 1517
stamp: 1757574316.868006706
T_odom_lidar: 
  0.977963  0.0578842  -0.200595  -0.079875
-0.0542354   0.998248  0.0236431  0.0426968
  0.201613 -0.0122427   0.979389  -0.211209
         0          0          0          1
T_world_lidar: 
  0.977963  0.0578842  -0.200595  -0.079875
-0.0542354   0.998248  0.0236431  0.0426968
  0.201613 -0.0122427   0.979389  -0.211209
         0          0          0          1
v_world_imu: -0.0454237   -0.11805    0.76512
frame_1518
id: 1518
stamp: 1757574316.940577745
T_odom_lidar: 
   0.977818   0.0563599   -0.201731  -0.0762519
 -0.0534519    0.998373   0.0198384   0.0485907
   0.202521 -0.00861546     0.97924   -0.206056
          0           0           0           1
T_world_lidar: 
   0.977818   0.0563599   -0.201731  -0.0762519
 -0.0534519    0.998373   0.0198384   0.0485907
   0.202521 -0.00861546     0.97924   -0.206056
          0           0           0           1
v_world_imu: -0.0454237   -0.11805    0.76512
frame_1519
id: 1519
stamp: 1757574316.978675842
T_odom_lidar: 
   0.978137   0.0547179   -0.200635  -0.0691557
 -0.0528165    0.998494   0.0148216   0.0465074
   0.201144 -0.00390067    0.979554   -0.199165
          0           0           0           1
T_world_lidar: 
   0.978137   0.0547179   -0.200635  -0.0691557
 -0.0528165    0.998494   0.0148216   0.0465074
   0.201144 -0.00390067    0.979554   -0.199165
          0           0           0           1
v_world_imu: -0.0454237   -0.11805    0.76512
frame_1520
id: 1520
stamp: 1757574317.051960468
T_odom_lidar: 
   0.978656   0.0526006   -0.198658  -0.0576988
 -0.0512687    0.998615   0.0118456   0.0453335
   0.199006 -0.00140784    0.979997     -0.1929
          0           0           0           1
T_world_lidar: 
   0.978656   0.0526006   -0.198658  -0.0576988
 -0.0512687    0.998615   0.0118456   0.0453335
   0.199006 -0.00140784    0.979997     -0.1929
          0           0           0           1
v_world_imu: -0.0454237   -0.11805    0.76512
frame_1521
id: 1521
stamp: 1757574317.085001230
T_odom_lidar: 
   0.979126   0.0511458   -0.196716  -0.0545405
 -0.0498273     0.99869   0.0116492   0.0441195
   0.197054 -0.00160424    0.980391   -0.188133
          0           0           0           1
T_world_lidar: 
   0.979126   0.0511458   -0.196716  -0.0545405
 -0.0498273     0.99869   0.0116492   0.0441195
   0.197054 -0.00160424    0.980391   -0.188133
          0           0           0           1
v_world_imu: -0.0454237   -0.11805    0.76512
frame_1522
id: 1522
stamp: 1757574317.157675982
T_odom_lidar: 
   0.979301   0.0507323   -0.195949   -0.049945
 -0.0492052    0.998708   0.0126566   0.0465617
   0.196338 -0.00275289    0.980532   -0.187062
          0           0           0           1
T_world_lidar: 
   0.979301   0.0507323   -0.195949   -0.049945
 -0.0492052    0.998708   0.0126566   0.0465617
   0.196338 -0.00275289    0.980532   -0.187062
          0           0           0           1
v_world_imu: -0.0454237   -0.11805    0.76512
frame_1523
id: 1523
stamp: 1757574317.191957235
T_odom_lidar: 
   0.979322   0.0510002   -0.195773  -0.0542836
 -0.0490661    0.998687   0.0147202   0.0456825
   0.196267 -0.00480995    0.980539   -0.186432
          0           0           0           1
T_world_lidar: 
   0.979322   0.0510002   -0.195773  -0.0542836
 -0.0490661    0.998687   0.0147202   0.0456825
   0.196267 -0.00480995    0.980539   -0.186432
          0           0           0           1
v_world_imu: -0.0454237   -0.11805    0.76512
frame_1524
id: 1524
stamp: 1757574317.262879372
T_odom_lidar: 
   0.977615    0.052031   -0.203866  -0.0527951
 -0.0491216    0.998606   0.0193093   0.0519711
   0.204587 -0.00886287    0.978808   -0.211267
          0           0           0           1
T_world_lidar: 
   0.977615    0.052031   -0.203866  -0.0527951
 -0.0491216    0.998606   0.0193093   0.0519711
   0.204587 -0.00886287    0.978808   -0.211267
          0           0           0           1
v_world_imu: -0.0454237   -0.11805    0.76512
frame_1525
id: 1525
stamp: 1757574317.294358253
T_odom_lidar: 
   0.97724  0.0531159  -0.205379 -0.0578948
-0.0489012   0.998477   0.025547   0.054493
  0.206423 -0.0149223   0.978349  -0.219646
         0          0          0          1
T_world_lidar: 
   0.97724  0.0531159  -0.205379 -0.0578948
-0.0489012   0.998477   0.025547   0.054493
  0.206423 -0.0149223   0.978349  -0.219646
         0          0          0          1
v_world_imu: -0.0454237   -0.11805    0.76512
frame_1526
id: 1526
stamp: 1757574317.371373653
T_odom_lidar: 
  0.977413  0.0525712  -0.204697 -0.0533365
-0.0485628   0.998518  0.0245598  0.0551472
  0.205685 -0.0140644   0.978517  -0.215098
         0          0          0          1
T_world_lidar: 
  0.977413  0.0525712  -0.204697 -0.0533365
-0.0485628   0.998518  0.0245598  0.0551472
  0.205685 -0.0140644   0.978517  -0.215098
         0          0          0          1
v_world_imu: -0.0454237   -0.11805    0.76512
frame_1527
id: 1527
stamp: 1757574317.402297258
T_odom_lidar: 
  0.977825  0.0517346  -0.202935 -0.0493439
 -0.048563   0.998608  0.0205805  0.0494473
  0.203717  -0.010269   0.978976  -0.209126
         0          0          0          1
T_world_lidar: 
  0.977825  0.0517346  -0.202935 -0.0493439
 -0.048563   0.998608  0.0205805  0.0494473
  0.203717  -0.010269   0.978976  -0.209126
         0          0          0          1
v_world_imu: -0.0454237   -0.11805    0.76512
frame_1528
id: 1528
stamp: 1757574317.468127728
T_odom_lidar: 
    0.977938    0.0499823    -0.202829   -0.0425437
  -0.0487884      0.99875     0.010885    0.0399534
     0.20312 -0.000749118     0.979154    -0.204321
           0            0            0            1
T_world_lidar: 
    0.977938    0.0499823    -0.202829   -0.0425437
  -0.0487884      0.99875     0.010885    0.0399534
     0.20312 -0.000749118     0.979154    -0.204321
           0            0            0            1
v_world_imu: -0.0454237   -0.11805    0.76512
frame_1529
id: 1529
stamp: 1757574317.499234915
T_odom_lidar: 
  0.978108  0.0490524  -0.202232 -0.0417652
-0.0488584   0.998788  0.0059545  0.0382762
  0.202279 0.00405657    0.97932  -0.200421
         0          0          0          1
T_world_lidar: 
  0.978108  0.0490524  -0.202232 -0.0417652
-0.0488584   0.998788  0.0059545  0.0382762
  0.202279 0.00405657    0.97932  -0.200421
         0          0          0          1
v_world_imu: -0.0454237   -0.11805    0.76512
frame_1530
id: 1530
stamp: 1757574317.575327635
T_odom_lidar: 
  0.978143  0.0462774  -0.202718 -0.0542595
-0.0469168   0.998897 0.00165268  0.0356502
  0.202571 0.00789433   0.979236  -0.188055
         0          0          0          1
T_world_lidar: 
  0.978143  0.0462774  -0.202718 -0.0542595
-0.0469168   0.998897 0.00165268  0.0356502
  0.202571 0.00789433   0.979236  -0.188055
         0          0          0          1
v_world_imu: -0.0454237   -0.11805    0.76512
frame_1531
id: 1531
stamp: 1757574317.607477188
T_odom_lidar: 
   0.978336   0.0458537   -0.201883  -0.0557996
 -0.0466887    0.998909 0.000626406   0.0357465
   0.201692  0.00881284    0.979409   -0.186198
          0           0           0           1
T_world_lidar: 
   0.978336   0.0458537   -0.201883  -0.0557996
 -0.0466887    0.998909 0.000626406   0.0357465
   0.201692  0.00881284    0.979409   -0.186198
          0           0           0           1
v_world_imu: -0.0454237   -0.11805    0.76512
frame_1532
id: 1532
stamp: 1757574317.685383081
T_odom_lidar: 
  0.978515  0.0459198  -0.200999 -0.0521543
-0.0464527   0.998918 0.00206696  0.0412955
  0.200877 0.00731439   0.979589  -0.184229
         0          0          0          1
T_world_lidar: 
  0.978515  0.0459198  -0.200999 -0.0521543
-0.0464527   0.998918 0.00206696  0.0412955
  0.200877 0.00731439   0.979589  -0.184229
         0          0          0          1
v_world_imu: -0.0454237   -0.11805    0.76512
frame_1533
id: 1533
stamp: 1757574317.714149475
T_odom_lidar: 
  0.978572  0.0460214  -0.200698 -0.0555747
-0.0462153   0.998925 0.00372162  0.0413183
  0.200654 0.00563347   0.979646  -0.185044
         0          0          0          1
T_world_lidar: 
  0.978572  0.0460214  -0.200698 -0.0555747
-0.0462153   0.998925 0.00372162  0.0413183
  0.200654 0.00563347   0.979646  -0.185044
         0          0          0          1
v_world_imu: -0.0454237   -0.11805    0.76512
frame_1534
id: 1534
stamp: 1757574317.783935070
T_odom_lidar: 
  0.978758  0.0457703  -0.199844 -0.0521178
-0.0457376   0.998942 0.00478328  0.0437772
  0.199852 0.00445871   0.979816  -0.182822
         0          0          0          1
T_world_lidar: 
  0.978758  0.0457703  -0.199844 -0.0521178
-0.0457376   0.998942 0.00478328  0.0437772
  0.199852 0.00445871   0.979816  -0.182822
         0          0          0          1
v_world_imu: -0.0454237   -0.11805    0.76512
frame_1535
id: 1535
stamp: 1757574317.813816547
T_odom_lidar: 
  0.978832  0.0453019  -0.199587 -0.0527466
-0.0454744   0.998959 0.00372239  0.0410121
  0.199548  0.0054325   0.979873  -0.182083
         0          0          0          1
T_world_lidar: 
  0.978832  0.0453019  -0.199587 -0.0527466
-0.0454744   0.998959 0.00372239  0.0410121
  0.199548  0.0054325   0.979873  -0.182083
         0          0          0          1
v_world_imu: -0.0454237   -0.11805    0.76512
frame_1536
id: 1536
stamp: 1757574317.884523392
T_odom_lidar: 
  0.979865  0.0474855  -0.193933  -0.050774
-0.0469561    0.99887   0.007328  0.0361594
  0.194062 0.00192588   0.980987   -0.18024
         0          0          0          1
T_world_lidar: 
  0.979865  0.0474855  -0.193933  -0.050774
-0.0469561    0.99887   0.007328  0.0361594
  0.194062 0.00192588   0.980987   -0.18024
         0          0          0          1
v_world_imu: -0.0454237   -0.11805    0.76512
frame_1537
id: 1537
stamp: 1757574317.919038057
T_odom_lidar: 
   0.97992  0.0512755  -0.192685 -0.0484052
-0.0509877   0.998678 0.00645535  0.0394211
  0.192761 0.00349884   0.981239  -0.176551
         0          0          0          1
T_world_lidar: 
   0.97992  0.0512755  -0.192685 -0.0484052
-0.0509877   0.998678 0.00645535  0.0394211
  0.192761 0.00349884   0.981239  -0.176551
         0          0          0          1
v_world_imu: -0.0454237   -0.11805    0.76512
frame_1538
id: 1538
stamp: 1757574317.986886501
T_odom_lidar: 
  0.979698  0.0572469   -0.19213 -0.0479947
-0.0573019   0.998343 0.00527505  0.0455927
  0.192114 0.00584146   0.981355  -0.174537
         0          0          0          1
T_world_lidar: 
  0.979698  0.0572469   -0.19213 -0.0479947
-0.0573019   0.998343 0.00527505  0.0455927
  0.192114 0.00584146   0.981355  -0.174537
         0          0          0          1
v_world_imu: -0.0454237   -0.11805    0.76512
frame_1539
id: 1539
stamp: 1757574318.017529011
T_odom_lidar: 
   0.97954  0.0622051  -0.191396 -0.0490321
-0.0625003   0.998035 0.00450005  0.0513909
  0.191299  0.0075543   0.981503  -0.173057
         0          0          0          1
T_world_lidar: 
   0.97954  0.0622051  -0.191396 -0.0490321
-0.0625003   0.998035 0.00450005  0.0513909
  0.191299  0.0075543   0.981503  -0.173057
         0          0          0          1
v_world_imu: -0.0454237   -0.11805    0.76512
frame_1540
id: 1540
stamp: 1757574318.089891195
T_odom_lidar: 
  0.979069  0.0663685  -0.192406 -0.0488705
-0.0667937   0.997758  0.0042829  0.0588932
  0.192258 0.00865823   0.981306  -0.175647
         0          0          0          1
T_world_lidar: 
  0.979069  0.0663685  -0.192406 -0.0488705
-0.0667937   0.997758  0.0042829  0.0588932
  0.192258 0.00865823   0.981306  -0.175647
         0          0          0          1
v_world_imu: -0.0454237   -0.11805    0.76512
frame_1541
id: 1541
stamp: 1757574318.124293327
T_odom_lidar: 
  0.978645  0.0704613  -0.193105 -0.0562151
-0.0708232   0.997476 0.00503703  0.0658862
  0.192972 0.00874684   0.981165  -0.179376
         0          0          0          1
T_world_lidar: 
  0.978645  0.0704613  -0.193105 -0.0562151
-0.0708232   0.997476 0.00503703  0.0658862
  0.192972 0.00874684   0.981165  -0.179376
         0          0          0          1
v_world_imu: -0.0454237   -0.11805    0.76512
frame_1542
id: 1542
stamp: 1757574318.202182055
T_odom_lidar: 
  0.977343  0.0708159  -0.199465 -0.0725938
-0.0717269   0.997421 0.00266465  0.0623202
   0.19914  0.0117028   0.979901   -0.18434
         0          0          0          1
T_world_lidar: 
  0.977343  0.0708159  -0.199465 -0.0725938
-0.0717269   0.997421 0.00266465  0.0623202
   0.19914  0.0117028   0.979901   -0.18434
         0          0          0          1
v_world_imu: -0.0454237   -0.11805    0.76512
frame_1543
id: 1543
stamp: 1757574318.234910727
T_odom_lidar: 
  0.976936   0.073375  -0.200532 -0.0795452
-0.0742489   0.997235 0.00316992  0.0670681
   0.20021  0.0117924   0.979682  -0.188628
         0          0          0          1
T_world_lidar: 
  0.976936   0.073375  -0.200532 -0.0795452
-0.0742489   0.997235 0.00316992  0.0670681
   0.20021  0.0117924   0.979682  -0.188628
         0          0          0          1
v_world_imu: -0.0454237   -0.11805    0.76512
frame_1544
id: 1544
stamp: 1757574318.309454918
T_odom_lidar: 
  0.976812  0.0769455  -0.199796 -0.0803301
-0.0777837   0.996964 0.00366321    0.07154
  0.199471  0.0119626   0.979831  -0.188409
         0          0          0          1
T_world_lidar: 
  0.976812  0.0769455  -0.199796 -0.0803301
-0.0777837   0.996964 0.00366321    0.07154
  0.199471  0.0119626   0.979831  -0.188409
         0          0          0          1
v_world_imu: -0.0454237   -0.11805    0.76512
frame_1545
id: 1545
stamp: 1757574318.345311403
T_odom_lidar: 
  0.976665  0.0787689  -0.199801 -0.0834876
-0.0796614   0.996816 0.00358163  0.0736567
  0.199447  0.0124184    0.97983  -0.189362
         0          0          0          1
T_world_lidar: 
  0.976665  0.0787689  -0.199801 -0.0834876
-0.0796614   0.996816 0.00358163  0.0736567
  0.199447  0.0124184    0.97983  -0.189362
         0          0          0          1
v_world_imu: -0.0454237   -0.11805    0.76512
frame_1546
id: 1546
stamp: 1757574318.414512873
T_odom_lidar: 
  0.976759  0.0793531  -0.199111 -0.0816322
-0.0802152   0.996771 0.00374646  0.0745547
  0.198766  0.0123124    0.97997  -0.188145
         0          0          0          1
T_world_lidar: 
  0.976759  0.0793531  -0.199111 -0.0816322
-0.0802152   0.996771 0.00374646  0.0745547
  0.198766  0.0123124    0.97997  -0.188145
         0          0          0          1
v_world_imu: -0.0454237   -0.11805    0.76512
frame_1547
id: 1547
stamp: 1757574318.449199915
T_odom_lidar: 
   0.97695  0.0791877  -0.198236   -0.08436
-0.0799456    0.99679 0.00419038   0.077955
  0.197932  0.0117543   0.980145  -0.187099
         0          0          0          1
T_world_lidar: 
   0.97695  0.0791877  -0.198236   -0.08436
-0.0799456    0.99679 0.00419038   0.077955
  0.197932  0.0117543   0.980145  -0.187099
         0          0          0          1
v_world_imu: -0.0454237   -0.11805    0.76512
frame_1548
id: 1548
stamp: 1757574318.525967121
T_odom_lidar: 
  0.976966  0.0809858  -0.197428 -0.0735472
-0.0816938   0.996647 0.00456961  0.0816114
  0.197137  0.0116643   0.980307  -0.184653
         0          0          0          1
T_world_lidar: 
  0.976966  0.0809858  -0.197428 -0.0735472
-0.0816938   0.996647 0.00456961  0.0816114
  0.197137  0.0116643   0.980307  -0.184653
         0          0          0          1
v_world_imu: -0.0454237   -0.11805    0.76512
frame_1549
id: 1549
stamp: 1757574318.551278114
T_odom_lidar: 
  0.976986  0.0827937  -0.196581 -0.0786087
-0.0832762   0.996509 0.00582456  0.0821694
  0.196377    0.01068    0.98047   -0.18369
         0          0          0          1
T_world_lidar: 
  0.976986  0.0827937  -0.196581 -0.0786087
-0.0832762   0.996509 0.00582456  0.0821694
  0.196377    0.01068    0.98047   -0.18369
         0          0          0          1
v_world_imu: -0.0454237   -0.11805    0.76512
frame_1550
id: 1550
stamp: 1757574318.617435932
T_odom_lidar: 
    0.9771  0.0818261  -0.196418 -0.0751831
-0.0821217     0.9966 0.00665335  0.0817482
  0.196295 0.00962921   0.980498  -0.182139
         0          0          0          1
T_world_lidar: 
    0.9771  0.0818261  -0.196418 -0.0751831
-0.0821217     0.9966 0.00665335  0.0817482
  0.196295 0.00962921   0.980498  -0.182139
         0          0          0          1
v_world_imu: -0.0454237   -0.11805    0.76512
frame_1551
id: 1551
stamp: 1757574318.652708292
T_odom_lidar: 
  0.977378  0.0793994   -0.19603 -0.0752024
-0.0796471   0.996801 0.00663213  0.0780603
   0.19593 0.00913113   0.980575  -0.181483
         0          0          0          1
T_world_lidar: 
  0.977378  0.0793994   -0.19603 -0.0752024
-0.0796471   0.996801 0.00663213  0.0780603
   0.19593 0.00913113   0.980575  -0.181483
         0          0          0          1
v_world_imu: -0.0454237   -0.11805    0.76512
frame_1552
id: 1552
stamp: 1757574318.728933096
T_odom_lidar: 
  0.977759  0.0758238  -0.195544  -0.073051
-0.0752545   0.997111  0.0103501  0.0775436
  0.195764  0.0045957    0.98064  -0.182442
         0          0          0          1
T_world_lidar: 
  0.977759  0.0758238  -0.195544  -0.073051
-0.0752545   0.997111  0.0103501  0.0775436
  0.195764  0.0045957    0.98064  -0.182442
         0          0          0          1
v_world_imu: -0.0454237   -0.11805    0.76512
frame_1553
id: 1553
stamp: 1757574318.761402845
T_odom_lidar: 
   0.978297   0.0714162   -0.194509  -0.0763474
 -0.0700659    0.997447   0.0138223   0.0752297
      0.195 0.000106173    0.980803   -0.183481
          0           0           0           1
T_world_lidar: 
   0.978297   0.0714162   -0.194509  -0.0763474
 -0.0700659    0.997447   0.0138223   0.0752297
      0.195 0.000106173    0.980803   -0.183481
          0           0           0           1
v_world_imu: -0.0454237   -0.11805    0.76512
frame_1554
id: 1554
stamp: 1757574318.834167004
T_odom_lidar: 
    0.978877    0.0635613    -0.194321   -0.0625124
  -0.0622085     0.997978    0.0130626    0.0641614
    0.194759 -0.000698232     0.980851    -0.182196
           0            0            0            1
T_world_lidar: 
    0.978877    0.0635613    -0.194321   -0.0625124
  -0.0622085     0.997978    0.0130626    0.0641614
    0.194759 -0.000698232     0.980851    -0.182196
           0            0            0            1
v_world_imu: -0.0454237   -0.11805    0.76512
frame_1555
id: 1555
stamp: 1757574318.864077568
T_odom_lidar: 
   0.980235   0.0497006   -0.191494  -0.0503313
 -0.0488554    0.998764  0.00913547   0.0438984
   0.191711 0.000400602    0.981451   -0.173075
          0           0           0           1
T_world_lidar: 
   0.980235   0.0497006   -0.191494  -0.0503313
 -0.0488554    0.998764  0.00913547   0.0438984
   0.191711 0.000400602    0.981451   -0.173075
          0           0           0           1
v_world_imu: -0.0454237   -0.11805    0.76512
frame_1556
id: 1556
stamp: 1757574318.936282635
T_odom_lidar: 
   0.981516   0.0328468   -0.188542  -0.0264426
 -0.0343931    0.999396 -0.00493473   0.0128025
   0.188266    0.011328    0.982053   -0.155047
          0           0           0           1
T_world_lidar: 
   0.981516   0.0328468   -0.188542  -0.0264426
 -0.0343931    0.999396 -0.00493473   0.0128025
   0.188266    0.011328    0.982053   -0.155047
          0           0           0           1
v_world_imu: -0.0454237   -0.11805    0.76512
frame_1557
id: 1557
stamp: 1757574318.970941544
T_odom_lidar: 
  0.981977  0.0212671  -0.187801 -0.0121282
-0.0255988   0.999459 -0.0206702 0.00168159
   0.18726  0.0251051    0.98199  -0.146174
         0          0          0          1
T_world_lidar: 
  0.981977  0.0212671  -0.187801 -0.0121282
-0.0255988   0.999459 -0.0206702 0.00168159
   0.18726  0.0251051    0.98199  -0.146174
         0          0          0          1
v_world_imu: -0.0454237   -0.11805    0.76512
frame_1558
id: 1558
stamp: 1757574319.046984673
T_odom_lidar: 
  0.981696  0.0203651  -0.189362 -0.0145293
-0.0257868   0.999324 -0.0262119   0.001371
    0.1887  0.0306151   0.981557  -0.145364
         0          0          0          1
T_world_lidar: 
  0.981696  0.0203651  -0.189362 -0.0145293
-0.0257868   0.999324 -0.0262119   0.001371
    0.1887  0.0306151   0.981557  -0.145364
         0          0          0          1
v_world_imu: -0.0454237   -0.11805    0.76512
frame_1559
id: 1559
stamp: 1757574319.076988459
T_odom_lidar: 
  0.981367  0.0258245  -0.190401 -0.0216115
-0.0307751    0.99926 -0.0230897  0.0168506
  0.189663  0.0285191   0.981435  -0.146013
         0          0          0          1
T_world_lidar: 
  0.981367  0.0258245  -0.190401 -0.0216115
-0.0307751    0.99926 -0.0230897  0.0168506
  0.189663  0.0285191   0.981435  -0.146013
         0          0          0          1
v_world_imu: -0.0454237   -0.11805    0.76512
frame_1560
id: 1560
stamp: 1757574319.152719259
T_odom_lidar: 
  0.981666  0.0304608  -0.188159 -0.0126183
-0.0345355   0.999234 -0.0184147  0.0403822
  0.187454  0.0245752   0.981966  -0.156027
         0          0          0          1
T_world_lidar: 
  0.981666  0.0304608  -0.188159 -0.0126183
-0.0345355   0.999234 -0.0184147  0.0403822
  0.187454  0.0245752   0.981966  -0.156027
         0          0          0          1
v_world_imu: -0.0454237   -0.11805    0.76512
frame_1561
id: 1561
stamp: 1757574319.186796904
T_odom_lidar: 
   0.980508   0.0360331   -0.193149  -0.0314262
 -0.0385965    0.999209 -0.00952421   0.0502846
   0.192653   0.0167934    0.981123   -0.162846
          0           0           0           1
T_world_lidar: 
   0.980508   0.0360331   -0.193149  -0.0314262
 -0.0385965    0.999209 -0.00952421   0.0502846
   0.192653   0.0167934    0.981123   -0.162846
          0           0           0           1
v_world_imu: -0.0454237   -0.11805    0.76512
frame_1562
id: 1562
stamp: 1757574319.255870342
T_odom_lidar: 
  0.979016  0.0449263  -0.198768 -0.0551453
 -0.045294    0.99897 0.00269858  0.0543276
  0.198685 0.00636106   0.980043  -0.170407
         0          0          0          1
T_world_lidar: 
  0.979016  0.0449263  -0.198768 -0.0551453
 -0.045294    0.99897 0.00269858  0.0543276
  0.198685 0.00636106   0.980043  -0.170407
         0          0          0          1
v_world_imu: -0.0454237   -0.11805    0.76512
frame_1563
id: 1563
stamp: 1757574319.294811726
T_odom_lidar: 
    0.977522    0.0530841     -0.20404   -0.0801028
  -0.0518083      0.99859    0.0115932    0.0498684
    0.204368 -0.000761621     0.978894    -0.178346
           0            0            0            1
T_world_lidar: 
    0.977522    0.0530841     -0.20404   -0.0801028
  -0.0518083      0.99859    0.0115932    0.0498684
    0.204368 -0.000761621     0.978894    -0.178346
           0            0            0            1
v_world_imu: -0.0454237   -0.11805    0.76512
frame_1564
id: 1564
stamp: 1757574319.368417978
T_odom_lidar: 
    0.97638     0.05831   -0.208043   -0.101576
 -0.0557014    0.998278   0.0183799   0.0511328
   0.208756 -0.00635752    0.977947   -0.186733
          0           0           0           1
T_world_lidar: 
    0.97638     0.05831   -0.208043   -0.101576
 -0.0557014    0.998278   0.0183799   0.0511328
   0.208756 -0.00635752    0.977947   -0.186733
          0           0           0           1
v_world_imu: -0.0454237   -0.11805    0.76512
frame_1565
id: 1565
stamp: 1757574319.403650522
T_odom_lidar: 
   0.975632    0.063993   -0.209872   -0.114258
 -0.0606491    0.997909   0.0223374   0.0461921
   0.210862 -0.00906455    0.977474   -0.192631
          0           0           0           1
T_world_lidar: 
   0.975632    0.063993   -0.209872   -0.114258
 -0.0606491    0.997909   0.0223374   0.0461921
   0.210862 -0.00906455    0.977474   -0.192631
          0           0           0           1
v_world_imu: -0.0454237   -0.11805    0.76512
frame_1566
id: 1566
stamp: 1757574319.478162527
T_odom_lidar: 
  0.975778  0.0632611  -0.209415  -0.123552
-0.0586564   0.997882   0.028133  0.0458948
  0.210751 -0.0151681   0.977422  -0.209651
         0          0          0          1
T_world_lidar: 
  0.975778  0.0632611  -0.209415  -0.123552
-0.0586564   0.997882   0.028133  0.0458948
  0.210751 -0.0151681   0.977422  -0.209651
         0          0          0          1
v_world_imu: -0.0454237   -0.11805    0.76512
frame_1567
id: 1567
stamp: 1757574319.514388323
T_odom_lidar: 
   0.97664  0.0583682  -0.206801   -0.11122
 -0.053167   0.998116  0.0306245  0.0433386
  0.208199 -0.0189141   0.977904  -0.208768
         0          0          0          1
T_world_lidar: 
   0.97664  0.0583682  -0.206801   -0.11122
 -0.053167   0.998116  0.0306245  0.0433386
  0.208199 -0.0189141   0.977904  -0.208768
         0          0          0          1
v_world_imu: -0.0454237   -0.11805    0.76512
frame_1568
id: 1568
stamp: 1757574319.589659691
T_odom_lidar: 
  0.977464  0.0547862  -0.203869 -0.0921832
-0.0503268   0.998368  0.0269984  0.0406385
  0.205015 -0.0161299   0.978626  -0.206621
         0          0          0          1
T_world_lidar: 
  0.977464  0.0547862  -0.203869 -0.0921832
-0.0503268   0.998368  0.0269984  0.0406385
  0.205015 -0.0161299   0.978626  -0.206621
         0          0          0          1
v_world_imu: -0.0454237   -0.11805    0.76512
frame_1569
id: 1569
stamp: 1757574319.624505520
T_odom_lidar: 
  0.977973  0.0522957  -0.202074 -0.0878796
-0.0489719   0.998571  0.0214165  0.0352112
  0.202905 -0.0110488   0.979136  -0.206385
         0          0          0          1
T_world_lidar: 
  0.977973  0.0522957  -0.202074 -0.0878796
-0.0489719   0.998571  0.0214165  0.0352112
  0.202905 -0.0110488   0.979136  -0.206385
         0          0          0          1
v_world_imu: -0.0454237   -0.11805    0.76512
frame_1570
id: 1570
stamp: 1757574319.695698261
T_odom_lidar: 
  0.978478  0.0498219  -0.200247  -0.070537
-0.0483865   0.998756  0.0120592  0.0307766
  0.200599 -0.0021104   0.979671  -0.204276
         0          0          0          1
T_world_lidar: 
  0.978478  0.0498219  -0.200247  -0.070537
-0.0483865   0.998756  0.0120592  0.0307766
  0.200599 -0.0021104   0.979671  -0.204276
         0          0          0          1
v_world_imu: -0.0454237   -0.11805    0.76512
frame_1571
id: 1571
stamp: 1757574319.732731104
T_odom_lidar: 
  0.978946  0.0508016  -0.197695 -0.0685905
-0.0504373   0.998704 0.00688091  0.0345402
  0.197788 0.00323513   0.980239  -0.200911
         0          0          0          1
T_world_lidar: 
  0.978946  0.0508016  -0.197695 -0.0685905
-0.0504373   0.998704 0.00688091  0.0345402
  0.197788 0.00323513   0.980239  -0.200911
         0          0          0          1
v_world_imu: -0.0454237   -0.11805    0.76512
frame_1572
id: 1572
stamp: 1757574319.803636312
T_odom_lidar: 
  0.979721  0.0532217   -0.19317    -0.0609
-0.0540424   0.998538 0.00102191  0.0456715
  0.192942 0.00943819   0.981165  -0.166102
         0          0          0          1
T_world_lidar: 
  0.979721  0.0532217   -0.19317    -0.0609
-0.0540424   0.998538 0.00102191  0.0456715
  0.192942 0.00943819   0.981165  -0.166102
         0          0          0          1
v_world_imu: -0.0454237   -0.11805    0.76512
frame_1573
id: 1573
stamp: 1757574319.836922169
T_odom_lidar: 
      0.9803     0.055001      -0.1897   -0.0607897
  -0.0561228     0.998424 -0.000542617    0.0490975
    0.189371    0.0111784     0.981842    -0.157411
           0            0            0            1
T_world_lidar: 
      0.9803     0.055001      -0.1897   -0.0607897
  -0.0561228     0.998424 -0.000542617    0.0490975
    0.189371    0.0111784     0.981842    -0.157411
           0            0            0            1
v_world_imu: -0.0454237   -0.11805    0.76512
frame_1574
id: 1574
stamp: 1757574319.907481909
T_odom_lidar: 
   0.980484   0.0559957   -0.188456  -0.0590288
 -0.0568432    0.998383 0.000909174   0.0520212
   0.188202    0.009821    0.982081   -0.155236
          0           0           0           1
T_world_lidar: 
   0.980484   0.0559957   -0.188456  -0.0590288
 -0.0568432    0.998383 0.000909174   0.0520212
   0.188202    0.009821    0.982081   -0.155236
          0           0           0           1
v_world_imu: -0.0454237   -0.11805    0.76512
frame_1575
id: 1575
stamp: 1757574319.942992687
T_odom_lidar: 
    0.9805  0.0573108  -0.187979 -0.0650874
-0.0566756   0.998354 0.00875628  0.0532996
  0.188171 0.00206828   0.982134  -0.160496
         0          0          0          1
T_world_lidar: 
    0.9805  0.0573108  -0.187979 -0.0650874
-0.0566756   0.998354 0.00875628  0.0532996
  0.188171 0.00206828   0.982134  -0.160496
         0          0          0          1
v_world_imu: -0.0454237   -0.11805    0.76512
frame_1576
id: 1576
stamp: 1757574320.012447119
T_odom_lidar: 
  0.980697  0.0538187   -0.18798 -0.0688287
-0.0513991   0.998521  0.0177262  0.0514473
  0.188656  -0.007722   0.982013  -0.166716
         0          0          0          1
T_world_lidar: 
  0.980697  0.0538187   -0.18798 -0.0688287
-0.0513991   0.998521  0.0177262  0.0514473
  0.188656  -0.007722   0.982013  -0.166716
         0          0          0          1
v_world_imu: -0.0454237   -0.11805    0.76512
frame_1577
id: 1577
stamp: 1757574320.045365095
T_odom_lidar: 
   0.980592   0.0477074   -0.190166  -0.0652976
 -0.0461139    0.998854   0.0127983    0.039417
   0.190559 -0.00378057    0.981669   -0.170542
          0           0           0           1
T_world_lidar: 
   0.980592   0.0477074   -0.190166  -0.0652976
 -0.0461139    0.998854   0.0127983    0.039417
   0.190559 -0.00378057    0.981669   -0.170542
          0           0           0           1
v_world_imu: -0.0454237   -0.11805    0.76512
frame_1578
id: 1578
stamp: 1757574320.114861727
T_odom_lidar: 
   0.98092  0.0357754  -0.191092 -0.0464156
-0.0353807   0.999359  0.0054781  0.0189865
  0.191166  0.0013874   0.981557  -0.167169
         0          0          0          1
T_world_lidar: 
   0.98092  0.0357754  -0.191092 -0.0464156
-0.0353807   0.999359  0.0054781  0.0189865
  0.191166  0.0013874   0.981557  -0.167169
         0          0          0          1
v_world_imu: -0.0454237   -0.11805    0.76512
frame_1579
id: 1579
stamp: 1757574320.148665190
T_odom_lidar: 
  0.981625   0.023942   -0.18931 -0.0264516
-0.0261936   0.999613 -0.0094003 0.00993501
  0.189011  0.0141863   0.981872  -0.157991
         0          0          0          1
T_world_lidar: 
  0.981625   0.023942   -0.18931 -0.0264516
-0.0261936   0.999613 -0.0094003 0.00993501
  0.189011  0.0141863   0.981872  -0.157991
         0          0          0          1
v_world_imu: -0.0454237   -0.11805    0.76512
frame_1580
id: 1580
stamp: 1757574320.219403744
T_odom_lidar: 
   0.981849   0.0149405   -0.189078 -0.00978972
 -0.0196573     0.99954  -0.0230958  0.00232174
   0.188645   0.0263933    0.981691   -0.154716
          0           0           0           1
T_world_lidar: 
   0.981849   0.0149405   -0.189078 -0.00978972
 -0.0196573     0.99954  -0.0230958  0.00232174
   0.188645   0.0263933    0.981691   -0.154716
          0           0           0           1
v_world_imu: -0.0454237   -0.11805    0.76512
frame_1581
id: 1581
stamp: 1757574320.249932766
T_odom_lidar: 
   0.981592   0.0116715   -0.190633 -0.00814529
 -0.0172172    0.999475  -0.0274604  0.00790411
   0.190213    0.030237    0.981277   -0.156398
          0           0           0           1
T_world_lidar: 
   0.981592   0.0116715   -0.190633 -0.00814529
 -0.0172172    0.999475  -0.0274604  0.00790411
   0.190213    0.030237    0.981277   -0.156398
          0           0           0           1
v_world_imu: -0.0454237   -0.11805    0.76512
frame_1582
id: 1582
stamp: 1757574320.322684526
T_odom_lidar: 
  0.981052  0.0152476  -0.193142 -0.0146842
 -0.020395   0.999487 -0.0246905   0.013213
  0.192666  0.0281618    0.98086  -0.158506
         0          0          0          1
T_world_lidar: 
  0.981052  0.0152476  -0.193142 -0.0146842
 -0.020395   0.999487 -0.0246905   0.013213
  0.192666  0.0281618    0.98086  -0.158506
         0          0          0          1
v_world_imu: -0.0454237   -0.11805    0.76512
frame_1583
id: 1583
stamp: 1757574320.351948023
T_odom_lidar: 
  0.980485   0.027587  -0.194651  -0.021531
-0.0317523   0.999328 -0.0183103  0.0261886
  0.194015  0.0241335   0.980702  -0.158435
         0          0          0          1
T_world_lidar: 
  0.980485   0.027587  -0.194651  -0.021531
-0.0317523   0.999328 -0.0183103  0.0261886
  0.194015  0.0241335   0.980702  -0.158435
         0          0          0          1
v_world_imu: -0.0454237   -0.11805    0.76512
frame_1584
id: 1584
stamp: 1757574320.429909229
T_odom_lidar: 
   0.98081  0.0375408  -0.191315    -0.0256
-0.0414433   0.999006 -0.0164366   0.034159
  0.190508  0.0240499   0.981391  -0.165929
         0          0          0          1
T_world_lidar: 
   0.98081  0.0375408  -0.191315    -0.0256
-0.0414433   0.999006 -0.0164366   0.034159
  0.190508  0.0240499   0.981391  -0.165929
         0          0          0          1
v_world_imu: -0.0454237   -0.11805    0.76512
frame_1585
id: 1585
stamp: 1757574320.462241650
T_odom_lidar: 
     0.9806   0.0449466   -0.190796  -0.0428666
 -0.0473411    0.998847 -0.00800817   0.0448364
   0.190216   0.0168853    0.981597   -0.167846
          0           0           0           1
T_world_lidar: 
     0.9806   0.0449466   -0.190796  -0.0428666
 -0.0473411    0.998847 -0.00800817   0.0448364
   0.190216   0.0168853    0.981597   -0.167846
          0           0           0           1
v_world_imu: -0.0454237   -0.11805    0.76512
frame_1586
id: 1586
stamp: 1757574320.539690733
T_odom_lidar: 
  0.979835  0.0456281   -0.19453 -0.0548112
-0.0467234   0.998907 -0.0010434  0.0551416
   0.19427  0.0101115   0.980896  -0.163874
         0          0          0          1
T_world_lidar: 
  0.979835  0.0456281   -0.19453 -0.0548112
-0.0467234   0.998907 -0.0010434  0.0551416
   0.19427  0.0101115   0.980896  -0.163874
         0          0          0          1
v_world_imu: -0.0454237   -0.11805    0.76512
frame_1587
id: 1587
stamp: 1757574320.574870110
T_odom_lidar: 
   0.978625    0.053519   -0.198568  -0.0749635
 -0.0525304    0.998567   0.0102473   0.0497607
   0.198832 0.000402613    0.980033   -0.165916
          0           0           0           1
T_world_lidar: 
   0.978625    0.053519   -0.198568  -0.0749635
 -0.0525304    0.998567   0.0102473   0.0497607
   0.198832 0.000402613    0.980033   -0.165916
          0           0           0           1
v_world_imu: -0.0454237   -0.11805    0.76512
frame_1588
id: 1588
stamp: 1757574320.649884462
T_odom_lidar: 
  0.977618  0.0584419  -0.202107  -0.095848
-0.0546883   0.998212  0.0241115  0.0512996
  0.203155 -0.0125189   0.979066  -0.171639
         0          0          0          1
T_world_lidar: 
  0.977618  0.0584419  -0.202107  -0.095848
-0.0546883   0.998212  0.0241115  0.0512996
  0.203155 -0.0125189   0.979066  -0.171639
         0          0          0          1
v_world_imu: -0.0454237   -0.11805    0.76512
frame_1589
id: 1589
stamp: 1757574320.682260036
T_odom_lidar: 
  0.977201  0.0614806  -0.203221  -0.123856
-0.0550538   0.997793  0.0371331  0.0434823
  0.205056 -0.0250983   0.978428  -0.195609
         0          0          0          1
T_world_lidar: 
  0.977201  0.0614806  -0.203221  -0.123856
-0.0550538   0.997793  0.0371331  0.0434823
  0.205056 -0.0250983   0.978428  -0.195609
         0          0          0          1
v_world_imu: -0.0454237   -0.11805    0.76512
frame_1590
id: 1590
stamp: 1757574320.748117685
T_odom_lidar: 
  0.976613  0.0692145  -0.203559  -0.138697
-0.0632729   0.997362  0.0355613  0.0458253
  0.205484 -0.0218499   0.978417  -0.203797
         0          0          0          1
T_world_lidar: 
  0.976613  0.0692145  -0.203559  -0.138697
-0.0632729   0.997362  0.0355613  0.0458253
  0.205484 -0.0218499   0.978417  -0.203797
         0          0          0          1
v_world_imu: -0.0454237   -0.11805    0.76512
frame_1591
id: 1591
stamp: 1757574320.775816441
T_odom_lidar: 
  0.976555  0.0734143  -0.202363  -0.142268
-0.0685787    0.99717  0.0308141  0.0431522
  0.204052  -0.016214   0.978826  -0.206893
         0          0          0          1
T_world_lidar: 
  0.976555  0.0734143  -0.202363  -0.142268
-0.0685787    0.99717  0.0308141  0.0431522
  0.204052  -0.016214   0.978826  -0.206893
         0          0          0          1
v_world_imu: -0.0454237   -0.11805    0.76512
frame_1592
id: 1592
stamp: 1757574320.849294186
T_odom_lidar: 
  0.976769  0.0746171  -0.200886  -0.135087
-0.0708564   0.997151  0.0258566  0.0467445
  0.202243 -0.0110218   0.979273  -0.208672
         0          0          0          1
T_world_lidar: 
  0.976769  0.0746171  -0.200886  -0.135087
-0.0708564   0.997151  0.0258566  0.0467445
  0.202243 -0.0110218   0.979273  -0.208672
         0          0          0          1
v_world_imu: -0.0454237   -0.11805    0.76512
frame_1593
id: 1593
stamp: 1757574320.885093689
T_odom_lidar: 
   0.976989   0.0747324   -0.199769   -0.135093
 -0.0718221    0.997179   0.0217864   0.0491125
   0.200834 -0.00693724    0.979601   -0.209785
          0           0           0           1
T_world_lidar: 
   0.976989   0.0747324   -0.199769   -0.135093
 -0.0718221    0.997179   0.0217864   0.0491125
   0.200834 -0.00693724    0.979601   -0.209785
          0           0           0           1
v_world_imu: -0.0454237   -0.11805    0.76512
frame_1594
id: 1594
stamp: 1757574320.964781284
T_odom_lidar: 
   0.977558   0.0693093   -0.198937   -0.111562
 -0.0673917    0.997592   0.0164026   0.0509354
   0.199595 -0.00262779    0.979875   -0.194327
          0           0           0           1
T_world_lidar: 
   0.977558   0.0693093   -0.198937   -0.111562
 -0.0673917    0.997592   0.0164026   0.0509354
   0.199595 -0.00262779    0.979875   -0.194327
          0           0           0           1
v_world_imu: -0.0454237   -0.11805    0.76512
frame_1595
id: 1595
stamp: 1757574320.999020100
T_odom_lidar: 
   0.978374   0.0660691   -0.196008   -0.106675
 -0.0645119    0.997814   0.0143256   0.0482104
   0.196526 -0.00137093    0.980498   -0.186358
          0           0           0           1
T_world_lidar: 
   0.978374   0.0660691   -0.196008   -0.106675
 -0.0645119    0.997814   0.0143256   0.0482104
   0.196526 -0.00137093    0.980498   -0.186358
          0           0           0           1
v_world_imu: -0.0454237   -0.11805    0.76512
frame_1596
id: 1596
stamp: 1757574321.069549322
T_odom_lidar: 
   0.979124   0.0628139   -0.193316  -0.0929726
 -0.0611215    0.998022   0.0147121   0.0448639
   0.193858 -0.00258921    0.981026   -0.178717
          0           0           0           1
T_world_lidar: 
   0.979124   0.0628139   -0.193316  -0.0929726
 -0.0611215    0.998022   0.0147121   0.0448639
   0.193858 -0.00258921    0.981026   -0.178717
          0           0           0           1
v_world_imu: -0.0454237   -0.11805    0.76512
frame_1597
id: 1597
stamp: 1757574321.103601694
T_odom_lidar: 
   0.979795    0.058578   -0.191232  -0.0912408
 -0.0565484    0.998271   0.0160584   0.0392027
   0.191842 -0.00492008    0.981414   -0.174148
          0           0           0           1
T_world_lidar: 
   0.979795    0.058578   -0.191232  -0.0912408
 -0.0565484    0.998271   0.0160584   0.0392027
   0.191842 -0.00492008    0.981414   -0.174148
          0           0           0           1
v_world_imu: -0.0454237   -0.11805    0.76512
frame_1598
id: 1598
stamp: 1757574321.178061962
T_odom_lidar: 
   0.980402   0.0552799    -0.18909   -0.080518
 -0.0527395    0.998438    0.018444   0.0377165
   0.189815 -0.00811005    0.981786    -0.16922
          0           0           0           1
T_world_lidar: 
   0.980402   0.0552799    -0.18909   -0.080518
 -0.0527395    0.998438    0.018444   0.0377165
   0.189815 -0.00811005    0.981786    -0.16922
          0           0           0           1
v_world_imu: -0.0454237   -0.11805    0.76512
frame_1599
id: 1599
stamp: 1757574321.213447094
T_odom_lidar: 
  0.979682  0.0531824  -0.193378 -0.0618038
-0.0501146   0.998528   0.020725  0.0456393
  0.194196 -0.0106128   0.980905  -0.183157
         0          0          0          1
T_world_lidar: 
  0.979682  0.0531824  -0.193378 -0.0618038
-0.0501146   0.998528   0.020725  0.0456393
  0.194196 -0.0106128   0.980905  -0.183157
         0          0          0          1
v_world_imu: -0.0454237   -0.11805    0.76512
frame_1600
id: 1600
stamp: 1757574321.292357206
T_odom_lidar: 
   0.980519   0.0446291   -0.191285  -0.0541586
 -0.0423397    0.998974   0.0160411    0.035743
   0.191805 -0.00762961    0.981403   -0.174801
          0           0           0           1
T_world_lidar: 
   0.980519   0.0446291   -0.191285  -0.0541586
 -0.0423397    0.998974   0.0160411    0.035743
   0.191805 -0.00762961    0.981403   -0.174801
          0           0           0           1
v_world_imu: -0.0454237   -0.11805    0.76512
frame_1601
id: 1601
stamp: 1757574321.325040817
T_odom_lidar: 
   0.981689   0.0280088    -0.18842  -0.0417441
 -0.0270888    0.999605  0.00745643  0.00922868
   0.188555 -0.00221582     0.98206   -0.165953
          0           0           0           1
T_world_lidar: 
   0.981689   0.0280088    -0.18842  -0.0417441
 -0.0270888    0.999605  0.00745643  0.00922868
   0.188555 -0.00221582     0.98206   -0.165953
          0           0           0           1
v_world_imu: -0.0454237   -0.11805    0.76512
frame_1602
id: 1602
stamp: 1757574321.398292542
T_odom_lidar: 
   0.982192   0.0102481     -0.1876  -0.0305824
 -0.0117004     0.99991 -0.00663583 -0.00930538
   0.187515  0.00871266    0.982223   -0.162571
          0           0           0           1
T_world_lidar: 
   0.982192   0.0102481     -0.1876  -0.0305824
 -0.0117004     0.99991 -0.00663583 -0.00930538
   0.187515  0.00871266    0.982223   -0.162571
          0           0           0           1
v_world_imu: -0.0454237   -0.11805    0.76512
frame_1603
id: 1603
stamp: 1757574321.433675528
T_odom_lidar: 
   0.981745 0.000638423   -0.190199  -0.0274934
-0.00422357    0.999821  -0.0184447  -0.0147452
   0.190153   0.0189113    0.981572   -0.166214
          0           0           0           1
T_world_lidar: 
   0.981745 0.000638423   -0.190199  -0.0274934
-0.00422357    0.999821  -0.0184447  -0.0147452
   0.190153   0.0189113    0.981572   -0.166214
          0           0           0           1
v_world_imu: -0.0454237   -0.11805    0.76512
frame_1604
id: 1604
stamp: 1757574321.511543274
T_odom_lidar: 
   0.982015 0.000469561     -0.1888  -0.0153653
-0.00473065    0.999744  -0.0221193  0.00203767
   0.188741   0.0226147    0.981766   -0.162751
          0           0           0           1
T_world_lidar: 
   0.982015 0.000469561     -0.1888  -0.0153653
-0.00473065    0.999744  -0.0221193  0.00203767
   0.188741   0.0226147    0.981766   -0.162751
          0           0           0           1
v_world_imu: -0.0454237   -0.11805    0.76512
frame_1605
id: 1605
stamp: 1757574321.545724869
T_odom_lidar: 
  0.981479 0.00700966  -0.191443 -0.0199277
 -0.011366   0.999701 -0.0216665   0.015535
  0.191234  0.0234411   0.981265  -0.163555
         0          0          0          1
T_world_lidar: 
  0.981479 0.00700966  -0.191443 -0.0199277
 -0.011366   0.999701 -0.0216665   0.015535
  0.191234  0.0234411   0.981265  -0.163555
         0          0          0          1
v_world_imu: -0.0454237   -0.11805    0.76512
frame_1606
id: 1606
stamp: 1757574321.614386797
T_odom_lidar: 
  0.980563  0.0174046  -0.195431 -0.0272059
-0.0210341   0.999642 -0.0165118  0.0211066
  0.195073  0.0203015   0.980579  -0.164062
         0          0          0          1
T_world_lidar: 
  0.980563  0.0174046  -0.195431 -0.0272059
-0.0210341   0.999642 -0.0165118  0.0211066
  0.195073  0.0203015   0.980579  -0.164062
         0          0          0          1
v_world_imu: -0.0454237   -0.11805    0.76512
frame_1607
id: 1607
stamp: 1757574321.644814968
T_odom_lidar: 
    0.97949   0.0341808   -0.198574     -0.0367
 -0.0363701    0.999311 -0.00738683   0.0302191
   0.198185   0.0144575    0.980058   -0.168083
          0           0           0           1
T_world_lidar: 
    0.97949   0.0341808   -0.198574     -0.0367
 -0.0363701    0.999311 -0.00738683   0.0302191
   0.198185   0.0144575    0.980058   -0.168083
          0           0           0           1
v_world_imu: -0.0454237   -0.11805    0.76512
frame_1608
id: 1608
stamp: 1757574321.717554092
T_odom_lidar: 
  0.978866  0.0469037   -0.19905 -0.0463573
-0.0470987   0.998883 0.00375751  0.0478257
  0.199004  0.0056969   0.979982  -0.170985
         0          0          0          1
T_world_lidar: 
  0.978866  0.0469037   -0.19905 -0.0463573
-0.0470987   0.998883 0.00375751  0.0478257
  0.199004  0.0056969   0.979982  -0.170985
         0          0          0          1
v_world_imu: -0.0454237   -0.11805    0.76512
frame_1609
id: 1609
stamp: 1757574321.753542185
T_odom_lidar: 
   0.979324   0.0488215    -0.19632  -0.0791477
  -0.047132    0.998801   0.0132715   0.0439393
   0.196733 -0.00374408     0.98045    -0.17338
          0           0           0           1
T_world_lidar: 
   0.979324   0.0488215    -0.19632  -0.0791477
  -0.047132    0.998801   0.0132715   0.0439393
   0.196733 -0.00374408     0.98045    -0.17338
          0           0           0           1
v_world_imu: -0.0454237   -0.11805    0.76512
frame_1610
id: 1610
stamp: 1757574321.828009844
T_odom_lidar: 
  0.978586  0.0559658  -0.198083  -0.109172
-0.0516449   0.998303  0.0269172  0.0461734
  0.199253 -0.0161108   0.979816  -0.178322
         0          0          0          1
T_world_lidar: 
  0.978586  0.0559658  -0.198083  -0.109172
-0.0516449   0.998303  0.0269172  0.0461734
  0.199253 -0.0161108   0.979816  -0.178322
         0          0          0          1
v_world_imu: -0.0454237   -0.11805    0.76512
frame_1611
id: 1611
stamp: 1757574321.860195398
T_odom_lidar: 
  0.977849  0.0615715  -0.200053  -0.123242
-0.0560166   0.997874  0.0333156  0.0418822
  0.201679 -0.0213713   0.979219  -0.179078
         0          0          0          1
T_world_lidar: 
  0.977849  0.0615715  -0.200053  -0.123242
-0.0560166   0.997874  0.0333156  0.0418822
  0.201679 -0.0213713   0.979219  -0.179078
         0          0          0          1
v_world_imu: -0.0454237   -0.11805    0.76512
frame_1612
id: 1612
stamp: 1757574321.931518078
T_odom_lidar: 
  0.977369  0.0657503  -0.201065  -0.133723
-0.0602405   0.997625  0.0334068  0.0403569
  0.202784 -0.0205385   0.979008  -0.180959
         0          0          0          1
T_world_lidar: 
  0.977369  0.0657503  -0.201065  -0.133723
-0.0602405   0.997625  0.0334068  0.0403569
  0.202784 -0.0205385   0.979008  -0.180959
         0          0          0          1
v_world_imu: -0.0454237   -0.11805    0.76512
frame_1613
id: 1613
stamp: 1757574321.969656229
T_odom_lidar: 
  0.977527  0.0658051  -0.200276  -0.131188
-0.0607078   0.997659  0.0314945  0.0367597
  0.201879 -0.0186284   0.979233  -0.179376
         0          0          0          1
T_world_lidar: 
  0.977527  0.0658051  -0.200276  -0.131188
-0.0607078   0.997659  0.0314945  0.0367597
  0.201879 -0.0186284   0.979233  -0.179376
         0          0          0          1
v_world_imu: -0.0454237   -0.11805    0.76512
frame_1614
id: 1614
stamp: 1757574322.048128366
T_odom_lidar: 
  0.977108  0.0629267  -0.203224  -0.115431
-0.0572912   0.997795  0.0335014  0.0476981
  0.204884 -0.0210915   0.978559  -0.217214
         0          0          0          1
T_world_lidar: 
  0.977108  0.0629267  -0.203224  -0.115431
-0.0572912   0.997795  0.0335014  0.0476981
  0.204884 -0.0210915   0.978559  -0.217214
         0          0          0          1
v_world_imu: -0.0454237   -0.11805    0.76512
frame_1615
id: 1615
stamp: 1757574322.084910631
T_odom_lidar: 
  0.977256  0.0626937  -0.202582  -0.117162
-0.0576492   0.997864  0.0307124  0.0453475
  0.204074 -0.0183352   0.978784  -0.218044
         0          0          0          1
T_world_lidar: 
  0.977256  0.0626937  -0.202582  -0.117162
-0.0576492   0.997864  0.0307124  0.0453475
  0.204074 -0.0183352   0.978784  -0.218044
         0          0          0          1
v_world_imu: -0.0454237   -0.11805    0.76512
frame_1616
id: 1616
stamp: 1757574322.154833078
T_odom_lidar: 
   0.977751   0.0598814   -0.201042   -0.106266
 -0.0566996    0.998159   0.0215533   0.0344208
   0.201962 -0.00967482    0.979346   -0.213438
          0           0           0           1
T_world_lidar: 
   0.977751   0.0598814   -0.201042   -0.106266
 -0.0566996    0.998159   0.0215533   0.0344208
   0.201962 -0.00967482    0.979346   -0.213438
          0           0           0           1
v_world_imu: -0.0454237   -0.11805    0.76512
frame_1617
id: 1617
stamp: 1757574322.181579351
T_odom_lidar: 
  0.978446  0.0599108  -0.197621  -0.105094
-0.0571505   0.998172  0.0196468  0.0362758
  0.198437 -0.0079292   0.980082  -0.203817
         0          0          0          1
T_world_lidar: 
  0.978446  0.0599108  -0.197621  -0.105094
-0.0571505   0.998172  0.0196468  0.0362758
  0.198437 -0.0079292   0.980082  -0.203817
         0          0          0          1
v_world_imu: -0.0454237   -0.11805    0.76512
frame_1618
id: 1618
stamp: 1757574322.254559994
T_odom_lidar: 
  0.979628   0.057781  -0.192328 -0.0925504
-0.0547301   0.998277  0.0211426  0.0352208
  0.193219 -0.0101857   0.981103  -0.188522
         0          0          0          1
T_world_lidar: 
  0.979628   0.057781  -0.192328 -0.0925504
-0.0547301   0.998277  0.0211426  0.0352208
  0.193219 -0.0101857   0.981103  -0.188522
         0          0          0          1
v_world_imu: -0.0454237   -0.11805    0.76512
frame_1619
id: 1619
stamp: 1757574322.293517113
T_odom_lidar: 
    0.97939   0.0505819   -0.195544  -0.0712159
 -0.0483751      0.9987   0.0160481   0.0376809
   0.196101 -0.00625787    0.980564   -0.188595
          0           0           0           1
T_world_lidar: 
    0.97939   0.0505819   -0.195544  -0.0712159
 -0.0483751      0.9987   0.0160481   0.0376809
   0.196101 -0.00625787    0.980564   -0.188595
          0           0           0           1
v_world_imu: -0.0454237   -0.11805    0.76512
frame_1620
id: 1620
stamp: 1757574322.367472887
T_odom_lidar: 
   0.981285   0.0388229   -0.188609  -0.0516157
 -0.0375895    0.999242   0.0101134   0.0146533
   0.188858 -0.00283444       0.982   -0.168425
          0           0           0           1
T_world_lidar: 
   0.981285   0.0388229   -0.188609  -0.0516157
 -0.0375895    0.999242   0.0101134   0.0146533
   0.188858 -0.00283444       0.982   -0.168425
          0           0           0           1
v_world_imu: -0.0454237   -0.11805    0.76512
frame_1621
id: 1621
stamp: 1757574322.399047613
T_odom_lidar: 
   0.982373   0.0266229   -0.185025  -0.0438094
 -0.0278827    0.999602 -0.00420938  0.00195488
   0.184839  0.00929417    0.982725   -0.159275
          0           0           0           1
T_world_lidar: 
   0.982373   0.0266229   -0.185025  -0.0438094
 -0.0278827    0.999602 -0.00420938  0.00195488
   0.184839  0.00929417    0.982725   -0.159275
          0           0           0           1
v_world_imu: -0.0454237   -0.11805    0.76512
frame_1622
id: 1622
stamp: 1757574322.474951506
T_odom_lidar: 
   0.982212    0.022172   -0.186461  -0.0424657
 -0.0253802    0.999568  -0.0148362 -0.00916613
   0.186052   0.0193048     0.98235   -0.162107
          0           0           0           1
T_world_lidar: 
   0.982212    0.022172   -0.186461  -0.0424657
 -0.0253802    0.999568  -0.0148362 -0.00916613
   0.186052   0.0193048     0.98235   -0.162107
          0           0           0           1
v_world_imu: -0.0454237   -0.11805    0.76512
frame_1623
id: 1623
stamp: 1757574322.508736610
T_odom_lidar: 
  0.981436  0.0267971  -0.189907 -0.0445646
-0.0305436   0.999392 -0.0168286 0.00109824
   0.18934  0.0223166   0.981658  -0.168131
         0          0          0          1
T_world_lidar: 
  0.981436  0.0267971  -0.189907 -0.0445646
-0.0305436   0.999392 -0.0168286 0.00109824
   0.18934  0.0223166   0.981658  -0.168131
         0          0          0          1
v_world_imu: -0.0454237   -0.11805    0.76512
frame_1624
id: 1624
stamp: 1757574322.580889225
T_odom_lidar: 
  0.981142  0.0378102  -0.189554 -0.0382126
 -0.041227    0.99905 -0.0141138  0.0255945
   0.18884  0.0216623   0.981769   -0.15815
         0          0          0          1
T_world_lidar: 
  0.981142  0.0378102  -0.189554 -0.0382126
 -0.041227    0.99905 -0.0141138  0.0255945
   0.18884  0.0216623   0.981769   -0.15815
         0          0          0          1
v_world_imu: -0.0454237   -0.11805    0.76512
frame_1625
id: 1625
stamp: 1757574322.614888191
T_odom_lidar: 
    0.98062   0.0477927   -0.189999  -0.0509764
 -0.0493101    0.998778 -0.00326385    0.038527
   0.189611   0.0125695    0.981779   -0.158065
          0           0           0           1
T_world_lidar: 
    0.98062   0.0477927   -0.189999  -0.0509764
 -0.0493101    0.998778 -0.00326385    0.038527
   0.189611   0.0125695    0.981779   -0.158065
          0           0           0           1
v_world_imu: -0.0454237   -0.11805    0.76512
frame_1626
id: 1626
stamp: 1757574322.690675974
T_odom_lidar: 
  0.980657  0.0469392  -0.190024 -0.0519628
-0.0463938   0.998896 0.00732008  0.0432112
  0.190158 0.00163745   0.981752  -0.159011
         0          0          0          1
T_world_lidar: 
  0.980657  0.0469392  -0.190024 -0.0519628
-0.0463938   0.998896 0.00732008  0.0432112
  0.190158 0.00163745   0.981752  -0.159011
         0          0          0          1
v_world_imu: -0.0454237   -0.11805    0.76512
frame_1627
id: 1627
stamp: 1757574322.723645687
T_odom_lidar: 
   0.980266   0.0416613   -0.193241  -0.0594045
 -0.0395572    0.999109   0.0147354   0.0420614
   0.193683 -0.00680056    0.981041   -0.163894
          0           0           0           1
T_world_lidar: 
   0.980266   0.0416613   -0.193241  -0.0594045
 -0.0395572    0.999109   0.0147354   0.0420614
   0.193683 -0.00680056    0.981041   -0.163894
          0           0           0           1
v_world_imu: -0.0454237   -0.11805    0.76512
frame_1628
id: 1628
stamp: 1757574322.796671152
T_odom_lidar: 
  0.979545  0.0489001  -0.195195 -0.0787355
-0.0449642   0.998687  0.0245468   0.050476
  0.196139 -0.0152679   0.980457  -0.171834
         0          0          0          1
T_world_lidar: 
  0.979545  0.0489001  -0.195195 -0.0787355
-0.0449642   0.998687  0.0245468   0.050476
  0.196139 -0.0152679   0.980457  -0.171834
         0          0          0          1
v_world_imu: -0.0454237   -0.11805    0.76512
frame_1629
id: 1629
stamp: 1757574322.828343391
T_odom_lidar: 
  0.978667  0.0539589  -0.198241 -0.0776522
-0.0491174   0.998364  0.0292626  0.0559019
  0.199496 -0.0189013   0.979716   -0.18824
         0          0          0          1
T_world_lidar: 
  0.978667  0.0539589  -0.198241 -0.0776522
-0.0491174   0.998364  0.0292626  0.0559019
  0.199496 -0.0189013   0.979716   -0.18824
         0          0          0          1
v_world_imu: -0.0454237   -0.11805    0.76512
frame_1630
id: 1630
stamp: 1757574322.896883488
T_odom_lidar: 
  0.978069  0.0569936  -0.200329 -0.0869112
-0.0514613   0.998139  0.0327197  0.0533981
  0.201821  -0.021693   0.979182  -0.197678
         0          0          0          1
T_world_lidar: 
  0.978069  0.0569936  -0.200329 -0.0869112
-0.0514613   0.998139  0.0327197  0.0533981
  0.201821  -0.021693   0.979182  -0.197678
         0          0          0          1
v_world_imu: -0.0454237   -0.11805    0.76512
frame_1631
id: 1631
stamp: 1757574322.927672863
T_odom_lidar: 
  0.977979  0.0557776  -0.201113 -0.0857211
-0.0505813   0.998242  0.0308888  0.0459499
  0.202482  -0.020036   0.979081  -0.197173
         0          0          0          1
T_world_lidar: 
  0.977979  0.0557776  -0.201113 -0.0857211
-0.0505813   0.998242  0.0308888  0.0459499
  0.202482  -0.020036   0.979081  -0.197173
         0          0          0          1
v_world_imu: -0.0454237   -0.11805    0.76512
frame_1632
id: 1632
stamp: 1757574323.000818014
T_odom_lidar: 
  0.978335  0.0539181  -0.199881 -0.0767512
-0.0495187    0.99841  0.0269482   0.042086
  0.201017 -0.0164665   0.979449  -0.193383
         0          0          0          1
T_world_lidar: 
  0.978335  0.0539181  -0.199881 -0.0767512
-0.0495187    0.99841  0.0269482   0.042086
  0.201017 -0.0164665   0.979449  -0.193383
         0          0          0          1
v_world_imu: -0.0454237   -0.11805    0.76512
frame_1633
id: 1633
stamp: 1757574323.034368515
T_odom_lidar: 
  0.978959  0.0523353   -0.19723 -0.0698952
-0.0485618   0.998534   0.023924  0.0400911
  0.198193 -0.0138428   0.980065  -0.186463
         0          0          0          1
T_world_lidar: 
  0.978959  0.0523353   -0.19723 -0.0698952
-0.0485618   0.998534   0.023924  0.0400911
  0.198193 -0.0138428   0.980065  -0.186463
         0          0          0          1
v_world_imu: -0.0454237   -0.11805    0.76512
frame_1634
id: 1634
stamp: 1757574323.111470938
T_odom_lidar: 
   0.977772   0.0482021   -0.204055  -0.0407502
 -0.0456825    0.998811   0.0170431   0.0301113
   0.204634 -0.00734251    0.978811    -0.20273
          0           0           0           1
T_world_lidar: 
   0.977772   0.0482021   -0.204055  -0.0407502
 -0.0456825    0.998811   0.0170431   0.0301113
   0.204634 -0.00734251    0.978811    -0.20273
          0           0           0           1
v_world_imu: -0.0454237   -0.11805    0.76512
frame_1635
id: 1635
stamp: 1757574323.148825645
T_odom_lidar: 
   0.978997   0.0464608   -0.198508  -0.0379115
 -0.0446065    0.998909   0.0138056   0.0297336
   0.198933 -0.00466095    0.980002   -0.192068
          0           0           0           1
T_world_lidar: 
   0.978997   0.0464608   -0.198508  -0.0379115
 -0.0446065    0.998909   0.0138056   0.0297336
   0.198933 -0.00466095    0.980002   -0.192068
          0           0           0           1
v_world_imu: -0.0454237   -0.11805    0.76512
frame_1636
id: 1636
stamp: 1757574323.223743200
T_odom_lidar: 
   0.979897   0.0464301   -0.194026  -0.0330021
 -0.0442952    0.998901   0.0153297   0.0362367
   0.194524 -0.00642717    0.980877   -0.182148
          0           0           0           1
T_world_lidar: 
   0.979897   0.0464301   -0.194026  -0.0330021
 -0.0442952    0.998901   0.0153297   0.0362367
   0.194524 -0.00642717    0.980877   -0.182148
          0           0           0           1
v_world_imu: -0.0454237   -0.11805    0.76512
frame_1637
id: 1637
stamp: 1757574323.257157803
T_odom_lidar: 
  0.980289  0.0475216  -0.191768 -0.0414581
 -0.044604   0.998814  0.0195054  0.0387532
  0.192468 -0.0105673   0.981246   -0.17826
         0          0          0          1
T_world_lidar: 
  0.980289  0.0475216  -0.191768 -0.0414581
 -0.044604   0.998814  0.0195054  0.0387532
  0.192468 -0.0105673   0.981246   -0.17826
         0          0          0          1
v_world_imu: -0.0454237   -0.11805    0.76512
frame_1638
id: 1638
stamp: 1757574323.327015638
T_odom_lidar: 
    0.9804  0.0493628  -0.190734 -0.0422205
-0.0454024   0.998654  0.0250813  0.0451413
  0.191716 -0.0159299   0.981321  -0.177989
         0          0          0          1
T_world_lidar: 
    0.9804  0.0493628  -0.190734 -0.0422205
-0.0454024   0.998654  0.0250813  0.0451413
  0.191716 -0.0159299   0.981321  -0.177989
         0          0          0          1
v_world_imu: -0.0454237   -0.11805    0.76512
frame_1639
id: 1639
stamp: 1757574323.360713005
T_odom_lidar: 
  0.980913  0.0519794  -0.187369 -0.0467998
-0.0471382   0.998432  0.0302041  0.0505142
  0.188645 -0.0207953   0.981825  -0.171096
         0          0          0          1
T_world_lidar: 
  0.980913  0.0519794  -0.187369 -0.0467998
-0.0471382   0.998432  0.0302041  0.0505142
  0.188645 -0.0207953   0.981825  -0.171096
         0          0          0          1
v_world_imu: -0.0454237   -0.11805    0.76512
frame_1640
id: 1640
stamp: 1757574323.432682514
T_odom_lidar: 
  0.980762  0.0531631  -0.187831 -0.0448591
-0.0484487   0.998387  0.0296047  0.0512868
  0.189102  -0.019935   0.981755  -0.171189
         0          0          0          1
T_world_lidar: 
  0.980762  0.0531631  -0.187831 -0.0448591
-0.0484487   0.998387  0.0296047  0.0512868
  0.189102  -0.019935   0.981755  -0.171189
         0          0          0          1
v_world_imu: -0.0454237   -0.11805    0.76512
frame_1641
id: 1641
stamp: 1757574323.466096401
T_odom_lidar: 
  0.980469   0.052153  -0.189631   -0.04638
-0.0486536   0.998549  0.0230658  0.0416293
  0.190559 -0.0133891   0.981585  -0.172226
         0          0          0          1
T_world_lidar: 
  0.980469   0.052153  -0.189631   -0.04638
-0.0486536   0.998549  0.0230658  0.0416293
  0.190559 -0.0133891   0.981585  -0.172226
         0          0          0          1
v_world_imu: -0.0454237   -0.11805    0.76512
frame_1642
id: 1642
stamp: 1757574323.539659977
T_odom_lidar: 
   0.980581    0.050684   -0.189451  -0.0382153
 -0.0487872    0.998702   0.0146653   0.0347891
   0.189948 -0.00513776    0.981781    -0.16521
          0           0           0           1
T_world_lidar: 
   0.980581    0.050684   -0.189451  -0.0382153
 -0.0487872    0.998702   0.0146653   0.0347891
   0.189948 -0.00513776    0.981781    -0.16521
          0           0           0           1
v_world_imu: -0.0454237   -0.11805    0.76512
frame_1643
id: 1643
stamp: 1757574323.574395895
T_odom_lidar: 
  0.980619  0.0497425  -0.189507 -0.0382055
-0.0490851   0.998761 0.00816349  0.0333971
  0.189678 0.00129669   0.981845  -0.161237
         0          0          0          1
T_world_lidar: 
  0.980619  0.0497425  -0.189507 -0.0382055
-0.0490851   0.998761 0.00816349  0.0333971
  0.189678 0.00129669   0.981845  -0.161237
         0          0          0          1
v_world_imu: -0.0454237   -0.11805    0.76512
frame_1644
id: 1644
stamp: 1757574323.647626877
T_odom_lidar: 
  0.980023  0.0468907  -0.193278 -0.0493755
-0.0470804   0.998885 0.00361385  0.0245705
  0.193231 0.00555793   0.981137  -0.159846
         0          0          0          1
T_world_lidar: 
  0.980023  0.0468907  -0.193278 -0.0493755
-0.0470804   0.998885 0.00361385  0.0245705
  0.193231 0.00555793   0.981137  -0.159846
         0          0          0          1
v_world_imu: -0.0454237   -0.11805    0.76512
frame_1645
id: 1645
stamp: 1757574323.683099270
T_odom_lidar: 
  0.979889  0.0466236  -0.194018 -0.0529106
-0.0470912   0.998888 0.00220388  0.0281594
  0.193905 0.00697697   0.980996  -0.160693
         0          0          0          1
T_world_lidar: 
  0.979889  0.0466236  -0.194018 -0.0529106
-0.0470912   0.998888 0.00220388  0.0281594
  0.193905 0.00697697   0.980996  -0.160693
         0          0          0          1
v_world_imu: -0.0454237   -0.11805    0.76512
frame_1646
id: 1646
stamp: 1757574323.758789778
T_odom_lidar: 
  0.979888  0.0471119  -0.193907 -0.0508775
-0.0475016   0.998868 0.00264164  0.0309252
  0.193812 0.00662237   0.981016   -0.16002
         0          0          0          1
T_world_lidar: 
  0.979888  0.0471119  -0.193907 -0.0508775
-0.0475016   0.998868 0.00264164  0.0309252
  0.193812 0.00662237   0.981016   -0.16002
         0          0          0          1
v_world_imu: -0.0454237   -0.11805    0.76512
frame_1647
id: 1647
stamp: 1757574323.798023224
T_odom_lidar: 
   0.97989  0.0468636  -0.193956 -0.0525146
-0.0470287   0.998886  0.0037555  0.0322314
  0.193916 0.00544151   0.981003  -0.162099
         0          0          0          1
T_world_lidar: 
   0.97989  0.0468636  -0.193956 -0.0525146
-0.0470287   0.998886  0.0037555  0.0322314
  0.193916 0.00544151   0.981003  -0.162099
         0          0          0          1
v_world_imu: -0.0454237   -0.11805    0.76512
frame_1648
id: 1648
stamp: 1757574323.872688293
T_odom_lidar: 
  0.979744  0.0467717  -0.194716 -0.0525441
-0.0465473     0.9989  0.0057306  0.0334298
   0.19477   0.003449   0.980843  -0.163547
         0          0          0          1
T_world_lidar: 
  0.979744  0.0467717  -0.194716 -0.0525441
-0.0465473     0.9989  0.0057306  0.0334298
   0.19477   0.003449   0.980843  -0.163547
         0          0          0          1
v_world_imu: -0.0454237   -0.11805    0.76512
frame_1649
id: 1649
stamp: 1757574323.913092852
T_odom_lidar: 
   0.979476   0.0485876   -0.195618  -0.0504855
 -0.0472443    0.998817   0.0115298   0.0427742
   0.195947 -0.00205137    0.980612   -0.178921
          0           0           0           1
T_world_lidar: 
   0.979476   0.0485876   -0.195618  -0.0504855
 -0.0472443    0.998817   0.0115298   0.0427742
   0.195947 -0.00205137    0.980612   -0.178921
          0           0           0           1
v_world_imu: -0.0454237   -0.11805    0.76512
frame_1650
id: 1650
stamp: 1757574323.991427660
T_odom_lidar: 
   0.979137   0.0490148   -0.197202  -0.0503833
 -0.0469311    0.998782   0.0152289   0.0445405
   0.197708 -0.00565627    0.980245   -0.185831
          0           0           0           1
T_world_lidar: 
   0.979137   0.0490148   -0.197202  -0.0503833
 -0.0469311    0.998782   0.0152289   0.0445405
   0.197708 -0.00565627    0.980245   -0.185831
          0           0           0           1
v_world_imu: -0.0454237   -0.11805    0.76512
frame_1651
id: 1651
stamp: 1757574324.021125793
T_odom_lidar: 
  0.978947   0.048689  -0.198224 -0.0523036
-0.0470801   0.998809  0.0128243  0.0383277
  0.198613 -0.0032219   0.980073  -0.186011
         0          0          0          1
T_world_lidar: 
  0.978947   0.048689  -0.198224 -0.0523036
-0.0470801   0.998809  0.0128243  0.0383277
  0.198613 -0.0032219   0.980073  -0.186011
         0          0          0          1
v_world_imu: -0.0454237   -0.11805    0.76512
frame_1652
id: 1652
stamp: 1757574324.096477985
T_odom_lidar: 
   0.980177   0.0412978   -0.193771  -0.0547829
 -0.0395887    0.999136   0.0126861   0.0269589
   0.194127 -0.00476345    0.980965   -0.175541
          0           0           0           1
T_world_lidar: 
   0.980177   0.0412978   -0.193771  -0.0547829
 -0.0395887    0.999136   0.0126861   0.0269589
   0.194127 -0.00476345    0.980965   -0.175541
          0           0           0           1
v_world_imu: -0.0454237   -0.11805    0.76512
frame_1653
id: 1653
stamp: 1757574324.127722025
T_odom_lidar: 
  0.981926  0.0250549  -0.187598 -0.0481176
-0.0252508    0.99968  0.0013461  0.0121194
  0.187572 0.00341523   0.982245  -0.158103
         0          0          0          1
T_world_lidar: 
  0.981926  0.0250549  -0.187598 -0.0481176
-0.0252508    0.99968  0.0013461  0.0121194
  0.187572 0.00341523   0.982245  -0.158103
         0          0          0          1
v_world_imu: -0.0454237   -0.11805    0.76512
frame_1654
id: 1654
stamp: 1757574324.202109098
T_odom_lidar: 
   0.983293  0.00774016   -0.181867  -0.0384194
-0.00961393    0.999909 -0.00942367 -0.00294433
   0.181777   0.0110147    0.983278   -0.132463
          0           0           0           1
T_world_lidar: 
   0.983293  0.00774016   -0.181867  -0.0384194
-0.00961393    0.999909 -0.00942367 -0.00294433
   0.181777   0.0110147    0.983278   -0.132463
          0           0           0           1
v_world_imu: -0.0454237   -0.11805    0.76512
frame_1655
id: 1655
stamp: 1757574324.234103441
T_odom_lidar: 
    0.98441 -0.00326355    -0.17586  -0.0339156
 0.00119106    0.999929  -0.0118892 -0.00150924
   0.175886   0.0114944    0.984343   -0.122949
          0           0           0           1
T_world_lidar: 
    0.98441 -0.00326355    -0.17586  -0.0339156
 0.00119106    0.999929  -0.0118892 -0.00150924
   0.175886   0.0114944    0.984343   -0.122949
          0           0           0           1
v_world_imu: -0.0454237   -0.11805    0.76512
frame_1656
id: 1656
stamp: 1757574324.312224627
T_odom_lidar: 
   0.985805 -0.00645677   -0.167772  -0.0257056
   0.003744    0.999857  -0.0164807  0.00109754
   0.167854   0.0156186    0.985688   -0.111314
          0           0           0           1
T_world_lidar: 
   0.985805 -0.00645677   -0.167772  -0.0257056
   0.003744    0.999857  -0.0164807  0.00109754
   0.167854   0.0156186    0.985688   -0.111314
          0           0           0           1
v_world_imu: -0.0454237   -0.11805    0.76512
frame_1657
id: 1657
stamp: 1757574324.346488237
T_odom_lidar: 
   0.985066  0.00602518   -0.172074  -0.0319107
-0.00881677    0.999842  -0.0154635   0.0148417
   0.171954   0.0167497    0.984963   -0.117996
          0           0           0           1
T_world_lidar: 
   0.985066  0.00602518   -0.172074  -0.0319107
-0.00881677    0.999842  -0.0154635   0.0148417
   0.171954   0.0167497    0.984963   -0.117996
          0           0           0           1
v_world_imu: -0.0454237   -0.11805    0.76512
frame_1658
id: 1658
stamp: 1757574324.414011478
T_odom_lidar: 
  0.982978  0.0230594  -0.182272 -0.0533032
-0.0255061   0.999613 -0.0110902  0.0271455
  0.181946  0.0155505   0.983186   -0.13067
         0          0          0          1
T_world_lidar: 
  0.982978  0.0230594  -0.182272 -0.0533032
-0.0255061   0.999613 -0.0110902  0.0271455
  0.181946  0.0155505   0.983186   -0.13067
         0          0          0          1
v_world_imu: -0.0454237   -0.11805    0.76512
frame_1659
id: 1659
stamp: 1757574324.449894190
T_odom_lidar: 
   0.980787   0.0425652   -0.190379  -0.0654283
 -0.0437775    0.999039 -0.00216502   0.0407077
   0.190104   0.0104578    0.981708   -0.158326
          0           0           0           1
T_world_lidar: 
   0.980787   0.0425652   -0.190379  -0.0654283
 -0.0437775    0.999039 -0.00216502   0.0407077
   0.190104   0.0104578    0.981708   -0.158326
          0           0           0           1
v_world_imu: -0.0454237   -0.11805    0.76512
frame_1660
id: 1660
stamp: 1757574324.525885582
T_odom_lidar: 
   0.97904  0.0527284  -0.196723 -0.0936268
-0.0519221   0.998608 0.00925749   0.046182
  0.196937 0.00115083   0.980415  -0.163163
         0          0          0          1
T_world_lidar: 
   0.97904  0.0527284  -0.196723 -0.0936268
-0.0519221   0.998608 0.00925749   0.046182
  0.196937 0.00115083   0.980415  -0.163163
         0          0          0          1
v_world_imu: -0.0454237   -0.11805    0.76512
frame_1661
id: 1661
stamp: 1757574324.557582140
T_odom_lidar: 
    0.978234    0.0557318    -0.199878   -0.0919664
   -0.054417     0.998445    0.0120703      0.03981
     0.20024 -0.000930789     0.979746     -0.16656
           0            0            0            1
T_world_lidar: 
    0.978234    0.0557318    -0.199878   -0.0919664
   -0.054417     0.998445    0.0120703      0.03981
     0.20024 -0.000930789     0.979746     -0.16656
           0            0            0            1
v_world_imu: -0.0454237   -0.11805    0.76512
frame_1662
id: 1662
stamp: 1757574324.636639833
T_odom_lidar: 
  0.977918  0.0582446   -0.20071 -0.0954102
-0.0573188   0.998301   0.010426  0.0431695
  0.200977 0.00130874   0.979595  -0.169186
         0          0          0          1
T_world_lidar: 
  0.977918  0.0582446   -0.20071 -0.0954102
-0.0573188   0.998301   0.010426  0.0431695
  0.200977 0.00130874   0.979595  -0.169186
         0          0          0          1
v_world_imu: -0.0454237   -0.11805    0.76512
frame_1663
id: 1663
stamp: 1757574324.671656132
T_odom_lidar: 
  0.977738  0.0595132  -0.201212 -0.0937765
-0.0592071   0.998217 0.00754484  0.0418224
  0.201302 0.00453627   0.979519  -0.170895
         0          0          0          1
T_world_lidar: 
  0.977738  0.0595132  -0.201212 -0.0937765
-0.0592071   0.998217 0.00754484  0.0418224
  0.201302 0.00453627   0.979519  -0.170895
         0          0          0          1
v_world_imu: -0.0454237   -0.11805    0.76512
frame_1664
id: 1664
stamp: 1757574324.744033337
T_odom_lidar: 
  0.978154  0.0565148   -0.20005  -0.113408
-0.0559619   0.998397 0.00842217  0.0387855
  0.200205 0.00295696    0.97975  -0.170594
         0          0          0          1
T_world_lidar: 
  0.978154  0.0565148   -0.20005  -0.113408
-0.0559619   0.998397 0.00842217  0.0387855
  0.200205 0.00295696    0.97975  -0.170594
         0          0          0          1
v_world_imu: -0.0454237   -0.11805    0.76512
frame_1665
id: 1665
stamp: 1757574324.772356510
T_odom_lidar: 
  0.978527   0.054309  -0.198833  -0.112381
-0.0535676   0.998523 0.00911021  0.0341707
  0.199034 0.00173644   0.979991  -0.168374
         0          0          0          1
T_world_lidar: 
  0.978527   0.054309  -0.198833  -0.112381
-0.0535676   0.998523 0.00911021  0.0341707
  0.199034 0.00173644   0.979991  -0.168374
         0          0          0          1
v_world_imu: -0.0454237   -0.11805    0.76512
frame_1666
id: 1666
stamp: 1757574324.838784695
T_odom_lidar: 
    0.979103    0.0479817    -0.197623   -0.0949401
  -0.0468541     0.998848    0.0103802    0.0373895
    0.197894 -0.000903822     0.980223    -0.163887
           0            0            0            1
T_world_lidar: 
    0.979103    0.0479817    -0.197623   -0.0949401
  -0.0468541     0.998848    0.0103802    0.0373895
    0.197894 -0.000903822     0.980223    -0.163887
           0            0            0            1
v_world_imu: -0.0454237   -0.11805    0.76512
frame_1667
id: 1667
stamp: 1757574324.872689009
T_odom_lidar: 
   0.979441   0.0441871   -0.196832  -0.0855227
 -0.0427669    0.999019   0.0114621   0.0343284
   0.197145 -0.00280859     0.98037   -0.160828
          0           0           0           1
T_world_lidar: 
   0.979441   0.0441871   -0.196832  -0.0855227
 -0.0427669    0.999019   0.0114621   0.0343284
   0.197145 -0.00280859     0.98037   -0.160828
          0           0           0           1
v_world_imu: -0.0454237   -0.11805    0.76512
frame_1668
id: 1668
stamp: 1757574324.951099873
T_odom_lidar: 
   0.979769   0.0416385   -0.195751  -0.0747211
 -0.0390368    0.999091   0.0171321   0.0352853
   0.196286 -0.00914399    0.980504   -0.160042
          0           0           0           1
T_world_lidar: 
   0.979769   0.0416385   -0.195751  -0.0747211
 -0.0390368    0.999091   0.0171321   0.0352853
   0.196286 -0.00914399    0.980504   -0.160042
          0           0           0           1
v_world_imu: -0.0454237   -0.11805    0.76512
frame_1669
id: 1669
stamp: 1757574324.981944799
T_odom_lidar: 
  0.979475  0.0424515  -0.197045 -0.0754984
-0.0390683   0.999015  0.0210271  0.0189087
  0.197744 -0.0128973   0.980169  -0.179652
         0          0          0          1
T_world_lidar: 
  0.979475  0.0424515  -0.197045 -0.0754984
-0.0390683   0.999015  0.0210271  0.0189087
  0.197744 -0.0128973   0.980169  -0.179652
         0          0          0          1
v_world_imu: -0.0454237   -0.11805    0.76512
frame_1670
id: 1670
stamp: 1757574325.055593252
T_odom_lidar: 
  0.979913  0.0442566  -0.194453 -0.0758737
-0.0392184    0.99879  0.0296854  0.0238317
  0.195531  -0.021463   0.980463  -0.180482
         0          0          0          1
T_world_lidar: 
  0.979913  0.0442566  -0.194453 -0.0758737
-0.0392184    0.99879  0.0296854  0.0238317
  0.195531  -0.021463   0.980463  -0.180482
         0          0          0          1
v_world_imu: -0.0454237   -0.11805    0.76512
frame_1671
id: 1671
stamp: 1757574325.089582443
T_odom_lidar: 
  0.980712  0.0511188  -0.188656 -0.0845902
-0.0449926   0.998316  0.0366166  0.0249482
   0.19021 -0.0274222    0.98136  -0.180697
         0          0          0          1
T_world_lidar: 
  0.980712  0.0511188  -0.188656 -0.0845902
-0.0449926   0.998316  0.0366166  0.0249482
   0.19021 -0.0274222    0.98136  -0.180697
         0          0          0          1
v_world_imu: -0.0454237   -0.11805    0.76512
frame_1672
id: 1672
stamp: 1757574325.160072803
T_odom_lidar: 
  0.981255  0.0515623  -0.185687 -0.0811029
-0.0439704   0.998029  0.0447768  0.0298558
   0.18763 -0.0357727   0.981588  -0.179712
         0          0          0          1
T_world_lidar: 
  0.981255  0.0515623  -0.185687 -0.0811029
-0.0439704   0.998029  0.0447768  0.0298558
   0.18763 -0.0357727   0.981588  -0.179712
         0          0          0          1
v_world_imu: -0.0454237   -0.11805    0.76512
frame_1673
id: 1673
stamp: 1757574325.191231966
T_odom_lidar: 
  0.982124    0.05187  -0.180947 -0.0831072
 -0.043507   0.997807  0.0498874  0.0264883
  0.183137 -0.0411232   0.982227  -0.176878
         0          0          0          1
T_world_lidar: 
  0.982124    0.05187  -0.180947 -0.0831072
 -0.043507   0.997807  0.0498874  0.0264883
  0.183137 -0.0411232   0.982227  -0.176878
         0          0          0          1
v_world_imu: -0.0454237   -0.11805    0.76512
frame_1674
id: 1674
stamp: 1757574325.260517597
T_odom_lidar: 
  0.982067  0.0484485  -0.182199 -0.0438275
-0.0408236   0.998136  0.0453714  0.0507022
  0.184058 -0.0371198   0.982214  -0.171572
         0          0          0          1
T_world_lidar: 
  0.982067  0.0484485  -0.182199 -0.0438275
-0.0408236   0.998136  0.0453714  0.0507022
  0.184058 -0.0371198   0.982214  -0.171572
         0          0          0          1
v_world_imu: -0.0454237   -0.11805    0.76512
frame_1675
id: 1675
stamp: 1757574325.293693066
T_odom_lidar: 
   0.98069  0.0567934   -0.18714 -0.0447872
-0.0514008   0.998114  0.0335472  0.0411429
  0.188692 -0.0232802    0.98176  -0.179088
         0          0          0          1
T_world_lidar: 
   0.98069  0.0567934   -0.18714 -0.0447872
-0.0514008   0.998114  0.0335472  0.0411429
  0.188692 -0.0232802    0.98176  -0.179088
         0          0          0          1
v_world_imu: -0.0454237   -0.11805    0.76512
frame_1676
id: 1676
stamp: 1757574325.367699146
T_odom_lidar: 
   0.979716   0.0652576   -0.189468  -0.0533425
 -0.0634993    0.997864   0.0153428   0.0277842
   0.190064 -0.00300052    0.981767   -0.180117
          0           0           0           1
T_world_lidar: 
   0.979716   0.0652576   -0.189468  -0.0533425
 -0.0634993    0.997864   0.0153428   0.0277842
   0.190064 -0.00300052    0.981767   -0.180117
          0           0           0           1
v_world_imu: -0.0454237   -0.11805    0.76512
frame_1677
id: 1677
stamp: 1757574325.398333788
T_odom_lidar: 
  0.979958  0.0644134  -0.188501 -0.0312987
-0.0649742   0.997882 0.00320938  0.0349886
  0.188309 0.00910266   0.982068  -0.165609
         0          0          0          1
T_world_lidar: 
  0.979958  0.0644134  -0.188501 -0.0312987
-0.0649742   0.997882 0.00320938  0.0349886
  0.188309 0.00910266   0.982068  -0.165609
         0          0          0          1
v_world_imu: -0.0454237   -0.11805    0.76512
frame_1678
id: 1678
stamp: 1757574325.467738628
T_odom_lidar: 
   0.980733   0.0583622   -0.186431  -0.0178749
 -0.0598476    0.998205 -0.00234431   0.0315305
    0.18596   0.0134566    0.982465   -0.156002
          0           0           0           1
T_world_lidar: 
   0.980733   0.0583622   -0.186431  -0.0178749
 -0.0598476    0.998205 -0.00234431   0.0315305
    0.18596   0.0134566    0.982465   -0.156002
          0           0           0           1
v_world_imu: -0.0454237   -0.11805    0.76512
frame_1679
id: 1679
stamp: 1757574325.504816532
T_odom_lidar: 
   0.981428    0.054602   -0.183896  -0.0355122
 -0.0562268    0.998411 -0.00362849    0.030419
   0.183406    0.013901    0.982939   -0.150925
          0           0           0           1
T_world_lidar: 
   0.981428    0.054602   -0.183896  -0.0355122
 -0.0562268    0.998411 -0.00362849    0.030419
   0.183406    0.013901    0.982939   -0.150925
          0           0           0           1
v_world_imu: -0.0454237   -0.11805    0.76512
frame_1680
id: 1680
stamp: 1757574325.576533794
T_odom_lidar: 
   0.981271   0.0520874   -0.185458  -0.0435412
  -0.053237    0.998581 -0.00122053   0.0364992
   0.185131   0.0110709    0.982651   -0.153558
          0           0           0           1
T_world_lidar: 
   0.981271   0.0520874   -0.185458  -0.0435412
  -0.053237    0.998581 -0.00122053   0.0364992
   0.185131   0.0110709    0.982651   -0.153558
          0           0           0           1
v_world_imu: -0.0454237   -0.11805    0.76512
frame_1681
id: 1681
stamp: 1757574325.608390331
T_odom_lidar: 
  0.980886  0.0486992  -0.188393 -0.0502404
-0.0493634    0.99878 0.00116766  0.0438682
   0.18822 0.00815436   0.982093  -0.156758
         0          0          0          1
T_world_lidar: 
  0.980886  0.0486992  -0.188393 -0.0502404
-0.0493634    0.99878 0.00116766  0.0438682
   0.18822 0.00815436   0.982093  -0.156758
         0          0          0          1
v_world_imu: -0.0454237   -0.11805    0.76512
frame_1682
id: 1682
stamp: 1757574325.675480843
T_odom_lidar: 
  0.980787    0.04746  -0.189219 -0.0549447
-0.0474226   0.998864 0.00472804   0.046775
  0.189229 0.00433607   0.981923  -0.157464
         0          0          0          1
T_world_lidar: 
  0.980787    0.04746  -0.189219 -0.0549447
-0.0474226   0.998864 0.00472804   0.046775
  0.189229 0.00433607   0.981923  -0.157464
         0          0          0          1
v_world_imu: -0.0454237   -0.11805    0.76512
frame_1683
id: 1683
stamp: 1757574325.710069895
T_odom_lidar: 
   0.980467   0.0452483   -0.191406  -0.0509897
 -0.0445634    0.998975  0.00788357   0.0425879
   0.191567 0.000800124    0.981479   -0.161692
          0           0           0           1
T_world_lidar: 
   0.980467   0.0452483   -0.191406  -0.0509897
 -0.0445634    0.998975  0.00788357   0.0425879
   0.191567 0.000800124    0.981479   -0.161692
          0           0           0           1
v_world_imu: -0.0454237   -0.11805    0.76512
frame_1684
id: 1684
stamp: 1757574325.783893347
T_odom_lidar: 
     0.98036    0.0469384     -0.19155   -0.0583719
  -0.0458763     0.998897   0.00997833    0.0343688
    0.191807 -0.000994762     0.981432    -0.182358
           0            0            0            1
T_world_lidar: 
     0.98036    0.0469384     -0.19155   -0.0583719
  -0.0458763     0.998897   0.00997833    0.0343688
    0.191807 -0.000994762     0.981432    -0.182358
           0            0            0            1
v_world_imu: -0.0454237   -0.11805    0.76512
frame_1685
id: 1685
stamp: 1757574325.815759897
T_odom_lidar: 
   0.980415   0.0468793   -0.191282  -0.0590085
 -0.0457245    0.998899   0.0104491   0.0357639
   0.191561 -0.00149823     0.98148   -0.185504
          0           0           0           1
T_world_lidar: 
   0.980415   0.0468793   -0.191282  -0.0590085
 -0.0457245    0.998899   0.0104491   0.0357639
   0.191561 -0.00149823     0.98148   -0.185504
          0           0           0           1
v_world_imu: -0.0454237   -0.11805    0.76512
frame_1686
id: 1686
stamp: 1757574325.887285233
T_odom_lidar: 
   0.980573   0.0442492   -0.191099  -0.0617249
 -0.0427382    0.999014   0.0120236   0.0415358
   0.191442 -0.00362284    0.981497   -0.187974
          0           0           0           1
T_world_lidar: 
   0.980573   0.0442492   -0.191099  -0.0617249
 -0.0427382    0.999014   0.0120236   0.0415358
   0.191442 -0.00362284    0.981497   -0.187974
          0           0           0           1
v_world_imu: -0.0454237   -0.11805    0.76512
frame_1687
id: 1687
stamp: 1757574325.915678263
T_odom_lidar: 
   0.980864   0.0427594   -0.189939  -0.0560089
 -0.0412681    0.999078   0.0118014   0.0371025
   0.190269 -0.00373712    0.981725   -0.186433
          0           0           0           1
T_world_lidar: 
   0.980864   0.0427594   -0.189939  -0.0560089
 -0.0412681    0.999078   0.0118014   0.0371025
   0.190269 -0.00373712    0.981725   -0.186433
          0           0           0           1
v_world_imu: -0.0454237   -0.11805    0.76512
frame_1688
id: 1688
stamp: 1757574325.983097076
T_odom_lidar: 
   0.980982   0.0409663   -0.189725  -0.0577605
 -0.0395565    0.999154   0.0112132   0.0350917
   0.190024 -0.00349509    0.981773   -0.187823
          0           0           0           1
T_world_lidar: 
   0.980982   0.0409663   -0.189725  -0.0577605
 -0.0395565    0.999154   0.0112132   0.0350917
   0.190024 -0.00349509    0.981773   -0.187823
          0           0           0           1
v_world_imu: -0.0454237   -0.11805    0.76512
frame_1689
id: 1689
stamp: 1757574326.018228769
T_odom_lidar: 
    0.98185   0.0397548   -0.185446  -0.0615831
 -0.0383437    0.999202    0.011191   0.0415275
   0.185743 -0.00387721    0.982591   -0.179193
          0           0           0           1
T_world_lidar: 
    0.98185   0.0397548   -0.185446  -0.0615831
 -0.0383437    0.999202    0.011191   0.0415275
   0.185743 -0.00387721    0.982591   -0.179193
          0           0           0           1
v_world_imu: -0.0454237   -0.11805    0.76512
frame_1690
id: 1690
stamp: 1757574326.094103336
T_odom_lidar: 
   0.981498    0.037818   -0.187701  -0.0630112
 -0.0364779    0.999278   0.0105902   0.0426879
   0.187967 -0.00354727    0.982169    -0.17653
          0           0           0           1
T_world_lidar: 
   0.981498    0.037818   -0.187701  -0.0630112
 -0.0364779    0.999278   0.0105902   0.0426879
   0.187967 -0.00354727    0.982169    -0.17653
          0           0           0           1
v_world_imu: -0.0454237   -0.11805    0.76512
frame_1691
id: 1691
stamp: 1757574326.124705791
T_odom_lidar: 
   0.981311   0.0338465    -0.18943  -0.0609033
 -0.0326655    0.999423  0.00935436   0.0471933
   0.189638 -0.00299169     0.98185   -0.175181
          0           0           0           1
T_world_lidar: 
   0.981311   0.0338465    -0.18943  -0.0609033
 -0.0326655    0.999423  0.00935436   0.0471933
   0.189638 -0.00299169     0.98185   -0.175181
          0           0           0           1
v_world_imu: -0.0454237   -0.11805    0.76512
frame_1692
id: 1692
stamp: 1757574326.200973988
T_odom_lidar: 
   0.980727   0.0317343   -0.192788  -0.0602982
  -0.030595    0.999492  0.00888427   0.0470603
   0.192972 -0.00281469      0.9812   -0.170653
          0           0           0           1
T_world_lidar: 
   0.980727   0.0317343   -0.192788  -0.0602982
  -0.030595    0.999492  0.00888427   0.0470603
   0.192972 -0.00281469      0.9812   -0.170653
          0           0           0           1
v_world_imu: -0.0454237   -0.11805    0.76512
frame_1693
id: 1693
stamp: 1757574326.239601374
T_odom_lidar: 
    0.97967    0.036928   -0.197188  -0.0610731
 -0.0358086    0.999316  0.00924032   0.0415917
   0.197394 -0.00199143    0.980322   -0.167641
          0           0           0           1
T_world_lidar: 
    0.97967    0.036928   -0.197188  -0.0610731
 -0.0358086    0.999316  0.00924032   0.0415917
   0.197394 -0.00199143    0.980322   -0.167641
          0           0           0           1
v_world_imu: -0.0454237   -0.11805    0.76512
frame_1694
id: 1694
stamp: 1757574326.317205906
T_odom_lidar: 
  0.979743  0.0420262  -0.195799 -0.0662937
-0.0414543   0.999116 0.00701979  0.0365999
  0.195921 0.00123912   0.980619  -0.145623
         0          0          0          1
T_world_lidar: 
  0.979743  0.0420262  -0.195799 -0.0662937
-0.0414543   0.999116 0.00701979  0.0365999
  0.195921 0.00123912   0.980619  -0.145623
         0          0          0          1
v_world_imu: -0.0454237   -0.11805    0.76512
frame_1695
id: 1695
stamp: 1757574326.356863737
T_odom_lidar: 
  0.979838  0.0424229  -0.195237 -0.0618178
-0.0420507   0.999097   0.006053  0.0375191
  0.195318  0.0022789   0.980737   -0.14632
         0          0          0          1
T_world_lidar: 
  0.979838  0.0424229  -0.195237 -0.0618178
-0.0420507   0.999097   0.006053  0.0375191
  0.195318  0.0022789   0.980737   -0.14632
         0          0          0          1
v_world_imu: -0.0454237   -0.11805    0.76512
frame_1696
id: 1696
stamp: 1757574326.431870699
T_odom_lidar: 
  0.979659  0.0451425  -0.195525 -0.0632786
-0.0452079   0.998969 0.00413085   0.029639
   0.19551 0.00479246    0.98069  -0.147543
         0          0          0          1
T_world_lidar: 
  0.979659  0.0451425  -0.195525 -0.0632786
-0.0452079   0.998969 0.00413085   0.029639
   0.19551 0.00479246    0.98069  -0.147543
         0          0          0          1
v_world_imu: -0.0454237   -0.11805    0.76512
frame_1697
id: 1697
stamp: 1757574326.468116999
T_odom_lidar: 
  0.978899  0.0515817  -0.197726 -0.0632305
-0.0524148   0.998625 0.00102177  0.0198123
  0.197507 0.00936355   0.980257  -0.141663
         0          0          0          1
T_world_lidar: 
  0.978899  0.0515817  -0.197726 -0.0632305
-0.0524148   0.998625 0.00102177  0.0198123
  0.197507 0.00936355   0.980257  -0.141663
         0          0          0          1
v_world_imu: -0.0454237   -0.11805    0.76512
frame_1698
id: 1698
stamp: 1757574326.536208630
T_odom_lidar: 
    0.97818   0.0626238   -0.198096  -0.0647786
 -0.0641005    0.997943 -0.00104429    0.013655
   0.197623   0.0137195    0.980182   -0.144436
          0           0           0           1
T_world_lidar: 
    0.97818   0.0626238   -0.198096  -0.0647786
 -0.0641005    0.997943 -0.00104429    0.013655
   0.197623   0.0137195    0.980182   -0.144436
          0           0           0           1
v_world_imu: -0.0454237   -0.11805    0.76512
frame_1699
id: 1699
stamp: 1757574326.568847656
T_odom_lidar: 
  0.977533  0.0754148  -0.196829 -0.0533826
-0.0764024   0.997074 0.00258215  0.0232483
  0.196448  0.0125141   0.980434  -0.130547
         0          0          0          1
T_world_lidar: 
  0.977533  0.0754148  -0.196829 -0.0533826
-0.0764024   0.997074 0.00258215  0.0232483
  0.196448  0.0125141   0.980434  -0.130547
         0          0          0          1
v_world_imu: -0.0454237   -0.11805    0.76512
frame_1700
id: 1700
stamp: 1757574326.636246443
T_odom_lidar: 
  0.976953  0.0830055  -0.196655 -0.0523416
 -0.085055   0.996374 -0.0019845  0.0114724
  0.195777  0.0186652   0.980471  -0.129284
         0          0          0          1
T_world_lidar: 
  0.976953  0.0830055  -0.196655 -0.0523416
 -0.085055   0.996374 -0.0019845  0.0114724
  0.195777  0.0186652   0.980471  -0.129284
         0          0          0          1
v_world_imu: -0.0454237   -0.11805    0.76512
frame_1701
id: 1701
stamp: 1757574326.672699928
T_odom_lidar: 
  0.976754  0.0845296  -0.196993 -0.0473406
 -0.087916   0.996092  -0.008493 0.00505085
  0.195505  0.0256144   0.980368   -0.12581
         0          0          0          1
T_world_lidar: 
  0.976754  0.0845296  -0.196993 -0.0473406
 -0.087916   0.996092  -0.008493 0.00505085
  0.195505  0.0256144   0.980368   -0.12581
         0          0          0          1
v_world_imu: -0.0454237   -0.11805    0.76512
frame_1702
id: 1702
stamp: 1757574326.746986866
T_odom_lidar: 
  0.977221  0.0820359  -0.195726 -0.0459876
-0.0870152   0.996063 -0.0169636 0.00313474
  0.193564  0.0336083   0.980512  -0.124338
         0          0          0          1
T_world_lidar: 
  0.977221  0.0820359  -0.195726 -0.0459876
-0.0870152   0.996063 -0.0169636 0.00313474
  0.193564  0.0336083   0.980512  -0.124338
         0          0          0          1
v_world_imu: -0.0454237   -0.11805    0.76512
frame_1703
id: 1703
stamp: 1757574326.779025316
T_odom_lidar: 
  0.978463   0.073771  -0.192792 -0.0413312
-0.0793272   0.996622 -0.0212501  0.0160137
  0.190573   0.036086    0.98101  -0.125175
         0          0          0          1
T_world_lidar: 
  0.978463   0.073771  -0.192792 -0.0413312
-0.0793272   0.996622 -0.0212501  0.0160137
  0.190573   0.036086    0.98101  -0.125175
         0          0          0          1
v_world_imu: -0.0454237   -0.11805    0.76512
frame_1704
id: 1704
stamp: 1757574326.853887320
T_odom_lidar: 
  0.979271   0.054695  -0.195029  -0.046417
-0.0604962   0.997882 -0.0239094  0.0307053
  0.193308  0.0352123   0.980506  -0.147509
         0          0          0          1
T_world_lidar: 
  0.979271   0.054695  -0.195029  -0.046417
-0.0604962   0.997882 -0.0239094  0.0307053
  0.193308  0.0352123   0.980506  -0.147509
         0          0          0          1
v_world_imu: -0.0454237   -0.11805    0.76512
frame_1705
id: 1705
stamp: 1757574326.885334492
T_odom_lidar: 
  0.980173  0.0389721  -0.194275 -0.0470772
 -0.043365    0.99889 -0.0184088  0.0429048
  0.193341  0.0264685   0.980774  -0.156811
         0          0          0          1
T_world_lidar: 
  0.980173  0.0389721  -0.194275 -0.0470772
 -0.043365    0.99889 -0.0184088  0.0429048
  0.193341  0.0264685   0.980774  -0.156811
         0          0          0          1
v_world_imu: -0.0454237   -0.11805    0.76512
frame_1706
id: 1706
stamp: 1757574326.956650734
T_odom_lidar: 
  0.980748  0.0295461  -0.193032 -0.0401671
-0.0329804   0.999349 -0.0146016  0.0568435
  0.192475  0.0206867   0.981084  -0.158299
         0          0          0          1
T_world_lidar: 
  0.980748  0.0295461  -0.193032 -0.0401671
-0.0329804   0.999349 -0.0146016  0.0568435
  0.192475  0.0206867   0.981084  -0.158299
         0          0          0          1
v_world_imu: -0.0454237   -0.11805    0.76512
frame_1707
id: 1707
stamp: 1757574326.992647409
T_odom_lidar: 
   0.981084   0.0272728    -0.19165  -0.0397563
 -0.0284036    0.999592 -0.00315521   0.0607674
   0.191486  0.00853908    0.981458   -0.165558
          0           0           0           1
T_world_lidar: 
   0.981084   0.0272728    -0.19165  -0.0397563
 -0.0284036    0.999592 -0.00315521   0.0607674
   0.191486  0.00853908    0.981458   -0.165558
          0           0           0           1
v_world_imu: -0.0454237   -0.11805    0.76512
frame_1708
id: 1708
stamp: 1757574327.064991951
T_odom_lidar: 
    0.981398    0.0309263    -0.189474   -0.0392385
   -0.030223     0.999521   0.00660098    0.0716418
    0.189588 -0.000751703     0.981863    -0.173524
           0            0            0            1
T_world_lidar: 
    0.981398    0.0309263    -0.189474   -0.0392385
   -0.030223     0.999521   0.00660098    0.0716418
    0.189588 -0.000751703     0.981863    -0.173524
           0            0            0            1
v_world_imu: -0.0454237   -0.11805    0.76512
frame_1709
id: 1709
stamp: 1757574327.096200466
T_odom_lidar: 
  0.981299  0.0393396  -0.188426 -0.0348574
 -0.036705   0.999174  0.0174527  0.0548039
  0.188957 -0.0102102   0.981932  -0.168066
         0          0          0          1
T_world_lidar: 
  0.981299  0.0393396  -0.188426 -0.0348574
 -0.036705   0.999174  0.0174527  0.0548039
  0.188957 -0.0102102   0.981932  -0.168066
         0          0          0          1
v_world_imu: -0.0454237   -0.11805    0.76512
frame_1710
id: 1710
stamp: 1757574327.171446562
T_odom_lidar: 
    0.9801  0.0444912  -0.193455 -0.0478078
 -0.039906   0.998824  0.0275358  0.0524843
  0.194452 -0.0192678   0.980723  -0.166936
         0          0          0          1
T_world_lidar: 
    0.9801  0.0444912  -0.193455 -0.0478078
 -0.039906   0.998824  0.0275358  0.0524843
  0.194452 -0.0192678   0.980723  -0.166936
         0          0          0          1
v_world_imu: -0.0454237   -0.11805    0.76512
frame_1711
id: 1711
stamp: 1757574327.204655409
T_odom_lidar: 
  0.978679  0.0465201  -0.200056 -0.0655888
-0.0422963   0.998784  0.0253377  0.0340508
  0.200992 -0.0163359   0.979457  -0.170391
         0          0          0          1
T_world_lidar: 
  0.978679  0.0465201  -0.200056 -0.0655888
-0.0422963   0.998784  0.0253377  0.0340508
  0.200992 -0.0163359   0.979457  -0.170391
         0          0          0          1
v_world_imu: -0.0454237   -0.11805    0.76512
frame_1712
id: 1712
stamp: 1757574327.279425859
T_odom_lidar: 
  0.978201  0.0459921  -0.202501 -0.0678052
-0.0426552   0.998873  0.0208146  0.0255524
   0.20323 -0.0117231   0.979061  -0.175508
         0          0          0          1
T_world_lidar: 
  0.978201  0.0459921  -0.202501 -0.0678052
-0.0426552   0.998873  0.0208146  0.0255524
   0.20323 -0.0117231   0.979061  -0.175508
         0          0          0          1
v_world_imu: -0.0454237   -0.11805    0.76512
frame_1713
id: 1713
stamp: 1757574327.314610004
T_odom_lidar: 
    0.978258    0.0453751    -0.202366   -0.0681142
  -0.0442396      0.99897    0.0101331    0.0268933
    0.202618 -0.000960219     0.979257    -0.174247
           0            0            0            1
T_world_lidar: 
    0.978258    0.0453751    -0.202366   -0.0681142
  -0.0442396      0.99897    0.0101331    0.0268933
    0.202618 -0.000960219     0.979257    -0.174247
           0            0            0            1
v_world_imu: -0.0454237   -0.11805    0.76512
frame_1714
id: 1714
stamp: 1757574327.386260271
T_odom_lidar: 
  0.978509  0.0466106  -0.200865 -0.0545024
-0.0463931   0.998906  0.0057929   0.024274
  0.200915 0.00365034   0.979602  -0.168971
         0          0          0          1
T_world_lidar: 
  0.978509  0.0466106  -0.200865 -0.0545024
-0.0463931   0.998906  0.0057929   0.024274
  0.200915 0.00365034   0.979602  -0.168971
         0          0          0          1
v_world_imu: -0.0454237   -0.11805    0.76512
frame_1715
id: 1715
stamp: 1757574327.420187235
T_odom_lidar: 
  0.978915  0.0469216  -0.198804 -0.0556078
-0.0469983   0.998886 0.00433548  0.0281782
  0.198786 0.00509938    0.98003  -0.166205
         0          0          0          1
T_world_lidar: 
  0.978915  0.0469216  -0.198804 -0.0556078
-0.0469983   0.998886 0.00433548  0.0281782
  0.198786 0.00509938    0.98003  -0.166205
         0          0          0          1
v_world_imu: -0.0454237   -0.11805    0.76512
frame_1716
id: 1716
stamp: 1757574327.492201090
T_odom_lidar: 
  0.979376  0.0477051  -0.196333 -0.0543815
-0.0475529   0.998854 0.00549188  0.0281939
   0.19637 0.00395758   0.980522  -0.163256
         0          0          0          1
T_world_lidar: 
  0.979376  0.0477051  -0.196333 -0.0543815
-0.0475529   0.998854 0.00549188  0.0281939
   0.19637 0.00395758   0.980522  -0.163256
         0          0          0          1
v_world_imu: -0.0454237   -0.11805    0.76512
frame_1717
id: 1717
stamp: 1757574327.526528120
T_odom_lidar: 
  0.979768  0.0482504  -0.194231  -0.054799
-0.0476535   0.998834 0.00774676  0.0317497
  0.194378 0.00166576   0.980925   -0.16148
         0          0          0          1
T_world_lidar: 
  0.979768  0.0482504  -0.194231  -0.054799
-0.0476535   0.998834 0.00774676  0.0317497
  0.194378 0.00166576   0.980925   -0.16148
         0          0          0          1
v_world_imu: -0.0454237   -0.11805    0.76512
frame_1718
id: 1718
stamp: 1757574327.603459358
T_odom_lidar: 
    0.979933    0.0487198    -0.193282   -0.0526144
  -0.0477507     0.998812   0.00967244    0.0333887
    0.193523 -0.000249013     0.981096    -0.160371
           0            0            0            1
T_world_lidar: 
    0.979933    0.0487198    -0.193282   -0.0526144
  -0.0477507     0.998812   0.00967244    0.0333887
    0.193523 -0.000249013     0.981096    -0.160371
           0            0            0            1
v_world_imu: -0.0454237   -0.11805    0.76512
frame_1719
id: 1719
stamp: 1757574327.640398979
T_odom_lidar: 
   0.980003    0.048072   -0.193087  -0.0568945
 -0.0469433    0.998843   0.0104192   0.0314468
   0.193365 -0.00114668    0.981126   -0.170803
          0           0           0           1
T_world_lidar: 
   0.980003    0.048072   -0.193087  -0.0568945
 -0.0469433    0.998843   0.0104192   0.0314468
   0.193365 -0.00114668    0.981126   -0.170803
          0           0           0           1
v_world_imu: -0.0454237   -0.11805    0.76512
frame_1720
id: 1720
stamp: 1757574327.714888334
T_odom_lidar: 
   0.979596   0.0481028   -0.195135   -0.062566
 -0.0464553    0.998836   0.0130131   0.0354522
   0.195534 -0.00368249     0.98069   -0.174777
          0           0           0           1
T_world_lidar: 
   0.979596   0.0481028   -0.195135   -0.062566
 -0.0464553    0.998836   0.0130131   0.0354522
   0.195534 -0.00368249     0.98069   -0.174777
          0           0           0           1
v_world_imu: -0.0454237   -0.11805    0.76512
frame_1721
id: 1721
stamp: 1757574327.746904135
T_odom_lidar: 
  0.979472  0.0482148   -0.19573 -0.0621177
-0.0464335   0.998828  0.0136819  0.0328254
   0.19616 -0.0043126   0.980562  -0.180101
         0          0          0          1
T_world_lidar: 
  0.979472  0.0482148   -0.19573 -0.0621177
-0.0464335   0.998828  0.0136819  0.0328254
   0.19616 -0.0043126   0.980562  -0.180101
         0          0          0          1
v_world_imu: -0.0454237   -0.11805    0.76512
frame_1722
id: 1722
stamp: 1757574327.825752735
T_odom_lidar: 
   0.979438    0.048508   -0.195826  -0.0572053
 -0.0468982    0.998817   0.0128522   0.0279593
   0.196218 -0.00340399    0.980554   -0.183616
          0           0           0           1
T_world_lidar: 
   0.979438    0.048508   -0.195826  -0.0572053
 -0.0468982    0.998817   0.0128522   0.0279593
   0.196218 -0.00340399    0.980554   -0.183616
          0           0           0           1
v_world_imu: -0.0454237   -0.11805    0.76512
frame_1723
id: 1723
stamp: 1757574327.859371901
T_odom_lidar: 
   0.979168   0.0491406   -0.197015  -0.0623007
 -0.0475854    0.998787   0.0126229   0.0276374
   0.197396 -0.00298491    0.980319   -0.187846
          0           0           0           1
T_world_lidar: 
   0.979168   0.0491406   -0.197015  -0.0623007
 -0.0475854    0.998787   0.0126229   0.0276374
   0.197396 -0.00298491    0.980319   -0.187846
          0           0           0           1
v_world_imu: -0.0454237   -0.11805    0.76512
frame_1724
id: 1724
stamp: 1757574327.933073521
T_odom_lidar: 
  0.979547  0.0503776  -0.194806  -0.055644
-0.0497497   0.998729 0.00811763  0.0367751
  0.194967 0.00173994   0.980808  -0.159319
         0          0          0          1
T_world_lidar: 
  0.979547  0.0503776  -0.194806  -0.055644
-0.0497497   0.998729 0.00811763  0.0367751
  0.194967 0.00173994   0.980808  -0.159319
         0          0          0          1
v_world_imu: -0.0454237   -0.11805    0.76512
frame_1725
id: 1725
stamp: 1757574327.965550661
T_odom_lidar: 
  0.979538  0.0507479  -0.194755 -0.0571791
-0.0499779   0.998711 0.00886885  0.0370572
  0.194954 0.00104607   0.980812  -0.156056
         0          0          0          1
T_world_lidar: 
  0.979538  0.0507479  -0.194755 -0.0571791
-0.0499779   0.998711 0.00886885  0.0370572
  0.194954 0.00104607   0.980812  -0.156056
         0          0          0          1
v_world_imu: -0.0454237   -0.11805    0.76512
frame_1726
id: 1726
stamp: 1757574328.041665316
T_odom_lidar: 
   0.979694   0.0508803   -0.193937  -0.0553731
  -0.050053    0.998704  0.00916691   0.0368494
   0.194153 0.000726394    0.980971   -0.154731
          0           0           0           1
T_world_lidar: 
   0.979694   0.0508803   -0.193937  -0.0553731
  -0.050053    0.998704  0.00916691   0.0368494
   0.194153 0.000726394    0.980971   -0.154731
          0           0           0           1
v_world_imu: -0.0454237   -0.11805    0.76512
frame_1727
id: 1727
stamp: 1757574328.079437971
T_odom_lidar: 
   0.979787      0.0513   -0.193352  -0.0571047
 -0.0504724    0.998683   0.0092074   0.0368551
   0.193569 0.000737623    0.981086   -0.152408
          0           0           0           1
T_world_lidar: 
   0.979787      0.0513   -0.193352  -0.0571047
 -0.0504724    0.998683   0.0092074   0.0368551
   0.193569 0.000737623    0.981086   -0.152408
          0           0           0           1
v_world_imu: -0.0454237   -0.11805    0.76512
frame_1728
id: 1728
stamp: 1757574328.154282093
T_odom_lidar: 
  0.979621  0.0526209  -0.193841 -0.0581054
  -0.05187   0.998614 0.00895086  0.0370071
  0.194044  0.0012861   0.980992  -0.150134
         0          0          0          1
T_world_lidar: 
  0.979621  0.0526209  -0.193841 -0.0581054
  -0.05187   0.998614 0.00895086  0.0370071
  0.194044  0.0012861   0.980992  -0.150134
         0          0          0          1
v_world_imu: -0.0454237   -0.11805    0.76512
frame_1729
id: 1729
stamp: 1757574328.186577082
T_odom_lidar: 
    0.97863   0.0543591   -0.198316  -0.0612241
 -0.0533121    0.998521    0.010619   0.0394371
     0.1986 0.000180534    0.980081   -0.179312
          0           0           0           1
T_world_lidar: 
    0.97863   0.0543591   -0.198316  -0.0612241
 -0.0533121    0.998521    0.010619   0.0394371
     0.1986 0.000180534    0.980081   -0.179312
          0           0           0           1
v_world_imu: -0.0454237   -0.11805    0.76512
frame_1730
id: 1730
stamp: 1757574328.261297941
T_odom_lidar: 
  0.978224  0.0554159  -0.200018 -0.0631661
-0.0547259   0.998461 0.00898107  0.0377605
  0.200208  0.0021607   0.979751  -0.181929
         0          0          0          1
T_world_lidar: 
  0.978224  0.0554159  -0.200018 -0.0631661
-0.0547259   0.998461 0.00898107  0.0377605
  0.200208  0.0021607   0.979751  -0.181929
         0          0          0          1
v_world_imu: -0.0454237   -0.11805    0.76512
frame_1731
id: 1731
stamp: 1757574328.292941093
T_odom_lidar: 
  0.978152   0.055463  -0.200355 -0.0635983
-0.0549168   0.998457 0.00828715  0.0385107
  0.200505 0.00289675   0.979688  -0.182843
         0          0          0          1
T_world_lidar: 
  0.978152   0.055463  -0.200355 -0.0635983
-0.0549168   0.998457 0.00828715  0.0385107
  0.200505 0.00289675   0.979688  -0.182843
         0          0          0          1
v_world_imu: -0.0454237   -0.11805    0.76512
frame_1732
id: 1732
stamp: 1757574328.364892721
T_odom_lidar: 
  0.978216   0.055289  -0.200089 -0.0600488
-0.0551071   0.998459 0.00648284  0.0366859
  0.200139 0.00468472   0.979756  -0.181257
         0          0          0          1
T_world_lidar: 
  0.978216   0.055289  -0.200089 -0.0600488
-0.0551071   0.998459 0.00648284  0.0366859
  0.200139 0.00468472   0.979756  -0.181257
         0          0          0          1
v_world_imu: -0.0454237   -0.11805    0.76512
frame_1733
id: 1733
stamp: 1757574328.401034594
T_odom_lidar: 
  0.978329  0.0547236  -0.199695 -0.0607855
-0.0546455   0.998488 0.00590719  0.0372884
  0.199716 0.00513324    0.97984  -0.180095
         0          0          0          1
T_world_lidar: 
  0.978329  0.0547236  -0.199695 -0.0607855
-0.0546455   0.998488 0.00590719  0.0372884
  0.199716 0.00513324    0.97984  -0.180095
         0          0          0          1
v_world_imu: -0.0454237   -0.11805    0.76512
frame_1734
id: 1734
stamp: 1757574328.476627111
T_odom_lidar: 
  0.978402  0.0528805  -0.199835 -0.0519719
 -0.052787   0.998589 0.00579984   0.036706
  0.199859 0.00487409   0.979812  -0.184606
         0          0          0          1
T_world_lidar: 
  0.978402  0.0528805  -0.199835 -0.0519719
 -0.052787   0.998589 0.00579984   0.036706
  0.199859 0.00487409   0.979812  -0.184606
         0          0          0          1
v_world_imu: -0.0454237   -0.11805    0.76512
frame_1735
id: 1735
stamp: 1757574328.507332802
T_odom_lidar: 
  0.978753  0.0524988  -0.198206 -0.0523555
 -0.052094   0.998616  0.0072599   0.039378
  0.198313 0.00321971   0.980133  -0.182035
         0          0          0          1
T_world_lidar: 
  0.978753  0.0524988  -0.198206 -0.0523555
 -0.052094   0.998616  0.0072599   0.039378
  0.198313 0.00321971   0.980133  -0.182035
         0          0          0          1
v_world_imu: -0.0454237   -0.11805    0.76512
frame_1736
id: 1736
stamp: 1757574328.580513954
T_odom_lidar: 
  0.979262  0.0538909  -0.195299 -0.0477187
-0.0531631   0.998546 0.00897025  0.0410933
  0.195498 0.00159848   0.980703  -0.175893
         0          0          0          1
T_world_lidar: 
  0.979262  0.0538909  -0.195299 -0.0477187
-0.0531631   0.998546 0.00897025  0.0410933
  0.195498 0.00159848   0.980703  -0.175893
         0          0          0          1
v_world_imu: -0.0454237   -0.11805    0.76512
frame_1737
id: 1737
stamp: 1757574328.616543055
T_odom_lidar: 
  0.979602  0.0569419   -0.19271  -0.046699
-0.0560911   0.998377 0.00987244  0.0425595
   0.19296 0.00113829   0.981206  -0.172003
         0          0          0          1
T_world_lidar: 
  0.979602  0.0569419   -0.19271  -0.046699
-0.0560911   0.998377 0.00987244  0.0425595
   0.19296 0.00113829   0.981206  -0.172003
         0          0          0          1
v_world_imu: -0.0454237   -0.11805    0.76512
frame_1738
id: 1738
stamp: 1757574328.694911718
T_odom_lidar: 
  0.979787   0.061308  -0.190417 -0.0427054
-0.0604877   0.998118  0.0101231  0.0465004
  0.190679 0.00159939   0.981651  -0.167066
         0          0          0          1
T_world_lidar: 
  0.979787   0.061308  -0.190417 -0.0427054
-0.0604877   0.998118  0.0101231  0.0465004
  0.190679 0.00159939   0.981651  -0.167066
         0          0          0          1
v_world_imu: -0.0454237   -0.11805    0.76512
frame_1739
id: 1739
stamp: 1757574328.733922958
T_odom_lidar: 
    0.98037   0.0649505   -0.186164  -0.0526017
 -0.0638652    0.997888   0.0118275   0.0428496
   0.186539 0.000294077    0.982448   -0.157157
          0           0           0           1
T_world_lidar: 
    0.98037   0.0649505   -0.186164  -0.0526017
 -0.0638652    0.997888   0.0118275   0.0428496
   0.186539 0.000294077    0.982448   -0.157157
          0           0           0           1
v_world_imu: -0.0454237   -0.11805    0.76512
frame_1740
id: 1740
stamp: 1757574328.804582596
T_odom_lidar: 
  0.980262  0.0711413  -0.184461 -0.0537173
-0.0701554   0.997465  0.0118741  0.0461609
  0.184838 0.00130119   0.982768  -0.155903
         0          0          0          1
T_world_lidar: 
  0.980262  0.0711413  -0.184461 -0.0537173
-0.0701554   0.997465  0.0118741  0.0461609
  0.184838 0.00130119   0.982768  -0.155903
         0          0          0          1
v_world_imu: -0.0454237   -0.11805    0.76512
frame_1741
id: 1741
stamp: 1757574328.835074663
T_odom_lidar: 
  0.979789  0.0779001  -0.184244  -0.054055
-0.0771537   0.996956  0.0112279  0.0449079
  0.184558 0.00321411   0.982816  -0.157283
         0          0          0          1
T_world_lidar: 
  0.979789  0.0779001  -0.184244  -0.054055
-0.0771537   0.996956  0.0112279  0.0449079
  0.184558 0.00321411   0.982816  -0.157283
         0          0          0          1
v_world_imu: -0.0454237   -0.11805    0.76512
frame_1742
id: 1742
stamp: 1757574328.908281326
T_odom_lidar: 
  0.979189   0.084039  -0.184733 -0.0538975
-0.0836354   0.996446  0.0099903  0.0466708
  0.184916 0.00566784   0.982738  -0.158635
         0          0          0          1
T_world_lidar: 
  0.979189   0.084039  -0.184733 -0.0538975
-0.0836354   0.996446  0.0099903  0.0466708
  0.184916 0.00566784   0.982738  -0.158635
         0          0          0          1
v_world_imu: -0.0454237   -0.11805    0.76512
frame_1743
id: 1743
stamp: 1757574328.941832781
T_odom_lidar: 
  0.978791  0.0830963  -0.187251 -0.0555722
-0.0828945   0.996518 0.00892155  0.0437256
  0.187341 0.00678979   0.982271  -0.164272
         0          0          0          1
T_world_lidar: 
  0.978791  0.0830963  -0.187251 -0.0555722
-0.0828945   0.996518 0.00892155  0.0437256
  0.187341 0.00678979   0.982271  -0.164272
         0          0          0          1
v_world_imu: -0.0454237   -0.11805    0.76512
frame_1744
id: 1744
stamp: 1757574329.022222281
T_odom_lidar: 
  0.978365  0.0779556   -0.19164 -0.0578695
-0.0783286   0.996912 0.00564029  0.0379586
  0.191488 0.00949261   0.981449  -0.169052
         0          0          0          1
T_world_lidar: 
  0.978365  0.0779556   -0.19164 -0.0578695
-0.0783286   0.996912 0.00564029  0.0379586
  0.191488 0.00949261   0.981449  -0.169052
         0          0          0          1
v_world_imu: -0.0454237   -0.11805    0.76512
frame_1745
id: 1745
stamp: 1757574329.055887938
T_odom_lidar: 
   0.97805  0.0711154  -0.195857 -0.0660666
 -0.071021   0.997447 0.00751429  0.0386776
  0.195891 0.00656062   0.980604  -0.175786
         0          0          0          1
T_world_lidar: 
   0.97805  0.0711154  -0.195857 -0.0660666
 -0.071021   0.997447 0.00751429  0.0386776
  0.195891 0.00656062   0.980604  -0.175786
         0          0          0          1
v_world_imu: -0.0454237   -0.11805    0.76512
frame_1746
id: 1746
stamp: 1757574329.131251335
T_odom_lidar: 
    0.97803   0.0659769   -0.197748  -0.0678227
 -0.0642699    0.997819   0.0150451   0.0450121
   0.198309 -0.00200532    0.980138   -0.184406
          0           0           0           1
T_world_lidar: 
    0.97803   0.0659769   -0.197748  -0.0678227
 -0.0642699    0.997819   0.0150451   0.0450121
   0.198309 -0.00200532    0.980138   -0.184406
          0           0           0           1
v_world_imu: -0.0454237   -0.11805    0.76512
frame_1747
id: 1747
stamp: 1757574329.167355537
T_odom_lidar: 
   0.978619   0.0575066   -0.197478    -0.06675
 -0.0545426    0.998303     0.02042   0.0489298
   0.198317 -0.00921244    0.980095   -0.187985
          0           0           0           1
T_world_lidar: 
   0.978619   0.0575066   -0.197478    -0.06675
 -0.0545426    0.998303     0.02042   0.0489298
   0.198317 -0.00921244    0.980095   -0.187985
          0           0           0           1
v_world_imu: -0.0454237   -0.11805    0.76512
frame_1748
id: 1748
stamp: 1757574329.245077848
T_odom_lidar: 
  0.979323  0.0478159  -0.196571 -0.0632425
-0.0447178   0.998796  0.0201718  0.0406239
  0.197298 -0.0109645   0.980282  -0.186714
         0          0          0          1
T_world_lidar: 
  0.979323  0.0478159  -0.196571 -0.0632425
-0.0447178   0.998796  0.0201718  0.0406239
  0.197298 -0.0109645   0.980282  -0.186714
         0          0          0          1
v_world_imu: -0.0454237   -0.11805    0.76512
frame_1749
id: 1749
stamp: 1757574329.282929420
T_odom_lidar: 
   0.979242   0.0399125   -0.198726  -0.0685039
 -0.0379534    0.999186   0.0136593   0.0344406
   0.199109 -0.00583346     0.97996   -0.179591
          0           0           0           1
T_world_lidar: 
   0.979242   0.0399125   -0.198726  -0.0685039
 -0.0379534    0.999186   0.0136593   0.0344406
   0.199109 -0.00583346     0.97996   -0.179591
          0           0           0           1
v_world_imu: -0.0454237   -0.11805    0.76512
frame_1750
id: 1750
stamp: 1757574329.356711388
T_odom_lidar: 
   0.979455   0.0345129   -0.198689  -0.0712755
 -0.0338904    0.999404  0.00653403   0.0205167
   0.198796 0.000333854    0.980041   -0.174129
          0           0           0           1
T_world_lidar: 
   0.979455   0.0345129   -0.198689  -0.0712755
 -0.0338904    0.999404  0.00653403   0.0205167
   0.198796 0.000333854    0.980041   -0.174129
          0           0           0           1
v_world_imu: -0.0454237   -0.11805    0.76512
frame_1751
id: 1751
stamp: 1757574329.391005278
T_odom_lidar: 
   0.979631   0.0329345   -0.198088    -0.07034
 -0.0338675    0.999425 -0.00132346   0.0185496
    0.19793  0.00800524    0.980183   -0.168893
          0           0           0           1
T_world_lidar: 
   0.979631   0.0329345   -0.198088    -0.07034
 -0.0338675    0.999425 -0.00132346   0.0185496
    0.19793  0.00800524    0.980183   -0.168893
          0           0           0           1
v_world_imu: -0.0454237   -0.11805    0.76512
frame_1752
id: 1752
stamp: 1757574329.470186710
T_odom_lidar: 
   0.980071   0.0365045   -0.195264  -0.0638251
 -0.0390742    0.999193 -0.00932306   0.0108552
   0.194766    0.016767    0.980706   -0.158472
          0           0           0           1
T_world_lidar: 
   0.980071   0.0365045   -0.195264  -0.0638251
 -0.0390742    0.999193 -0.00932306   0.0108552
   0.194766    0.016767    0.980706   -0.158472
          0           0           0           1
v_world_imu: -0.0454237   -0.11805    0.76512
frame_1753
id: 1753
stamp: 1757574329.505920172
T_odom_lidar: 
  0.981111  0.0391169   -0.18945 -0.0553486
-0.0421502   0.999039  -0.012007  0.0150832
  0.188798  0.0197656   0.981817  -0.150293
         0          0          0          1
T_world_lidar: 
  0.981111  0.0391169   -0.18945 -0.0553486
-0.0421502   0.999039  -0.012007  0.0150832
  0.188798  0.0197656   0.981817  -0.150293
         0          0          0          1
v_world_imu: -0.0454237   -0.11805    0.76512
frame_1754
id: 1754
stamp: 1757574329.582579613
T_odom_lidar: 
  0.982267   0.035866  -0.184023 -0.0345069
-0.0396803   0.999066  -0.017086  0.0128638
  0.183239  0.0240851   0.982773  -0.137048
         0          0          0          1
T_world_lidar: 
  0.982267   0.035866  -0.184023 -0.0345069
-0.0396803   0.999066  -0.017086  0.0128638
  0.183239  0.0240851   0.982773  -0.137048
         0          0          0          1
v_world_imu: -0.0454237   -0.11805    0.76512
frame_1755
id: 1755
stamp: 1757574329.618275881
T_odom_lidar: 
  0.984006  0.0312923  -0.175367 -0.0258466
-0.0359767   0.999074 -0.0235962    0.01774
  0.174466  0.0295279    0.98422  -0.125211
         0          0          0          1
T_world_lidar: 
  0.984006  0.0312923  -0.175367 -0.0258466
-0.0359767   0.999074 -0.0235962    0.01774
  0.174466  0.0295279    0.98422  -0.125211
         0          0          0          1
v_world_imu: -0.0454237   -0.11805    0.76512
frame_1756
id: 1756
stamp: 1757574329.692070246
T_odom_lidar: 
  0.983987  0.0268184  -0.176209 -0.0273091
-0.0307868   0.999329 -0.0198252  0.0298842
  0.175559  0.0249327   0.984153   -0.12634
         0          0          0          1
T_world_lidar: 
  0.983987  0.0268184  -0.176209 -0.0273091
-0.0307868   0.999329 -0.0198252  0.0298842
  0.175559  0.0249327   0.984153   -0.12634
         0          0          0          1
v_world_imu: -0.0454237   -0.11805    0.76512
frame_1757
id: 1757
stamp: 1757574329.732455015
T_odom_lidar: 
  0.982285  0.0301633  -0.184952 -0.0436146
-0.0334117   0.999337 -0.0144715  0.0359389
  0.184392  0.0203946   0.982641  -0.134916
         0          0          0          1
T_world_lidar: 
  0.982285  0.0301633  -0.184952 -0.0436146
-0.0334117   0.999337 -0.0144715  0.0359389
  0.184392  0.0203946   0.982641  -0.134916
         0          0          0          1
v_world_imu: -0.0454237   -0.11805    0.76512
frame_1758
id: 1758
stamp: 1757574329.806633949
T_odom_lidar: 
    0.97978   0.0424821   -0.195516  -0.0657177
 -0.0445313    0.998989 -0.00609538   0.0477875
   0.195059   0.0146787    0.980682   -0.150957
          0           0           0           1
T_world_lidar: 
    0.97978   0.0424821   -0.195516  -0.0657177
 -0.0445313    0.998989 -0.00609538   0.0477875
   0.195059   0.0146787    0.980682   -0.150957
          0           0           0           1
v_world_imu: -0.0454237   -0.11805    0.76512
frame_1759
id: 1759
stamp: 1757574329.844605923
T_odom_lidar: 
  0.978052  0.0555788  -0.200812 -0.0830745
-0.0554604   0.998442  0.0062203  0.0504209
  0.200844 0.00505331    0.97961  -0.168859
         0          0          0          1
T_world_lidar: 
  0.978052  0.0555788  -0.200812 -0.0830745
-0.0554604   0.998442  0.0062203  0.0504209
  0.200844 0.00505331    0.97961  -0.168859
         0          0          0          1
v_world_imu: -0.0454237   -0.11805    0.76512
frame_1760
id: 1760
stamp: 1757574329.920297623
T_odom_lidar: 
   0.976898   0.0664351   -0.203116   -0.099634
 -0.0645371    0.997788    0.015961   0.0522201
   0.203727 -0.00248379    0.979025   -0.171152
          0           0           0           1
T_world_lidar: 
   0.976898   0.0664351   -0.203116   -0.099634
 -0.0645371    0.997788    0.015961   0.0522201
   0.203727 -0.00248379    0.979025   -0.171152
          0           0           0           1
v_world_imu: -0.0454237   -0.11805    0.76512
frame_1761
id: 1761
stamp: 1757574329.952196836
T_odom_lidar: 
   0.976454   0.0727715   -0.203079   -0.107586
 -0.0703629    0.997339   0.0190651   0.0440643
   0.203926 -0.00432696    0.978977   -0.172605
          0           0           0           1
T_world_lidar: 
   0.976454   0.0727715   -0.203079   -0.107586
 -0.0703629    0.997339   0.0190651   0.0440643
   0.203926 -0.00432696    0.978977   -0.172605
          0           0           0           1
v_world_imu: -0.0454237   -0.11805    0.76512
frame_1762
id: 1762
stamp: 1757574330.027308941
T_odom_lidar: 
    0.97679   0.0724258   -0.201581   -0.102916
 -0.0705167    0.997372   0.0166455   0.0490345
   0.202257 -0.00204438     0.97933   -0.174721
          0           0           0           1
T_world_lidar: 
    0.97679   0.0724258   -0.201581   -0.102916
 -0.0705167    0.997372   0.0166455   0.0490345
   0.202257 -0.00204438     0.97933   -0.174721
          0           0           0           1
v_world_imu: -0.0454237   -0.11805    0.76512
frame_1763
id: 1763
stamp: 1757574330.060391903
T_odom_lidar: 
   0.97741  0.0699431  -0.199445 -0.0979995
-0.0689686   0.997549  0.0118379  0.0514812
  0.199784 0.00218499   0.979838  -0.180661
         0          0          0          1
T_world_lidar: 
   0.97741  0.0699431  -0.199445 -0.0979995
-0.0689686   0.997549  0.0118379  0.0514812
  0.199784 0.00218499   0.979838  -0.180661
         0          0          0          1
v_world_imu: -0.0454237   -0.11805    0.76512
frame_1764
id: 1764
stamp: 1757574330.134097338
T_odom_lidar: 
  0.978964  0.0624155  -0.194254 -0.0761013
-0.0625445   0.998027 0.00547495  0.0508793
  0.194212 0.00678972   0.980936  -0.157889
         0          0          0          1
T_world_lidar: 
  0.978964  0.0624155  -0.194254 -0.0761013
-0.0625445   0.998027 0.00547495  0.0508793
  0.194212 0.00678972   0.980936  -0.157889
         0          0          0          1
v_world_imu: -0.0454237   -0.11805    0.76512
frame_1765
id: 1765
stamp: 1757574330.169577360
T_odom_lidar: 
    0.979917    0.0537808    -0.192019   -0.0593362
  -0.0549475     0.998489 -0.000752021    0.0494012
    0.191688    0.0112879     0.981391    -0.151699
           0            0            0            1
T_world_lidar: 
    0.979917    0.0537808    -0.192019   -0.0593362
  -0.0549475     0.998489 -0.000752021    0.0494012
    0.191688    0.0112879     0.981391    -0.151699
           0            0            0            1
v_world_imu: -0.0454237   -0.11805    0.76512
frame_1766
id: 1766
stamp: 1757574330.243753433
T_odom_lidar: 
  0.980704   0.044277   -0.19042 -0.0370965
-0.0460347   0.998928 -0.0048149  0.0493137
  0.190003  0.0134879   0.981691  -0.146687
         0          0          0          1
T_world_lidar: 
  0.980704   0.044277   -0.19042 -0.0370965
-0.0460347   0.998928 -0.0048149  0.0493137
  0.190003  0.0134879   0.981691  -0.146687
         0          0          0          1
v_world_imu: -0.0454237   -0.11805    0.76512
frame_1767
id: 1767
stamp: 1757574330.280899525
T_odom_lidar: 
  0.980978  0.0395883  -0.190039 -0.0316394
-0.0414298   0.999125 -0.0057256  0.0478835
  0.189646    0.01349    0.98176  -0.144512
         0          0          0          1
T_world_lidar: 
  0.980978  0.0395883  -0.190039 -0.0316394
-0.0414298   0.999125 -0.0057256  0.0478835
  0.189646    0.01349    0.98176  -0.144512
         0          0          0          1
v_world_imu: -0.0454237   -0.11805    0.76512
frame_1768
id: 1768
stamp: 1757574330.351746798
T_odom_lidar: 
   0.980971   0.0395927   -0.190074  -0.0379972
 -0.0405461    0.999177 -0.00112837   0.0511617
   0.189873  0.00881367    0.981769   -0.145325
          0           0           0           1
T_world_lidar: 
   0.980971   0.0395927   -0.190074  -0.0379972
 -0.0405461    0.999177 -0.00112837   0.0511617
   0.189873  0.00881367    0.981769   -0.145325
          0           0           0           1
v_world_imu: -0.0454237   -0.11805    0.76512
frame_1769
id: 1769
stamp: 1757574330.379871368
T_odom_lidar: 
  0.980634  0.0418228   -0.19133 -0.0423046
-0.0418199   0.999117   0.004055  0.0485987
   0.19133 0.00402491   0.981517  -0.164345
         0          0          0          1
T_world_lidar: 
  0.980634  0.0418228   -0.19133 -0.0423046
-0.0418199   0.999117   0.004055  0.0485987
   0.19133 0.00402491   0.981517  -0.164345
         0          0          0          1
v_world_imu: -0.0454237   -0.11805    0.76512
frame_1770
id: 1770
stamp: 1757574330.454106569
T_odom_lidar: 
   0.980314   0.0450464   -0.192236  -0.0479189
 -0.0436941    0.998981   0.0112706   0.0512346
   0.192548 -0.00264917    0.981284   -0.165764
          0           0           0           1
T_world_lidar: 
   0.980314   0.0450464   -0.192236  -0.0479189
 -0.0436941    0.998981   0.0112706   0.0512346
   0.192548 -0.00264917    0.981284   -0.165764
          0           0           0           1
v_world_imu: -0.0454237   -0.11805    0.76512
frame_1771
id: 1771
stamp: 1757574330.486178160
T_odom_lidar: 
   0.980319   0.0471722     -0.1917  -0.0495368
 -0.0447045    0.998853     0.01718   0.0458012
   0.192291 -0.00827202    0.981303   -0.166249
          0           0           0           1
T_world_lidar: 
   0.980319   0.0471722     -0.1917  -0.0495368
 -0.0447045    0.998853     0.01718   0.0458012
   0.192291 -0.00827202    0.981303   -0.166249
          0           0           0           1
v_world_imu: -0.0454237   -0.11805    0.76512
frame_1772
id: 1772
stamp: 1757574330.559165716
T_odom_lidar: 
  0.980838  0.0457018  -0.189388 -0.0408087
-0.0420978   0.998848  0.0230109  0.0505139
  0.190221 -0.0145972   0.981633  -0.165051
         0          0          0          1
T_world_lidar: 
  0.980838  0.0457018  -0.189388 -0.0408087
-0.0420978   0.998848  0.0230109  0.0505139
  0.190221 -0.0145972   0.981633  -0.165051
         0          0          0          1
v_world_imu: -0.0454237   -0.11805    0.76512
frame_1773
id: 1773
stamp: 1757574330.589193106
T_odom_lidar: 
  0.981694  0.0429832  -0.185552 -0.0328422
-0.0385423   0.998879  0.0274768  0.0489538
  0.186525 -0.0198222    0.98225  -0.163516
         0          0          0          1
T_world_lidar: 
  0.981694  0.0429832  -0.185552 -0.0328422
-0.0385423   0.998879  0.0274768  0.0489538
  0.186525 -0.0198222    0.98225  -0.163516
         0          0          0          1
v_world_imu: -0.0454237   -0.11805    0.76512
frame_1774
id: 1774
stamp: 1757574330.661008835
T_odom_lidar: 
  0.981967  0.0509203  -0.182068  -0.023647
-0.0465085   0.998513  0.0284227  0.0326506
  0.183245 -0.0194424   0.982875  -0.161488
         0          0          0          1
T_world_lidar: 
  0.981967  0.0509203  -0.182068  -0.023647
-0.0465085   0.998513  0.0284227  0.0326506
  0.183245 -0.0194424   0.982875  -0.161488
         0          0          0          1
v_world_imu: -0.0454237   -0.11805    0.76512
frame_1775
id: 1775
stamp: 1757574330.693180084
T_odom_lidar: 
  0.982433  0.0477832  -0.180396 -0.0302074
-0.0450632   0.998801  0.0191487  0.0208762
  0.181095 -0.0106831   0.983408  -0.164095
         0          0          0          1
T_world_lidar: 
  0.982433  0.0477832  -0.180396 -0.0302074
-0.0450632   0.998801  0.0191487  0.0208762
  0.181095 -0.0106831   0.983408  -0.164095
         0          0          0          1
v_world_imu: -0.0454237   -0.11805    0.76512
frame_1776
id: 1776
stamp: 1757574330.760637522
T_odom_lidar: 
   0.982519   0.0487044   -0.179677  -0.0401198
 -0.0471918    0.998805   0.0126858   0.0185222
    0.18008 -0.00398479    0.983644   -0.165323
          0           0           0           1
T_world_lidar: 
   0.982519   0.0487044   -0.179677  -0.0401198
 -0.0471918    0.998805   0.0126858   0.0185222
    0.18008 -0.00398479    0.983644   -0.165323
          0           0           0           1
v_world_imu: -0.0454237   -0.11805    0.76512
frame_1777
id: 1777
stamp: 1757574330.792037010
T_odom_lidar: 
   0.982553   0.0466075   -0.180048   -0.039311
 -0.0447946    0.998896   0.0141241   0.0243125
   0.180508 -0.00581248    0.983556   -0.161943
          0           0           0           1
T_world_lidar: 
   0.982553   0.0466075   -0.180048   -0.039311
 -0.0447946    0.998896   0.0141241   0.0243125
   0.180508 -0.00581248    0.983556   -0.161943
          0           0           0           1
v_world_imu: -0.0454237   -0.11805    0.76512
frame_1778
id: 1778
stamp: 1757574330.863577366
T_odom_lidar: 
   0.981686   0.0456738   -0.184952    -0.05647
 -0.0432691    0.998918   0.0170195   0.0233717
   0.185529 -0.00870513      0.9826   -0.168328
          0           0           0           1
T_world_lidar: 
   0.981686   0.0456738   -0.184952    -0.05647
 -0.0432691    0.998918   0.0170195   0.0233717
   0.185529 -0.00870513      0.9826   -0.168328
          0           0           0           1
v_world_imu: -0.0454237   -0.11805    0.76512
frame_1779
id: 1779
stamp: 1757574330.899166107
T_odom_lidar: 
   0.980805   0.0442431   -0.189906   -0.069519
 -0.0419697    0.998991   0.0159783   0.0200061
   0.190421 -0.00770129    0.981672   -0.160379
          0           0           0           1
T_world_lidar: 
   0.980805   0.0442431   -0.189906   -0.069519
 -0.0419697    0.998991   0.0159783   0.0200061
   0.190421 -0.00770129    0.981672   -0.160379
          0           0           0           1
v_world_imu: -0.0454237   -0.11805    0.76512
frame_1780
id: 1780
stamp: 1757574330.972477198
T_odom_lidar: 
  0.979294  0.0459549  -0.197159 -0.0640569
-0.0430533   0.998892  0.0189808  0.0160098
  0.197813 -0.0100995   0.980188  -0.137145
         0          0          0          1
T_world_lidar: 
  0.979294  0.0459549  -0.197159 -0.0640569
-0.0430533   0.998892  0.0189808  0.0160098
  0.197813 -0.0100995   0.980188  -0.137145
         0          0          0          1
v_world_imu: -0.0454237   -0.11805    0.76512
frame_1781
id: 1781
stamp: 1757574331.005686045
T_odom_lidar: 
  0.978388  0.0444732   -0.20194 -0.0660317
-0.0406996   0.998911  0.0228026  0.0378464
  0.202735 -0.0140909   0.979132  -0.138032
         0          0          0          1
T_world_lidar: 
  0.978388  0.0444732   -0.20194 -0.0660317
-0.0406996   0.998911  0.0228026  0.0378464
  0.202735 -0.0140909   0.979132  -0.138032
         0          0          0          1
v_world_imu: -0.0454237   -0.11805    0.76512
frame_1782
id: 1782
stamp: 1757574331.081034899
T_odom_lidar: 
  0.978063  0.0408006  -0.204275 -0.0645096
-0.0374638   0.999094   0.020177  0.0402751
  0.204914 -0.0120815   0.978706  -0.136304
         0          0          0          1
T_world_lidar: 
  0.978063  0.0408006  -0.204275 -0.0645096
-0.0374638   0.999094   0.020177  0.0402751
  0.204914 -0.0120815   0.978706  -0.136304
         0          0          0          1
v_world_imu: -0.0454237   -0.11805    0.76512
frame_1783
id: 1783
stamp: 1757574331.119222641
T_odom_lidar: 
   0.978357   0.0366354   -0.203655  -0.0567266
 -0.0347008    0.999312   0.0130633   0.0363828
   0.203994 -0.00571353    0.978956   -0.137968
          0           0           0           1
T_world_lidar: 
   0.978357   0.0366354   -0.203655  -0.0567266
 -0.0347008    0.999312   0.0130633   0.0363828
   0.203994 -0.00571353    0.978956   -0.137968
          0           0           0           1
v_world_imu: -0.0454237   -0.11805    0.76512
frame_1784
id: 1784
stamp: 1757574331.199198246
T_odom_lidar: 
   0.978308   0.0356668   -0.204062  -0.0455563
  -0.034611    0.999363  0.00874154   0.0426743
   0.204244 -0.00148913    0.978919   -0.153625
          0           0           0           1
T_world_lidar: 
   0.978308   0.0356668   -0.204062  -0.0455563
  -0.034611    0.999363  0.00874154   0.0426743
   0.204244 -0.00148913    0.978919   -0.153625
          0           0           0           1
v_world_imu: -0.0454237   -0.11805    0.76512
frame_1785
id: 1785
stamp: 1757574331.234091520
T_odom_lidar: 
   0.978802   0.0357126   -0.201669  -0.0432908
 -0.0347042    0.999361  0.00853501   0.0539669
   0.201845 -0.00135532    0.979417    -0.16253
          0           0           0           1
T_world_lidar: 
   0.978802   0.0357126   -0.201669  -0.0432908
 -0.0347042    0.999361  0.00853501   0.0539669
   0.201845 -0.00135532    0.979417    -0.16253
          0           0           0           1
v_world_imu: -0.0454237   -0.11805    0.76512
frame_1786
id: 1786
stamp: 1757574331.310533524
T_odom_lidar: 
   0.979309   0.0355041   -0.199232   -0.038037
  -0.034145    0.999364   0.0102547   0.0586088
    0.19947 -0.00323979    0.979899   -0.164111
          0           0           0           1
T_world_lidar: 
   0.979309   0.0355041   -0.199232   -0.038037
  -0.034145    0.999364   0.0102547   0.0586088
    0.19947 -0.00323979    0.979899   -0.164111
          0           0           0           1
v_world_imu: -0.0454237   -0.11805    0.76512
frame_1787
id: 1787
stamp: 1757574331.349049807
T_odom_lidar: 
   0.980135   0.0358467   -0.195063  -0.0365448
 -0.0341956    0.999345   0.0118268   0.0557583
    0.19536 -0.00492152    0.980719    -0.16993
          0           0           0           1
T_world_lidar: 
   0.980135   0.0358467   -0.195063  -0.0365448
 -0.0341956    0.999345   0.0118268   0.0557583
    0.19536 -0.00492152    0.980719    -0.16993
          0           0           0           1
v_world_imu: -0.0454237   -0.11805    0.76512
frame_1788
id: 1788
stamp: 1757574331.423490763
T_odom_lidar: 
  0.980042  0.0403819  -0.194647  -0.035774
-0.0384561   0.999167   0.013664  0.0505621
  0.195037 -0.0059059   0.980778  -0.175824
         0          0          0          1
T_world_lidar: 
  0.980042  0.0403819  -0.194647  -0.035774
-0.0384561   0.999167   0.013664  0.0505621
  0.195037 -0.0059059   0.980778  -0.175824
         0          0          0          1
v_world_imu: -0.0454237   -0.11805    0.76512
frame_1789
id: 1789
stamp: 1757574331.465046406
T_odom_lidar: 
   0.980398   0.0469222    -0.19136  -0.0474058
 -0.0449463    0.998882   0.0146558    0.038606
   0.191834 -0.00576755     0.98141   -0.161592
          0           0           0           1
T_world_lidar: 
   0.980398   0.0469222    -0.19136  -0.0474058
 -0.0449463    0.998882   0.0146558    0.038606
   0.191834 -0.00576755     0.98141   -0.161592
          0           0           0           1
v_world_imu: -0.0454237   -0.11805    0.76512
frame_1790
id: 1790
stamp: 1757574331.533544779
T_odom_lidar: 
   0.980128   0.0473018   -0.192646  -0.0518953
 -0.0461503     0.99888   0.0104627   0.0283187
   0.192925 -0.00136416    0.981213     -0.1629
          0           0           0           1
T_world_lidar: 
   0.980128   0.0473018   -0.192646  -0.0518953
 -0.0461503     0.99888   0.0104627   0.0283187
   0.192925 -0.00136416    0.981213     -0.1629
          0           0           0           1
v_world_imu: -0.0454237   -0.11805    0.76512
frame_1791
id: 1791
stamp: 1757574331.571612597
T_odom_lidar: 
  0.979356  0.0468796  -0.196631 -0.0592862
-0.0462598   0.998899 0.00774671   0.025076
  0.196777 0.00150929   0.980447  -0.170155
         0          0          0          1
T_world_lidar: 
  0.979356  0.0468796  -0.196631 -0.0592862
-0.0462598   0.998899 0.00774671   0.025076
  0.196777 0.00150929   0.980447  -0.170155
         0          0          0          1
v_world_imu: -0.0454237   -0.11805    0.76512
frame_1792
id: 1792
stamp: 1757574331.647586823
T_odom_lidar: 
  0.978819   0.046837  -0.199299 -0.0640409
-0.0465487   0.998897 0.00613448  0.0206756
  0.199366 0.00327255    0.97992  -0.174628
         0          0          0          1
T_world_lidar: 
  0.978819   0.046837  -0.199299 -0.0640409
-0.0465487   0.998897 0.00613448  0.0206756
  0.199366 0.00327255    0.97992  -0.174628
         0          0          0          1
v_world_imu: -0.0454237   -0.11805    0.76512
frame_1793
id: 1793
stamp: 1757574331.681727886
T_odom_lidar: 
  0.978571  0.0464477  -0.200604 -0.0630839
-0.0465216   0.998908 0.00434819  0.0209004
  0.200586 0.00507738   0.979663  -0.178536
         0          0          0          1
T_world_lidar: 
  0.978571  0.0464477  -0.200604 -0.0630839
-0.0465216   0.998908 0.00434819  0.0209004
  0.200586 0.00507738   0.979663  -0.178536
         0          0          0          1
v_world_imu: -0.0454237   -0.11805    0.76512
frame_1794
id: 1794
stamp: 1757574331.752944708
T_odom_lidar: 
  0.979454  0.0474397  -0.196009  -0.057414
-0.0475572    0.99886  0.0041098  0.0176348
  0.195981 0.00529631   0.980593  -0.157144
         0          0          0          1
T_world_lidar: 
  0.979454  0.0474397  -0.196009  -0.057414
-0.0475572    0.99886  0.0041098  0.0176348
  0.195981 0.00529631   0.980593  -0.157144
         0          0          0          1
v_world_imu: -0.0454237   -0.11805    0.76512
frame_1795
id: 1795
stamp: 1757574331.789552450
T_odom_lidar: 
    0.979553    0.0465094    -0.195738   -0.0576214
  -0.0475526     0.998869 -0.000630869    0.0182013
    0.195487   0.00992581     0.980656    -0.153452
           0            0            0            1
T_world_lidar: 
    0.979553    0.0465094    -0.195738   -0.0576214
  -0.0475526     0.998869 -0.000630869    0.0182013
    0.195487   0.00992581     0.980656    -0.153452
           0            0            0            1
v_world_imu: -0.0454237   -0.11805    0.76512
frame_1796
id: 1796
stamp: 1757574331.862344265
T_odom_lidar: 
    0.97938   0.0452751   -0.196887  -0.0566634
 -0.0476329    0.998839 -0.00725373   0.0132084
   0.196329   0.0164824    0.980399   -0.151993
          0           0           0           1
T_world_lidar: 
    0.97938   0.0452751   -0.196887  -0.0566634
 -0.0476329    0.998839 -0.00725373   0.0132084
   0.196329   0.0164824    0.980399   -0.151993
          0           0           0           1
v_world_imu: -0.0454237   -0.11805    0.76512
frame_1797
id: 1797
stamp: 1757574331.902463436
T_odom_lidar: 
  0.979086  0.0444958  -0.198519 -0.0579264
-0.0480133   0.998763 -0.0129376  0.0145386
  0.197698  0.0221986   0.980012  -0.150624
         0          0          0          1
T_world_lidar: 
  0.979086  0.0444958  -0.198519 -0.0579264
-0.0480133   0.998763 -0.0129376  0.0145386
  0.197698  0.0221986   0.980012  -0.150624
         0          0          0          1
v_world_imu: -0.0454237   -0.11805    0.76512
frame_1798
id: 1798
stamp: 1757574331.975390673
T_odom_lidar: 
  0.978872  0.0502894  -0.198191 -0.0575346
 -0.054086   0.998441 -0.0137864  0.0208377
  0.197189  0.0242145   0.980066  -0.148343
         0          0          0          1
T_world_lidar: 
  0.978872  0.0502894  -0.198191 -0.0575346
 -0.054086   0.998441 -0.0137864  0.0208377
  0.197189  0.0242145   0.980066  -0.148343
         0          0          0          1
v_world_imu: -0.0454237   -0.11805    0.76512
frame_1799
id: 1799
stamp: 1757574332.016843081
T_odom_lidar: 
  0.978021  0.0596459  -0.199794 -0.0598865
-0.0638188   0.997856 -0.0145054  0.0458036
  0.198501  0.0269373    0.97973  -0.164398
         0          0          0          1
T_world_lidar: 
  0.978021  0.0596459  -0.199794 -0.0598865
-0.0638188   0.997856 -0.0145054  0.0458036
  0.198501  0.0269373    0.97973  -0.164398
         0          0          0          1
v_world_imu: -0.0454237   -0.11805    0.76512
frame_1800
id: 1800
stamp: 1757574332.092632055
T_odom_lidar: 
   0.979121   0.0531372   -0.196209  -0.0510983
 -0.0559242    0.998397 -0.00868711   0.0609927
   0.195433   0.0194785    0.980524   -0.156778
          0           0           0           1
T_world_lidar: 
   0.979121   0.0531372   -0.196209  -0.0510983
 -0.0559242    0.998397 -0.00868711   0.0609927
   0.195433   0.0194785    0.980524   -0.156778
          0           0           0           1
v_world_imu: -0.0454237   -0.11805    0.76512
frame_1801
id: 1801
stamp: 1757574332.125725031
T_odom_lidar: 
   0.978959   0.0507982   -0.197631   -0.062867
 -0.0499298    0.998709  0.00937772   0.0614571
   0.197852 0.000687278    0.980232   -0.167901
          0           0           0           1
T_world_lidar: 
   0.978959   0.0507982   -0.197631   -0.062867
 -0.0499298    0.998709  0.00937772   0.0614571
   0.197852 0.000687278    0.980232   -0.167901
          0           0           0           1
v_world_imu: -0.0454237   -0.11805    0.76512
frame_1802
id: 1802
stamp: 1757574332.202877283
T_odom_lidar: 
   0.978675   0.0508677   -0.199017  -0.0675559
 -0.0483369    0.998677   0.0175574   0.0626583
   0.199646 -0.00756316    0.979839   -0.174696
          0           0           0           1
T_world_lidar: 
   0.978675   0.0508677   -0.199017  -0.0675559
 -0.0483369    0.998677   0.0175574   0.0626583
   0.199646 -0.00756316    0.979839   -0.174696
          0           0           0           1
v_world_imu: -0.0454237   -0.11805    0.76512
frame_1803
id: 1803
stamp: 1757574332.240702152
T_odom_lidar: 
  0.978672  0.0504594  -0.199133 -0.0711869
-0.0471647   0.998661  0.0212577  0.0532374
  0.199939 -0.0114122   0.979742  -0.177275
         0          0          0          1
T_world_lidar: 
  0.978672  0.0504594  -0.199133 -0.0711869
-0.0471647   0.998661  0.0212577  0.0532374
  0.199939 -0.0114122   0.979742  -0.177275
         0          0          0          1
v_world_imu: -0.0454237   -0.11805    0.76512
frame_1804
id: 1804
stamp: 1757574332.317540884
T_odom_lidar: 
  0.978091  0.0508704  -0.201867 -0.0667982
-0.0460181   0.998529  0.0286612  0.0455383
  0.203028 -0.0187437   0.978994  -0.205335
         0          0          0          1
T_world_lidar: 
  0.978091  0.0508704  -0.201867 -0.0667982
-0.0460181   0.998529  0.0286612  0.0455383
  0.203028 -0.0187437   0.978994  -0.205335
         0          0          0          1
v_world_imu: -0.0454237   -0.11805    0.76512
frame_1805
id: 1805
stamp: 1757574332.349301577
T_odom_lidar: 
  0.978298  0.0497452  -0.201144  -0.064863
 -0.045467   0.998632  0.0258364  0.0389059
  0.202154 -0.0161303   0.979221  -0.203581
         0          0          0          1
T_world_lidar: 
  0.978298  0.0497452  -0.201144  -0.064863
 -0.045467   0.998632  0.0258364  0.0389059
  0.202154 -0.0161303   0.979221  -0.203581
         0          0          0          1
v_world_imu: -0.0454237   -0.11805    0.76512
frame_1806
id: 1806
stamp: 1757574332.425063133
T_odom_lidar: 
  0.978739  0.0489534   -0.19918 -0.0584407
-0.0459532    0.99875  0.0196609  0.0335079
  0.199894 -0.0100899   0.979766  -0.195901
         0          0          0          1
T_world_lidar: 
  0.978739  0.0489534   -0.19918 -0.0584407
-0.0459532    0.99875  0.0196609  0.0335079
  0.199894 -0.0100899   0.979766  -0.195901
         0          0          0          1
v_world_imu: -0.0454237   -0.11805    0.76512
frame_1807
id: 1807
stamp: 1757574332.461513281
T_odom_lidar: 
   0.979175   0.0478938   -0.197286  -0.0535056
 -0.0464187    0.998849   0.0120972   0.0320429
   0.197638 -0.00268756    0.980271   -0.189598
          0           0           0           1
T_world_lidar: 
   0.979175   0.0478938   -0.197286  -0.0535056
 -0.0464187    0.998849   0.0120972   0.0320429
   0.197638 -0.00268756    0.980271   -0.189598
          0           0           0           1
v_world_imu: -0.0454237   -0.11805    0.76512
frame_1808
id: 1808
stamp: 1757574332.539394140
T_odom_lidar: 
  0.979461  0.0471343  -0.196047 -0.0472828
-0.0467235   0.998885 0.00672231  0.0283491
  0.196146 0.00257579   0.980571  -0.184802
         0          0          0          1
T_world_lidar: 
  0.979461  0.0471343  -0.196047 -0.0472828
-0.0467235   0.998885 0.00672231  0.0283491
  0.196146 0.00257579   0.980571  -0.184802
         0          0          0          1
v_world_imu: -0.0454237   -0.11805    0.76512
frame_1809
id: 1809
stamp: 1757574332.572072506
T_odom_lidar: 
   0.979133   0.0459775    -0.19795  -0.0428161
 -0.0473166    0.998878 -0.00203762   0.0356485
   0.197634   0.0113614     0.98021   -0.183461
          0           0           0           1
T_world_lidar: 
   0.979133   0.0459775    -0.19795  -0.0428161
 -0.0473166    0.998878 -0.00203762   0.0356485
   0.197634   0.0113614     0.98021   -0.183461
          0           0           0           1
v_world_imu: -0.0454237   -0.11805    0.76512
frame_1810
id: 1810
stamp: 1757574332.649810076
T_odom_lidar: 
   0.979102   0.0461316   -0.198067  -0.0398962
 -0.0474618    0.998871 -0.00197103   0.0404679
   0.197752   0.0113304    0.980187   -0.181665
          0           0           0           1
T_world_lidar: 
   0.979102   0.0461316   -0.198067  -0.0398962
 -0.0474618    0.998871 -0.00197103   0.0404679
   0.197752   0.0113304    0.980187   -0.181665
          0           0           0           1
v_world_imu: -0.0454237   -0.11805    0.76512
frame_1811
id: 1811
stamp: 1757574332.685690880
T_odom_lidar: 
  0.978888  0.0471651  -0.198879 -0.0411359
-0.0475341   0.998865 0.00292155  0.0435797
  0.198791 0.00659369    0.98002  -0.185951
         0          0          0          1
T_world_lidar: 
  0.978888  0.0471651  -0.198879 -0.0411359
-0.0475341   0.998865 0.00292155  0.0435797
  0.198791 0.00659369    0.98002  -0.185951
         0          0          0          1
v_world_imu: -0.0454237   -0.11805    0.76512
frame_1812
id: 1812
stamp: 1757574332.759703636
T_odom_lidar: 
  0.978698  0.0479621  -0.199625 -0.0404436
-0.0474219   0.998847 0.00748956  0.0481432
  0.199754 0.00213656   0.979844  -0.188812
         0          0          0          1
T_world_lidar: 
  0.978698  0.0479621  -0.199625 -0.0404436
-0.0474219   0.998847 0.00748956  0.0481432
  0.199754 0.00213656   0.979844  -0.188812
         0          0          0          1
v_world_imu: -0.0454237   -0.11805    0.76512
frame_1813
id: 1813
stamp: 1757574332.792647362
T_odom_lidar: 
    0.978769    0.0485938    -0.199125   -0.0398448
  -0.0474982     0.998818    0.0102778    0.0475115
    0.199389 -0.000601464      0.97992    -0.188814
           0            0            0            1
T_world_lidar: 
    0.978769    0.0485938    -0.199125   -0.0398448
  -0.0474982     0.998818    0.0102778    0.0475115
    0.199389 -0.000601464      0.97992    -0.188814
           0            0            0            1
v_world_imu: -0.0454237   -0.11805    0.76512
frame_1814
id: 1814
stamp: 1757574332.867404938
T_odom_lidar: 
    0.97962   0.0483732   -0.194946  -0.0502886
 -0.0463562    0.998814   0.0148981    0.039989
   0.195435 -0.00555755    0.980701   -0.175893
          0           0           0           1
T_world_lidar: 
    0.97962   0.0483732   -0.194946  -0.0502886
 -0.0463562    0.998814   0.0148981    0.039989
   0.195435 -0.00555755    0.980701   -0.175893
          0           0           0           1
v_world_imu: -0.0454237   -0.11805    0.76512
frame_1815
id: 1815
stamp: 1757574332.896237850
T_odom_lidar: 
   0.979874   0.0485012   -0.193633  -0.0515993
 -0.0465572    0.998809   0.0145806   0.0377829
    0.19411 -0.00527209    0.980966   -0.172772
          0           0           0           1
T_world_lidar: 
   0.979874   0.0485012   -0.193633  -0.0515993
 -0.0465572    0.998809   0.0145806   0.0377829
    0.19411 -0.00527209    0.980966   -0.172772
          0           0           0           1
v_world_imu: -0.0454237   -0.11805    0.76512
frame_1816
id: 1816
stamp: 1757574332.972594023
T_odom_lidar: 
   0.980062   0.0483264   -0.192724  -0.0473935
 -0.0468373    0.998827   0.0122784     0.03912
   0.193092 -0.00300687    0.981176   -0.169629
          0           0           0           1
T_world_lidar: 
   0.980062   0.0483264   -0.192724  -0.0473935
 -0.0468373    0.998827   0.0122784     0.03912
   0.193092 -0.00300687    0.981176   -0.169629
          0           0           0           1
v_world_imu: -0.0454237   -0.11805    0.76512
frame_1817
id: 1817
stamp: 1757574333.000403404
T_odom_lidar: 
   0.980398   0.0483397   -0.191004  -0.0482129
 -0.0471424     0.99883   0.0108101   0.0389039
   0.191303 -0.00159386     0.98153   -0.167304
          0           0           0           1
T_world_lidar: 
   0.980398   0.0483397   -0.191004  -0.0482129
 -0.0471424     0.99883   0.0108101   0.0389039
   0.191303 -0.00159386     0.98153   -0.167304
          0           0           0           1
v_world_imu: -0.0454237   -0.11805    0.76512
frame_1818
id: 1818
stamp: 1757574333.074780703
T_odom_lidar: 
   0.980593   0.0479099   -0.190111  -0.0437834
  -0.047074    0.998852  0.00891301   0.0405984
    0.19032 0.000209239    0.981722   -0.164431
          0           0           0           1
T_world_lidar: 
   0.980593   0.0479099   -0.190111  -0.0437834
  -0.047074    0.998852  0.00891301   0.0405984
    0.19032 0.000209239    0.981722   -0.164431
          0           0           0           1
v_world_imu: -0.0454237   -0.11805    0.76512
frame_1819
id: 1819
stamp: 1757574333.107597113
T_odom_lidar: 
   0.979945   0.0475551   -0.193511  -0.0463259
 -0.0466836    0.998869  0.00906383   0.0385165
   0.193723 0.000151733    0.981056   -0.158271
          0           0           0           1
T_world_lidar: 
   0.979945   0.0475551   -0.193511  -0.0463259
 -0.0466836    0.998869  0.00906383   0.0385165
   0.193723 0.000151733    0.981056   -0.158271
          0           0           0           1
v_world_imu: -0.0454237   -0.11805    0.76512
frame_1820
id: 1820
stamp: 1757574333.180674314
T_odom_lidar: 
    0.979726     0.047439    -0.194644   -0.0458443
  -0.0463937     0.998874   0.00992799    0.0378446
    0.194896 -0.000696438     0.980824    -0.161107
           0            0            0            1
T_world_lidar: 
    0.979726     0.047439    -0.194644   -0.0458443
  -0.0463937     0.998874   0.00992799    0.0378446
    0.194896 -0.000696438     0.980824    -0.161107
           0            0            0            1
v_world_imu: -0.0454237   -0.11805    0.76512
frame_1821
id: 1821
stamp: 1757574333.219321251
T_odom_lidar: 
   0.979659   0.0476667   -0.194927  -0.0484086
 -0.0464172    0.998862   0.0109754   0.0370548
   0.195228 -0.00170421    0.980756   -0.161548
          0           0           0           1
T_world_lidar: 
   0.979659   0.0476667   -0.194927  -0.0484086
 -0.0464172    0.998862   0.0109754   0.0370548
   0.195228 -0.00170421    0.980756   -0.161548
          0           0           0           1
v_world_imu: -0.0454237   -0.11805    0.76512
frame_1822
id: 1822
stamp: 1757574333.294533014
T_odom_lidar: 
   0.979613   0.0473391   -0.195236  -0.0478452
 -0.0461677    0.998878   0.0105491   0.0359831
   0.195516 -0.00132047      0.9807    -0.16193
          0           0           0           1
T_world_lidar: 
   0.979613   0.0473391   -0.195236  -0.0478452
 -0.0461677    0.998878   0.0105491   0.0359831
   0.195516 -0.00132047      0.9807    -0.16193
          0           0           0           1
v_world_imu: -0.0454237   -0.11805    0.76512
frame_1823
id: 1823
stamp: 1757574333.330173969
T_odom_lidar: 
    0.979682    0.0475823    -0.194832   -0.0501534
  -0.0465139     0.998867    0.0100579    0.0339441
     0.19509 -0.000791117     0.980785     -0.15992
           0            0            0            1
T_world_lidar: 
    0.979682    0.0475823    -0.194832   -0.0501534
  -0.0465139     0.998867    0.0100579    0.0339441
     0.19509 -0.000791117     0.980785     -0.15992
           0            0            0            1
v_world_imu: -0.0454237   -0.11805    0.76512
frame_1824
id: 1824
stamp: 1757574333.404756546
T_odom_lidar: 
  0.980009  0.0477205  -0.193144 -0.0421588
-0.0480694    0.99884  0.0028824  0.0411389
  0.193057 0.00645953   0.981166  -0.153953
         0          0          0          1
T_world_lidar: 
  0.980009  0.0477205  -0.193144 -0.0421588
-0.0480694    0.99884  0.0028824  0.0411389
  0.193057 0.00645953   0.981166  -0.153953
         0          0          0          1
v_world_imu: -0.0454237   -0.11805    0.76512
frame_1825
id: 1825
stamp: 1757574333.437647581
T_odom_lidar: 
  0.979983  0.0479037  -0.193232 -0.0445929
 -0.048494   0.998822 0.00167695  0.0407364
  0.193085 0.00772722   0.981152  -0.152944
         0          0          0          1
T_world_lidar: 
  0.979983  0.0479037  -0.193232 -0.0445929
 -0.048494   0.998822 0.00167695  0.0407364
  0.193085 0.00772722   0.981152  -0.152944
         0          0          0          1
v_world_imu: -0.0454237   -0.11805    0.76512
frame_1826
id: 1826
stamp: 1757574333.515891314
T_odom_lidar: 
   0.979705   0.0476872   -0.194689  -0.0467784
 -0.0484484    0.998825 0.000852506   0.0392638
   0.194501  0.00859718    0.980865   -0.155128
          0           0           0           1
T_world_lidar: 
   0.979705   0.0476872   -0.194689  -0.0467784
 -0.0484484    0.998825 0.000852506   0.0392638
   0.194501  0.00859718    0.980865   -0.155128
          0           0           0           1
v_world_imu: -0.0454237   -0.11805    0.76512
frame_1827
id: 1827
stamp: 1757574333.554590940
T_odom_lidar: 
    0.979521    0.0474918     -0.19566    -0.050167
  -0.0484355     0.998826 -3.87732e-05     0.039211
    0.195428   0.00951485     0.980672    -0.157257
           0            0            0            1
T_world_lidar: 
    0.979521    0.0474918     -0.19566    -0.050167
  -0.0484355     0.998826 -3.87732e-05     0.039211
    0.195428   0.00951485     0.980672    -0.157257
           0            0            0            1
v_world_imu: -0.0454237   -0.11805    0.76512
frame_1828
id: 1828
stamp: 1757574333.629559994
T_odom_lidar: 
     0.97949    0.0475015    -0.195815   -0.0486447
  -0.0485565      0.99882 -0.000587863    0.0391625
    0.195556    0.0100839     0.980641    -0.156519
           0            0            0            1
T_world_lidar: 
     0.97949    0.0475015    -0.195815   -0.0486447
  -0.0485565      0.99882 -0.000587863    0.0391625
    0.195556    0.0100839     0.980641    -0.156519
           0            0            0            1
v_world_imu: -0.0454237   -0.11805    0.76512
frame_1829
id: 1829
stamp: 1757574333.662209034
T_odom_lidar: 
  0.979139  0.0480193  -0.197436 -0.0443861
-0.0489365   0.998802 0.00023377  0.0386383
  0.197211 0.00943293   0.980316  -0.165772
         0          0          0          1
T_world_lidar: 
  0.979139  0.0480193  -0.197436 -0.0443861
-0.0489365   0.998802 0.00023377  0.0386383
  0.197211 0.00943293   0.980316  -0.165772
         0          0          0          1
v_world_imu: -0.0454237   -0.11805    0.76512
frame_1830
id: 1830
stamp: 1757574333.733967066
T_odom_lidar: 
   0.979238   0.0479721   -0.196958  -0.0410917
 -0.0489023    0.998804 0.000140934   0.0387071
   0.196729  0.00949369    0.980412   -0.164301
          0           0           0           1
T_world_lidar: 
   0.979238   0.0479721   -0.196958  -0.0410917
 -0.0489023    0.998804 0.000140934   0.0387071
   0.196729  0.00949369    0.980412   -0.164301
          0           0           0           1
v_world_imu: -0.0454237   -0.11805    0.76512
frame_1831
id: 1831
stamp: 1757574333.769215822
T_odom_lidar: 
   0.979264   0.0478647   -0.196854  -0.0435222
 -0.0487975    0.998809 0.000112076   0.0388924
   0.196625  0.00949623    0.980433   -0.163183
          0           0           0           1
T_world_lidar: 
   0.979264   0.0478647   -0.196854  -0.0435222
 -0.0487975    0.998809 0.000112076   0.0388924
   0.196625  0.00949623    0.980433   -0.163183
          0           0           0           1
v_world_imu: -0.0454237   -0.11805    0.76512
frame_1832
id: 1832
stamp: 1757574333.838209391
T_odom_lidar: 
  0.979262  0.0478808   -0.19686 -0.0417972
-0.0485913   0.998818 0.00122253   0.040178
  0.196686 0.00836849   0.980431  -0.162617
         0          0          0          1
T_world_lidar: 
  0.979262  0.0478808   -0.19686 -0.0417972
-0.0485913   0.998818 0.00122253   0.040178
  0.196686 0.00836849   0.980431  -0.162617
         0          0          0          1
v_world_imu: -0.0454237   -0.11805    0.76512
frame_1833
id: 1833
stamp: 1757574333.877918482
T_odom_lidar: 
  0.979204  0.0478918  -0.197144 -0.0433745
-0.0486242   0.998817 0.00112637   0.040444
  0.196965 0.00848303   0.980374   -0.16235
         0          0          0          1
T_world_lidar: 
  0.979204  0.0478918  -0.197144 -0.0433745
-0.0486242   0.998817 0.00112637   0.040444
  0.196965 0.00848303   0.980374   -0.16235
         0          0          0          1
v_world_imu: -0.0454237   -0.11805    0.76512
frame_1834
id: 1834
stamp: 1757574333.954239845
T_odom_lidar: 
  0.979741  0.0477649  -0.194488 -0.0474503
-0.0474232   0.998854 0.00641512   0.033936
  0.194572 0.00293808   0.980884  -0.159176
         0          0          0          1
T_world_lidar: 
  0.979741  0.0477649  -0.194488 -0.0474503
-0.0474232   0.998854 0.00641512   0.033936
  0.194572 0.00293808   0.980884  -0.159176
         0          0          0          1
v_world_imu: -0.0454237   -0.11805    0.76512
frame_1835
id: 1835
stamp: 1757574333.986517668
T_odom_lidar: 
    0.9797  0.0472412  -0.194824 -0.0512939
-0.0470265   0.998877 0.00573019  0.0309874
  0.194876 0.00354801   0.980821  -0.159827
         0          0          0          1
T_world_lidar: 
    0.9797  0.0472412  -0.194824 -0.0512939
-0.0470265   0.998877 0.00573019  0.0309874
  0.194876 0.00354801   0.980821  -0.159827
         0          0          0          1
v_world_imu: -0.0454237   -0.11805    0.76512
frame_1836
id: 1836
stamp: 1757574334.052024603
T_odom_lidar: 
  0.979593   0.047127  -0.195388 -0.0504471
-0.0469252   0.998882 0.00566423  0.0308201
  0.195436 0.00361997    0.98071  -0.160502
         0          0          0          1
T_world_lidar: 
  0.979593   0.047127  -0.195388 -0.0504471
-0.0469252   0.998882 0.00566423  0.0308201
  0.195436 0.00361997    0.98071  -0.160502
         0          0          0          1
v_world_imu: -0.0454237   -0.11805    0.76512
frame_1837
id: 1837
stamp: 1757574334.087488651
T_odom_lidar: 
  0.979695  0.0467428  -0.194967 -0.0512548
-0.0466386   0.998899 0.00512759  0.0306672
  0.194991 0.00406949   0.980796  -0.159993
         0          0          0          1
T_world_lidar: 
  0.979695  0.0467428  -0.194967 -0.0512548
-0.0466386   0.998899 0.00512759  0.0306672
  0.194991 0.00406949   0.980796  -0.159993
         0          0          0          1
v_world_imu: -0.0454237   -0.11805    0.76512
frame_1838
id: 1838
stamp: 1757574334.163860559
T_odom_lidar: 
  0.979752  0.0465719  -0.194725 -0.0479359
-0.0465285   0.998905 0.00479951  0.0299857
  0.194735 0.00435793   0.980846  -0.159131
         0          0          0          1
T_world_lidar: 
  0.979752  0.0465719  -0.194725 -0.0479359
-0.0465285   0.998905 0.00479951  0.0299857
  0.194735 0.00435793   0.980846  -0.159131
         0          0          0          1
v_world_imu: -0.0454237   -0.11805    0.76512
frame_1839
id: 1839
stamp: 1757574334.200174570
T_odom_lidar: 
   0.980149   0.0474931   -0.192491  -0.0481806
 -0.0461611    0.998869   0.0114012   0.0242496
   0.192815 -0.00228925    0.981233   -0.168461
          0           0           0           1
T_world_lidar: 
   0.980149   0.0474931   -0.192491  -0.0481806
 -0.0461611    0.998869   0.0114012   0.0242496
   0.192815 -0.00228925    0.981233   -0.168461
          0           0           0           1
v_world_imu: -0.0454237   -0.11805    0.76512
frame_1840
id: 1840
stamp: 1757574334.269343615
T_odom_lidar: 
   0.979943   0.0476309     -0.1935  -0.0468207
 -0.0460905     0.99886   0.0124577   0.0230995
   0.193873 -0.00328931    0.981021   -0.173081
          0           0           0           1
T_world_lidar: 
   0.979943   0.0476309     -0.1935  -0.0468207
 -0.0460905     0.99886   0.0124577   0.0230995
   0.193873 -0.00328931    0.981021   -0.173081
          0           0           0           1
v_world_imu: -0.0454237   -0.11805    0.76512
frame_1841
id: 1841
stamp: 1757574334.298232794
T_odom_lidar: 
   0.979871   0.0474004   -0.193925  -0.0490639
 -0.0458398     0.99887   0.0125296   0.0224807
     0.1943 -0.00338788    0.980936   -0.175226
          0           0           0           1
T_world_lidar: 
   0.979871   0.0474004   -0.193925  -0.0490639
 -0.0458398     0.99887   0.0125296   0.0224807
     0.1943 -0.00338788    0.980936   -0.175226
          0           0           0           1
v_world_imu: -0.0454237   -0.11805    0.76512
frame_1842
id: 1842
stamp: 1757574334.370431423
T_odom_lidar: 
   0.979883   0.0475114   -0.193835  -0.0464005
 -0.0457713    0.998861   0.0134484   0.0227527
   0.194253 -0.00430581    0.980942   -0.175858
          0           0           0           1
T_world_lidar: 
   0.979883   0.0475114   -0.193835  -0.0464005
 -0.0457713    0.998861   0.0134484   0.0227527
   0.194253 -0.00430581    0.980942   -0.175858
          0           0           0           1
v_world_imu: -0.0454237   -0.11805    0.76512
frame_1843
id: 1843
stamp: 1757574334.405056477
T_odom_lidar: 
   0.979814   0.0474767    -0.19419  -0.0483161
 -0.0456155     0.99886   0.0140475    0.023681
   0.194635 -0.00490591    0.980863   -0.177839
          0           0           0           1
T_world_lidar: 
   0.979814   0.0474767    -0.19419  -0.0483161
 -0.0456155     0.99886   0.0140475    0.023681
   0.194635 -0.00490591    0.980863   -0.177839
          0           0           0           1
v_world_imu: -0.0454237   -0.11805    0.76512
frame_1844
id: 1844
stamp: 1757574334.479998827
T_odom_lidar: 
  0.979858   0.047287  -0.194016 -0.0461151
-0.0455235   0.998871  0.0135404  0.0227838
  0.194437 -0.0044354   0.980905  -0.182032
         0          0          0          1
T_world_lidar: 
  0.979858   0.047287  -0.194016 -0.0461151
-0.0455235   0.998871  0.0135404  0.0227838
  0.194437 -0.0044354   0.980905  -0.182032
         0          0          0          1
v_world_imu: -0.0454237   -0.11805    0.76512
frame_1845
id: 1845
stamp: 1757574334.519327879
T_odom_lidar: 
   0.979831   0.0471145   -0.194192  -0.0464724
 -0.0452436    0.998877   0.0140604   0.0224995
   0.194637 -0.00499081    0.980863   -0.184219
          0           0           0           1
T_world_lidar: 
   0.979831   0.0471145   -0.194192  -0.0464724
 -0.0452436    0.998877   0.0140604   0.0224995
   0.194637 -0.00499081    0.980863   -0.184219
          0           0           0           1
v_world_imu: -0.0454237   -0.11805    0.76512
frame_1846
id: 1846
stamp: 1757574334.594527483
T_odom_lidar: 
   0.979751   0.0468742   -0.194654  -0.0441498
 -0.0450065    0.998888   0.0140093   0.0219261
   0.195094 -0.00496498    0.980772   -0.186831
          0           0           0           1
T_world_lidar: 
   0.979751   0.0468742   -0.194654  -0.0441498
 -0.0450065    0.998888   0.0140093   0.0219261
   0.195094 -0.00496498    0.980772   -0.186831
          0           0           0           1
v_world_imu: -0.0454237   -0.11805    0.76512
frame_1847
id: 1847
stamp: 1757574334.630939722
T_odom_lidar: 
   0.979766   0.0467774   -0.194602  -0.0441685
 -0.0449656    0.998894   0.0137198   0.0227639
   0.195029 -0.00469177    0.980786   -0.187399
          0           0           0           1
T_world_lidar: 
   0.979766   0.0467774   -0.194602  -0.0441685
 -0.0449656    0.998894   0.0137198   0.0227639
   0.195029 -0.00469177    0.980786   -0.187399
          0           0           0           1
v_world_imu: -0.0454237   -0.11805    0.76512
frame_1848
id: 1848
stamp: 1757574334.705432892
T_odom_lidar: 
   0.979915   0.0467236   -0.193865  -0.0384804
 -0.0448086    0.998894   0.0142536    0.024037
   0.194316 -0.00528054    0.980925   -0.186175
          0           0           0           1
T_world_lidar: 
   0.979915   0.0467236   -0.193865  -0.0384804
 -0.0448086    0.998894   0.0142536    0.024037
   0.194316 -0.00528054    0.980925   -0.186175
          0           0           0           1
v_world_imu: -0.0454237   -0.11805    0.76512
frame_1849
id: 1849
stamp: 1757574334.740267992
T_odom_lidar: 
   0.980717    0.046753   -0.189759  -0.0498957
 -0.0444885    0.998879   0.0161782   0.0220562
   0.190302 -0.00742416    0.981697    -0.17397
          0           0           0           1
T_world_lidar: 
   0.980717    0.046753   -0.189759  -0.0498957
 -0.0444885    0.998879   0.0161782   0.0220562
   0.190302 -0.00742416    0.981697    -0.17397
          0           0           0           1
v_world_imu: -0.0454237   -0.11805    0.76512
frame_1850
id: 1850
stamp: 1757574334.809697628
T_odom_lidar: 
   0.980946   0.0470312   -0.188503  -0.0479186
 -0.0447261    0.998864   0.0164658   0.0229832
   0.189063 -0.00772108    0.981935    -0.17147
          0           0           0           1
T_world_lidar: 
   0.980946   0.0470312   -0.188503  -0.0479186
 -0.0447261    0.998864   0.0164658   0.0229832
   0.189063 -0.00772108    0.981935    -0.17147
          0           0           0           1
v_world_imu: -0.0454237   -0.11805    0.76512
frame_1851
id: 1851
stamp: 1757574334.842360258
T_odom_lidar: 
   0.980873   0.0470409   -0.188879  -0.0481351
 -0.0447057    0.998862   0.0166077   0.0217663
   0.189446 -0.00784602     0.98186   -0.174182
          0           0           0           1
T_world_lidar: 
   0.980873   0.0470409   -0.188879  -0.0481351
 -0.0447057    0.998862   0.0166077   0.0217663
   0.189446 -0.00784602     0.98186   -0.174182
          0           0           0           1
v_world_imu: -0.0454237   -0.11805    0.76512
frame_1852
id: 1852
stamp: 1757574334.915987492
T_odom_lidar: 
   0.980695   0.0472541   -0.189746  -0.0477079
 -0.0446587    0.998841   0.0179334   0.0241102
   0.190373 -0.00911335    0.981669   -0.176599
          0           0           0           1
T_world_lidar: 
   0.980695   0.0472541   -0.189746  -0.0477079
 -0.0446587    0.998841   0.0179334   0.0241102
   0.190373 -0.00911335    0.981669   -0.176599
          0           0           0           1
v_world_imu: -0.0454237   -0.11805    0.76512
frame_1853
id: 1853
stamp: 1757574334.948064804
T_odom_lidar: 
  0.980469  0.0477295  -0.190792 -0.0491643
-0.0447708   0.998801  0.0197903  0.0241815
  0.191508 -0.0108618   0.981431  -0.179555
         0          0          0          1
T_world_lidar: 
  0.980469  0.0477295  -0.190792 -0.0491643
-0.0447708   0.998801  0.0197903  0.0241815
  0.191508 -0.0108618   0.981431  -0.179555
         0          0          0          1
v_world_imu: -0.0454237   -0.11805    0.76512
frame_1854
id: 1854
stamp: 1757574335.021540403
T_odom_lidar: 
   0.979738   0.0469854   -0.194693  -0.0442063
 -0.0443342    0.998855   0.0179549   0.0281236
   0.195314 -0.00895949      0.9807   -0.181381
          0           0           0           1
T_world_lidar: 
   0.979738   0.0469854   -0.194693  -0.0442063
 -0.0443342    0.998855   0.0179549   0.0281236
   0.195314 -0.00895949      0.9807   -0.181381
          0           0           0           1
v_world_imu: -0.0454237   -0.11805    0.76512
frame_1855
id: 1855
stamp: 1757574335.056743145
T_odom_lidar: 
   0.979674   0.0472892   -0.194944  -0.0448861
 -0.0445334    0.998837   0.0184976   0.0275327
   0.195592 -0.00944008     0.98064   -0.181245
          0           0           0           1
T_world_lidar: 
   0.979674   0.0472892   -0.194944  -0.0448861
 -0.0445334    0.998837   0.0184976   0.0275327
   0.195592 -0.00944008     0.98064   -0.181245
          0           0           0           1
v_world_imu: -0.0454237   -0.11805    0.76512
frame_1856
id: 1856
stamp: 1757574335.127559185
T_odom_lidar: 
   0.979837   0.0473442   -0.194108  -0.0408557
 -0.0447595    0.998841   0.0176822   0.0280203
    0.19472 -0.00863752    0.980821   -0.179157
          0           0           0           1
T_world_lidar: 
   0.979837   0.0473442   -0.194108  -0.0408557
 -0.0447595    0.998841   0.0176822   0.0280203
    0.19472 -0.00863752    0.980821   -0.179157
          0           0           0           1
v_world_imu: -0.0454237   -0.11805    0.76512
frame_1857
id: 1857
stamp: 1757574335.163967371
T_odom_lidar: 
    0.98005   0.0471935   -0.193067  -0.0404643
 -0.0449667    0.998862   0.0159024   0.0263724
   0.193597 -0.00690357    0.981057    -0.17626
          0           0           0           1
T_world_lidar: 
    0.98005   0.0471935   -0.193067  -0.0404643
 -0.0449667    0.998862   0.0159024   0.0263724
   0.193597 -0.00690357    0.981057    -0.17626
          0           0           0           1
v_world_imu: -0.0454237   -0.11805    0.76512
frame_1858
id: 1858
stamp: 1757574335.233655214
T_odom_lidar: 
    0.98007   0.0472314   -0.192956  -0.0370028
 -0.0452803    0.998869   0.0145119   0.0264891
   0.193423 -0.00548554      0.9811   -0.176347
          0           0           0           1
T_world_lidar: 
    0.98007   0.0472314   -0.192956  -0.0370028
 -0.0452803    0.998869   0.0145119   0.0264891
   0.193423 -0.00548554      0.9811   -0.176347
          0           0           0           1
v_world_imu: -0.0454237   -0.11805    0.76512
frame_1859
id: 1859
stamp: 1757574335.271736145
T_odom_lidar: 
    0.98005   0.0473279   -0.193034  -0.0451939
 -0.0450325    0.998853   0.0162639   0.0210194
   0.193583 -0.00724663    0.981057   -0.164351
          0           0           0           1
T_world_lidar: 
    0.98005   0.0473279   -0.193034  -0.0451939
 -0.0450325    0.998853   0.0162639   0.0210194
   0.193583 -0.00724663    0.981057   -0.164351
          0           0           0           1
v_world_imu: -0.0454237   -0.11805    0.76512
frame_1860
id: 1860
stamp: 1757574335.338317156
T_odom_lidar: 
   0.979937   0.0469234   -0.193707  -0.0448735
  -0.044984    0.998884   0.0144005   0.0199438
   0.194167 -0.00539784    0.980954   -0.165334
          0           0           0           1
T_world_lidar: 
   0.979937   0.0469234   -0.193707  -0.0448735
  -0.044984    0.998884   0.0144005   0.0199438
   0.194167 -0.00539784    0.980954   -0.165334
          0           0           0           1
v_world_imu: -0.0454237   -0.11805    0.76512
frame_1861
id: 1861
stamp: 1757574335.373336792
T_odom_lidar: 
   0.979747   0.0471909   -0.194598  -0.0456554
 -0.0452897    0.998873   0.0142098   0.0201796
   0.195049 -0.00510871     0.98078   -0.168682
          0           0           0           1
T_world_lidar: 
   0.979747   0.0471909   -0.194598  -0.0456554
 -0.0452897    0.998873   0.0142098   0.0201796
   0.195049 -0.00510871     0.98078   -0.168682
          0           0           0           1
v_world_imu: -0.0454237   -0.11805    0.76512
frame_1862
id: 1862
stamp: 1757574335.447921276
T_odom_lidar: 
    0.97954   0.0472728   -0.195618  -0.0447485
 -0.0452795    0.998867   0.0146514   0.0207679
   0.196089 -0.00549414    0.980571   -0.173196
          0           0           0           1
T_world_lidar: 
    0.97954   0.0472728   -0.195618  -0.0447485
 -0.0452795    0.998867   0.0146514   0.0207679
   0.196089 -0.00549414    0.980571   -0.173196
          0           0           0           1
v_world_imu: -0.0454237   -0.11805    0.76512
frame_1863
id: 1863
stamp: 1757574335.489073277
T_odom_lidar: 
     0.9794   0.0472774    -0.19632  -0.0450155
 -0.0453804     0.99887   0.0141522    0.020362
   0.196767 -0.00495161    0.980438   -0.174786
          0           0           0           1
T_world_lidar: 
     0.9794   0.0472774    -0.19632  -0.0450155
 -0.0453804     0.99887   0.0141522    0.020362
   0.196767 -0.00495161    0.980438   -0.174786
          0           0           0           1
v_world_imu: -0.0454237   -0.11805    0.76512
frame_1864
id: 1864
stamp: 1757574335.561665773
T_odom_lidar: 
   0.979499   0.0465101   -0.196008  -0.0498111
 -0.0457505    0.998918  0.00840351   0.0245179
   0.196187 0.000736264    0.980566   -0.163695
          0           0           0           1
T_world_lidar: 
   0.979499   0.0465101   -0.196008  -0.0498111
 -0.0457505    0.998918  0.00840351   0.0245179
   0.196187 0.000736264    0.980566   -0.163695
          0           0           0           1
v_world_imu: -0.0454237   -0.11805    0.76512
frame_1865
id: 1865
stamp: 1757574335.592669487
T_odom_lidar: 
  0.979454  0.0462908  -0.196281 -0.0516302
-0.0458651   0.998925 0.00671592  0.0237675
  0.196381  0.0024245   0.980525  -0.164123
         0          0          0          1
T_world_lidar: 
  0.979454  0.0462908  -0.196281 -0.0516302
-0.0458651   0.998925 0.00671592  0.0237675
  0.196381  0.0024245   0.980525  -0.164123
         0          0          0          1
v_world_imu: -0.0454237   -0.11805    0.76512
frame_1866
id: 1866
stamp: 1757574335.664669752
T_odom_lidar: 
  0.979469  0.0461514  -0.196239 -0.0487961
-0.0460834   0.998926 0.00491484  0.0234845
  0.196255 0.00422946   0.980544  -0.163824
         0          0          0          1
T_world_lidar: 
  0.979469  0.0461514  -0.196239 -0.0487961
-0.0460834   0.998926 0.00491484  0.0234845
  0.196255 0.00422946   0.980544  -0.163824
         0          0          0          1
v_world_imu: -0.0454237   -0.11805    0.76512
frame_1867
id: 1867
stamp: 1757574335.692260981
T_odom_lidar: 
   0.97952   0.045891  -0.196047 -0.0513624
-0.0461515   0.998929 0.00324185  0.0234339
  0.195986 0.00587239   0.980589  -0.162977
         0          0          0          1
T_world_lidar: 
   0.97952   0.045891  -0.196047 -0.0513624
-0.0461515   0.998929 0.00324185  0.0234339
  0.195986 0.00587239   0.980589  -0.162977
         0          0          0          1
v_world_imu: -0.0454237   -0.11805    0.76512
frame_1868
id: 1868
stamp: 1757574335.764839649
T_odom_lidar: 
  0.979499  0.0454883  -0.196247 -0.0497873
-0.0460529   0.998938 0.00168768  0.0243915
  0.196115 0.00738465   0.980553  -0.161337
         0          0          0          1
T_world_lidar: 
  0.979499  0.0454883  -0.196247 -0.0497873
-0.0460529   0.998938 0.00168768  0.0243915
  0.196115 0.00738465   0.980553  -0.161337
         0          0          0          1
v_world_imu: -0.0454237   -0.11805    0.76512
frame_1869
id: 1869
stamp: 1757574335.801357269
T_odom_lidar: 
  0.979525  0.0467308  -0.195823 -0.0449184
-0.0464354   0.998903 0.00610166  0.0211987
  0.195893 0.00311637    0.98062  -0.168605
         0          0          0          1
T_world_lidar: 
  0.979525  0.0467308  -0.195823 -0.0449184
-0.0464354   0.998903 0.00610166  0.0211987
  0.195893 0.00311637    0.98062  -0.168605
         0          0          0          1
v_world_imu: -0.0454237   -0.11805    0.76512
frame_1870
id: 1870
stamp: 1757574335.872684717
T_odom_lidar: 
  0.979554  0.0463413   -0.19577  -0.043086
-0.0463515   0.998915 0.00453168  0.0204958
  0.195768 0.00463522   0.980639   -0.16771
         0          0          0          1
T_world_lidar: 
  0.979554  0.0463413   -0.19577  -0.043086
-0.0463515   0.998915 0.00453168  0.0204958
  0.195768 0.00463522   0.980639   -0.16771
         0          0          0          1
v_world_imu: -0.0454237   -0.11805    0.76512
frame_1871
id: 1871
stamp: 1757574335.904872417
T_odom_lidar: 
  0.979652  0.0460418   -0.19535 -0.0440323
-0.0462448   0.998924 0.00352452  0.0212014
  0.195302 0.00558113   0.980727  -0.166692
         0          0          0          1
T_world_lidar: 
  0.979652  0.0460418   -0.19535 -0.0440323
-0.0462448   0.998924 0.00352452  0.0212014
  0.195302 0.00558113   0.980727  -0.166692
         0          0          0          1
v_world_imu: -0.0454237   -0.11805    0.76512
frame_1872
id: 1872
stamp: 1757574335.978657961
T_odom_lidar: 
   0.97966  0.0460626  -0.195308  -0.041838
-0.0463058   0.998922 0.00332268  0.0224418
   0.19525  0.0057888   0.980736  -0.166681
         0          0          0          1
T_world_lidar: 
   0.97966  0.0460626  -0.195308  -0.041838
-0.0463058   0.998922 0.00332268  0.0224418
   0.19525  0.0057888   0.980736  -0.166681
         0          0          0          1
v_world_imu: -0.0454237   -0.11805    0.76512
frame_1873
id: 1873
stamp: 1757574336.009772539
T_odom_lidar: 
  0.979687  0.0458673  -0.195216  -0.043862
-0.0460439   0.998933 0.00363573  0.0227068
  0.195174 0.00542661   0.980754  -0.167493
         0          0          0          1
T_world_lidar: 
  0.979687  0.0458673  -0.195216  -0.043862
-0.0460439   0.998933 0.00363573  0.0227068
  0.195174 0.00542661   0.980754  -0.167493
         0          0          0          1
v_world_imu: -0.0454237   -0.11805    0.76512
frame_1874
id: 1874
stamp: 1757574336.082693338
T_odom_lidar: 
  0.979556  0.0451844   -0.19603 -0.0416421
-0.0463631   0.998924 -0.0014257   0.029344
  0.195754  0.0104851   0.980597  -0.168796
         0          0          0          1
T_world_lidar: 
  0.979556  0.0451844   -0.19603 -0.0416421
-0.0463631   0.998924 -0.0014257   0.029344
  0.195754  0.0104851   0.980597  -0.168796
         0          0          0          1
v_world_imu: -0.0454237   -0.11805    0.76512
frame_1875
id: 1875
stamp: 1757574336.111545086
T_odom_lidar: 
   0.979715   0.0452467   -0.195221  -0.0427687
 -0.0464282    0.998921 -0.00147812   0.0310661
   0.194944   0.0105119    0.980758   -0.169086
          0           0           0           1
T_world_lidar: 
   0.979715   0.0452467   -0.195221  -0.0427687
 -0.0464282    0.998921 -0.00147812   0.0310661
   0.194944   0.0105119    0.980758   -0.169086
          0           0           0           1
v_world_imu: -0.0454237   -0.11805    0.76512
frame_1876
id: 1876
stamp: 1757574336.190619230
T_odom_lidar: 
    0.979902    0.0453856    -0.194248   -0.0375301
  -0.0464061     0.998922 -0.000703789    0.0314163
    0.194007   0.00970393     0.980952    -0.167259
           0            0            0            1
T_world_lidar: 
    0.979902    0.0453856    -0.194248   -0.0375301
  -0.0464061     0.998922 -0.000703789    0.0314163
    0.194007   0.00970393     0.980952    -0.167259
           0            0            0            1
v_world_imu: -0.0454237   -0.11805    0.76512
frame_1877
id: 1877
stamp: 1757574336.222369909
T_odom_lidar: 
   0.980003   0.0455613   -0.193697  -0.0411465
 -0.0464407    0.998921 6.33114e-07   0.0323848
   0.193488  0.00899479    0.981061   -0.166107
          0           0           0           1
T_world_lidar: 
   0.980003   0.0455613   -0.193697  -0.0411465
 -0.0464407    0.998921 6.33114e-07   0.0323848
   0.193488  0.00899479    0.981061   -0.166107
          0           0           0           1
v_world_imu: -0.0454237   -0.11805    0.76512
frame_1878
id: 1878
stamp: 1757574336.292457104
T_odom_lidar: 
  0.980034  0.0460089  -0.193436 -0.0413667
-0.0462887   0.998923  0.0030751  0.0340533
  0.193369 0.00594019   0.981108  -0.166623
         0          0          0          1
T_world_lidar: 
  0.980034  0.0460089  -0.193436 -0.0413667
-0.0462887   0.998923  0.0030751  0.0340533
  0.193369 0.00594019   0.981108  -0.166623
         0          0          0          1
v_world_imu: -0.0454237   -0.11805    0.76512
frame_1879
id: 1879
stamp: 1757574336.328075647
T_odom_lidar: 
   0.97977   0.045753  -0.194826  -0.051744
-0.0458632    0.99894 0.00394756  0.0299161
    0.1948 0.00506762    0.98083  -0.171675
         0          0          0          1
T_world_lidar: 
   0.97977   0.045753  -0.194826  -0.051744
-0.0458632    0.99894 0.00394756  0.0299161
    0.1948 0.00506762    0.98083  -0.171675
         0          0          0          1
v_world_imu: -0.0454237   -0.11805    0.76512
frame_1880
id: 1880
stamp: 1757574336.406954527
T_odom_lidar: 
  0.979777  0.0458274  -0.194772 -0.0529722
-0.0457083   0.998942 0.00510797  0.0304649
    0.1948 0.00389804   0.980835  -0.169825
         0          0          0          1
T_world_lidar: 
  0.979777  0.0458274  -0.194772 -0.0529722
-0.0457083   0.998942 0.00510797  0.0304649
    0.1948 0.00389804   0.980835  -0.169825
         0          0          0          1
v_world_imu: -0.0454237   -0.11805    0.76512
frame_1881
id: 1881
stamp: 1757574336.441855192
T_odom_lidar: 
  0.979971  0.0460131  -0.193749 -0.0568385
-0.0457734   0.998935 0.00571617   0.029746
  0.193806 0.00326688   0.981034  -0.167799
         0          0          0          1
T_world_lidar: 
  0.979971  0.0460131  -0.193749 -0.0568385
-0.0457734   0.998935 0.00571617   0.029746
  0.193806 0.00326688   0.981034  -0.167799
         0          0          0          1
v_world_imu: -0.0454237   -0.11805    0.76512
