1757574235.574875593 -0.025258 0.023096 -0.142721 -0.002182 -0.097310 -0.023912 0.994964
1757574235.576178789 -0.025316 0.022943 -0.141728 -0.001786 -0.097275 -0.023845 0.994970
1757574235.614048004 -0.025597 0.019956 -0.114865 0.005521 -0.093398 -0.022437 0.995361
1757574235.614048004 -0.046718 0.026440 -0.163651 0.000487 -0.096322 -0.024139 0.995057
1757574235.615308046 -0.046773 0.026293 -0.162689 0.000730 -0.096193 -0.024092 0.995071
1757574235.693412542 -0.046817 0.026343 -0.102703 0.001516 -0.082985 -0.022732 0.996290
1757574235.693412542 -0.046040 0.016502 -0.148718 0.002872 -0.093849 -0.024296 0.995286
1757574235.695409775 -0.046128 0.016272 -0.147190 0.002892 -0.093511 -0.024260 0.995318
1757574235.730770826 -0.047028 0.013799 -0.119027 -0.002245 -0.084796 -0.023925 0.996109
1757574235.730770826 -0.055639 0.015862 -0.166461 0.004253 -0.098617 -0.023575 0.994837
1757574235.732938766 -0.055736 0.015611 -0.164798 0.003938 -0.098084 -0.023555 0.994892
1757574235.811659813 -0.057128 0.010566 -0.096692 -0.014796 -0.073294 -0.023197 0.996931
1757574235.811659813 -0.062133 0.017711 -0.178499 0.004592 -0.101412 -0.023393 0.994559
1757574235.813013077 -0.062194 0.017553 -0.177461 0.004270 -0.100987 -0.023388 0.994604
1757574235.854249001 -0.063993 0.012755 -0.143793 -0.006276 -0.085934 -0.022907 0.996018
1757574235.854249001 -0.062686 0.022344 -0.191895 0.003467 -0.102160 -0.023870 0.994475
1757574235.856226683 -0.062776 0.022110 -0.190377 0.002961 -0.101439 -0.023848 0.994551
1757574235.937688112 -0.067169 0.009222 -0.121878 -0.014132 -0.069244 -0.021224 0.997274
1757574235.937688112 -0.053942 0.029556 -0.179851 0.005445 -0.105679 -0.024080 0.994094
1757574235.939448357 -0.054023 0.029347 -0.178501 0.005075 -0.104985 -0.024023 0.994171
1757574235.981572866 -0.056909 0.023095 -0.144818 -0.001264 -0.088012 -0.022362 0.995868
1757574235.981572866 -0.051892 0.030725 -0.178474 0.004355 -0.104965 -0.023963 0.994178
1757574235.982881784 -0.051953 0.030570 -0.177472 0.004158 -0.104438 -0.023912 0.994235
1757574236.064673662 -0.062165 0.016680 -0.112129 -0.004008 -0.075408 -0.020907 0.996926
1757574236.064673662 -0.044456 0.034488 -0.176115 0.003425 -0.104143 -0.024126 0.994264
1757574236.066007853 -0.044519 0.034329 -0.175094 0.003291 -0.103670 -0.024078 0.994315
1757574236.106283188 -0.047872 0.028645 -0.144201 0.001017 -0.090846 -0.022598 0.995608
1757574236.106283188 -0.043654 0.034600 -0.172092 0.002794 -0.103011 -0.024489 0.994375
1757574236.107994556 -0.043734 0.034397 -0.170783 0.002698 -0.102466 -0.024426 0.994433
1757574236.191486835 -0.054835 0.021487 -0.107571 -0.000043 -0.079990 -0.020410 0.996587
1757574236.191486835 -0.037936 0.036814 -0.170040 0.002588 -0.102356 -0.024971 0.994431
1757574236.192755938 -0.037995 0.036663 -0.169069 0.002546 -0.102015 -0.024910 0.994468
1757574236.236249685 -0.042226 0.030986 -0.135957 0.001405 -0.091669 -0.022296 0.995539
1757574236.236249685 -0.033577 0.034043 -0.152199 0.001841 -0.100521 -0.024827 0.994623
1757574236.238165855 -0.033669 0.033816 -0.150734 0.001791 -0.100065 -0.024712 0.994672
1757574236.314201832 -0.044258 0.023305 -0.093528 0.000108 -0.084463 -0.021590 0.996193
1757574236.314201832 -0.028597 0.033646 -0.143734 0.002202 -0.099726 -0.024661 0.994707
1757574236.316102266 -0.028687 0.033421 -0.142281 0.002160 -0.099337 -0.024583 0.994748
1757574236.351757765 -0.031958 0.028867 -0.115087 0.001305 -0.092841 -0.023425 0.995404
1757574236.351757765 -0.028739 0.032443 -0.142091 0.002390 -0.099040 -0.024431 0.994781
1757574236.353439808 -0.028819 0.032244 -0.140804 0.002350 -0.098733 -0.024376 0.994813
1757574236.427098513 -0.039804 0.022465 -0.084392 -0.000105 -0.087837 -0.022711 0.995876
1757574236.427098513 -0.024096 0.032476 -0.139398 0.002263 -0.098433 -0.024037 0.994851
1757574236.428546667 -0.024164 0.032305 -0.138290 0.002214 -0.098219 -0.024004 0.994873
1757574236.464218855 -0.027633 0.027630 -0.110954 0.001483 -0.093751 -0.023775 0.995311
1757574236.464218855 -0.024302 0.032582 -0.137904 0.002010 -0.097753 -0.023802 0.994924
1757574236.466223240 -0.024399 0.032344 -0.136371 0.001969 -0.097502 -0.023790 0.994949
1757574236.545471668 -0.037211 0.020597 -0.075338 0.001073 -0.089610 -0.024002 0.995687
1757574236.545471668 -0.020449 0.032857 -0.136292 0.000539 -0.095517 -0.023968 0.995139
1757574236.547453642 -0.020544 0.032622 -0.134776 0.000517 -0.095320 -0.023973 0.995158
1757574236.582750082 -0.024221 0.027874 -0.107892 0.000761 -0.093729 -0.024041 0.995307
1757574236.582750082 -0.021964 0.033550 -0.135436 0.000209 -0.094987 -0.024107 0.995187
1757574236.584374189 -0.022042 0.033357 -0.134194 0.000221 -0.094914 -0.024110 0.995193
1757574236.663734198 -0.033226 0.021231 -0.074042 0.002087 -0.092023 -0.023950 0.995467
1757574236.663734198 -0.019663 0.034269 -0.135657 0.000217 -0.094835 -0.024137 0.995200
1757574236.665474653 -0.019746 0.034063 -0.134325 0.000258 -0.094772 -0.024133 0.995206
1757574236.703766584 -0.023180 0.029080 -0.105325 0.001053 -0.093572 -0.024056 0.995321
1757574236.703766584 -0.020842 0.032720 -0.133824 0.000609 -0.094387 -0.024026 0.995245
1757574236.705305338 -0.020914 0.032538 -0.132647 0.000641 -0.094339 -0.024023 0.995250
1757574236.778219700 -0.030425 0.022842 -0.078751 0.001253 -0.093352 -0.024239 0.995337
1757574236.778219700 -0.020239 0.032669 -0.133655 0.000716 -0.094408 -0.023970 0.995245
1757574236.779561996 -0.020302 0.032511 -0.132629 0.000727 -0.094390 -0.023974 0.995246
1757574236.817402840 -0.023575 0.027761 -0.104235 0.000642 -0.093697 -0.024119 0.995308
1757574236.817402840 -0.018467 0.027603 -0.138787 -0.001092 -0.095973 -0.023961 0.995095
1757574236.819271564 -0.018556 0.027382 -0.137359 -0.001097 -0.095939 -0.023969 0.995098
1757574236.895009518 -0.028812 0.017822 -0.080941 -0.002620 -0.095147 -0.024635 0.995155
1757574236.895009518 -0.014352 0.027512 -0.137317 -0.000844 -0.095597 -0.023763 0.995136
1757574236.896326303 -0.014414 0.027357 -0.136310 -0.000871 -0.095584 -0.023774 0.995137
1757574236.935365438 -0.018085 0.022414 -0.106923 -0.001874 -0.096036 -0.024458 0.995076
1757574236.935365438 -0.014780 0.028064 -0.136954 -0.000580 -0.095186 -0.023818 0.995174
1757574236.936850786 -0.014850 0.027889 -0.135818 -0.000618 -0.095203 -0.023844 0.995172
1757574237.013433933 -0.025376 0.018078 -0.078797 -0.003420 -0.097457 -0.025092 0.994918
1757574237.013433933 -0.012814 0.027592 -0.136351 -0.000126 -0.095119 -0.023833 0.995181
1757574237.014666557 -0.012872 0.027446 -0.135408 -0.000171 -0.095156 -0.023853 0.995177
1757574237.053318024 -0.016245 0.022786 -0.106258 -0.002426 -0.096384 -0.024513 0.995039
1757574237.053318024 -0.016341 0.026579 -0.137850 0.000190 -0.095626 -0.023861 0.995131
1757574237.056110859 -0.016476 0.026249 -0.135715 0.000027 -0.095715 -0.023909 0.995122
1757574237.133484364 -0.025673 0.016141 -0.077500 -0.006266 -0.096167 -0.025148 0.995028
1757574237.133484364 -0.020533 0.026297 -0.140612 -0.000577 -0.096025 -0.023684 0.995097
1757574237.134663820 -0.020588 0.026157 -0.139710 -0.000673 -0.096032 -0.023703 0.995096
1757574237.166526794 -0.022884 0.021996 -0.115472 -0.003373 -0.094792 -0.024312 0.995194
1757574237.166526794 -0.023880 0.025933 -0.141362 -0.000527 -0.096363 -0.023536 0.995068
1757574237.167577028 -0.023929 0.025809 -0.140558 -0.000616 -0.096322 -0.023556 0.995071
1757574237.240467548 -0.032454 0.015363 -0.085197 -0.007541 -0.092651 -0.025339 0.995348
1757574237.240467548 -0.019122 0.027010 -0.140473 -0.000589 -0.095961 -0.023574 0.995106
1757574237.241760015 -0.019182 0.026857 -0.139484 -0.000712 -0.095896 -0.023605 0.995111
1757574237.277511120 -0.022521 0.022118 -0.112090 -0.004132 -0.094882 -0.024511 0.995178
1757574237.277511120 -0.020852 0.026665 -0.141732 -0.000827 -0.096119 -0.023552 0.995091
1757574237.279580355 -0.020951 0.026419 -0.140148 -0.001025 -0.096060 -0.023604 0.995095
1757574237.353777409 -0.031091 0.015106 -0.081985 -0.007767 -0.093144 -0.025554 0.995294
1757574237.353777409 -0.018628 0.028139 -0.141781 -0.001376 -0.095688 -0.023662 0.995129
1757574237.354848862 -0.018677 0.028012 -0.140961 -0.001473 -0.095646 -0.023690 0.995132
1757574237.391083241 -0.022154 0.023037 -0.113103 -0.004045 -0.094979 -0.024477 0.995170
1757574237.391083241 -0.015571 0.031120 -0.139369 0.000084 -0.096363 -0.023591 0.995067
1757574237.393148661 -0.015670 0.030874 -0.137788 -0.000063 -0.096325 -0.023636 0.995069
1757574237.471787930 -0.028587 0.018615 -0.078876 -0.004738 -0.098779 -0.024963 0.994785
1757574237.471787930 -0.011198 0.031781 -0.138476 -0.000003 -0.095740 -0.023694 0.995124
1757574237.474276304 -0.011320 0.031484 -0.136573 -0.000151 -0.095817 -0.023735 0.995116
1757574237.513460875 -0.015158 0.026090 -0.107187 -0.002321 -0.098108 -0.024347 0.994875
1757574237.513460875 -0.013716 0.030567 -0.138030 -0.000074 -0.095241 -0.023799 0.995170
1757574237.514506340 -0.013765 0.030443 -0.137231 -0.000132 -0.095303 -0.023816 0.995163
1757574237.590484858 -0.023504 0.019037 -0.081329 -0.004857 -0.101205 -0.024871 0.994543
1757574237.590484858 -0.011324 0.030118 -0.136865 0.000029 -0.094833 -0.023881 0.995207
1757574237.591692686 -0.011381 0.029975 -0.135942 -0.000046 -0.094927 -0.023897 0.995197
1757574237.629219055 -0.014569 0.024870 -0.107811 -0.002777 -0.098552 -0.024412 0.994829
1757574237.629219055 -0.011250 0.028823 -0.136444 0.000109 -0.094467 -0.024195 0.995234
1757574237.630552769 -0.011312 0.028665 -0.135424 0.000012 -0.094596 -0.024213 0.995221
1757574237.704477787 -0.019229 0.017415 -0.080917 -0.006205 -0.103226 -0.024463 0.994338
1757574237.704477787 -0.014369 0.029775 -0.131012 0.002377 -0.092273 -0.024190 0.995437
1757574237.705611706 -0.014422 0.029641 -0.130145 0.002282 -0.092405 -0.024194 0.995425
1757574237.735975027 -0.016281 0.025594 -0.107066 -0.000707 -0.095089 -0.024460 0.995168
1757574237.735975027 -0.019120 0.028418 -0.129985 0.002690 -0.093090 -0.024064 0.995363
1757574237.737374067 -0.019185 0.028252 -0.128915 0.002553 -0.093214 -0.024076 0.995352
1757574237.811860561 -0.024332 0.016586 -0.072500 -0.005878 -0.096121 -0.024963 0.995039
1757574237.811860561 -0.024715 0.030822 -0.133660 0.002120 -0.094797 -0.023827 0.995209
1757574237.812981367 -0.024766 0.030689 -0.132802 0.001993 -0.094841 -0.023841 0.995205
1757574237.847906351 -0.026721 0.025572 -0.106170 -0.001276 -0.093578 -0.024289 0.995315
1757574237.847906351 -0.028071 0.030519 -0.136209 0.001639 -0.096079 -0.023663 0.995091
1757574237.849091291 -0.028125 0.030378 -0.135302 0.001528 -0.096036 -0.023678 0.995095
1757574237.921194792 -0.033527 0.017721 -0.081194 -0.003911 -0.089453 -0.024656 0.995678
1757574237.921194792 -0.030819 0.031783 -0.138489 0.001258 -0.097307 -0.023517 0.994976
1757574237.922331810 -0.030871 0.031648 -0.137619 0.001172 -0.097203 -0.023532 0.994986
1757574237.958162546 -0.032978 0.026362 -0.110686 -0.001222 -0.092108 -0.024084 0.995457
1757574237.958162546 -0.035760 0.035099 -0.139999 0.003983 -0.098698 -0.023124 0.994841
1757574237.959803343 -0.035835 0.034903 -0.138744 0.003873 -0.098465 -0.023149 0.994864
1757574238.031959534 -0.041704 0.022011 -0.085036 -0.000746 -0.085193 -0.024263 0.996069
1757574238.031959534 -0.034725 0.035870 -0.140127 0.004010 -0.099015 -0.022975 0.994813
1757574238.033510923 -0.034797 0.035685 -0.138941 0.003911 -0.098730 -0.022999 0.994841
1757574238.069430113 -0.037579 0.030278 -0.111620 0.001634 -0.091746 -0.023753 0.995498
1757574238.069430113 -0.033494 0.034723 -0.140173 0.003938 -0.098775 -0.022985 0.994837
1757574238.070755005 -0.033556 0.034565 -0.139160 0.003854 -0.098517 -0.023013 0.994862
1757574238.144914389 -0.044216 0.021007 -0.082378 -0.000814 -0.085150 -0.024499 0.996067
1757574238.144914389 -0.026808 0.036881 -0.137784 0.003697 -0.097731 -0.023230 0.994935
1757574238.145954609 -0.026856 0.036757 -0.136988 0.003632 -0.097544 -0.023251 0.994953
1757574238.180956602 -0.030393 0.031386 -0.110373 0.001974 -0.093003 -0.023750 0.995381
1757574238.180956602 -0.024302 0.035872 -0.135622 0.003637 -0.096573 -0.023502 0.995042
1757574238.182561398 -0.024378 0.035680 -0.134394 0.003561 -0.096365 -0.023525 0.995062
1757574238.263339996 -0.038935 0.020376 -0.072917 -0.000083 -0.090351 -0.024251 0.995615
1757574238.263339996 -0.027362 0.038220 -0.133093 0.005004 -0.093613 -0.023445 0.995320
1757574238.264910936 -0.027438 0.038032 -0.131891 0.004933 -0.093496 -0.023458 0.995331
1757574238.300080061 -0.031066 0.032687 -0.105155 0.003255 -0.092463 -0.023651 0.995430
1757574238.300080061 -0.029951 0.037447 -0.131608 0.005078 -0.093118 -0.023458 0.995366
1757574238.301326752 -0.030010 0.037298 -0.130654 0.005019 -0.093081 -0.023465 0.995369
1757574238.378867149 -0.041544 0.021790 -0.072362 0.001575 -0.091542 -0.023852 0.995514
1757574238.378867149 -0.027886 0.038852 -0.130726 0.005225 -0.092715 -0.023474 0.995402
1757574238.380401611 -0.027959 0.038668 -0.129553 0.005157 -0.092685 -0.023482 0.995405
1757574238.416900635 -0.031769 0.033330 -0.101538 0.003261 -0.092609 -0.023688 0.995415
1757574238.416900635 -0.027571 0.037239 -0.131072 0.005018 -0.091983 -0.023569 0.995469
1757574238.418940783 -0.027670 0.036995 -0.129510 0.004912 -0.091979 -0.023580 0.995470
1757574238.493182659 -0.040036 0.022051 -0.073709 0.002109 -0.094397 -0.023680 0.995251
1757574238.493182659 -0.022917 0.040770 -0.130819 0.004333 -0.091118 -0.023758 0.995547
1757574238.494299173 -0.022969 0.040637 -0.129965 0.004291 -0.091154 -0.023760 0.995544
1757574238.527717590 -0.026295 0.035301 -0.104767 0.004288 -0.093500 -0.023609 0.995330
1757574238.527717590 -0.023744 0.039686 -0.128379 0.003867 -0.090906 -0.023811 0.995567
1757574238.528844357 -0.023797 0.039552 -0.127517 0.003867 -0.090985 -0.023806 0.995560
1757574238.601721764 -0.034251 0.026430 -0.072862 0.004588 -0.098038 -0.023465 0.994895
1757574238.601721764 -0.021471 0.039180 -0.128483 0.003832 -0.090313 -0.023865 0.995620
1757574238.603040457 -0.021533 0.039023 -0.127474 0.003845 -0.090441 -0.023859 0.995609
1757574238.634326220 -0.024397 0.034674 -0.103633 0.004107 -0.094421 -0.023701 0.995242
1757574238.634326220 -0.024245 0.036638 -0.128784 0.003847 -0.090325 -0.023734 0.995622
1757574238.635812044 -0.024316 0.036461 -0.127647 0.003860 -0.090514 -0.023727 0.995605
1757574238.710397720 -0.033257 0.024627 -0.071143 0.004001 -0.099550 -0.023782 0.994740
1757574238.710397720 -0.026508 0.036747 -0.129897 0.003847 -0.091213 -0.023497 0.995547
1757574238.711565495 -0.026562 0.036609 -0.129004 0.003849 -0.091354 -0.023498 0.995534
1757574238.743032217 -0.028847 0.032420 -0.104757 0.003473 -0.093758 -0.023727 0.995306
1757574238.743032217 -0.031722 0.035252 -0.131643 0.003853 -0.092239 -0.023306 0.995457
1757574238.744773388 -0.031804 0.035046 -0.130311 0.003833 -0.092372 -0.023319 0.995444
1757574238.813744068 -0.038663 0.024686 -0.076379 0.002307 -0.094070 -0.024067 0.995272
1757574238.813744068 -0.029960 0.032595 -0.144471 0.001849 -0.095035 -0.023228 0.995201
1757574238.815242529 -0.030030 0.032417 -0.143324 0.001816 -0.095072 -0.023245 0.995197
1757574238.849297762 -0.032668 0.028055 -0.116799 0.000528 -0.094360 -0.023695 0.995256
1757574238.849297762 -0.031372 0.030916 -0.147340 0.001654 -0.095578 -0.023208 0.995150
1757574238.850974798 -0.031450 0.030717 -0.146055 0.001591 -0.095543 -0.023230 0.995153
1757574238.918990612 -0.039471 0.021088 -0.093551 -0.001329 -0.093747 -0.024065 0.995304
1757574238.918990612 -0.030615 0.030548 -0.148371 0.001692 -0.095782 -0.023169 0.995131
1757574238.919943094 -0.030659 0.030435 -0.147642 0.001651 -0.095757 -0.023180 0.995133
1757574238.952644825 -0.033368 0.026262 -0.122587 -0.000055 -0.094812 -0.023614 0.995215
1757574238.952644825 -0.029894 0.028740 -0.148512 0.001706 -0.095394 -0.023295 0.995166
1757574238.953744173 -0.029945 0.028610 -0.147670 0.001649 -0.095362 -0.023310 0.995168
1757574239.022812128 -0.038659 0.019172 -0.095488 -0.002689 -0.095169 -0.024090 0.995166
1757574239.022812128 -0.028728 0.028612 -0.148916 0.001804 -0.095340 -0.023230 0.995172
1757574239.024333954 -0.028800 0.028432 -0.147752 0.001708 -0.095336 -0.023247 0.995172
1757574239.051102400 -0.030732 0.025061 -0.127444 -0.000270 -0.095378 -0.023628 0.995161
1757574239.051102400 -0.028945 0.028498 -0.151181 0.002279 -0.096980 -0.023032 0.995017
1757574239.052263975 -0.028999 0.028360 -0.150293 0.002193 -0.096982 -0.023049 0.995017
1757574239.122854710 -0.036433 0.018733 -0.097301 -0.003555 -0.096441 -0.024188 0.995038
1757574239.122854710 -0.029536 0.028899 -0.152562 0.002100 -0.097346 -0.022915 0.994985
1757574239.124450684 -0.029611 0.028710 -0.151341 0.001970 -0.097334 -0.022940 0.994985
1757574239.157974243 -0.032051 0.024344 -0.125943 -0.000688 -0.096661 -0.023557 0.995038
1757574239.157974243 -0.033014 0.028543 -0.153922 0.001866 -0.097863 -0.022479 0.994944
1757574239.160172701 -0.033118 0.028282 -0.152241 0.001691 -0.097819 -0.022519 0.994948
1757574239.227543354 -0.039375 0.018323 -0.101806 -0.003148 -0.094661 -0.024891 0.995193
1757574239.227543354 -0.032301 0.029783 -0.154868 0.001517 -0.097907 -0.022800 0.994933
1757574239.228606224 -0.032350 0.029657 -0.154055 0.001441 -0.097857 -0.022837 0.994937
1757574239.263044596 -0.034932 0.025068 -0.128172 -0.000630 -0.096360 -0.023458 0.995070
1757574239.263044596 -0.032779 0.028927 -0.155748 0.001286 -0.097728 -0.022931 0.994948
1757574239.264194489 -0.032832 0.028791 -0.154869 0.001217 -0.097678 -0.022951 0.994953
1757574239.341274977 -0.042031 0.017992 -0.097730 -0.003154 -0.094986 -0.024166 0.995180
1757574239.341274977 -0.026677 0.030394 -0.154537 0.002568 -0.098897 -0.022817 0.994833
1757574239.342981339 -0.026757 0.030191 -0.153232 0.002471 -0.098837 -0.022844 0.994838
1757574239.372553349 -0.029082 0.026438 -0.130888 0.000888 -0.098082 -0.023188 0.994908
1757574239.372553349 -0.028351 0.029221 -0.155827 0.002426 -0.098619 -0.022944 0.994858
1757574239.374961376 -0.028466 0.028935 -0.153986 0.002297 -0.098558 -0.022972 0.994864
1757574239.449738503 -0.038850 0.018920 -0.097862 -0.001535 -0.098223 -0.023422 0.994888
1757574239.449738503 -0.024652 0.028442 -0.154620 0.002568 -0.098184 -0.023173 0.994895
1757574239.451510906 -0.024736 0.028232 -0.153264 0.002477 -0.098176 -0.023184 0.994896
1757574239.484940052 -0.027886 0.024243 -0.127541 0.000232 -0.098575 -0.023182 0.994860
1757574239.484940052 -0.025984 0.027352 -0.155158 0.002471 -0.097929 -0.023220 0.994919
1757574239.486785412 -0.026073 0.027134 -0.153746 0.002347 -0.097951 -0.023220 0.994918
1757574239.555869102 -0.035197 0.018262 -0.100171 -0.002354 -0.099458 -0.023349 0.994765
1757574239.555869102 -0.025958 0.027602 -0.154768 0.002311 -0.097964 -0.023130 0.994918
1757574239.557350397 -0.026028 0.027427 -0.153635 0.002210 -0.097997 -0.023133 0.994915
1757574239.590344667 -0.028694 0.023320 -0.128363 -0.000043 -0.098456 -0.023298 0.994869
1757574239.590344667 -0.028457 0.029333 -0.154627 0.003125 -0.098465 -0.023055 0.994869
1757574239.591351271 -0.028504 0.029214 -0.153857 0.003057 -0.098479 -0.023060 0.994867
1757574239.660376072 -0.036452 0.019833 -0.101659 -0.001149 -0.099062 -0.023389 0.994806
1757574239.660376072 -0.025659 0.029820 -0.153671 0.002900 -0.097962 -0.023218 0.994915
1757574239.661736727 -0.025723 0.029659 -0.152630 0.002817 -0.097973 -0.023224 0.994914
1757574239.691359282 -0.028132 0.025979 -0.130303 0.001063 -0.099083 -0.023217 0.994808
1757574239.691359282 -0.025999 0.028801 -0.152468 0.002816 -0.097640 -0.023211 0.994947
1757574239.692542553 -0.026054 0.028661 -0.151563 0.002746 -0.097684 -0.023211 0.994943
1757574239.768479586 -0.034034 0.018995 -0.096304 -0.002244 -0.101963 -0.023552 0.994507
1757574239.768479586 -0.024471 0.028667 -0.151770 0.002619 -0.097580 -0.023136 0.994955
1757574239.769720793 -0.024529 0.028521 -0.150821 0.002537 -0.097650 -0.023142 0.994948
1757574239.803817987 -0.027230 0.024293 -0.125226 0.000364 -0.099802 -0.023396 0.994732
1757574239.803817987 -0.024678 0.028416 -0.151126 0.002415 -0.097821 -0.023148 0.994932
1757574239.805468559 -0.024756 0.028221 -0.149864 0.002310 -0.097925 -0.023160 0.994922
1757574239.880673170 -0.033388 0.018179 -0.094076 -0.002500 -0.102204 -0.023772 0.994476
1757574239.880673170 -0.026798 0.030095 -0.144876 0.003400 -0.096915 -0.023220 0.995016
1757574239.881924629 -0.026856 0.029946 -0.143919 0.003320 -0.096987 -0.023230 0.995009
1757574239.918097019 -0.029636 0.025415 -0.116420 0.000855 -0.097938 -0.023524 0.994914
1757574239.918097019 -0.030469 0.030098 -0.144960 0.003137 -0.097633 -0.023160 0.994948
1757574239.920173407 -0.030567 0.029852 -0.143372 0.002996 -0.097688 -0.023177 0.994943
1757574239.991723299 -0.038631 0.019748 -0.088855 -0.000994 -0.097096 -0.023754 0.994991
1757574239.991723299 -0.027965 0.030991 -0.144969 0.002714 -0.097946 -0.023223 0.994917
1757574239.992886543 -0.028019 0.030853 -0.144079 0.002649 -0.097937 -0.023232 0.994918
1757574240.025724173 -0.030944 0.026535 -0.118859 0.001375 -0.097565 -0.023422 0.994953
1757574240.025724173 -0.027042 0.031208 -0.144774 0.002459 -0.097729 -0.023307 0.994937
1757574240.027648211 -0.027134 0.030980 -0.143302 0.002384 -0.097707 -0.023319 0.994939
1757574240.094916344 -0.036634 0.021032 -0.091582 0.000675 -0.098099 -0.023483 0.994899
1757574240.094916344 -0.023700 0.031882 -0.143792 0.002255 -0.097521 -0.023408 0.994956
1757574240.096548319 -0.023778 0.031688 -0.142543 0.002213 -0.097530 -0.023412 0.994955
1757574240.130771875 -0.027025 0.027097 -0.116446 0.001670 -0.098198 -0.023444 0.994889
1757574240.130771875 -0.026787 0.032013 -0.143603 0.002000 -0.097257 -0.023451 0.994981
1757574240.132022381 -0.026846 0.031865 -0.142646 0.001980 -0.097282 -0.023452 0.994979
1757574240.206384182 -0.036607 0.020182 -0.087103 0.001811 -0.097886 -0.023454 0.994920
1757574240.206384182 -0.024187 0.033296 -0.142344 0.001993 -0.097071 -0.023510 0.994998
1757574240.207718611 -0.024249 0.033138 -0.141323 0.001990 -0.097082 -0.023510 0.994997
1757574240.236597300 -0.026580 0.029276 -0.119678 0.001974 -0.097672 -0.023472 0.994940
1757574240.236597300 -0.026259 0.032424 -0.141679 0.002205 -0.097180 -0.023420 0.994989
1757574240.237781048 -0.026314 0.032283 -0.140774 0.002204 -0.097204 -0.023418 0.994987
1757574240.312343359 -0.035073 0.020621 -0.087017 0.001473 -0.098373 -0.023522 0.994870
1757574240.312343359 -0.024843 0.032934 -0.139937 0.002688 -0.097396 -0.023352 0.994968
1757574240.314077616 -0.024925 0.032727 -0.138611 0.002671 -0.097423 -0.023354 0.994965
1757574240.345667839 -0.027431 0.028492 -0.114947 0.001655 -0.097666 -0.023519 0.994940
1757574240.345667839 -0.025475 0.031545 -0.140220 0.003055 -0.097376 -0.023326 0.994970
1757574240.346809864 -0.025528 0.031410 -0.139347 0.003019 -0.097385 -0.023332 0.994969
1757574240.416428328 -0.034008 0.020059 -0.087728 0.000080 -0.098302 -0.023720 0.994874
1757574240.416428328 -0.025686 0.031341 -0.138782 0.001285 -0.096538 -0.023650 0.995047
1757574240.417822838 -0.025752 0.031175 -0.137716 0.001226 -0.096556 -0.023657 0.995046
1757574240.444999933 -0.027939 0.027412 -0.116949 -0.000099 -0.096909 -0.023733 0.995010
1757574240.444999933 -0.026788 0.030787 -0.139067 0.001384 -0.096513 -0.023700 0.995049
1757574240.445969582 -0.026833 0.030672 -0.138325 0.001337 -0.096525 -0.023703 0.995047
1757574240.515335798 -0.036308 0.018452 -0.085022 -0.001601 -0.097682 -0.023805 0.994932
1757574240.515335798 -0.025843 0.033947 -0.139904 0.001212 -0.096958 -0.023611 0.995008
1757574240.516814470 -0.025913 0.033770 -0.138773 0.001150 -0.096982 -0.023613 0.995005
1757574240.547317743 -0.028499 0.029175 -0.115414 0.000476 -0.096823 -0.023682 0.995020
1757574240.547317743 -0.027177 0.033531 -0.139884 0.001284 -0.096900 -0.023610 0.995013
1757574240.548537731 -0.027234 0.033385 -0.138950 0.001257 -0.096893 -0.023613 0.995014
1757574240.621718168 -0.037781 0.019806 -0.083548 0.000041 -0.097034 -0.023646 0.995000
1757574240.621718168 -0.023502 0.035114 -0.139556 0.001340 -0.096774 -0.023666 0.995024
1757574240.623092175 -0.023567 0.034950 -0.138505 0.001317 -0.096777 -0.023667 0.995024
1757574240.661014795 -0.027338 0.029095 -0.109754 0.001003 -0.097089 -0.023645 0.994994
1757574240.661014795 -0.026797 0.034109 -0.138566 0.000593 -0.096645 -0.023684 0.995037
1757574240.663301229 -0.026908 0.033835 -0.136818 0.000574 -0.096664 -0.023683 0.995035
1757574240.734648943 -0.036323 0.020051 -0.083308 0.001256 -0.096438 -0.023570 0.995059
1757574240.734648943 -0.025413 0.036047 -0.138605 0.000571 -0.096649 -0.023647 0.995037
1757574240.736100197 -0.025481 0.035874 -0.137495 0.000585 -0.096645 -0.023645 0.995038
1757574240.773824453 -0.028934 0.029944 -0.109152 0.001207 -0.096547 -0.023622 0.995047
1757574240.773824453 -0.026793 0.035363 -0.139246 0.000588 -0.096730 -0.023593 0.995031
1757574240.775639772 -0.026879 0.035146 -0.137858 0.000618 -0.096725 -0.023592 0.995031
1757574240.846088171 -0.035668 0.021850 -0.085844 0.002295 -0.096236 -0.023594 0.995076
1757574240.846088171 -0.023731 0.037093 -0.139228 0.000562 -0.096375 -0.023684 0.995063
1757574240.847345114 -0.023789 0.036944 -0.138267 0.000592 -0.096366 -0.023684 0.995064
1757574240.874743938 -0.025974 0.033030 -0.117676 0.001355 -0.096654 -0.023670 0.995036
1757574240.874743938 -0.024384 0.034652 -0.139320 0.000944 -0.096070 -0.023644 0.995093
1757574240.875864506 -0.024436 0.034519 -0.138463 0.000976 -0.096082 -0.023644 0.995092
1757574240.956164360 -0.035514 0.022349 -0.078002 0.002584 -0.098223 -0.023776 0.994877
1757574240.956164360 -0.020255 0.029715 -0.140864 -0.001342 -0.095859 -0.023822 0.995109
1757574240.957482338 -0.020316 0.029559 -0.139855 -0.001316 -0.095894 -0.023824 0.995106
1757574240.991489172 -0.023094 0.025247 -0.113881 -0.001809 -0.096688 -0.024080 0.995022
1757574240.991489172 -0.023840 0.028072 -0.143310 -0.001334 -0.096267 -0.023696 0.995073
1757574240.993273735 -0.023924 0.027861 -0.141945 -0.001360 -0.096308 -0.023710 0.995068
1757574241.066603422 -0.032267 0.018186 -0.084201 -0.004173 -0.096233 -0.024653 0.995045
1757574241.066603422 -0.025437 0.027468 -0.145577 -0.000877 -0.096764 -0.023604 0.995027
1757574241.067938089 -0.025499 0.027310 -0.144555 -0.000928 -0.096763 -0.023621 0.995027
1757574241.106651306 -0.028753 0.022416 -0.114400 -0.003240 -0.095752 -0.024121 0.995108
1757574241.106651306 -0.027865 0.026532 -0.146966 -0.000668 -0.097071 -0.023474 0.995000
1757574241.108865976 -0.027970 0.026270 -0.145270 -0.000800 -0.097013 -0.023503 0.995005
1757574241.182600021 -0.038027 0.016304 -0.086282 -0.006113 -0.093821 -0.024648 0.995265
1757574241.182600021 -0.026225 0.027607 -0.149066 -0.000645 -0.096932 -0.023449 0.995015
1757574241.184260845 -0.026304 0.027410 -0.147794 -0.000764 -0.096860 -0.023475 0.995021
1757574241.219192266 -0.029547 0.022839 -0.120714 -0.003154 -0.095634 -0.024037 0.995121
1757574241.219192266 -0.027162 0.027642 -0.149736 -0.000746 -0.098006 -0.023310 0.994912
1757574241.220374107 -0.027218 0.027502 -0.148831 -0.000826 -0.097965 -0.023329 0.994916
1757574241.285286903 -0.034859 0.018639 -0.098408 -0.005186 -0.095228 -0.024193 0.995148
1757574241.285286903 -0.027934 0.027660 -0.151392 -0.000789 -0.097957 -0.023275 0.994918
1757574241.286353111 -0.027984 0.027534 -0.150576 -0.000861 -0.097912 -0.023289 0.994922
1757574241.317604780 -0.030529 0.023530 -0.126834 -0.002936 -0.096578 -0.023694 0.995039
1757574241.317604780 -0.029887 0.027069 -0.152220 -0.000759 -0.097772 -0.023165 0.994939
1757574241.319096804 -0.029958 0.026892 -0.151079 -0.000858 -0.097708 -0.023184 0.994945
1757574241.387933969 -0.038033 0.017372 -0.099753 -0.005616 -0.094952 -0.024379 0.995167
1757574241.387933969 -0.030265 0.026652 -0.153336 -0.000633 -0.097807 -0.023157 0.994936
1757574241.389126539 -0.030321 0.026510 -0.152424 -0.000715 -0.097760 -0.023178 0.994940
1757574241.425041437 -0.033166 0.022009 -0.125146 -0.003477 -0.095886 -0.023732 0.995103
1757574241.425041437 -0.031708 0.026379 -0.155288 -0.000781 -0.097439 -0.023144 0.994972
1757574241.426947594 -0.031797 0.026153 -0.153830 -0.000927 -0.097339 -0.023174 0.994981
1757574241.501235008 -0.040916 0.015647 -0.098770 -0.006064 -0.094300 -0.024454 0.995225
1757574241.501235008 -0.028457 0.027861 -0.155697 0.001056 -0.099232 -0.022954 0.994799
1757574241.502580166 -0.028520 0.027702 -0.154668 0.000963 -0.099177 -0.022977 0.994804
1757574241.537923336 -0.031535 0.023233 -0.128017 -0.001640 -0.097790 -0.023435 0.994930
1757574241.537923336 -0.032112 0.026761 -0.158063 0.001037 -0.099350 -0.022886 0.994789
1757574241.539248705 -0.032174 0.026604 -0.157049 0.000939 -0.099298 -0.022904 0.994794
1757574241.615637064 -0.041835 0.015833 -0.099935 -0.004448 -0.095224 -0.023964 0.995157
1757574241.615637064 -0.030592 0.026440 -0.158586 0.001058 -0.099024 -0.022880 0.994821
1757574241.617671967 -0.030689 0.026199 -0.157030 0.000914 -0.098916 -0.022908 0.994832
1757574241.655171156 -0.034145 0.021338 -0.128572 -0.001785 -0.097113 -0.023488 0.994995
1757574241.655171156 -0.031039 0.026536 -0.159340 0.001006 -0.098544 -0.023075 0.994865
1757574241.656508446 -0.031102 0.026378 -0.158317 0.000910 -0.098480 -0.023096 0.994871
1757574241.723577499 -0.040089 0.017115 -0.107530 -0.003545 -0.096053 -0.023553 0.995091
1757574241.723577499 -0.028012 0.027078 -0.158795 0.000825 -0.097552 -0.023222 0.994959
1757574241.724717617 -0.028065 0.026943 -0.157923 0.000749 -0.097511 -0.023230 0.994963
1757574241.760953903 -0.031583 0.022164 -0.130431 -0.001135 -0.097314 -0.023459 0.994977
1757574241.760953903 -0.025287 0.031856 -0.139523 0.002227 -0.095455 -0.023574 0.995152
1757574241.762545586 -0.025363 0.031667 -0.138305 0.002144 -0.095446 -0.023583 0.995153
1757574241.837489367 -0.035890 0.020978 -0.081484 -0.001053 -0.096959 -0.024002 0.994998
1757574241.837489367 -0.022884 0.032646 -0.136010 0.002758 -0.095074 -0.023608 0.995186
1757574241.839372158 -0.022974 0.032423 -0.134570 0.002677 -0.095112 -0.023619 0.995183
1757574241.878830910 -0.026355 0.027581 -0.104350 0.000473 -0.095299 -0.023929 0.995161
1757574241.878830910 -0.025884 0.031644 -0.134624 0.002915 -0.095064 -0.023588 0.995187
1757574241.880015850 -0.025939 0.031504 -0.133717 0.002849 -0.095069 -0.023597 0.995187
1757574241.952933073 -0.034266 0.022114 -0.078799 -0.001357 -0.094436 -0.024275 0.995234
1757574241.952933073 -0.024363 0.032070 -0.133441 0.002912 -0.094828 -0.023566 0.995210
1757574241.954121590 -0.024418 0.031930 -0.132532 0.002844 -0.094818 -0.023577 0.995211
1757574241.991053581 -0.027545 0.027273 -0.104588 0.000921 -0.094615 -0.023966 0.995225
1757574241.991053581 -0.022654 0.032053 -0.132592 0.002889 -0.094202 -0.023693 0.995267
1757574241.992592335 -0.022726 0.031871 -0.131416 0.002809 -0.094193 -0.023709 0.995268
1757574242.070171833 -0.033303 0.021695 -0.074070 -0.000886 -0.095947 -0.024383 0.995087
1757574242.070171833 -0.020394 0.032983 -0.133229 0.003662 -0.093793 -0.023684 0.995303
1757574242.071377516 -0.020450 0.032841 -0.132307 0.003604 -0.093820 -0.023695 0.995301
1757574242.105180264 -0.023056 0.028730 -0.106798 0.001893 -0.094901 -0.024024 0.995195
1757574242.105180264 -0.023684 0.032548 -0.133060 0.003646 -0.094037 -0.023677 0.995280
1757574242.106606483 -0.023750 0.032379 -0.131970 0.003574 -0.094083 -0.023691 0.995276
1757574242.181057453 -0.031519 0.022660 -0.076799 0.000002 -0.094896 -0.024428 0.995187
1757574242.181057453 -0.023090 0.033035 -0.132392 0.003752 -0.094183 -0.023614 0.995268
1757574242.182247400 -0.023145 0.032895 -0.131482 0.003695 -0.094196 -0.023625 0.995266
1757574242.215445042 -0.025710 0.028843 -0.106524 0.001939 -0.094259 -0.023994 0.995257
1757574242.215445042 -0.023016 0.031823 -0.132720 0.003775 -0.093941 -0.023613 0.995291
1757574242.217015982 -0.023089 0.031638 -0.131519 0.003692 -0.093944 -0.023630 0.995290
1757574242.291197538 -0.032734 0.022146 -0.076119 -0.000292 -0.095144 -0.024461 0.995163
1757574242.291197538 -0.021897 0.031925 -0.132674 0.003865 -0.094192 -0.023569 0.995267
1757574242.292608976 -0.021963 0.031758 -0.131594 0.003789 -0.094215 -0.023585 0.995265
1757574242.330240250 -0.025199 0.027173 -0.102936 0.001510 -0.094181 -0.024082 0.995263
1757574242.330240250 -0.027351 0.031754 -0.136064 0.004541 -0.093154 -0.023531 0.995363
1757574242.331454992 -0.027407 0.031610 -0.135134 0.004467 -0.093152 -0.023547 0.995363
1757574242.404484749 -0.037403 0.022167 -0.079537 -0.000276 -0.093504 -0.024518 0.995317
1757574242.404484749 -0.023670 0.032660 -0.136845 0.004356 -0.092669 -0.023559 0.995409
1757574242.405919552 -0.023738 0.032491 -0.135747 0.004263 -0.092676 -0.023578 0.995408
1757574242.442790747 -0.027379 0.027706 -0.107539 0.002320 -0.093968 -0.024066 0.995282
1757574242.442790747 -0.024120 0.034048 -0.137751 0.003885 -0.092636 -0.023571 0.995413
1757574242.444016457 -0.024177 0.033903 -0.136813 0.003820 -0.092679 -0.023587 0.995409
1757574242.510149956 -0.032953 0.024179 -0.086235 0.002084 -0.095382 -0.024297 0.995142
1757574242.510149956 -0.023046 0.036429 -0.139324 0.003292 -0.092822 -0.023615 0.995397
1757574242.511375904 -0.023103 0.036283 -0.138386 0.003260 -0.092872 -0.023628 0.995392
1757574242.550583601 -0.026874 0.030806 -0.108540 0.003487 -0.094379 -0.023880 0.995244
1757574242.550583601 -0.023163 0.036247 -0.140662 0.002891 -0.093042 -0.023701 0.995376
1757574242.552039623 -0.023232 0.036074 -0.139548 0.002899 -0.093098 -0.023711 0.995370
1757574242.620539427 -0.032423 0.025822 -0.088018 0.004530 -0.096121 -0.023870 0.995073
1757574242.620539427 -0.025359 0.033616 -0.146788 0.001906 -0.091795 -0.023643 0.995495
1757574242.621597767 -0.025408 0.033491 -0.145978 0.001931 -0.091842 -0.023645 0.995491
1757574242.650985718 -0.027914 0.029737 -0.123739 0.002365 -0.093622 -0.023734 0.995322
1757574242.650985718 -0.027156 0.031631 -0.147359 0.002057 -0.092124 -0.023610 0.995465
1757574242.652748823 -0.027240 0.031422 -0.146010 0.002083 -0.092231 -0.023615 0.995455
1757574242.723704815 -0.036305 0.021426 -0.093202 0.002076 -0.096083 -0.023908 0.995084
1757574242.723704815 -0.025747 0.031854 -0.148142 0.002166 -0.092752 -0.023673 0.995405
1757574242.725102663 -0.025812 0.031688 -0.147073 0.002166 -0.092828 -0.023678 0.995398
1757574242.761052370 -0.028834 0.026945 -0.120056 0.001878 -0.094168 -0.023650 0.995274
1757574242.761052370 -0.026389 0.031480 -0.149196 0.002318 -0.092967 -0.023585 0.995387
1757574242.762221098 -0.026444 0.031342 -0.148302 0.002308 -0.093011 -0.023584 0.995383
1757574242.830804586 -0.035356 0.021690 -0.097350 0.000812 -0.096410 -0.023798 0.995057
1757574242.830804586 -0.024292 0.031264 -0.149897 0.002692 -0.093429 -0.023545 0.995344
1757574242.832148314 -0.024355 0.031105 -0.148869 0.002663 -0.093495 -0.023549 0.995338
1757574242.865196705 -0.027169 0.026818 -0.123865 0.001167 -0.095117 -0.023707 0.995183
1757574242.865196705 -0.027499 0.028010 -0.163819 0.000187 -0.093538 -0.023635 0.995335
1757574242.866306543 -0.027550 0.027878 -0.162970 0.000137 -0.093593 -0.023640 0.995330
1757574242.940159798 -0.036975 0.016622 -0.107104 -0.003831 -0.096298 -0.023981 0.995056
1757574242.940159798 -0.026362 0.028998 -0.164730 0.000021 -0.094196 -0.023617 0.995274
1757574242.941590786 -0.026430 0.028828 -0.163636 -0.000056 -0.094248 -0.023624 0.995268
1757574242.974505424 -0.029212 0.024246 -0.138617 -0.001671 -0.095132 -0.023737 0.995180
1757574242.974505424 -0.029431 0.029371 -0.164932 -0.000135 -0.094997 -0.023521 0.995200
1757574242.976979971 -0.029550 0.029075 -0.163039 -0.000257 -0.095063 -0.023529 0.995193
1757574243.047846794 -0.037902 0.016999 -0.110039 -0.003028 -0.095375 -0.023699 0.995155
1757574243.047846794 -0.028044 0.032058 -0.164464 -0.000369 -0.095608 -0.023600 0.995139
1757574243.049009562 -0.028098 0.031920 -0.163574 -0.000415 -0.095613 -0.023603 0.995139
1757574243.085061550 -0.031068 0.026547 -0.136493 -0.001387 -0.095417 -0.023519 0.995159
1757574243.085061550 -0.029468 0.031306 -0.163942 -0.000492 -0.096243 -0.023501 0.995080
1757574243.086082935 -0.029516 0.031185 -0.163161 -0.000519 -0.096238 -0.023498 0.995081
1757574243.157908916 -0.038168 0.018276 -0.109976 -0.001948 -0.094762 -0.023402 0.995223
1757574243.157908916 -0.027141 0.032628 -0.161370 -0.000809 -0.095444 -0.023621 0.995154
1757574243.159483433 -0.027215 0.032440 -0.160166 -0.000841 -0.095412 -0.023619 0.995157
1757574243.196804285 -0.030766 0.026820 -0.131914 -0.001577 -0.095140 -0.023706 0.995180
1757574243.196804285 -0.026093 0.032527 -0.159874 -0.000978 -0.095461 -0.023631 0.995152
1757574243.198156834 -0.026156 0.032366 -0.158839 -0.001004 -0.095452 -0.023634 0.995153
1757574243.272459745 -0.036478 0.018830 -0.102534 -0.001424 -0.095602 -0.023902 0.995132
1757574243.272459745 -0.020736 0.029263 -0.155085 0.000748 -0.094967 -0.023698 0.995198
1757574243.273864031 -0.020803 0.029095 -0.154011 0.000740 -0.094970 -0.023703 0.995198
1757574243.307731628 -0.024121 0.025242 -0.127885 -0.003098 -0.096370 -0.023944 0.995053
1757574243.307731628 -0.019216 0.021766 -0.149883 0.003130 -0.094288 -0.023263 0.995268
1757574243.309428453 -0.019297 0.021566 -0.148584 0.002937 -0.094358 -0.023275 0.995262
1757574243.386937380 -0.031480 0.015596 -0.088398 -0.016593 -0.101250 -0.026207 0.994377
1757574243.386937380 -0.015356 0.016975 -0.144748 0.005024 -0.093978 -0.021311 0.995333
1757574243.388612032 -0.015436 0.016778 -0.143466 0.004602 -0.094128 -0.021374 0.995320
1757574243.426285028 -0.019142 0.012691 -0.114722 -0.008450 -0.098281 -0.026201 0.994778
1757574243.426285028 -0.011036 0.020050 -0.136411 0.007359 -0.092613 -0.018406 0.995505
1757574243.428119898 -0.011124 0.019834 -0.135007 0.006723 -0.092818 -0.018641 0.995486
1757574243.502612352 -0.022318 0.010338 -0.079641 -0.022452 -0.103981 -0.038232 0.993591
1757574243.502612352 -0.009226 0.022359 -0.133608 0.007605 -0.092453 -0.015344 0.995570
1757574243.504098415 -0.009296 0.022184 -0.132472 0.007024 -0.092679 -0.015735 0.995547
1757574243.534833193 -0.011760 0.018028 -0.109293 -0.004644 -0.097215 -0.027497 0.994873
1757574243.534833193 -0.013534 0.025388 -0.133887 0.006561 -0.092834 -0.013739 0.995565
1757574243.537092686 -0.013641 0.025119 -0.132160 0.005704 -0.093171 -0.014604 0.995527
1757574243.613839388 -0.022111 0.009678 -0.075325 -0.018231 -0.102938 -0.048415 0.993342
1757574243.613839388 -0.014745 0.033129 -0.135948 0.005026 -0.093268 -0.012550 0.995549
1757574243.615351439 -0.014816 0.032948 -0.134792 0.004555 -0.093463 -0.013216 0.995525
1757574243.644672632 -0.016815 0.028369 -0.112581 -0.001907 -0.096503 -0.026923 0.994967
1757574243.644672632 -0.018409 0.032365 -0.137421 0.004114 -0.094260 -0.012320 0.995463
1757574243.645985603 -0.018469 0.032207 -0.136417 0.003825 -0.094397 -0.012934 0.995443
1757574243.710917711 -0.023469 0.020216 -0.086969 -0.006663 -0.097499 -0.043544 0.994260
1757574243.710917711 -0.033701 0.031236 -0.139332 0.003089 -0.096773 -0.013265 0.995213
1757574243.712294579 -0.033764 0.031072 -0.138279 0.002868 -0.096840 -0.013915 0.995199
1757574243.745503664 -0.035854 0.026152 -0.112774 -0.001377 -0.096905 -0.028298 0.994890
1757574243.745503664 -0.034394 0.029150 -0.140482 0.002913 -0.096996 -0.013924 0.995183
1757574243.747474909 -0.034486 0.028914 -0.138973 0.002661 -0.097000 -0.014778 0.995171
1757574243.821560383 -0.042988 0.017446 -0.082118 -0.006031 -0.097286 -0.045166 0.994213
1757574243.821560383 -0.035175 0.029713 -0.143729 0.002988 -0.097993 -0.014922 0.995071
1757574243.823005438 -0.035243 0.029541 -0.142623 0.002819 -0.097999 -0.015515 0.995062
1757574243.854233742 -0.037077 0.025149 -0.118800 -0.001056 -0.096364 -0.026523 0.994992
1757574243.854233742 -0.038054 0.028130 -0.145734 0.003274 -0.099206 -0.016974 0.994917
1757574243.855641842 -0.038118 0.027963 -0.144657 0.003100 -0.099133 -0.017470 0.994916
1757574243.927518129 -0.043470 0.016272 -0.089332 -0.006687 -0.090517 -0.035326 0.995246
1757574243.927518129 -0.034831 0.030474 -0.145276 0.003577 -0.099607 -0.019648 0.994826
1757574243.928583622 -0.034880 0.030347 -0.144460 0.003433 -0.099479 -0.019913 0.994834
1757574243.963685513 -0.037384 0.025257 -0.117667 -0.001095 -0.095093 -0.024342 0.995170
1757574243.963685513 -0.034190 0.026517 -0.150293 -0.000723 -0.099244 -0.023057 0.994796
1757574243.964905500 -0.034247 0.026372 -0.149359 -0.000879 -0.099092 -0.023212 0.994807
1757574244.037115812 -0.040810 0.013726 -0.094898 -0.009937 -0.089379 -0.023699 0.995666
1757574244.037115812 -0.032793 0.028008 -0.150956 -0.000918 -0.099569 -0.023777 0.994746
1757574244.038096189 -0.032838 0.027892 -0.150206 -0.001041 -0.099437 -0.023783 0.994759
1757574244.069121122 -0.034987 0.023172 -0.126616 -0.004413 -0.094435 -0.023467 0.995245
1757574244.069121122 -0.031961 0.028771 -0.149558 -0.001041 -0.099031 -0.023619 0.994803
1757574244.070239067 -0.032013 0.028638 -0.148703 -0.001162 -0.098851 -0.023607 0.994821
1757574244.140316725 -0.041040 0.014444 -0.096278 -0.006372 -0.090259 -0.023802 0.995613
1757574244.140316725 -0.027370 0.032297 -0.148768 -0.001261 -0.098665 -0.023809 0.994835
1757574244.141558170 -0.027429 0.032149 -0.147819 -0.001353 -0.098513 -0.023812 0.994850
1757574244.177151680 -0.030595 0.026362 -0.120715 -0.002846 -0.094913 -0.023602 0.995202
1757574244.177151680 -0.025649 0.031487 -0.147611 -0.001386 -0.097749 -0.023557 0.994931
1757574244.178940535 -0.025734 0.031272 -0.146243 -0.001461 -0.097568 -0.023547 0.994949
1757574244.253929853 -0.037492 0.016528 -0.089187 -0.003305 -0.095088 -0.024601 0.995159
1757574244.253929853 -0.028627 0.033809 -0.145796 -0.000631 -0.095689 -0.023633 0.995130
1757574244.255447626 -0.028699 0.033628 -0.144635 -0.000669 -0.095639 -0.023655 0.995135
1757574244.291449785 -0.031862 0.027928 -0.117121 -0.001174 -0.094977 -0.023697 0.995197
1757574244.291449785 -0.030238 0.033838 -0.145698 -0.000721 -0.095755 -0.023718 0.995122
1757574244.292727709 -0.030298 0.033686 -0.144721 -0.000739 -0.095732 -0.023719 0.995124
1757574244.363239288 -0.038761 0.019332 -0.090563 0.000147 -0.093893 -0.023518 0.995305
1757574244.363239288 -0.027432 0.036204 -0.146703 -0.000811 -0.095274 -0.023656 0.995170
1757574244.364710093 -0.027501 0.036028 -0.145578 -0.000792 -0.095235 -0.023652 0.995173
1757574244.402973175 -0.031065 0.029934 -0.116480 0.000126 -0.095790 -0.023808 0.995117
1757574244.402973175 -0.028740 0.034983 -0.146913 -0.000786 -0.095350 -0.023495 0.995166
1757574244.404664516 -0.028821 0.034780 -0.145619 -0.000746 -0.095375 -0.023501 0.995164
1757574244.475543499 -0.036481 0.021632 -0.091951 0.001785 -0.096310 -0.024116 0.995058
1757574244.475543499 -0.026045 0.034864 -0.146733 -0.000505 -0.094908 -0.023529 0.995208
1757574244.476866245 -0.026107 0.034706 -0.145721 -0.000458 -0.094926 -0.023540 0.995206
1757574244.512570858 -0.029174 0.029652 -0.118779 0.000193 -0.096689 -0.023944 0.995027
1757574244.512570858 -0.028311 0.029867 -0.148217 -0.001311 -0.094747 -0.023269 0.995228
1757574244.513661623 -0.028362 0.029737 -0.147383 -0.001291 -0.094801 -0.023281 0.995223
1757574244.582041264 -0.036117 0.019011 -0.096254 -0.001856 -0.099277 -0.024949 0.994745
1757574244.582041264 -0.025392 0.029609 -0.148810 -0.000923 -0.094100 -0.023294 0.995290
1757574244.583187103 -0.025445 0.029473 -0.147934 -0.000932 -0.094175 -0.023322 0.995282
1757574244.616020441 -0.028103 0.024964 -0.123154 -0.001929 -0.097797 -0.024193 0.994910
1757574244.616020441 -0.024540 0.027920 -0.148643 -0.000578 -0.093941 -0.023473 0.995301
1757574244.617378235 -0.024604 0.027759 -0.147605 -0.000619 -0.094091 -0.023510 0.995286
1757574244.685840845 -0.031613 0.017257 -0.096848 -0.004114 -0.102679 -0.024849 0.994396
1757574244.685840845 -0.025927 0.026416 -0.150284 -0.000064 -0.094517 -0.023611 0.995243
1757574244.687024355 -0.025982 0.026275 -0.149379 -0.000125 -0.094665 -0.023634 0.995229
1757574244.719541788 -0.028122 0.021955 -0.124743 -0.003087 -0.097649 -0.023919 0.994929
1757574244.719541788 -0.027481 0.025032 -0.151218 0.000069 -0.094979 -0.023696 0.995197
1757574244.721934795 -0.027593 0.024748 -0.149389 -0.000149 -0.095198 -0.023717 0.995176
1757574244.794476986 -0.034365 0.012652 -0.094978 -0.007853 -0.100520 -0.023994 0.994615
1757574244.794476986 -0.021935 0.026783 -0.142902 -0.000568 -0.094150 -0.024160 0.995265
1757574244.795596361 -0.021986 0.026651 -0.142046 -0.000687 -0.094233 -0.024164 0.995257
1757574244.829472303 -0.024557 0.021871 -0.116458 -0.004361 -0.097609 -0.024302 0.994919
1757574244.829472303 -0.019413 0.025418 -0.142631 -0.000496 -0.093613 -0.024334 0.995311
1757574244.830522299 -0.019461 0.025293 -0.141828 -0.000610 -0.093718 -0.024338 0.995301
1757574244.896654129 -0.026587 0.014881 -0.092419 -0.008075 -0.102492 -0.024480 0.994400
1757574244.896654129 -0.015695 0.024644 -0.142082 -0.000231 -0.093186 -0.024500 0.995347
1757574244.897990942 -0.015758 0.024486 -0.141060 -0.000382 -0.093363 -0.024503 0.995330
1757574244.926955938 -0.017780 0.020632 -0.119165 -0.004393 -0.097888 -0.024558 0.994885
1757574244.926955938 -0.017331 0.022588 -0.142940 0.000079 -0.093417 -0.024980 0.995314
1757574244.928496599 -0.017403 0.022405 -0.141761 -0.000134 -0.093657 -0.024983 0.995291
1757574245.003700018 -0.023965 0.010909 -0.085414 -0.012744 -0.104189 -0.022786 0.994215
1757574245.003700018 -0.021725 0.022630 -0.145075 0.000270 -0.094297 -0.024877 0.995233
1757574245.004914999 -0.021781 0.022486 -0.144146 0.000067 -0.094468 -0.024842 0.995218
1757574245.044657469 -0.023965 0.016709 -0.114080 -0.006874 -0.097698 -0.023911 0.994905
1757574245.044657469 -0.023680 0.026104 -0.134852 0.002533 -0.095209 -0.023858 0.995168
1757574245.045759439 -0.023731 0.025973 -0.134009 0.002341 -0.095299 -0.023833 0.995161
1757574245.117245436 -0.029005 0.013510 -0.079214 -0.011021 -0.101385 -0.024992 0.994472
1757574245.117245436 -0.026316 0.027452 -0.137339 0.002899 -0.095661 -0.023699 0.995128
1757574245.118659973 -0.026381 0.027283 -0.136257 0.002635 -0.095781 -0.023722 0.995116
1757574245.149811983 -0.028288 0.022786 -0.112546 -0.003754 -0.097480 -0.024145 0.994938
1757574245.149811983 -0.026413 0.027247 -0.137822 0.002853 -0.095742 -0.023727 0.995119
1757574245.150949240 -0.026466 0.027112 -0.136952 0.002620 -0.095804 -0.023743 0.995114
1757574245.220843554 -0.032893 0.013869 -0.083997 -0.010841 -0.099157 -0.024469 0.994712
1757574245.220843554 -0.027293 0.029640 -0.140162 0.002655 -0.096141 -0.023706 0.995082
1757574245.222138882 -0.027353 0.029485 -0.139171 0.002406 -0.096203 -0.023720 0.995076
1757574245.252598524 -0.029267 0.024795 -0.116010 -0.002713 -0.096851 -0.023872 0.995009
1757574245.252598524 -0.028572 0.029524 -0.141391 0.002492 -0.096416 -0.023690 0.995056
1757574245.253768682 -0.028626 0.029384 -0.140496 0.002295 -0.096441 -0.023696 0.995054
1757574245.325892687 -0.035262 0.015015 -0.086623 -0.008776 -0.096982 -0.024001 0.994958
1757574245.325892687 -0.029140 0.033691 -0.143393 0.000187 -0.097941 -0.023880 0.994906
1757574245.327585936 -0.029218 0.033488 -0.142098 -0.000073 -0.097954 -0.023887 0.994904
1757574245.360625982 -0.030916 0.027458 -0.117362 -0.001638 -0.095041 -0.023434 0.995196
1757574245.360625982 -0.035599 0.036455 -0.150369 -0.000905 -0.099711 -0.023802 0.994731
1757574245.362452745 -0.035683 0.036233 -0.148973 -0.000992 -0.099550 -0.023778 0.994748
1757574245.435294628 -0.039764 0.016457 -0.096001 0.004477 -0.085197 -0.021344 0.996125
1757574245.435294628 -0.034895 0.038479 -0.151413 -0.000957 -0.100019 -0.023756 0.994701
1757574245.436978579 -0.034972 0.038274 -0.150126 -0.000830 -0.099687 -0.023700 0.994736
1757574245.471698999 -0.037818 0.032792 -0.123895 0.001132 -0.093262 -0.022795 0.995380
1757574245.471698999 -0.030880 0.032120 -0.146422 -0.000375 -0.099224 -0.023738 0.994782
1757574245.472859859 -0.030934 0.031982 -0.145534 -0.000310 -0.099009 -0.023708 0.994804
1757574245.541794538 -0.041233 0.020953 -0.093813 -0.001751 -0.090746 -0.022906 0.995609
1757574245.541794538 -0.024281 0.029060 -0.140827 0.000454 -0.098284 -0.023861 0.994872
1757574245.543543816 -0.024365 0.028852 -0.139489 0.000417 -0.098074 -0.023841 0.994893
1757574245.577497244 -0.027860 0.024100 -0.113995 -0.003003 -0.096912 -0.023807 0.995004
1757574245.577497244 -0.027765 0.025310 -0.145429 -0.000788 -0.095846 -0.023994 0.995107
1757574245.579215288 -0.027847 0.025106 -0.144116 -0.000961 -0.095787 -0.023992 0.995112
1757574245.655822039 -0.039858 0.010714 -0.087028 -0.012103 -0.096531 -0.024575 0.994953
1757574245.655822039 -0.026616 0.027292 -0.145387 -0.000931 -0.096016 -0.023986 0.995090
1757574245.657129288 -0.026678 0.027136 -0.144387 -0.001121 -0.096029 -0.023997 0.995089
1757574245.690968990 -0.029458 0.021583 -0.118752 -0.005999 -0.095627 -0.024252 0.995104
1757574245.690968990 -0.028354 0.027785 -0.145473 -0.001204 -0.096023 -0.023953 0.995090
1757574245.692516804 -0.028427 0.027599 -0.144290 -0.001427 -0.096005 -0.023964 0.995091
1757574245.765223265 -0.038687 0.010231 -0.090282 -0.009695 -0.095754 -0.024410 0.995058
1757574245.765223265 -0.026899 0.032307 -0.146350 -0.001887 -0.095557 -0.024074 0.995131
1757574245.766454935 -0.026957 0.032159 -0.145408 -0.002027 -0.095552 -0.024082 0.995131
1757574245.795071840 -0.029403 0.027168 -0.123746 -0.003828 -0.095662 -0.024136 0.995114
1757574245.795071840 -0.029367 0.031215 -0.147126 -0.002490 -0.095651 -0.024082 0.995121
1757574245.796124458 -0.029416 0.031089 -0.146321 -0.002557 -0.095655 -0.024084 0.995120
1757574245.869537830 -0.039403 0.012148 -0.091057 -0.002997 -0.095017 -0.023893 0.995184
1757574245.869537830 -0.027331 0.040273 -0.146748 -0.000191 -0.096714 -0.023576 0.995033
1757574245.870938778 -0.027397 0.040103 -0.145676 -0.000199 -0.096701 -0.023572 0.995034
1757574245.902927637 -0.030165 0.034288 -0.121309 0.001082 -0.095950 -0.023383 0.995111
1757574245.902927637 -0.028262 0.037598 -0.146168 -0.000486 -0.096384 -0.023615 0.995064
1757574245.903955460 -0.028310 0.037475 -0.145381 -0.000445 -0.096360 -0.023609 0.995066
1757574245.973874092 -0.037944 0.021759 -0.093076 0.002581 -0.095708 -0.023299 0.995133
1757574245.973874092 -0.029146 0.037342 -0.146969 -0.000632 -0.096686 -0.023549 0.995036
1757574245.974908352 -0.029194 0.037218 -0.146178 -0.000588 -0.096676 -0.023545 0.995037
1757574246.005177021 -0.031505 0.032321 -0.123267 0.000317 -0.095453 -0.023471 0.995157
1757574246.005177021 -0.034456 0.034076 -0.148145 -0.000708 -0.097211 -0.023385 0.994989
1757574246.006586313 -0.034521 0.033907 -0.147067 -0.000666 -0.097154 -0.023382 0.994994
1757574246.083008051 -0.043340 0.017003 -0.089904 0.000173 -0.090755 -0.023365 0.995599
1757574246.083008051 -0.032428 0.035453 -0.148159 -0.000645 -0.096680 -0.023476 0.995038
1757574246.084158897 -0.032481 0.035315 -0.147278 -0.000633 -0.096584 -0.023475 0.995048
1757574246.114212275 -0.035148 0.030584 -0.124621 -0.000966 -0.094854 -0.023545 0.995212
1757574246.114212275 -0.028354 0.030583 -0.145988 -0.002096 -0.097268 -0.023664 0.994975
1757574246.115220547 -0.028401 0.030462 -0.145217 -0.002108 -0.097210 -0.023666 0.994980
1757574246.184882879 -0.038349 0.015413 -0.093913 -0.003166 -0.095504 -0.023989 0.995135
1757574246.184882879 -0.026642 0.032718 -0.147107 -0.002978 -0.096866 -0.023766 0.995009
1757574246.186292648 -0.026708 0.032549 -0.146029 -0.003000 -0.096831 -0.023772 0.995012
1757574246.220863581 -0.029871 0.026521 -0.119986 -0.003060 -0.096293 -0.023913 0.995061
1757574246.220863581 -0.028556 0.031160 -0.147557 -0.002901 -0.096521 -0.023772 0.995043
1757574246.222496033 -0.028633 0.030963 -0.146309 -0.002904 -0.096496 -0.023779 0.995045
1757574246.303590775 -0.039724 0.010893 -0.086625 -0.002546 -0.095765 -0.024186 0.995107
1757574246.303590775 -0.027602 0.035031 -0.148307 -0.003094 -0.096209 -0.023767 0.995073
1757574246.305185318 -0.027677 0.034838 -0.147087 -0.003087 -0.096195 -0.023775 0.995074
1757574246.339026213 -0.030439 0.028774 -0.121608 -0.002279 -0.096025 -0.023927 0.995089
1757574246.339026213 -0.030431 0.032324 -0.149142 -0.003051 -0.096117 -0.023656 0.995084
1757574246.340373993 -0.030494 0.032161 -0.148111 -0.003019 -0.096110 -0.023662 0.995085
1757574246.415296078 -0.038520 0.016358 -0.091178 -0.000387 -0.094885 -0.024234 0.995193
1757574246.415296078 -0.030423 0.030966 -0.146542 -0.004405 -0.096966 -0.023470 0.995001
1757574246.417178154 -0.030511 0.030739 -0.145102 -0.004339 -0.096935 -0.023485 0.995004
1757574246.450333357 -0.033090 0.025432 -0.119683 -0.003521 -0.095883 -0.023980 0.995097
1757574246.450333357 -0.034700 0.030507 -0.148231 -0.004455 -0.097181 -0.022911 0.994993
1757574246.451980591 -0.034778 0.030310 -0.146971 -0.004415 -0.097129 -0.022935 0.994998
1757574246.526850224 -0.042618 0.013550 -0.089330 -0.000977 -0.092799 -0.025931 0.995347
1757574246.526850224 -0.037397 0.035253 -0.150226 -0.004617 -0.097254 -0.022185 0.995002
1757574246.528336763 -0.037466 0.035075 -0.149089 -0.004549 -0.097168 -0.022245 0.995009
1757574246.559628725 -0.039751 0.029961 -0.125022 -0.002085 -0.094959 -0.024362 0.995181
1757574246.559628725 -0.038261 0.032653 -0.149377 -0.004444 -0.096968 -0.022045 0.995033
1757574246.561538696 -0.038350 0.032422 -0.147915 -0.004294 -0.096834 -0.022174 0.995044
1757574246.636565924 -0.047695 0.018731 -0.089871 0.000783 -0.092090 -0.027866 0.995360
1757574246.636565924 -0.037363 0.033363 -0.148810 -0.004023 -0.096748 -0.021742 0.995063
1757574246.637901545 -0.037425 0.033204 -0.147788 -0.003933 -0.096663 -0.021844 0.995070
1757574246.673660994 -0.040605 0.027806 -0.120389 -0.002105 -0.094440 -0.025039 0.995213
1757574246.673660994 -0.036630 0.031737 -0.151038 -0.003263 -0.097627 -0.021616 0.994983
1757574246.674917936 -0.036689 0.031587 -0.150076 -0.003199 -0.097549 -0.021728 0.994988
1757574246.750660896 -0.047834 0.017705 -0.092281 0.000036 -0.094384 -0.027907 0.995145
1757574246.750660896 -0.030837 0.032111 -0.149377 -0.002871 -0.097098 -0.022172 0.995024
1757574246.751858950 -0.030893 0.031968 -0.148460 -0.002819 -0.097048 -0.022270 0.995027
1757574246.783904791 -0.033950 0.027545 -0.124218 -0.002177 -0.096557 -0.024265 0.995029
1757574246.783904791 -0.031545 0.029092 -0.147754 -0.002429 -0.097085 -0.022598 0.995017
1757574246.785127640 -0.031602 0.028947 -0.146819 -0.002404 -0.097066 -0.022674 0.995017
1757574246.858200550 -0.041599 0.016883 -0.091907 -0.002939 -0.095078 -0.026040 0.995125
1757574246.858200550 -0.029577 0.029945 -0.147814 -0.002197 -0.097402 -0.023282 0.994970
1757574246.859652996 -0.029645 0.029773 -0.146703 -0.002208 -0.097362 -0.023349 0.994973
1757574246.892493248 -0.032428 0.025006 -0.121926 -0.002549 -0.095554 -0.023834 0.995136
1757574246.892493248 -0.025638 0.029355 -0.146527 -0.002043 -0.097083 -0.025540 0.994946
1757574246.893717051 -0.025695 0.029209 -0.145591 -0.002055 -0.097015 -0.025558 0.994953
1757574246.967947960 -0.036367 0.013810 -0.089370 0.000247 -0.094058 -0.017971 0.995404
1757574246.967947960 -0.018646 0.023811 -0.148052 -0.002471 -0.098379 -0.027900 0.994755
1757574246.969176531 -0.018704 0.023664 -0.147112 -0.002433 -0.098330 -0.027774 0.994763
1757574246.995317698 -0.020776 0.020021 -0.127092 -0.001271 -0.097283 -0.022838 0.994994
1757574246.995317698 -0.018662 0.020319 -0.147878 -0.002581 -0.098253 -0.029473 0.994722
1757574246.996599436 -0.018722 0.020167 -0.146898 -0.002524 -0.098202 -0.029231 0.994734
1757574247.070440292 -0.028033 0.007866 -0.091114 0.004000 -0.095261 -0.009313 0.995401
1757574247.070440292 -0.013909 0.020977 -0.147649 -0.002908 -0.098225 -0.030768 0.994684
1757574247.071564674 -0.013961 0.020844 -0.146789 -0.002809 -0.098180 -0.030465 0.994698
1757574247.104184151 -0.016431 0.016553 -0.122050 0.001981 -0.096864 -0.019970 0.995095
1757574247.104184151 -0.016586 0.020172 -0.147186 -0.002686 -0.097424 -0.030067 0.994785
1757574247.105180979 -0.016632 0.020054 -0.146423 -0.002539 -0.097384 -0.029747 0.994799
1757574247.170077324 -0.024028 0.016170 -0.099382 0.006183 -0.097723 -0.012022 0.995122
1757574247.170077324 -0.015416 0.014329 -0.144734 -0.000940 -0.095948 -0.028117 0.994989
1757574247.171901941 -0.015502 0.014117 -0.143340 -0.000694 -0.095958 -0.027620 0.995002
1757574247.208256006 -0.019826 0.013742 -0.116459 -0.002958 -0.099411 -0.022126 0.994796
1757574247.208256006 -0.010233 0.007561 -0.146435 -0.000509 -0.093118 -0.024879 0.995344
1757574247.209584713 -0.010297 0.007409 -0.145420 -0.000591 -0.093244 -0.024678 0.995337
1757574247.282889843 -0.024066 0.015568 -0.092776 -0.023290 -0.110600 -0.026502 0.993239
1757574247.282889843 -0.007560 0.001060 -0.143751 0.001507 -0.091319 -0.022026 0.995577
1757574247.284081697 -0.007617 0.000924 -0.142840 0.001139 -0.091603 -0.022056 0.995551
1757574247.316674471 -0.010905 -0.000066 -0.118417 -0.014100 -0.102393 -0.027135 0.994274
1757574247.316674471 -0.010772 0.006477 -0.143788 0.002371 -0.090808 -0.021058 0.995643
1757574247.318228483 -0.010847 0.006300 -0.142600 0.001644 -0.091324 -0.021300 0.995592
1757574247.387435436 -0.021112 0.006985 -0.090924 -0.034549 -0.116055 -0.034255 0.992051
1757574247.387435436 -0.009142 0.002378 -0.144187 0.002440 -0.091358 -0.023368 0.995541
1757574247.388814926 -0.009208 0.002219 -0.143132 0.001717 -0.091852 -0.023627 0.995491
1757574247.421443224 -0.012289 -0.000676 -0.118572 -0.015143 -0.102339 -0.025581 0.994305
1757574247.421443224 -0.002902 0.007292 -0.143246 0.001493 -0.091514 -0.027833 0.995414
1757574247.422723055 -0.002963 0.007143 -0.142267 0.000830 -0.091923 -0.027910 0.995375
1757574247.493949652 -0.014666 -0.003314 -0.093484 -0.026575 -0.115360 -0.017453 0.992815
1757574247.493949652 0.006338 0.021251 -0.129388 0.001635 -0.090680 -0.029714 0.995435
1757574247.495355129 0.006271 0.021084 -0.128315 0.001093 -0.091143 -0.029508 0.995400
1757574247.530747175 0.003224 0.013583 -0.102947 -0.008690 -0.105059 -0.021105 0.994204
1757574247.530747175 -0.007653 0.031242 -0.136177 0.000492 -0.091742 -0.027277 0.995409
1757574247.531899691 -0.007707 0.031103 -0.135296 0.000174 -0.092196 -0.027004 0.995375
1757574247.608461618 -0.007955 0.003891 -0.080530 -0.011076 -0.113323 -0.018642 0.993322
1757574247.608461618 -0.026474 0.041478 -0.144178 -0.000654 -0.094510 -0.024357 0.995226
1757574247.609644890 -0.026527 0.041334 -0.143274 -0.000827 -0.094838 -0.024228 0.995198
1757574247.642310381 -0.026605 0.033896 -0.118508 -0.000343 -0.095915 -0.025020 0.995075
1757574247.642310381 -0.031952 0.038910 -0.154080 -0.001842 -0.097284 -0.024790 0.994946
1757574247.643259764 -0.031994 0.038795 -0.153354 -0.001828 -0.097315 -0.024813 0.994943
1757574247.710494757 -0.029849 0.018311 -0.100851 0.006100 -0.087664 -0.020900 0.995912
1757574247.710494757 -0.039634 0.041680 -0.162287 -0.002685 -0.099815 -0.024919 0.994690
1757574247.712270260 -0.039711 0.041462 -0.160927 -0.002476 -0.099560 -0.024815 0.994719
1757574247.746381998 -0.040311 0.034388 -0.134451 0.003392 -0.089066 -0.021938 0.995778
1757574247.746381998 -0.040165 0.039496 -0.161861 -0.002158 -0.103935 -0.024703 0.994275
1757574247.747532129 -0.040216 0.039357 -0.160981 -0.001960 -0.103582 -0.024605 0.994315
1757574247.815207005 -0.044156 0.021877 -0.108082 0.010193 -0.075633 -0.018807 0.996906
1757574247.815207005 -0.042353 0.038299 -0.165112 -0.002362 -0.105177 -0.024288 0.994154
1757574247.816212893 -0.042399 0.038178 -0.164342 -0.002181 -0.104762 -0.024201 0.994200
1757574247.847031593 -0.044582 0.032716 -0.140605 0.003044 -0.090618 -0.022120 0.995635
1757574247.847031593 -0.042316 0.035760 -0.163622 -0.002126 -0.105464 -0.024251 0.994125
1757574247.848399401 -0.042380 0.035595 -0.162575 -0.001894 -0.104837 -0.024159 0.994194
1757574247.925615788 -0.053821 0.016593 -0.102383 0.008254 -0.068715 -0.018699 0.997427
1757574247.925615788 -0.038899 0.036360 -0.160024 -0.001900 -0.105011 -0.023879 0.994183
1757574247.927059650 -0.038967 0.036186 -0.158919 -0.001710 -0.104337 -0.023777 0.994256
1757574247.965457201 -0.043635 0.029120 -0.129441 0.002623 -0.087825 -0.022471 0.995879
1757574247.965457201 -0.036103 0.035179 -0.153654 -0.001660 -0.103696 -0.023889 0.994321
1757574247.967260122 -0.036191 0.034961 -0.152274 -0.001456 -0.102921 -0.023828 0.994403
1757574248.039432526 -0.051901 0.018726 -0.097099 0.005293 -0.077777 -0.021760 0.996719
1757574248.039432526 -0.039735 0.039529 -0.143477 -0.000339 -0.101414 -0.023050 0.994577
1757574248.040683746 -0.039796 0.039379 -0.142519 -0.000223 -0.100978 -0.023014 0.994622
1757574248.071739674 -0.043551 0.034074 -0.119076 0.002396 -0.092365 -0.022780 0.995462
1757574248.071739674 -0.037825 0.038006 -0.142385 -0.000281 -0.099817 -0.023073 0.994738
1757574248.072839260 -0.037877 0.037874 -0.141544 -0.000189 -0.099512 -0.023065 0.994769
1757574248.147978306 -0.055258 0.020646 -0.086270 0.006370 -0.085515 -0.022848 0.996054
1757574248.147978306 -0.028928 0.039480 -0.141909 -0.000462 -0.098335 -0.023266 0.994881
1757574248.149340391 -0.028995 0.039317 -0.140868 -0.000343 -0.098082 -0.023262 0.994906
1757574248.186255217 -0.034259 0.033023 -0.113268 0.003300 -0.094459 -0.023078 0.995256
1757574248.186255217 -0.026696 0.036864 -0.142862 -0.000492 -0.096767 -0.022917 0.995043
1757574248.187838793 -0.026774 0.036674 -0.141652 -0.000336 -0.096612 -0.022909 0.995058
1757574248.260200024 -0.043750 0.022770 -0.089720 0.006202 -0.096387 -0.025257 0.995004
1757574248.260200024 -0.019798 0.036824 -0.143294 -0.000363 -0.095194 -0.022605 0.995202
1757574248.261384964 -0.019855 0.036683 -0.142389 -0.000256 -0.095191 -0.022644 0.995201
1757574248.298460722 -0.025323 0.031077 -0.114720 0.001810 -0.098269 -0.024917 0.994846
1757574248.298460722 -0.018767 0.033078 -0.146793 -0.000325 -0.093211 -0.023716 0.995364
1757574248.299687147 -0.018827 0.032932 -0.145855 -0.000257 -0.093313 -0.023792 0.995352
1757574248.372457266 -0.036836 0.018969 -0.092361 0.001300 -0.104910 -0.025152 0.994163
1757574248.372457266 -0.009557 0.028930 -0.148276 -0.000260 -0.092212 -0.025672 0.995408
1757574248.373509407 -0.009608 0.028805 -0.147471 -0.000238 -0.092380 -0.025692 0.995392
1757574248.403218031 -0.013262 0.023916 -0.124921 0.000025 -0.098917 -0.023582 0.994816
1757574248.403218031 -0.008343 0.022528 -0.150425 -0.000435 -0.091697 -0.027159 0.995416
1757574248.404584646 -0.008410 0.022364 -0.149380 -0.000424 -0.091998 -0.027062 0.995391
1757574248.476416111 -0.023065 0.006348 -0.095182 -0.001197 -0.110486 -0.017376 0.993725
1757574248.476416111 -0.001520 0.014736 -0.149273 0.000052 -0.091821 -0.029621 0.995335
1757574248.477550507 -0.001575 0.014600 -0.148406 0.000039 -0.092114 -0.029468 0.995312
1757574248.505139828 -0.004309 0.010033 -0.127441 -0.001506 -0.099125 -0.022770 0.994813
1757574248.505139828 -0.001355 0.005883 -0.148198 0.000487 -0.092453 -0.032028 0.995202
1757574248.506258488 -0.001408 0.005749 -0.147342 0.000423 -0.092738 -0.031756 0.995184
1757574248.579474449 -0.013869 -0.009964 -0.093968 -0.006030 -0.108970 -0.005220 0.994013
1757574248.579474449 0.002513 0.011503 -0.138547 -0.001161 -0.091812 -0.035309 0.995150
1757574248.580556870 0.002462 0.011373 -0.137720 -0.001257 -0.092051 -0.034917 0.995141
1757574248.610979795 -0.000399 0.006333 -0.115141 -0.003279 -0.097824 -0.020250 0.994992
1757574248.610979795 -0.001673 0.015769 -0.141716 -0.002906 -0.092540 -0.035207 0.995082
1757574248.612594128 -0.001750 0.015574 -0.140483 -0.003014 -0.092846 -0.034428 0.995081
1757574248.676914215 -0.009416 0.001258 -0.094324 0.002356 -0.102021 -0.004429 0.994770
1757574248.676914215 -0.005893 0.031279 -0.148284 -0.005642 -0.092529 -0.033114 0.995143
1757574248.678788185 -0.005982 0.031053 -0.146853 -0.005485 -0.092795 -0.032240 0.995148
1757574248.712668419 -0.008378 0.025958 -0.121297 0.005881 -0.097970 -0.019718 0.994977
1757574248.712668419 -0.011238 0.038604 -0.152935 -0.006701 -0.091630 -0.028121 0.995373
1757574248.714275360 -0.011313 0.038412 -0.151706 -0.006160 -0.091873 -0.027527 0.995371
1757574248.786574125 -0.016784 0.038462 -0.095315 0.018987 -0.107782 -0.019400 0.993804
1757574248.786574125 -0.023102 0.027881 -0.151996 -0.005224 -0.091458 -0.023174 0.995526
1757574248.787962914 -0.023166 0.027720 -0.150933 -0.004739 -0.091762 -0.023019 0.995504
1757574248.822741747 -0.024596 0.027696 -0.123916 -0.001234 -0.099603 -0.026264 0.994680
1757574248.822741747 -0.015577 0.015599 -0.152797 -0.002683 -0.091787 -0.018806 0.995597
1757574248.823796034 -0.015625 0.015478 -0.151990 -0.002575 -0.092024 -0.018905 0.995574
1757574248.889385223 -0.015346 0.022073 -0.100305 -0.010603 -0.104997 -0.037226 0.993719
1757574248.889385223 -0.022259 0.004452 -0.152796 -0.000195 -0.092782 -0.016150 0.995555
1757574248.890532970 -0.022310 0.004321 -0.151917 -0.000335 -0.093009 -0.016471 0.995529
1757574248.926669121 -0.022970 0.004120 -0.124421 -0.011150 -0.098762 -0.030171 0.994591
1757574248.926669121 -0.029214 0.003299 -0.153628 0.001159 -0.094246 -0.015539 0.995427
1757574248.928190947 -0.029281 0.003127 -0.152464 0.000704 -0.094488 -0.016117 0.995395
1757574248.998343229 -0.029789 0.006094 -0.103238 -0.027756 -0.100787 -0.042636 0.993606
1757574248.998343229 -0.033567 0.002237 -0.154975 0.001688 -0.095952 -0.017737 0.995226
1757574248.999346495 -0.033612 0.002121 -0.154209 0.001282 -0.096042 -0.018117 0.995212
1757574249.026074886 -0.034822 -0.000023 -0.134603 -0.010122 -0.096310 -0.025007 0.994986
1757574249.026074886 -0.034286 0.009473 -0.157140 0.001553 -0.097142 -0.021015 0.995047
1757574249.027726173 -0.034361 0.009281 -0.155880 0.000849 -0.097157 -0.021442 0.995038
1757574249.099453449 -0.039777 0.004261 -0.107863 -0.028940 -0.093689 -0.028341 0.994777
1757574249.099453449 -0.032605 0.017270 -0.145899 0.004444 -0.097633 -0.025851 0.994877
1757574249.100547552 -0.032655 0.017142 -0.145064 0.003990 -0.097578 -0.025957 0.994881
1757574249.137978554 -0.036267 0.012334 -0.117841 -0.009589 -0.093912 -0.022408 0.995282
1757574249.137978554 -0.019558 0.031244 -0.144941 0.003587 -0.097102 -0.030129 0.994812
1757574249.139727116 -0.019642 0.031037 -0.143606 0.002953 -0.096928 -0.029963 0.994836
1757574249.211610079 -0.034529 0.015110 -0.090365 -0.009665 -0.092202 -0.009430 0.995649
1757574249.211610079 -0.004083 0.044278 -0.140898 0.002493 -0.095661 -0.032774 0.994871
1757574249.213223696 -0.004162 0.044084 -0.139664 0.002210 -0.095555 -0.032313 0.994897
1757574249.247651339 -0.007892 0.037163 -0.113278 0.000426 -0.095983 -0.019305 0.995196
1757574249.247651339 -0.007749 0.048546 -0.141452 0.001375 -0.095315 -0.033389 0.994886
1757574249.248888969 -0.007808 0.048397 -0.140505 0.001311 -0.095330 -0.032922 0.994900
1757574249.321041822 -0.015287 0.025663 -0.084806 0.004596 -0.096977 -0.004231 0.995267
1757574249.321041822 -0.018215 0.053001 -0.149716 0.000283 -0.097401 -0.032644 0.994710
1757574249.322330952 -0.018275 0.052844 -0.148730 0.000340 -0.097430 -0.032132 0.994723
1757574249.358732700 -0.018848 0.044497 -0.120553 0.004591 -0.092434 -0.018770 0.995531
1757574249.358732700 -0.026436 0.049638 -0.144858 0.000179 -0.100167 -0.031503 0.994472
1757574249.360163927 -0.026499 0.049463 -0.143762 0.000344 -0.099971 -0.030977 0.994508
1757574249.436750889 -0.027506 0.023738 -0.085593 0.014496 -0.077479 -0.004998 0.996876
1757574249.436750889 -0.032692 0.050954 -0.149880 -0.000099 -0.102173 -0.031568 0.994266
1757574249.438076258 -0.032751 0.050792 -0.148866 0.000145 -0.101785 -0.031119 0.994320
1757574249.472249985 -0.034448 0.043935 -0.122950 0.006759 -0.088385 -0.018343 0.995895
1757574249.472249985 -0.036151 0.044307 -0.153447 -0.000252 -0.103519 -0.031830 0.994118
1757574249.473918915 -0.036227 0.044104 -0.152171 0.000071 -0.102865 -0.031206 0.994206
1757574249.548523903 -0.043066 0.024251 -0.097362 0.014119 -0.068777 -0.001382 0.997531
1757574249.548523903 -0.037977 0.043990 -0.154036 -0.000195 -0.104144 -0.031462 0.994064
1757574249.549738646 -0.038034 0.043844 -0.153107 0.000033 -0.103591 -0.030977 0.994137
1757574249.585624695 -0.041469 0.037421 -0.126549 0.006245 -0.086691 -0.017539 0.996061
1757574249.585624695 -0.040668 0.039665 -0.153386 -0.000102 -0.103800 -0.029861 0.994150
1757574249.587629557 -0.040765 0.039422 -0.151855 0.000243 -0.102857 -0.029111 0.994270
1757574249.665920019 -0.057448 0.023437 -0.096097 0.010598 -0.069425 -0.007159 0.997505
1757574249.665920019 -0.043920 0.028638 -0.148322 -0.001417 -0.103788 -0.028177 0.994199
1757574249.667089462 -0.043976 0.028499 -0.147428 -0.001263 -0.103289 -0.027850 0.994261
1757574249.702757835 -0.049600 0.023414 -0.121102 0.002707 -0.090991 -0.020493 0.995637
1757574249.702757835 -0.040764 0.024422 -0.153292 -0.001480 -0.102279 -0.027747 0.994368
1757574249.703984261 -0.040825 0.024277 -0.152355 -0.001343 -0.101857 -0.027495 0.994418
1757574249.774582863 -0.063285 0.017025 -0.100157 0.004791 -0.085374 -0.014743 0.996228
1757574249.774582863 -0.016112 0.009537 -0.155019 -0.000596 -0.099022 -0.031389 0.994590
1757574249.775727272 -0.016169 0.009402 -0.154144 -0.000495 -0.098755 -0.031183 0.994623
1757574249.808367252 -0.022065 0.004977 -0.129717 -0.000637 -0.097998 -0.020274 0.994980
1757574249.808367252 -0.001226 0.001193 -0.156681 0.000132 -0.095840 -0.034431 0.994801
1757574249.810019255 -0.001312 0.000997 -0.155418 0.000126 -0.095802 -0.033879 0.994824
1757574249.883047581 -0.025146 -0.007312 -0.099944 -0.005902 -0.107327 -0.001049 0.994206
1757574249.883047581 0.022185 -0.009210 -0.158466 0.000648 -0.093091 -0.037758 0.994941
1757574249.884089708 0.022133 -0.009333 -0.157669 0.000563 -0.093257 -0.037290 0.994943
1757574249.913055658 0.017783 -0.013061 -0.135580 -0.003443 -0.102004 -0.021105 0.994554
1757574249.913055658 0.015903 -0.015260 -0.163375 0.003124 -0.088253 -0.040805 0.995257
1757574249.914845705 0.015811 -0.015473 -0.162005 0.002879 -0.088797 -0.039805 0.995250
1757574249.986272097 -0.003302 -0.028430 -0.106084 -0.006723 -0.119108 0.007371 0.992831
1757574249.986272097 0.026021 -0.015067 -0.165873 0.002449 -0.086382 -0.042485 0.995353
1757574249.987389565 0.025967 -0.015200 -0.165018 0.002299 -0.086858 -0.041747 0.995343
1757574250.023089647 0.021645 -0.020422 -0.137594 -0.000447 -0.103390 -0.016452 0.994505
1757574250.023089647 0.020981 -0.011313 -0.165215 0.000570 -0.086447 -0.042493 0.995350
1757574250.024325609 0.020922 -0.011460 -0.164269 0.000475 -0.087019 -0.041617 0.995337
1757574250.092887163 0.013907 -0.022426 -0.109458 0.004337 -0.115717 0.006386 0.993252
1757574250.092887163 0.015361 0.004644 -0.164032 -0.001532 -0.086974 -0.039821 0.995413
1757574250.094533682 0.015285 0.004448 -0.162771 -0.001438 -0.087665 -0.038668 0.995398
1757574250.129752398 0.013740 0.000346 -0.135158 0.005870 -0.101001 -0.018594 0.994695
1757574250.129752398 0.008349 0.011029 -0.160200 -0.000314 -0.087019 -0.032774 0.995667
1757574250.130898952 0.008297 0.010894 -0.159322 -0.000073 -0.087453 -0.032121 0.995651
1757574250.202095509 0.005633 0.015994 -0.106609 0.003906 -0.113694 -0.015819 0.993382
1757574250.202095509 0.012210 0.012617 -0.139616 0.001290 -0.087120 -0.024538 0.995895
1757574250.203146219 0.012162 0.012496 -0.138813 0.001352 -0.087508 -0.024298 0.995867
1757574250.237021923 0.012332 0.011727 -0.112656 -0.001170 -0.096300 -0.028548 0.994942
1757574250.237021923 0.006097 0.014702 -0.138216 0.003967 -0.089058 -0.017588 0.995863
1757574250.238159418 0.006047 0.014572 -0.137346 0.003885 -0.089353 -0.017731 0.995835
1757574250.303907633 0.006671 0.019645 -0.084847 -0.013646 -0.100039 -0.042602 0.993977
1757574250.303907633 0.007539 0.008877 -0.134831 0.007033 -0.087798 -0.010083 0.996062
1757574250.305261135 0.007479 0.008723 -0.133794 0.006673 -0.088020 -0.010596 0.996040
1757574250.339532852 0.006120 0.008427 -0.107805 -0.010324 -0.097402 -0.034302 0.994600
1757574250.339532852 0.008835 0.009486 -0.130294 0.009704 -0.087415 -0.004870 0.996113
1757574250.340901375 0.008773 0.009330 -0.129247 0.009027 -0.087793 -0.005817 0.996081
1757574250.411054850 0.007019 0.012830 -0.080625 -0.036323 -0.108539 -0.067590 0.991126
1757574250.411054850 0.005554 0.012039 -0.127751 0.010412 -0.088979 -0.003927 0.995971
1757574250.412362099 0.005495 0.011889 -0.126753 0.009569 -0.089371 -0.005082 0.995939
1757574250.446832657 0.004497 0.009410 -0.102723 -0.013588 -0.096592 -0.035593 0.994595
1757574250.446832657 -0.020890 0.002525 -0.124244 0.009095 -0.093682 -0.009413 0.995516
1757574250.448060036 -0.020946 0.002382 -0.123308 0.008274 -0.093938 -0.010503 0.995488
1757574250.512443781 -0.023822 -0.011947 -0.080921 -0.022360 -0.095556 -0.050166 0.993908
1757574250.512443781 -0.025357 0.023747 -0.140065 0.004662 -0.096757 -0.016355 0.995163
1757574250.514182568 -0.025436 0.023537 -0.138739 0.003837 -0.096802 -0.017429 0.995144
1757574250.544107676 -0.026694 0.016580 -0.116365 0.000718 -0.092814 -0.025002 0.995369
1757574250.544107676 -0.027663 0.037340 -0.154410 -0.000230 -0.098947 -0.019589 0.994900
1757574250.545907974 -0.027745 0.037115 -0.153033 -0.000416 -0.098708 -0.020046 0.994914
1757574250.619656086 -0.032066 0.011039 -0.094906 0.012643 -0.082076 -0.031130 0.996060
1757574250.619656086 -0.022460 0.058349 -0.159415 -0.002031 -0.099396 -0.026054 0.994705
1757574250.620931864 -0.022518 0.058193 -0.158439 -0.001803 -0.099110 -0.026246 0.994729
1757574250.652497292 -0.023803 0.051664 -0.133649 0.006085 -0.092463 -0.021612 0.995463
1757574250.652497292 -0.033940 0.051577 -0.171817 -0.002861 -0.102552 -0.026417 0.994373
1757574250.653741360 -0.033997 0.051426 -0.170864 -0.002551 -0.102291 -0.026234 0.994405
1757574250.724025011 -0.032555 0.032981 -0.115060 0.015462 -0.074343 -0.016388 0.996978
1757574250.724025011 -0.047391 0.047393 -0.165758 -0.001936 -0.102827 -0.026630 0.994341
1757574250.725045919 -0.047436 0.047270 -0.164977 -0.001674 -0.102422 -0.026487 0.994387
1757574250.758948803 -0.048440 0.041570 -0.139337 0.004699 -0.086028 -0.021125 0.996058
1757574250.758948803 -0.046375 0.041194 -0.163865 -0.001107 -0.103384 -0.026946 0.994276
1757574250.760370016 -0.046439 0.041023 -0.162778 -0.000840 -0.102698 -0.026721 0.994353
1757574250.833737850 -0.050063 0.026435 -0.109441 0.007689 -0.066001 -0.014113 0.997690
1757574250.833737850 -0.045041 0.037410 -0.160463 -0.000190 -0.103482 -0.026785 0.994271
1757574250.834828138 -0.045090 0.037280 -0.159629 -0.000063 -0.102938 -0.026597 0.994332
1757574250.860367060 -0.046617 0.033693 -0.140391 0.001094 -0.090576 -0.022559 0.995633
1757574250.860367060 -0.044590 0.033344 -0.159566 0.000468 -0.103316 -0.026263 0.994302
1757574250.861403942 -0.044638 0.033221 -0.158773 0.000514 -0.102814 -0.026098 0.994358
1757574250.932104349 -0.053289 0.020887 -0.105756 -0.000032 -0.070107 -0.017044 0.997394
1757574250.932104349 -0.037063 0.031646 -0.151693 0.001104 -0.101913 -0.025225 0.994473
1757574250.933308363 -0.037120 0.031503 -0.150773 0.001094 -0.101357 -0.025071 0.994534
1757574250.962470293 -0.040269 0.027321 -0.128613 -0.000240 -0.090587 -0.023332 0.995615
1757574250.962470293 -0.039857 0.031704 -0.146668 0.001082 -0.101114 -0.023418 0.994599
1757574250.963600397 -0.039911 0.031570 -0.145803 0.001029 -0.100697 -0.023351 0.994643
1757574251.032556534 -0.055718 0.018706 -0.093419 -0.002117 -0.086021 -0.023227 0.996020
1757574251.032556534 -0.031288 0.036157 -0.150444 0.000771 -0.099156 -0.022308 0.994821
1757574251.034506559 -0.031386 0.035923 -0.148952 0.000682 -0.098741 -0.022305 0.994863
1757574251.069169760 -0.036268 0.029987 -0.122264 -0.000048 -0.095914 -0.024195 0.995096
1757574251.069169760 -0.031419 0.037687 -0.150862 0.000255 -0.098279 -0.022432 0.994906
1757574251.071424484 -0.031534 0.037413 -0.149136 0.000208 -0.098095 -0.022555 0.994921
1757574251.142628670 -0.043665 0.021816 -0.092526 0.001444 -0.095234 -0.024515 0.995152
1757574251.142628670 -0.029421 0.040909 -0.152609 -0.000198 -0.097943 -0.022645 0.994934
1757574251.143708467 -0.029472 0.040780 -0.151782 -0.000179 -0.097900 -0.022675 0.994938
1757574251.172032595 -0.032090 0.036303 -0.129884 0.000963 -0.097265 -0.023283 0.994986
1757574251.172032595 -0.030572 0.038933 -0.150336 -0.000135 -0.097902 -0.022692 0.994937
1757574251.174201250 -0.030677 0.038671 -0.148676 -0.000047 -0.097853 -0.022738 0.994941
1757574251.246627331 -0.042117 0.023085 -0.093578 0.003910 -0.097386 -0.024182 0.994945
1757574251.246627331 -0.030037 0.038814 -0.155543 -0.000774 -0.095020 -0.022729 0.995216
1757574251.248117208 -0.030108 0.038635 -0.154403 -0.000693 -0.095011 -0.022759 0.995216
1757574251.280613422 -0.033301 0.033510 -0.129732 0.000865 -0.095589 -0.023471 0.995144
1757574251.280613422 -0.028661 0.035826 -0.154058 -0.000267 -0.094593 -0.022809 0.995255
1757574251.281938791 -0.028724 0.035668 -0.153044 -0.000203 -0.094616 -0.022838 0.995252
1757574251.346891880 -0.037474 0.024174 -0.105357 0.001320 -0.097527 -0.024427 0.994932
1757574251.346891880 -0.027333 0.033256 -0.151590 0.000483 -0.094674 -0.022815 0.995247
1757574251.348363638 -0.027402 0.033081 -0.150465 0.000518 -0.094740 -0.022851 0.995240
1757574251.372095585 -0.029226 0.029799 -0.132614 0.000090 -0.095822 -0.023483 0.995121
1757574251.372095585 -0.029551 0.030160 -0.149582 0.001219 -0.095131 -0.022874 0.995201
1757574251.373579025 -0.029621 0.029983 -0.148448 0.001192 -0.095198 -0.022913 0.995194
1757574251.450469494 -0.038652 0.015771 -0.093169 -0.003521 -0.096934 -0.024945 0.994972
1757574251.450469494 -0.031093 0.031665 -0.146972 0.001489 -0.095926 -0.022920 0.995123
1757574251.452083826 -0.031169 0.031472 -0.145738 0.001390 -0.095962 -0.022962 0.995119
1757574251.486406326 -0.033829 0.026070 -0.120226 -0.000792 -0.095348 -0.023629 0.995163
1757574251.486406326 -0.032841 0.029474 -0.148391 -0.001318 -0.094952 -0.023301 0.995208
1757574251.488382339 -0.032934 0.029237 -0.146881 -0.001444 -0.094917 -0.023339 0.995211
1757574251.565623999 -0.043858 0.014111 -0.091355 -0.005108 -0.093291 -0.024629 0.995321
1757574251.565623999 -0.028821 0.029323 -0.147868 -0.001340 -0.095127 -0.023863 0.995178
1757574251.566755295 -0.028874 0.029188 -0.147004 -0.001393 -0.095103 -0.023882 0.995180
1757574251.600956440 -0.031789 0.024038 -0.121451 -0.003317 -0.094087 -0.023695 0.995276
1757574251.600956440 -0.029109 0.027368 -0.148942 -0.001284 -0.094943 -0.023974 0.995193
1757574251.603106499 -0.029211 0.027110 -0.147299 -0.001405 -0.094879 -0.023963 0.995199
1757574251.672437191 -0.039458 0.014988 -0.097257 -0.005268 -0.094141 -0.023745 0.995262
1757574251.672437191 -0.023156 0.025710 -0.148926 -0.001041 -0.094269 -0.024476 0.995245
1757574251.673645973 -0.023213 0.025566 -0.148002 -0.001108 -0.094256 -0.024472 0.995247
1757574251.703325748 -0.025984 0.021589 -0.125658 -0.003130 -0.095280 -0.023900 0.995159
1757574251.703325748 -0.020566 0.019330 -0.151475 -0.000645 -0.093389 -0.025864 0.995294
1757574251.704460382 -0.020620 0.019196 -0.150607 -0.000722 -0.093428 -0.025843 0.995290
1757574251.776676178 -0.032282 0.009907 -0.096027 -0.007918 -0.099799 -0.019941 0.994776
1757574251.776676178 -0.017084 0.014865 -0.151819 0.001194 -0.092172 -0.026996 0.995376
1757574251.778290987 -0.017161 0.014674 -0.150584 0.001033 -0.092315 -0.026864 0.995367
1757574251.807846546 -0.020289 0.011512 -0.127679 -0.003261 -0.095990 -0.023835 0.995092
1757574251.807846546 -0.017099 0.010213 -0.151272 0.002101 -0.091862 -0.028094 0.995373
1757574251.809536457 -0.017181 0.010015 -0.149979 0.001855 -0.092072 -0.027921 0.995359
1757574251.883556366 -0.029192 0.002427 -0.091330 -0.012760 -0.101804 -0.016794 0.994581
1757574251.883556366 -0.012343 0.001792 -0.150169 0.002543 -0.091930 -0.030695 0.995289
1757574251.884667873 -0.012395 0.001661 -0.149318 0.002323 -0.092076 -0.030528 0.995281
1757574251.917442799 -0.015282 -0.002435 -0.124156 -0.004614 -0.096075 -0.021760 0.995126
1757574251.917442799 -0.011953 -0.003814 -0.149626 0.002491 -0.091964 -0.033873 0.995183
1757574251.918714523 -0.012013 -0.003965 -0.148653 0.002221 -0.092119 -0.033533 0.995181
1757574251.993296623 -0.021043 -0.016621 -0.093900 -0.011414 -0.101185 -0.002539 0.994799
1757574251.993296623 -0.009937 -0.008736 -0.146813 0.002186 -0.092376 -0.036919 0.995037
1757574251.994384289 -0.009988 -0.008866 -0.145981 0.001987 -0.092509 -0.036467 0.995042
1757574252.029752970 -0.012580 -0.014068 -0.119612 -0.003253 -0.095593 -0.017190 0.995267
1757574252.029752970 -0.007106 0.001614 -0.139122 0.001885 -0.095862 -0.038917 0.994632
1757574252.031617641 -0.007193 0.001391 -0.137697 0.001605 -0.096025 -0.037902 0.994656
1757574252.104711294 -0.015292 -0.011050 -0.083800 -0.007576 -0.098623 0.008633 0.995059
1757574252.104711294 -0.007879 0.002422 -0.139851 0.002015 -0.096620 -0.039819 0.994523
1757574252.106678724 -0.007972 0.002187 -0.138347 0.001766 -0.096693 -0.038567 0.994565
1757574252.138016701 -0.010730 -0.002035 -0.114648 -0.001980 -0.097049 -0.017399 0.995126
1757574252.138016701 -0.008505 0.002204 -0.141495 0.002168 -0.096572 -0.039552 0.994537
1757574252.139663219 -0.008583 0.002008 -0.140236 0.001971 -0.096592 -0.038440 0.994580
1757574252.213560820 -0.021560 -0.008519 -0.084366 -0.006438 -0.098155 0.009939 0.995101
1757574252.213560820 -0.008511 0.003235 -0.141780 0.002520 -0.096814 -0.038815 0.994542
1757574252.215114832 -0.008586 0.003051 -0.140592 0.002343 -0.096850 -0.037798 0.994578
1757574252.251639843 -0.012601 -0.001593 -0.112670 -0.002535 -0.097256 -0.015179 0.995140
1757574252.251639843 -0.010742 0.006822 -0.143221 0.002379 -0.096672 -0.037583 0.994604
1757574252.253406763 -0.010827 0.006613 -0.141869 0.002143 -0.096693 -0.036489 0.994643
1757574252.327994823 -0.025178 -0.005145 -0.085334 -0.005934 -0.098885 0.004779 0.995070
1757574252.327994823 -0.011150 0.011956 -0.147708 0.002563 -0.094535 -0.035212 0.994895
1757574252.329278469 -0.011211 0.011804 -0.146726 0.002425 -0.094574 -0.034502 0.994917
1757574252.361753702 -0.014961 0.007323 -0.121789 0.000079 -0.095960 -0.020483 0.995174
1757574252.361753702 -0.014459 0.016339 -0.147721 0.002263 -0.094451 -0.032977 0.994981
1757574252.363744736 -0.014557 0.016102 -0.146197 0.002119 -0.094537 -0.032117 0.995001
1757574252.436804295 -0.028396 0.003595 -0.090569 -0.001288 -0.098019 -0.008017 0.995151
1757574252.436804295 -0.010855 0.022037 -0.148778 0.001747 -0.094040 -0.031173 0.995079
1757574252.437973738 -0.010911 0.021898 -0.147883 0.001693 -0.094096 -0.030787 0.995086
1757574252.470029116 -0.014545 0.017310 -0.123505 0.001402 -0.096511 -0.022595 0.995074
1757574252.470029116 -0.005778 0.020473 -0.148822 0.001400 -0.093072 -0.031403 0.995163
1757574252.471192837 -0.005834 0.020334 -0.147932 0.001390 -0.093160 -0.031105 0.995164
1757574252.537603140 -0.018859 0.010539 -0.099936 0.002153 -0.102262 -0.012011 0.994683
1757574252.537603140 0.004552 0.015160 -0.147765 0.001727 -0.091836 -0.033203 0.995219
1757574252.538758039 0.004497 0.015023 -0.146882 0.001741 -0.091995 -0.032871 0.995215
1757574252.572306633 0.000557 0.010863 -0.121830 0.001357 -0.099376 -0.020394 0.994840
1757574252.572306633 0.002936 0.012443 -0.142714 0.000985 -0.089124 -0.034263 0.995431
1757574252.574324846 0.002836 0.012205 -0.141172 0.000963 -0.089568 -0.033512 0.995416
1757574252.649271250 -0.009298 0.002287 -0.086569 0.000156 -0.108203 -0.003557 0.994122
1757574252.649271250 0.002911 0.014408 -0.140710 0.000591 -0.089178 -0.033951 0.995437
1757574252.650583029 0.002849 0.014253 -0.139707 0.000577 -0.089505 -0.033427 0.995425
1757574252.681552172 0.000321 0.010458 -0.116509 0.000951 -0.096408 -0.021853 0.995102
1757574252.681552172 -0.000894 0.017670 -0.141350 -0.000229 -0.089528 -0.032996 0.995438
1757574252.682742596 -0.000949 0.017529 -0.140440 -0.000215 -0.089793 -0.032551 0.995428
1757574252.760267973 -0.009305 0.006654 -0.081487 0.004351 -0.105550 -0.006867 0.994381
1757574252.760267973 -0.003999 0.022797 -0.142779 -0.001054 -0.089879 -0.031683 0.995448
1757574252.761507750 -0.004057 0.022650 -0.141830 -0.000980 -0.090131 -0.031272 0.995438
1757574252.796251774 -0.006453 0.018723 -0.115314 0.002900 -0.096418 -0.021629 0.995102
1757574252.796251774 -0.005239 0.024830 -0.143161 -0.001189 -0.089568 -0.029521 0.995542
1757574252.797298431 -0.005287 0.024707 -0.142361 -0.001072 -0.089757 -0.029231 0.995534
1757574252.866758585 -0.013133 0.021731 -0.090227 0.006748 -0.104124 -0.016872 0.994398
1757574252.866758585 -0.000397 0.021278 -0.142710 -0.000977 -0.089155 -0.026467 0.995666
1757574252.867915392 -0.000451 0.021143 -0.141825 -0.000846 -0.089394 -0.026261 0.995650
1757574252.905755997 -0.003082 0.020193 -0.113312 -0.000208 -0.099046 -0.024640 0.994778
1757574252.905755997 0.003589 0.013263 -0.139940 0.002198 -0.087811 -0.022294 0.995885
1757574252.907635689 0.003502 0.013050 -0.138503 0.002231 -0.088291 -0.022215 0.995845
1757574252.979544640 -0.004770 0.023791 -0.086803 -0.013775 -0.113872 -0.032377 0.992872
1757574252.979544640 0.008330 0.002471 -0.135738 0.006278 -0.086293 -0.018060 0.996086
1757574252.980754137 0.008274 0.002334 -0.134813 0.006010 -0.086725 -0.018232 0.996047
1757574253.009905338 0.006165 0.002013 -0.113269 -0.008214 -0.099625 -0.027653 0.994607
1757574253.009905338 0.004873 0.005656 -0.133275 0.009332 -0.085780 -0.017057 0.996124
1757574253.011369467 0.004805 0.005491 -0.132156 0.008618 -0.086428 -0.017532 0.996067
1757574253.083991528 -0.004216 0.008180 -0.082311 -0.039238 -0.120228 -0.042374 0.991065
1757574253.083991528 0.010055 0.007738 -0.132379 0.009083 -0.085254 -0.018849 0.996140
1757574253.085298777 0.009994 0.007587 -0.131380 0.008220 -0.085864 -0.019297 0.996086
1757574253.118867159 0.006510 0.003931 -0.106951 -0.012112 -0.102487 -0.027895 0.994269
1757574253.118867159 0.004751 0.009251 -0.097018 0.010381 -0.084891 -0.018002 0.996173
1757574253.120200396 0.004687 0.009094 -0.096000 0.009574 -0.085553 -0.018345 0.996119
1757574253.193562269 -0.006825 -0.010863 -0.045628 -0.025514 -0.127472 -0.039448 0.990729
1757574253.193562269 0.006261 0.014177 -0.104359 0.007381 -0.086034 -0.015413 0.996146
1757574253.195080280 0.006189 0.013993 -0.103200 0.006658 -0.086907 -0.015849 0.996068
1757574253.228485823 0.005363 0.006214 -0.077453 -0.002196 -0.101855 -0.030187 0.994339
1757574253.228485823 -0.007302 0.027020 -0.118020 0.004933 -0.088222 -0.018670 0.995914
1757574253.230173588 -0.007376 0.026811 -0.116728 0.004484 -0.088978 -0.019394 0.995835
1757574253.306032658 -0.004186 -0.001329 -0.056612 -0.001213 -0.107849 -0.036293 0.993504
1757574253.306032658 -0.018320 0.044991 -0.137814 0.002503 -0.091278 -0.022405 0.995570
1757574253.308340788 -0.018419 0.044702 -0.136046 0.002329 -0.091853 -0.022918 0.995506
1757574253.340727568 -0.018067 0.037217 -0.110639 0.003994 -0.092290 -0.024264 0.995428
1757574253.340727568 -0.031838 0.043873 -0.161930 0.001047 -0.096286 -0.025010 0.995039
1757574253.342105389 -0.031898 0.043705 -0.160874 0.001118 -0.096304 -0.025067 0.995036
1757574253.407656431 -0.026782 0.026368 -0.109423 0.005725 -0.075750 -0.020411 0.996901
1757574253.407656431 -0.045617 0.046418 -0.191814 -0.001060 -0.101909 -0.026913 0.994429
1757574253.409194469 -0.045683 0.046232 -0.190637 -0.000952 -0.101428 -0.026804 0.994481
1757574253.441469431 -0.046129 0.040529 -0.166087 0.000841 -0.085204 -0.022013 0.996120
1757574253.441469431 -0.048763 0.045682 -0.206291 -0.001228 -0.104508 -0.027967 0.994130
1757574253.442783594 -0.048821 0.045524 -0.205285 -0.001155 -0.103848 -0.027772 0.994205
1757574253.513924122 -0.054103 0.030087 -0.153277 0.000183 -0.062531 -0.013618 0.997950
1757574253.513924122 -0.044453 0.047008 -0.207923 -0.001807 -0.104771 -0.028454 0.994088
1757574253.515299797 -0.044516 0.046844 -0.206871 -0.001781 -0.103974 -0.028181 0.994179
1757574253.548197508 -0.047152 0.041406 -0.182816 -0.000521 -0.085033 -0.021359 0.996149
1757574253.548197508 -0.039981 0.041931 -0.196731 -0.001088 -0.104074 -0.027933 0.994177
1757574253.549585342 -0.040046 0.041764 -0.195671 -0.001035 -0.103276 -0.027644 0.994268
1757574253.621917725 -0.056366 0.026530 -0.142924 -0.001973 -0.067960 -0.015908 0.997559
1757574253.621917725 -0.024989 0.043111 -0.175232 -0.001128 -0.101999 -0.027555 0.994402
1757574253.623245478 -0.025053 0.042952 -0.174217 -0.001145 -0.101352 -0.027340 0.994474
1757574253.659327269 -0.030661 0.036972 -0.147233 0.000073 -0.089019 -0.022522 0.995775
1757574253.659327269 -0.029979 0.031872 -0.157901 -0.001169 -0.101503 -0.025934 0.994496
1757574253.660801649 -0.030052 0.031695 -0.156774 -0.001120 -0.100999 -0.025737 0.994553
1757574253.732212782 -0.049079 0.017783 -0.102251 0.000820 -0.084068 -0.020310 0.996253
1757574253.732212782 -0.021052 0.032661 -0.151945 -0.001123 -0.099762 -0.025200 0.994692
1757574253.733713627 -0.021127 0.032481 -0.150796 -0.001083 -0.099407 -0.025086 0.994730
1757574253.763607740 -0.025262 0.027880 -0.127730 0.000227 -0.095620 -0.024011 0.995128
1757574253.763607740 -0.017974 0.031760 -0.145326 -0.000969 -0.097891 -0.025037 0.994882
1757574253.765355110 -0.018062 0.031551 -0.143988 -0.000892 -0.097670 -0.024975 0.994905
1757574253.833316088 -0.035426 0.018356 -0.090958 0.002511 -0.096278 -0.023957 0.995063
1757574253.833316088 -0.001195 0.041744 -0.135973 -0.000556 -0.095609 -0.028401 0.995014
1757574253.834391594 -0.001247 0.041616 -0.135150 -0.000502 -0.095587 -0.028385 0.995016
1757574253.870068789 -0.006743 0.036080 -0.107849 0.000324 -0.099352 -0.021982 0.994809
1757574253.870068789 0.013029 0.047938 -0.125102 0.000431 -0.093842 -0.033278 0.995031
1757574253.871389866 0.012964 0.047781 -0.124091 0.000461 -0.093982 -0.033041 0.995025
1757574253.946544409 -0.005105 0.033529 -0.066771 0.000140 -0.109226 -0.004041 0.994009
1757574253.946544409 0.023530 0.048794 -0.131253 0.004252 -0.090505 -0.039087 0.995120
1757574253.948298931 0.023443 0.048584 -0.129911 0.004244 -0.090865 -0.038412 0.995113
1757574253.984097242 0.018889 0.043452 -0.103060 0.002107 -0.100158 -0.017030 0.994824
1757574253.984097242 0.028738 0.047646 -0.126927 0.005298 -0.089664 -0.042998 0.995029
1757574253.985332966 0.028679 0.047499 -0.125982 0.005224 -0.089986 -0.042261 0.995032
1757574254.057097912 0.015382 0.037482 -0.074196 -0.002788 -0.110977 0.010254 0.993766
1757574254.057097912 0.036528 0.047337 -0.123811 0.005667 -0.089752 -0.046013 0.994885
1757574254.058676243 0.036452 0.047150 -0.122605 0.005489 -0.090217 -0.044859 0.994896
1757574254.091731787 0.033245 0.043143 -0.098399 0.001116 -0.099740 -0.016819 0.994871
1757574254.091731787 0.033550 0.049827 -0.127146 0.004872 -0.090185 -0.047809 0.994765
1757574254.092752695 0.033502 0.049706 -0.126366 0.004736 -0.090480 -0.046944 0.994780
1757574254.167070150 0.025036 0.037557 -0.072780 0.001144 -0.109149 0.021791 0.993786
1757574254.167070150 0.030769 0.052952 -0.132472 0.003168 -0.090908 -0.047265 0.994732
1757574254.168990135 0.030678 0.052723 -0.131006 0.003075 -0.091394 -0.045490 0.994771
1757574254.200848579 0.029001 0.048533 -0.106617 0.005726 -0.097833 -0.017311 0.995036
1757574254.200848579 0.011082 0.066029 -0.142656 0.000260 -0.090396 -0.044698 0.994902
1757574254.202552795 0.011004 0.065827 -0.141352 0.000403 -0.090738 -0.043191 0.994938
1757574254.277851820 0.008321 0.062449 -0.083398 0.013091 -0.104277 0.010082 0.994411
1757574254.277851820 0.007974 0.046678 -0.139573 0.001188 -0.090156 -0.036683 0.995251
1757574254.278942347 0.007924 0.046550 -0.138739 0.001374 -0.090353 -0.035912 0.995261
1757574254.309728622 0.006775 0.045464 -0.115294 0.002668 -0.096629 -0.025309 0.994995
1757574254.309728622 0.006327 0.024174 -0.135566 0.003406 -0.090611 -0.027768 0.995493
1757574254.311389208 0.006252 0.023985 -0.134296 0.003479 -0.090950 -0.027197 0.995478
1757574254.384993076 0.007939 0.032994 -0.076831 -0.007375 -0.105768 -0.029688 0.993920
1757574254.384993076 -0.004017 0.000098 -0.133581 0.006590 -0.091491 -0.022263 0.995535
1757574254.386743307 -0.004094 -0.000099 -0.132241 0.006334 -0.091845 -0.022324 0.995503
1757574254.421249628 -0.006314 0.000693 -0.105581 -0.006703 -0.097938 -0.028469 0.994763
1757574254.421249628 0.003302 -0.011939 -0.126409 0.009321 -0.090976 -0.017007 0.995664
1757574254.422705412 0.003234 -0.012103 -0.125295 0.008772 -0.091236 -0.017267 0.995641
1757574254.497643709 0.000036 -0.004243 -0.065913 -0.032321 -0.108854 -0.047773 0.992383
1757574254.497643709 0.010101 -0.034095 -0.113097 0.010666 -0.092119 -0.011168 0.995628
1757574254.500253916 0.009982 -0.034384 -0.111097 0.009240 -0.092745 -0.012234 0.995572
1757574254.534945011 0.008914 -0.035395 -0.085199 -0.013237 -0.099541 -0.034099 0.994361
1757574254.534945011 -0.005209 -0.033684 -0.124673 0.010283 -0.094847 -0.009251 0.995396
1757574254.536371231 -0.005273 -0.033848 -0.123583 0.009361 -0.095131 -0.010153 0.995369
1757574254.605619431 -0.005463 -0.037144 -0.079839 -0.035133 -0.100073 -0.053708 0.992908
1757574254.605619431 -0.024606 -0.017918 -0.138802 0.007754 -0.097159 -0.012391 0.995162
1757574254.607779980 -0.024702 -0.018168 -0.137158 0.006368 -0.097317 -0.013754 0.995138
1757574254.643694878 -0.026827 -0.024367 -0.112237 -0.010276 -0.095616 -0.027965 0.994972
1757574254.643694878 -0.032966 0.023639 -0.140313 0.004838 -0.096728 -0.021198 0.995073
1757574254.644874334 -0.033021 0.023497 -0.139413 0.004292 -0.096669 -0.021664 0.995072
1757574254.717950106 -0.048214 0.000095 -0.087983 -0.008234 -0.098063 -0.021868 0.994906
1757574254.717950106 -0.024276 0.052582 -0.139238 0.002655 -0.095970 -0.026342 0.995032
1757574254.719108343 -0.024331 0.052442 -0.138353 0.002457 -0.095991 -0.026345 0.995030
1757574254.752565861 -0.026871 0.044524 -0.112939 0.001158 -0.098587 -0.021999 0.994885
1757574254.752565861 -0.027807 0.055213 -0.162764 0.001191 -0.096063 -0.026946 0.995010
1757574254.753836632 -0.027866 0.055057 -0.161791 0.001142 -0.096162 -0.026781 0.995005
1757574254.824995995 -0.022521 0.027369 -0.101124 0.004584 -0.088995 -0.019835 0.995824
1757574254.824995995 -0.034697 0.066693 -0.177690 0.000575 -0.097532 -0.028141 0.994834
1757574254.826123238 -0.034746 0.066555 -0.176826 0.000629 -0.097418 -0.028031 0.994848
1757574254.857121229 -0.034254 0.059252 -0.152159 0.006059 -0.087335 -0.022758 0.995901
1757574254.857121229 -0.043725 0.063019 -0.202058 -0.000691 -0.100796 -0.028929 0.994486
1757574254.858283758 -0.043776 0.062877 -0.201167 -0.000487 -0.100419 -0.028732 0.994530
1757574254.924708366 -0.040406 0.042056 -0.147737 0.014369 -0.062183 -0.013198 0.997874
1757574254.924708366 -0.054763 0.070233 -0.226315 -0.001475 -0.104043 -0.030084 0.994117
1757574254.925757647 -0.054809 0.070106 -0.225511 -0.001241 -0.103440 -0.029838 0.994187
1757574254.959663391 -0.055507 0.063608 -0.199294 0.006090 -0.079518 -0.019199 0.996630
1757574254.959663391 -0.056450 0.066977 -0.231397 -0.001332 -0.104660 -0.030623 0.994036
1757574254.961378574 -0.056526 0.066769 -0.230084 -0.000961 -0.103452 -0.030085 0.994179
1757574255.041571856 -0.065194 0.047515 -0.169823 0.014765 -0.045016 -0.002773 0.998873
1757574255.041571856 -0.050556 0.050419 -0.189666 -0.000222 -0.105827 -0.030254 0.993924
1757574255.042902470 -0.050617 0.050259 -0.188648 0.000038 -0.104861 -0.029800 0.994040
1757574255.077322006 -0.054655 0.045120 -0.162768 0.005345 -0.083261 -0.017778 0.996355
1757574255.077322006 -0.044032 0.044391 -0.176434 0.000950 -0.103409 -0.029609 0.994198
1757574255.079005718 -0.044114 0.044190 -0.175147 0.001211 -0.102355 -0.029021 0.994324
1757574255.151792049 -0.065570 0.033769 -0.120892 0.006674 -0.070212 -0.006667 0.997488
1757574255.151792049 -0.032253 0.044521 -0.161185 0.001678 -0.100452 -0.028590 0.994530
1757574255.152960062 -0.032311 0.044382 -0.160291 0.001766 -0.099938 -0.028231 0.994592
1757574255.187354565 -0.037868 0.038570 -0.134418 0.004203 -0.091346 -0.020123 0.995607
1757574255.187354565 -0.029681 0.041639 -0.151526 0.001748 -0.098165 -0.025594 0.994839
1757574255.188680887 -0.029746 0.041480 -0.150512 0.001841 -0.097834 -0.025282 0.994880
1757574255.263876200 -0.051415 0.026901 -0.093518 0.007856 -0.088881 -0.021561 0.995778
1757574255.263876200 -0.019748 0.038344 -0.141769 0.002103 -0.096098 -0.023563 0.995091
1757574255.265684843 -0.019840 0.038128 -0.140386 0.002248 -0.095882 -0.023474 0.995113
1757574255.299737215 -0.025472 0.032616 -0.114697 0.004711 -0.095983 -0.024803 0.995063
1757574255.299737215 -0.013593 0.037940 -0.135263 0.001752 -0.095168 -0.022876 0.995197
1757574255.300934792 -0.013652 0.037796 -0.134348 0.001839 -0.095172 -0.022922 0.995195
1757574255.375307322 -0.031561 0.022531 -0.079376 0.004647 -0.103099 -0.026794 0.994299
1757574255.375307322 -0.007460 0.037652 -0.131830 0.002378 -0.094299 -0.023453 0.995265
1757574255.376877069 -0.007538 0.037464 -0.130630 0.002437 -0.094466 -0.023534 0.995247
1757574255.411961794 -0.011662 0.031725 -0.104421 0.002011 -0.099600 -0.024387 0.994727
1757574255.411961794 -0.012554 0.034475 -0.130437 0.002926 -0.094185 -0.023485 0.995273
1757574255.413370371 -0.012621 0.034306 -0.129360 0.002909 -0.094391 -0.023520 0.995253
1757574255.485317707 -0.023152 0.019231 -0.078046 -0.000691 -0.104855 -0.025280 0.994166
1757574255.485317707 -0.016036 0.035354 -0.131902 0.002973 -0.094878 -0.023403 0.995209
1757574255.486390591 -0.016087 0.035226 -0.131082 0.002920 -0.095034 -0.023430 0.995194
1757574255.520621538 -0.018988 0.029618 -0.105910 0.000573 -0.098614 -0.024200 0.994831
1757574255.520621538 -0.023055 0.033716 -0.134677 0.002875 -0.096112 -0.023421 0.995091
1757574255.522549152 -0.023147 0.033483 -0.133205 0.002743 -0.096314 -0.023464 0.995071
1757574255.595979214 -0.031942 0.016941 -0.081376 -0.002434 -0.098416 -0.024211 0.994848
1757574255.595979214 -0.025162 0.034951 -0.144180 0.000686 -0.095320 -0.024264 0.995151
1757574255.597311735 -0.025224 0.034792 -0.143162 0.000592 -0.095359 -0.024277 0.995147
1757574255.633347034 -0.028888 0.028846 -0.116772 -0.000434 -0.096531 -0.023997 0.995041
1757574255.633347034 -0.024020 0.034102 -0.144459 0.000547 -0.095049 -0.025151 0.995155
1757574255.635759592 -0.024138 0.033810 -0.142618 0.000478 -0.095127 -0.025132 0.995148
1757574255.706636667 -0.037004 0.020933 -0.092160 -0.000605 -0.099152 -0.021309 0.994844
1757574255.706636667 -0.017964 0.033052 -0.142056 0.001131 -0.094800 -0.026413 0.995145
1757574255.707845211 -0.018022 0.032908 -0.141132 0.001112 -0.094868 -0.026348 0.995140
1757574255.739241123 -0.021473 0.028666 -0.117770 -0.000380 -0.097114 -0.022947 0.995009
1757574255.739241123 -0.013351 0.030368 -0.139458 0.001952 -0.093791 -0.027619 0.995207
1757574255.741342306 -0.013454 0.030118 -0.137853 0.001852 -0.093941 -0.027392 0.995199
1757574255.814149141 -0.030684 0.021587 -0.084252 -0.004982 -0.104292 -0.015982 0.994406
1757574255.814149141 -0.000070 0.029767 -0.136247 0.002899 -0.092070 -0.029173 0.995321
1757574255.816071987 -0.000167 0.029540 -0.134777 0.002718 -0.092344 -0.028872 0.995305
1757574255.852516651 -0.006087 0.024560 -0.106749 -0.002471 -0.101654 -0.021302 0.994589
1757574255.852516651 -0.002965 0.031062 -0.131032 0.004533 -0.089877 -0.031271 0.995451
1757574255.853553772 -0.003015 0.030939 -0.130238 0.004385 -0.090142 -0.031056 0.995435
1757574255.927691698 -0.019664 0.019906 -0.076725 -0.006817 -0.115192 -0.010070 0.993269
1757574255.927691698 0.009799 0.035432 -0.126816 0.004572 -0.088774 -0.034214 0.995453
1757574255.928880692 0.009742 0.035291 -0.125907 0.004392 -0.089177 -0.033878 0.995430
1757574255.961080074 0.006022 0.030705 -0.101471 0.000428 -0.101404 -0.021117 0.994621
1757574255.961080074 0.013916 0.039396 -0.126514 0.004046 -0.088477 -0.037115 0.995378
1757574255.962197542 0.013863 0.039263 -0.125660 0.003907 -0.088901 -0.036672 0.995357
1757574256.034604788 0.002162 0.025493 -0.071417 -0.000399 -0.117016 0.000799 0.993130
1757574256.034604788 0.015276 0.044732 -0.129978 0.002853 -0.088909 -0.038497 0.995291
1757574256.036091089 0.015205 0.044554 -0.128841 0.002763 -0.089487 -0.037728 0.995269
1757574256.066512346 0.012945 0.040207 -0.105579 0.004188 -0.100013 -0.020315 0.994770
1757574256.066512346 0.010759 0.047305 -0.134704 0.001001 -0.089952 -0.038858 0.995187
1757574256.067880154 0.010696 0.047142 -0.133657 0.001064 -0.090425 -0.038075 0.995175
1757574256.138856649 0.006925 0.037337 -0.078617 0.014112 -0.109911 0.003104 0.993836
1757574256.138856649 0.001969 0.055140 -0.137849 0.000136 -0.089487 -0.035056 0.995371
1757574256.139919281 0.001920 0.055015 -0.137036 0.000333 -0.089779 -0.034440 0.995366
1757574256.170431614 0.000479 0.052806 -0.113708 0.006323 -0.097848 -0.023393 0.994906
1757574256.170431614 0.001102 0.036712 -0.137000 0.001611 -0.089552 -0.027288 0.995607
1757574256.171684980 0.001045 0.036567 -0.136041 0.001859 -0.089882 -0.026835 0.995589
1757574256.244858980 0.000754 0.043742 -0.080456 0.003073 -0.109601 -0.026100 0.993628
1757574256.244858980 -0.002660 0.009281 -0.131382 0.005250 -0.089747 -0.019737 0.995755
1757574256.246154547 -0.002718 0.009133 -0.130391 0.005274 -0.090097 -0.019725 0.995724
1757574256.275722265 -0.003446 0.008801 -0.107613 -0.000880 -0.098314 -0.027803 0.994767
1757574256.275722265 -0.005045 -0.006685 -0.127991 0.008697 -0.090171 -0.014198 0.995787
1757574256.276985645 -0.005101 -0.006829 -0.127024 0.008436 -0.090523 -0.014544 0.995752
1757574256.349379063 -0.004709 0.003096 -0.071997 -0.022892 -0.109626 -0.049694 0.992466
1757574256.349379063 -0.013812 -0.021605 -0.130256 0.011223 -0.091926 -0.011551 0.995636
1757574256.350847483 -0.013877 -0.021771 -0.129132 0.010590 -0.092317 -0.012267 0.995598
1757574256.387979507 -0.015010 -0.021871 -0.101074 -0.011849 -0.099236 -0.032715 0.994455
1757574256.387979507 -0.007009 -0.022105 -0.112005 0.014556 -0.093920 -0.011951 0.995402
1757574256.389468670 -0.007076 -0.022274 -0.110866 0.013658 -0.094197 -0.012774 0.995378
1757574256.458793163 -0.010217 -0.024200 -0.063073 -0.032203 -0.100305 -0.046732 0.993337
1757574256.458793163 -0.018669 -0.003300 -0.124206 0.012855 -0.095631 -0.015942 0.995206
1757574256.460152626 -0.018731 -0.003458 -0.123168 0.011956 -0.095751 -0.016610 0.995195
1757574256.488220215 -0.020506 -0.007459 -0.103072 -0.003496 -0.095894 -0.024764 0.995077
1757574256.488220215 -0.026543 0.028858 -0.134074 0.009451 -0.096254 -0.022845 0.995050
1757574256.489515305 -0.026603 0.028704 -0.133086 0.008738 -0.096258 -0.023222 0.995047
1757574256.560560942 -0.035712 0.007005 -0.085875 -0.011181 -0.093714 -0.021097 0.995313
1757574256.560560942 -0.019741 0.070820 -0.142546 0.004277 -0.095535 -0.031509 0.994918
1757574256.561978102 -0.019807 0.070647 -0.141465 0.003881 -0.095481 -0.031467 0.994926
1757574256.588620186 -0.021967 0.065612 -0.121428 0.003817 -0.094606 -0.022007 0.995264
1757574256.588620186 -0.025010 0.078039 -0.152688 0.002413 -0.095624 -0.035478 0.994782
1757574256.590152740 -0.025083 0.077853 -0.151517 0.002409 -0.095573 -0.034934 0.994806
1757574256.665766478 -0.029755 0.052513 -0.092373 0.007624 -0.091426 0.000446 0.995783
1757574256.665766478 -0.020539 0.078152 -0.164025 -0.000119 -0.098211 -0.033264 0.994610
1757574256.666955709 -0.020594 0.078008 -0.163115 -0.000039 -0.098145 -0.032708 0.994634
1757574256.693876982 -0.020936 0.072547 -0.141945 0.003397 -0.090903 -0.023962 0.995566
1757574256.693876982 -0.029053 0.064662 -0.179910 -0.001555 -0.100616 -0.031786 0.994416
1757574256.695638180 -0.029129 0.064445 -0.178560 -0.001332 -0.100142 -0.031215 0.994483
1757574256.767521858 -0.027241 0.040817 -0.120611 0.011518 -0.069812 -0.010796 0.997435
1757574256.767521858 -0.040838 0.068089 -0.198676 -0.002519 -0.103256 -0.031886 0.994140
1757574256.768515587 -0.040882 0.067969 -0.197915 -0.002342 -0.102838 -0.031604 0.994193
1757574256.797034740 -0.041673 0.062553 -0.175780 0.002757 -0.088028 -0.022598 0.995858
1757574256.797034740 -0.043542 0.061461 -0.204370 -0.002834 -0.104363 -0.031578 0.994034
1757574256.798771381 -0.043620 0.061249 -0.203040 -0.002525 -0.103461 -0.031030 0.994146
1757574256.871461630 -0.048278 0.042703 -0.147585 0.010884 -0.061815 -0.008651 0.997991
1757574256.871461630 -0.042964 0.052344 -0.202335 -0.002794 -0.104452 -0.029681 0.994083
1757574256.872782469 -0.043024 0.052185 -0.201325 -0.002551 -0.103696 -0.029275 0.994175
1757574256.906088114 -0.046056 0.046629 -0.176037 0.003740 -0.084861 -0.021711 0.996149
1757574256.906088114 -0.037944 0.039048 -0.185399 -0.003508 -0.104697 -0.027814 0.994109
1757574256.907528877 -0.038012 0.038875 -0.184297 -0.003237 -0.103883 -0.027488 0.994204
1757574256.976155996 -0.050022 0.025952 -0.132938 0.009183 -0.068878 -0.015228 0.997467
1757574256.976155996 -0.032161 0.039950 -0.173776 -0.002495 -0.102715 -0.027642 0.994324
1757574256.977511644 -0.032226 0.039788 -0.172739 -0.002249 -0.102025 -0.027400 0.994402
1757574257.006549597 -0.036155 0.035853 -0.151035 0.002622 -0.092101 -0.021966 0.995504
1757574257.006549597 -0.033417 0.036457 -0.166154 -0.001733 -0.100205 -0.026576 0.994610
1757574257.007892609 -0.033483 0.036298 -0.165128 -0.001508 -0.099746 -0.026324 0.994663
1757574257.080110788 -0.055972 0.027261 -0.111789 0.006967 -0.090226 -0.016507 0.995760
1757574257.080110788 -0.016658 0.032444 -0.148896 -0.000074 -0.096704 -0.025612 0.994984
1757574257.082247496 -0.016771 0.032191 -0.147263 0.000177 -0.096423 -0.025322 0.995018
1757574257.111663818 -0.021565 0.028633 -0.124997 0.001461 -0.098699 -0.023462 0.994840
1757574257.111663818 -0.011907 0.032188 -0.137382 0.001159 -0.093462 -0.025159 0.995304
1757574257.112969398 -0.011972 0.032033 -0.136384 0.001216 -0.093563 -0.025077 0.995297
1757574257.191452980 -0.033778 0.018394 -0.077018 0.000649 -0.112452 -0.022479 0.993403
1757574257.191452980 0.001823 0.031675 -0.137280 0.001121 -0.090114 -0.025521 0.995604
1757574257.192851067 0.001754 0.031509 -0.136211 0.001111 -0.090451 -0.025475 0.995574
1757574257.227707148 -0.002747 0.026077 -0.109843 -0.000653 -0.102143 -0.024637 0.994464
1757574257.227707148 -0.001060 0.031912 -0.137597 0.001169 -0.089419 -0.026476 0.995641
1757574257.228736401 -0.001109 0.031789 -0.136810 0.001116 -0.089765 -0.026451 0.995611
1757574257.305034399 -0.012343 0.015441 -0.081315 -0.002942 -0.115830 -0.021075 0.993041
1757574257.305034399 -0.000837 0.032267 -0.135604 0.001899 -0.089737 -0.027741 0.995577
1757574257.306168795 -0.000891 0.032131 -0.134736 0.001838 -0.090125 -0.027662 0.995545
1757574257.342579126 -0.004009 0.026460 -0.107942 -0.001647 -0.101381 -0.022917 0.994582
1757574257.342579126 -0.004127 0.030286 -0.135488 0.002214 -0.090089 -0.028651 0.995519
1757574257.343863249 -0.004187 0.030133 -0.134507 0.002091 -0.090486 -0.028484 0.995488
1757574257.418688059 -0.014095 0.015752 -0.082583 -0.005201 -0.112038 -0.015426 0.993571
1757574257.418688059 -0.001591 0.031616 -0.136255 0.002316 -0.090861 -0.030264 0.995401
1757574257.419811726 -0.001644 0.031482 -0.135396 0.002206 -0.091185 -0.030068 0.995377
1757574257.457047224 -0.004512 0.025665 -0.108322 -0.001500 -0.099775 -0.020660 0.994794
1757574257.457047224 -0.002206 0.041170 -0.128055 0.003565 -0.090375 -0.033244 0.995346
1757574257.459051609 -0.002300 0.040929 -0.126525 0.003365 -0.090838 -0.032739 0.995322
1757574257.526720285 -0.010201 0.029108 -0.080861 -0.005519 -0.103566 -0.009476 0.994562
1757574257.526720285 0.001059 0.045186 -0.127192 0.004433 -0.090995 -0.036167 0.995185
1757574257.527756453 0.001011 0.045063 -0.126400 0.004297 -0.091190 -0.035811 0.995180
1757574257.561780453 -0.001769 0.039436 -0.101537 -0.001067 -0.096235 -0.020308 0.995151
1757574257.561780453 -0.000418 0.049074 -0.129862 0.004476 -0.091355 -0.038942 0.995047
1757574257.563401937 -0.000494 0.048879 -0.128624 0.004220 -0.091595 -0.038203 0.995054
1757574257.631241798 -0.009441 0.033680 -0.080710 -0.005220 -0.100366 0.000331 0.994937
1757574257.631241798 0.002525 0.056422 -0.131104 0.004052 -0.091593 -0.041589 0.994919
1757574257.632360697 0.002473 0.056288 -0.130249 0.003896 -0.091739 -0.040954 0.994933
1757574257.665328741 -0.000703 0.050834 -0.105588 0.000425 -0.095542 -0.018925 0.995245
1757574257.665328741 0.000140 0.055213 -0.135665 0.003253 -0.092217 -0.042884 0.994810
1757574257.666477203 0.000086 0.055076 -0.134786 0.003131 -0.092349 -0.042117 0.994831
1757574257.736397266 -0.010199 0.043035 -0.080624 -0.000345 -0.097650 0.007709 0.995191
1757574257.736397266 -0.005507 0.066473 -0.144775 0.004008 -0.093755 -0.043227 0.994648
1757574257.737608671 -0.005565 0.066329 -0.143848 0.003947 -0.093850 -0.042365 0.994677
1757574257.761868954 -0.007912 0.063288 -0.124748 0.003430 -0.095429 -0.025221 0.995111
1757574257.761868954 -0.011097 0.065263 -0.148608 0.002480 -0.093900 -0.042734 0.994661
1757574257.762911320 -0.011146 0.065139 -0.147809 0.002458 -0.093967 -0.041997 0.994686
1757574257.835114956 -0.021999 0.056676 -0.085318 0.007425 -0.098672 0.007352 0.995065
1757574257.835114956 -0.004559 0.058607 -0.148632 0.001087 -0.093254 -0.039821 0.994845
1757574257.836596727 -0.004629 0.058432 -0.147495 0.001190 -0.093352 -0.038809 0.994876
1757574257.864678860 -0.006762 0.055509 -0.124812 0.005684 -0.096109 -0.023801 0.995070
1757574257.864678860 -0.000124 0.046674 -0.139363 0.001890 -0.092295 -0.031452 0.995233
1757574257.866125107 -0.000192 0.046504 -0.138253 0.002123 -0.092436 -0.030679 0.995244
1757574257.937938452 -0.006930 0.050937 -0.080166 0.006195 -0.104075 -0.020166 0.994346
1757574257.937938452 0.004632 0.018587 -0.130306 0.005042 -0.091686 -0.022484 0.995521
1757574257.940126896 0.004530 0.018340 -0.128629 0.005170 -0.092041 -0.022165 0.995495
1757574257.975275517 0.003261 0.018092 -0.100883 -0.000522 -0.099284 -0.029554 0.994620
1757574257.975275517 0.014128 0.004936 -0.133481 0.007887 -0.091227 -0.015007 0.995686
1757574257.976685524 0.014065 0.004775 -0.132401 0.007661 -0.091519 -0.015304 0.995656
1757574258.049637318 0.010782 0.010686 -0.073680 -0.018378 -0.109338 -0.047224 0.992712
1757574258.049637318 0.014323 -0.018189 -0.128293 0.011348 -0.090982 -0.007404 0.995760
1757574258.050693035 0.014275 -0.018311 -0.127485 0.010973 -0.091243 -0.007867 0.995737
1757574258.078369379 0.013301 -0.019595 -0.106287 -0.003331 -0.098961 -0.027013 0.994719
1757574258.078369379 0.011636 -0.022053 -0.129365 0.012190 -0.092115 -0.003312 0.995668
1757574258.079407215 0.011589 -0.022173 -0.128571 0.011655 -0.092408 -0.004031 0.995645
1757574258.144797564 0.011974 -0.022558 -0.082259 -0.025756 -0.105330 -0.058029 0.992409
1757574258.144797564 -0.006891 -0.021559 -0.140072 0.010968 -0.094919 -0.003059 0.995420
1757574258.146036625 -0.006946 -0.021703 -0.139125 0.010262 -0.095169 -0.004085 0.995400
1757574258.179641962 -0.007712 -0.024417 -0.115518 -0.007650 -0.096795 -0.030532 0.994806
1757574258.179641962 -0.021056 -0.006231 -0.151887 0.007811 -0.097357 -0.008629 0.995181
1757574258.181089401 -0.021121 -0.006400 -0.150783 0.007042 -0.097428 -0.009769 0.995170
1757574258.244660616 -0.025119 -0.018353 -0.108558 -0.016700 -0.091424 -0.042730 0.994755
1757574258.244660616 -0.035411 0.017054 -0.143515 0.003926 -0.100775 -0.019481 0.994711
1757574258.245773792 -0.035462 0.016921 -0.142665 0.003513 -0.100668 -0.020060 0.994712
1757574258.276285887 -0.037865 0.010788 -0.120149 -0.000274 -0.096399 -0.022988 0.995077
1757574258.276285887 -0.045418 0.051146 -0.154343 -0.001010 -0.100256 -0.027058 0.994593
1757574258.277613401 -0.045480 0.050985 -0.153329 -0.001173 -0.100070 -0.027186 0.994608
1757574258.348818302 -0.052383 0.028062 -0.098136 0.009305 -0.092422 -0.012925 0.995593
1757574258.348818302 -0.034939 0.054734 -0.159325 -0.003479 -0.100843 -0.026924 0.994532
1757574258.350073814 -0.034997 0.054581 -0.158364 -0.003295 -0.100708 -0.026672 0.994553
1757574258.378399372 -0.036410 0.049167 -0.136529 0.002786 -0.096530 -0.023903 0.995039
1757574258.378399372 -0.040289 0.051737 -0.167681 -0.004325 -0.101621 -0.026785 0.994453
1757574258.379682779 -0.040347 0.051582 -0.166699 -0.004050 -0.101432 -0.026660 0.994477
1757574258.449689150 -0.042422 0.031159 -0.111221 0.013762 -0.085053 -0.019404 0.996092
1757574258.449689150 -0.051344 0.059605 -0.182807 -0.004697 -0.104276 -0.027904 0.994146
1757574258.451072216 -0.051407 0.059437 -0.181748 -0.004345 -0.103953 -0.027760 0.994185
1757574258.482839584 -0.052017 0.053742 -0.157458 0.003715 -0.092075 -0.022664 0.995487
1757574258.482839584 -0.057690 0.054630 -0.172449 -0.003377 -0.106273 -0.028590 0.993920
1757574258.484369040 -0.057758 0.054446 -0.171279 -0.002989 -0.105702 -0.028344 0.993989
1757574258.556904793 -0.060060 0.039491 -0.117213 0.010699 -0.075450 -0.012827 0.997010
1757574258.556904793 -0.063303 0.052618 -0.174493 -0.002122 -0.107688 -0.028918 0.993762
1757574258.558154106 -0.063360 0.052468 -0.173538 -0.001886 -0.107168 -0.028650 0.993826
1757574258.589690685 -0.064861 0.047680 -0.149471 0.001595 -0.092756 -0.021338 0.995459
1757574258.589690685 -0.066381 0.048499 -0.177370 -0.001149 -0.108383 -0.028888 0.993689
1757574258.591623545 -0.066469 0.048267 -0.175891 -0.000936 -0.107501 -0.028439 0.993798
1757574258.664152384 -0.073502 0.034685 -0.120554 0.002326 -0.072364 -0.011476 0.997310
1757574258.664152384 -0.060520 0.045486 -0.174205 -0.000606 -0.107940 -0.028318 0.993754
1757574258.665334940 -0.060574 0.045345 -0.173301 -0.000553 -0.107368 -0.028042 0.993824
1757574258.692318916 -0.062844 0.041394 -0.152644 -0.000087 -0.094930 -0.022391 0.995232
1757574258.692318916 -0.057148 0.041010 -0.169378 -0.000372 -0.106508 -0.026905 0.993948
1757574258.693349361 -0.057196 0.040887 -0.168589 -0.000354 -0.106033 -0.026689 0.994004
1757574258.764180422 -0.072424 0.027907 -0.114256 -0.000114 -0.079118 -0.016663 0.996726
1757574258.764180422 -0.049528 0.037266 -0.156109 -0.000324 -0.104581 -0.024895 0.994205
1757574258.765737534 -0.049605 0.037080 -0.154918 -0.000320 -0.103990 -0.024674 0.994272
1757574258.801406145 -0.054680 0.031556 -0.127627 -0.000176 -0.094422 -0.021500 0.995300
1757574258.801406145 -0.043571 0.036402 -0.151471 -0.000168 -0.102038 -0.023738 0.994497
1757574258.803308487 -0.043666 0.036174 -0.150015 -0.000161 -0.101528 -0.023568 0.994553
1757574258.882761955 -0.063339 0.019951 -0.089381 0.000438 -0.089231 -0.020943 0.995791
1757574258.882761955 -0.030830 0.036690 -0.145526 -0.000162 -0.099907 -0.022780 0.994736
1757574258.883971930 -0.030889 0.036545 -0.144600 -0.000153 -0.099720 -0.022740 0.994756
1757574258.916035652 -0.034672 0.031475 -0.120285 0.000569 -0.097433 -0.023485 0.994965
1757574258.916035652 -0.028354 0.034658 -0.141176 0.000235 -0.098188 -0.022426 0.994915
1757574258.917212963 -0.028410 0.034517 -0.140276 0.000262 -0.098104 -0.022453 0.994923
1757574258.996240854 -0.044939 0.018852 -0.081226 0.001516 -0.098250 -0.025616 0.994831
1757574258.996240854 -0.015751 0.036739 -0.134933 0.000511 -0.096499 -0.022414 0.995081
1757574258.998126507 -0.015844 0.036513 -0.133491 0.000541 -0.096502 -0.022490 0.995079
1757574259.033032894 -0.020033 0.030978 -0.107318 0.001488 -0.099176 -0.024317 0.994772
1757574259.033032894 -0.019349 0.030806 -0.144327 -0.000138 -0.092989 -0.023074 0.995400
1757574259.035130501 -0.019452 0.030554 -0.142724 -0.000082 -0.093149 -0.023184 0.995382
1757574259.105876923 -0.030226 0.017404 -0.090764 0.000515 -0.100623 -0.026201 0.994579
1757574259.105876923 -0.017118 0.029492 -0.142533 0.000485 -0.092763 -0.022810 0.995427
1757574259.106984615 -0.017170 0.029360 -0.141686 0.000495 -0.092880 -0.022857 0.995415
1757574259.141970634 -0.020321 0.024170 -0.115534 -0.000417 -0.096487 -0.025029 0.995019
1757574259.141970634 -0.016427 0.028375 -0.141707 0.000751 -0.092679 -0.023213 0.995425
1757574259.143507004 -0.016499 0.028192 -0.140533 0.000711 -0.092838 -0.023308 0.995408
1757574259.215371370 -0.025737 0.015392 -0.088696 -0.001670 -0.100835 -0.026235 0.994556
1757574259.215371370 -0.013863 0.028404 -0.139831 0.001218 -0.092535 -0.023507 0.995431
1757574259.217696190 -0.013975 0.028125 -0.138056 0.001141 -0.092794 -0.023602 0.995405
1757574259.251966953 -0.017040 0.023246 -0.112671 -0.000926 -0.096980 -0.024617 0.994981
1757574259.251966953 -0.015670 0.026534 -0.140992 0.001567 -0.092667 -0.023411 0.995421
1757574259.253703356 -0.015752 0.026327 -0.139665 0.001462 -0.092880 -0.023463 0.995400
1757574259.327533007 -0.026008 0.013938 -0.086044 -0.004309 -0.101180 -0.026016 0.994519
1757574259.327533007 -0.020848 0.031547 -0.140081 0.003266 -0.092663 -0.023047 0.995425
1757574259.328653574 -0.020901 0.031414 -0.139224 0.003178 -0.092789 -0.023086 0.995413
1757574259.364271641 -0.024274 0.026071 -0.112548 -0.000235 -0.096297 -0.024486 0.995051
1757574259.364271641 -0.020242 0.031425 -0.141299 0.003213 -0.092515 -0.022944 0.995442
1757574259.365418434 -0.020296 0.031289 -0.140422 0.003103 -0.092628 -0.022989 0.995431
1757574259.431073427 -0.030030 0.019702 -0.091518 -0.002408 -0.099906 -0.025846 0.994658
1757574259.431073427 -0.019326 0.031554 -0.141421 0.003478 -0.092657 -0.022786 0.995431
1757574259.433076382 -0.019423 0.031314 -0.139889 0.003310 -0.092880 -0.022873 0.995409
1757574259.460289717 -0.021828 0.027464 -0.119330 0.000370 -0.095743 -0.024240 0.995111
1757574259.460289717 -0.021748 0.030780 -0.142478 0.003490 -0.092469 -0.022675 0.995451
1757574259.461451292 -0.021803 0.030642 -0.141590 0.003364 -0.092591 -0.022734 0.995439
1757574259.530283689 -0.031192 0.017869 -0.090997 -0.003683 -0.100640 -0.026376 0.994566
1757574259.530283689 -0.018631 0.034405 -0.142804 0.003212 -0.092541 -0.023034 0.995437
1757574259.531810284 -0.018703 0.034222 -0.141637 0.003056 -0.092719 -0.023115 0.995419
1757574259.567004681 -0.021774 0.028529 -0.115373 0.000321 -0.096370 -0.024476 0.995045
1757574259.567004681 -0.020312 0.033513 -0.141069 0.004378 -0.093054 -0.024256 0.995356
1757574259.568864346 -0.020400 0.033290 -0.139648 0.004234 -0.093247 -0.024328 0.995337
1757574259.640609026 -0.030301 0.019319 -0.088260 -0.001185 -0.101561 -0.022331 0.994578
1757574259.640609026 -0.015570 0.038882 -0.140630 0.004433 -0.092979 -0.026366 0.995309
1757574259.641639709 -0.015619 0.038759 -0.139842 0.004355 -0.093099 -0.026337 0.995299
1757574259.670959711 -0.018027 0.034369 -0.117795 0.002469 -0.096445 -0.023374 0.995061
1757574259.670959711 -0.014992 0.039176 -0.141537 0.004756 -0.093172 -0.029116 0.995213
1757574259.672005415 -0.015040 0.039052 -0.140737 0.004689 -0.093291 -0.029010 0.995205
1757574259.740358591 -0.023571 0.026919 -0.089574 -0.001262 -0.100075 -0.013940 0.994881
1757574259.740358591 -0.008493 0.042781 -0.142027 0.004810 -0.093395 -0.032866 0.995075
1757574259.742156744 -0.008579 0.042566 -0.140651 0.004653 -0.093573 -0.032470 0.995072
1757574259.778153419 -0.011628 0.036823 -0.113584 0.001549 -0.096594 -0.018785 0.995145
1757574259.778153419 -0.006643 0.045941 -0.142723 0.004857 -0.093744 -0.037554 0.994876
1757574259.779610634 -0.006712 0.045766 -0.141609 0.004731 -0.093867 -0.037000 0.994886
1757574259.855361462 -0.015748 0.030738 -0.086440 -0.002197 -0.099181 0.006460 0.995046
1757574259.855361462 -0.012980 0.062162 -0.150903 0.005628 -0.093647 -0.041801 0.994712
1757574259.857006550 -0.013057 0.061965 -0.149646 0.005478 -0.093765 -0.040858 0.994741
1757574259.889193773 -0.015868 0.057174 -0.125491 0.003083 -0.095311 -0.017931 0.995281
1757574259.889193773 -0.014420 0.063288 -0.154501 0.005644 -0.094132 -0.044738 0.994538
1757574259.891315222 -0.014521 0.063034 -0.152880 0.005485 -0.094236 -0.043228 0.994596
1757574259.959656000 -0.025294 0.051713 -0.101590 -0.000031 -0.096135 0.013519 0.995277
1757574259.959656000 -0.005320 0.067826 -0.152779 0.005766 -0.093839 -0.047597 0.994432
1757574259.960666180 -0.005368 0.067706 -0.152006 0.005685 -0.093869 -0.046758 0.994470
1757574259.993378401 -0.009028 0.063203 -0.127279 0.002854 -0.095489 -0.016355 0.995292
1757574259.993378401 0.001121 0.072454 -0.147779 0.006640 -0.092676 -0.052771 0.994275
1757574259.995229483 0.001031 0.072234 -0.146364 0.006482 -0.092772 -0.051052 0.994357
1757574260.069031239 -0.016162 0.063716 -0.091022 -0.003384 -0.101726 0.034398 0.994212
1757574260.069031239 0.010890 0.073509 -0.144932 0.007496 -0.092218 -0.056418 0.994111
1757574260.070371151 0.010825 0.073351 -0.143907 0.007317 -0.092389 -0.054868 0.994183
1757574260.106636047 0.006356 0.069302 -0.116295 0.001166 -0.097499 -0.008660 0.995197
1757574260.106636047 0.000970 0.068163 -0.142447 0.005610 -0.092981 -0.056605 0.994042
1757574260.108290434 0.000889 0.067968 -0.141181 0.005328 -0.093215 -0.054499 0.994139
1757574260.174294949 -0.011041 0.061461 -0.088863 -0.007230 -0.100474 0.026848 0.994551
1757574260.174294949 -0.002165 0.065643 -0.146823 0.004479 -0.094111 -0.055457 0.994006
1757574260.175304890 -0.002213 0.065524 -0.146050 0.004286 -0.094226 -0.054214 0.994064
1757574260.204038143 -0.004738 0.062275 -0.123265 0.000500 -0.095777 -0.020146 0.995199
1757574260.204038143 -0.006424 0.068760 -0.150740 0.001816 -0.094233 -0.051833 0.994198
1757574260.205665827 -0.006501 0.068568 -0.149492 0.001602 -0.094319 -0.049904 0.994289
1757574260.279468775 -0.015294 0.060480 -0.087898 0.003902 -0.097879 0.024987 0.994877
1757574260.279468775 -0.001342 0.059441 -0.146117 0.001494 -0.092330 -0.043876 0.994760
1757574260.280863285 -0.001407 0.059276 -0.145049 0.001541 -0.092401 -0.042462 0.994815
1757574260.314318657 -0.004283 0.057612 -0.119485 0.003245 -0.097667 -0.021740 0.994976
1757574260.314318657 0.004318 0.041122 -0.134465 0.003023 -0.090158 -0.033600 0.995356
1757574260.316789627 0.004199 0.040843 -0.132575 0.003155 -0.090548 -0.032070 0.995371
1757574260.391570807 -0.000760 0.045706 -0.076849 -0.001550 -0.110413 -0.019172 0.993700
1757574260.391570807 0.018236 0.018368 -0.130264 0.004423 -0.089273 -0.024562 0.995694
1757574260.393072844 0.018167 0.018196 -0.129115 0.004332 -0.089673 -0.024304 0.995665
1757574260.425025940 0.015932 0.018434 -0.105320 -0.003399 -0.098957 -0.029200 0.994657
1757574260.425025940 0.029667 0.006131 -0.123693 0.007179 -0.088008 -0.016862 0.995951
1757574260.426887035 0.029579 0.005924 -0.122271 0.006732 -0.088552 -0.017148 0.995901
1757574260.502852678 0.025947 0.014536 -0.065767 -0.023739 -0.115177 -0.050555 0.991774
1757574260.502852678 0.025666 -0.006275 -0.122376 0.009317 -0.088461 -0.011670 0.995968
1757574260.504072905 0.025611 -0.006415 -0.121443 0.008830 -0.088892 -0.012208 0.995927
1757574260.539916754 0.024309 -0.007401 -0.095223 -0.009639 -0.099790 -0.033930 0.994383
1757574260.539916754 0.018109 -0.003490 -0.124949 0.009990 -0.090118 -0.011267 0.995817
1757574260.541552067 0.018035 -0.003677 -0.123701 0.009149 -0.090617 -0.012260 0.995768
1757574260.615995646 0.015485 -0.003430 -0.077405 -0.032529 -0.105373 -0.055735 0.992337
1757574260.615995646 0.000965 0.005508 -0.132300 0.007322 -0.091971 -0.015683 0.995611
1757574260.617180109 0.000911 0.005370 -0.131396 0.006659 -0.092207 -0.016376 0.995583
1757574260.647921085 -0.001025 0.000699 -0.109342 -0.005757 -0.094910 -0.026462 0.995117
1757574260.647921085 -0.016613 0.028009 -0.128714 0.004790 -0.095304 -0.023016 0.995171
1757574260.649657726 -0.016694 0.027800 -0.127390 0.004089 -0.095453 -0.023588 0.995146
1757574260.715016842 -0.025028 0.008328 -0.079783 -0.003686 -0.097267 -0.023307 0.994979
1757574260.715016842 -0.019514 0.049434 -0.133789 0.000672 -0.095413 -0.026761 0.995078
1757574260.716775179 -0.019598 0.049219 -0.132445 0.000463 -0.095461 -0.026753 0.995073
1757574260.752075434 -0.022435 0.041827 -0.105605 0.002820 -0.097026 -0.022803 0.995017
1757574260.752075434 -0.022086 0.034567 -0.149417 -0.002617 -0.097215 -0.023974 0.994971
1757574260.754429579 -0.022198 0.034276 -0.147616 -0.002460 -0.097318 -0.023710 0.994968
1757574260.828137875 -0.023151 0.010092 -0.087264 0.011593 -0.092923 -0.027247 0.995233
1757574260.828137875 -0.040573 0.055428 -0.167914 -0.003958 -0.099747 -0.027044 0.994637
1757574260.830021858 -0.040657 0.055196 -0.166470 -0.003598 -0.099636 -0.027134 0.994647
1757574260.859575987 -0.041245 0.049571 -0.143327 0.003121 -0.093925 -0.023595 0.995295
1757574260.859575987 -0.048718 0.049703 -0.189789 -0.004981 -0.103495 -0.027981 0.994224
1757574260.860613823 -0.048764 0.049578 -0.188994 -0.004745 -0.103295 -0.027856 0.994249
1757574260.936064720 -0.046740 0.030650 -0.131216 0.011187 -0.073333 -0.016631 0.997106
1757574260.936064720 -0.057484 0.052345 -0.180214 -0.002689 -0.104985 -0.027525 0.994089
1757574260.937468529 -0.057546 0.052176 -0.179140 -0.002393 -0.104429 -0.027315 0.994154
1757574260.967406750 -0.058633 0.047258 -0.156589 0.002327 -0.089727 -0.022776 0.995703
1757574260.967406750 -0.055481 0.045678 -0.178681 -0.001297 -0.105515 -0.027280 0.994043
1757574260.968922377 -0.055550 0.045496 -0.177522 -0.001059 -0.104771 -0.027049 0.994128
1757574261.045464277 -0.062512 0.029835 -0.120844 0.005550 -0.066955 -0.015684 0.997617
1757574261.045464277 -0.049685 0.043268 -0.175644 -0.000310 -0.105481 -0.026913 0.994057
1757574261.046646357 -0.049739 0.043127 -0.174740 -0.000208 -0.104898 -0.026738 0.994123
1757574261.078267097 -0.052353 0.038374 -0.150787 0.001000 -0.090024 -0.022591 0.995683
1757574261.078267097 -0.048462 0.037243 -0.169496 0.000703 -0.104534 -0.025873 0.994184
1757574261.080362797 -0.048562 0.036991 -0.167894 0.000782 -0.103549 -0.025597 0.994295
1757574261.149150848 -0.060809 0.024217 -0.116232 0.000685 -0.075693 -0.019426 0.996942
1757574261.149150848 -0.041508 0.037277 -0.163245 0.001032 -0.103564 -0.025085 0.994306
1757574261.150432110 -0.041569 0.037125 -0.162265 0.001030 -0.103046 -0.024970 0.994363
1757574261.184658766 -0.045708 0.031542 -0.136168 0.000493 -0.091695 -0.022707 0.995528
1757574261.184658766 -0.043538 0.032374 -0.157680 -0.000495 -0.103178 -0.023354 0.994389
1757574261.186396599 -0.043623 0.032166 -0.156351 -0.000523 -0.102602 -0.023240 0.994451
1757574261.256953955 -0.059132 0.016548 -0.102605 0.000676 -0.085382 -0.023611 0.996068
1757574261.256953955 -0.034441 0.035265 -0.152976 -0.000608 -0.101264 -0.022731 0.994600
1757574261.258355141 -0.034509 0.035097 -0.151904 -0.000585 -0.100922 -0.022739 0.994634
1757574261.293581247 -0.039231 0.029374 -0.125052 0.000290 -0.096053 -0.023464 0.995100
1757574261.293581247 -0.028780 0.033981 -0.146921 -0.000254 -0.098834 -0.022524 0.994849
1757574261.294645548 -0.028831 0.033854 -0.146106 -0.000228 -0.098686 -0.022546 0.994863
1757574261.365505219 -0.044489 0.020687 -0.092181 0.001606 -0.097331 -0.024830 0.994941
1757574261.365505219 -0.018293 0.034185 -0.138973 0.000616 -0.096824 -0.022703 0.995042
1757574261.366858244 -0.018359 0.034023 -0.137938 0.000650 -0.096798 -0.022747 0.995044
1757574261.396435738 -0.021666 0.029836 -0.115423 0.000417 -0.098650 -0.023678 0.994840
1757574261.396435738 -0.018940 0.031972 -0.136925 0.000908 -0.095973 -0.022669 0.995125
1757574261.397700071 -0.019001 0.031822 -0.135958 0.000898 -0.096052 -0.022709 0.995117
1757574261.472498417 -0.031554 0.017512 -0.081094 0.000259 -0.102894 -0.025637 0.994362
1757574261.472498417 -0.021281 0.035037 -0.130938 0.002163 -0.095715 -0.022953 0.995142
1757574261.474425316 -0.021374 0.034806 -0.129466 0.002147 -0.095891 -0.023028 0.995123
1757574261.509472132 -0.024418 0.029542 -0.103268 0.001202 -0.098487 -0.024023 0.994848
1757574261.509472132 -0.026243 0.032465 -0.130880 0.002649 -0.096043 -0.022834 0.995112
1757574261.510468960 -0.026289 0.032347 -0.130117 0.002622 -0.096117 -0.022863 0.995104
1757574261.583403826 -0.035429 0.018991 -0.078107 -0.001041 -0.100346 -0.025269 0.994631
1757574261.583403826 -0.024558 0.035369 -0.129866 0.003103 -0.096142 -0.023849 0.995077
1757574261.584926844 -0.024630 0.035188 -0.128702 0.003026 -0.096230 -0.023899 0.995068
1757574261.616914034 -0.027250 0.030402 -0.105000 0.000811 -0.098050 -0.023464 0.994904
1757574261.616914034 -0.026955 0.036149 -0.131623 0.003505 -0.096644 -0.025207 0.994994
1757574261.618381023 -0.027024 0.035974 -0.130502 0.003403 -0.096727 -0.025187 0.994986
1757574261.685722828 -0.034697 0.023987 -0.081510 -0.002754 -0.099156 -0.019984 0.994867
1757574261.685722828 -0.024560 0.038810 -0.131788 0.003704 -0.096982 -0.026939 0.994915
1757574261.686776400 -0.024609 0.038685 -0.130982 0.003608 -0.097020 -0.026857 0.994913
1757574261.720406055 -0.027507 0.033737 -0.105528 0.000852 -0.097918 -0.021973 0.994952
1757574261.720406055 -0.028519 0.035019 -0.135070 0.002083 -0.096027 -0.028130 0.994979
1757574261.721710205 -0.028580 0.034863 -0.134073 0.001977 -0.096061 -0.027941 0.994981
1757574261.786730528 -0.038244 0.025724 -0.083309 -0.005943 -0.099003 -0.016812 0.994927
1757574261.786730528 -0.021746 0.037978 -0.135419 0.002354 -0.095854 -0.029876 0.994944
1757574261.787866116 -0.021799 0.037843 -0.134549 0.002216 -0.095905 -0.029681 0.994945
1757574261.815601110 -0.024378 0.034068 -0.113167 -0.001272 -0.097360 -0.023107 0.994980
1757574261.815601110 -0.021799 0.041578 -0.134893 0.002523 -0.095770 -0.032590 0.994867
1757574261.816957951 -0.021864 0.041417 -0.133854 0.002352 -0.095841 -0.032269 0.994871
1757574261.885432482 -0.032615 0.029211 -0.081316 -0.005881 -0.100478 -0.007867 0.994891
1757574261.885432482 -0.014455 0.048455 -0.134300 0.002435 -0.095661 -0.035808 0.994767
1757574261.886563778 -0.014508 0.048321 -0.133434 0.002299 -0.095738 -0.035405 0.994774
1757574261.919905901 -0.017864 0.043460 -0.107967 -0.001002 -0.098343 -0.019431 0.994962
1757574261.919905901 -0.014175 0.052183 -0.133509 0.002630 -0.095582 -0.039486 0.994635
1757574261.921072245 -0.014230 0.052044 -0.132616 0.002514 -0.095674 -0.038927 0.994648
1757574261.994996548 -0.026522 0.040060 -0.076718 -0.004415 -0.102515 0.007792 0.994691
1757574261.994996548 -0.008347 0.058449 -0.139934 0.001639 -0.094011 -0.043333 0.994626
1757574261.996121883 -0.008400 0.058316 -0.139073 0.001534 -0.094116 -0.042622 0.994647
1757574262.029210567 -0.011570 0.053788 -0.114149 -0.001950 -0.097329 -0.017587 0.995095
1757574262.029210567 -0.010878 0.060063 -0.140102 0.001854 -0.094518 -0.044876 0.994509
1757574262.030493975 -0.010938 0.059911 -0.139121 0.001718 -0.094644 -0.043906 0.994541
1757574262.103371859 -0.021330 0.049056 -0.085773 -0.006149 -0.099678 0.015362 0.994882
1757574262.103371859 -0.011901 0.060388 -0.142493 0.001905 -0.095528 -0.045524 0.994383
1757574262.104321718 -0.011945 0.060275 -0.141767 0.001802 -0.095596 -0.044752 0.994412
1757574262.134157896 -0.014762 0.056655 -0.119441 -0.001515 -0.096450 -0.019836 0.995139
1757574262.134157896 -0.013270 0.062236 -0.144470 0.002031 -0.095764 -0.046779 0.994302
1757574262.135873318 -0.013352 0.062033 -0.143159 0.001840 -0.095815 -0.045347 0.994364
1757574262.205467463 -0.025096 0.053270 -0.091009 -0.005698 -0.097429 0.017032 0.995080
1757574262.205467463 -0.008535 0.060553 -0.143274 0.001924 -0.094949 -0.045501 0.994440
1757574262.206656218 -0.008591 0.060412 -0.142365 0.001796 -0.094980 -0.044437 0.994485
1757574262.243150711 -0.013199 0.056035 -0.114694 -0.001077 -0.097516 -0.014996 0.995120
1757574262.243150711 0.000254 0.051552 -0.141364 -0.000187 -0.094792 -0.041512 0.994631
1757574262.244502544 0.000189 0.051392 -0.140330 -0.000293 -0.094885 -0.040422 0.994667
1757574262.320006371 -0.016547 0.042579 -0.080484 -0.002242 -0.102586 0.006020 0.994703
1757574262.320006371 0.002206 0.048421 -0.143982 -0.001905 -0.094084 -0.037684 0.994849
1757574262.321585655 0.002128 0.048234 -0.142773 -0.001945 -0.094245 -0.036713 0.994870
1757574262.354914665 -0.001498 0.044244 -0.116805 0.000659 -0.098720 -0.021238 0.994888
1757574262.354914665 0.000481 0.046456 -0.142528 -0.003122 -0.092389 -0.033752 0.995146
1757574262.357287169 0.000364 0.046176 -0.140710 -0.002934 -0.092707 -0.032651 0.995154
1757574262.430535078 -0.011667 0.041702 -0.084338 0.008869 -0.109258 -0.010950 0.993914
1757574262.430535078 0.007095 0.032813 -0.135539 -0.002527 -0.090169 -0.027958 0.995531
1757574262.431885958 0.007031 0.032654 -0.134505 -0.002307 -0.090474 -0.027559 0.995515
1757574262.468451738 0.004303 0.031800 -0.107431 0.001551 -0.102526 -0.025687 0.994397
1757574262.468451738 0.008065 0.017597 -0.128378 0.000233 -0.088247 -0.020968 0.995878
1757574262.469777822 0.008003 0.017445 -0.127365 0.000376 -0.088684 -0.020902 0.995840
1757574262.541899681 0.002157 0.027623 -0.076578 -0.005560 -0.119333 -0.038659 0.992086
1757574262.541899681 0.018739 -0.006418 -0.124427 0.004153 -0.086533 -0.014720 0.996132
1757574262.543584108 0.018661 -0.006607 -0.123140 0.004018 -0.087250 -0.015137 0.996063
1757574262.579632521 0.016695 -0.005028 -0.097163 -0.009057 -0.104412 -0.031559 0.993992
1757574262.579632521 0.012274 -0.009911 -0.119387 0.009049 -0.086861 -0.011281 0.996115
1757574262.581437349 0.012191 -0.010110 -0.118010 0.008398 -0.087721 -0.012108 0.996036
1757574262.656583786 0.008641 0.000502 -0.066945 -0.035431 -0.121436 -0.054492 0.990469
1757574262.656583786 0.002531 -0.014686 -0.120171 0.011460 -0.088379 -0.010961 0.995961
1757574262.658603907 0.002440 -0.014911 -0.118630 0.010283 -0.089290 -0.012106 0.995879
1757574262.693411112 0.000604 -0.016685 -0.093520 -0.013395 -0.101800 -0.030746 0.994239
1757574262.693411112 -0.005546 0.000293 -0.124996 0.010129 -0.090096 -0.014689 0.995773
1757574262.694510937 -0.005596 0.000165 -0.124155 0.009380 -0.090491 -0.015279 0.995736
1757574262.768093109 -0.013733 -0.012802 -0.073515 -0.031710 -0.110546 -0.040654 0.992533
1757574262.768093109 -0.002256 0.022780 -0.131466 0.005881 -0.090128 -0.019934 0.995713
1757574262.769500732 -0.002321 0.022612 -0.130391 0.005093 -0.090512 -0.020419 0.995673
1757574262.794991016 -0.004457 0.018067 -0.111474 -0.003028 -0.097807 -0.024155 0.994908
1757574262.794991016 -0.005570 0.023540 -0.126883 0.004386 -0.089597 -0.021795 0.995730
1757574262.796063185 -0.005620 0.023411 -0.126063 0.004044 -0.089904 -0.021951 0.995700
1757574262.864090443 -0.009928 0.001783 -0.074006 -0.001734 -0.108591 -0.027346 0.993709
1757574262.864090443 -0.012024 0.024789 -0.146786 -0.000017 -0.093244 -0.019919 0.995444
1757574262.865404844 -0.012084 0.024629 -0.145780 -0.000127 -0.093606 -0.020022 0.995408
1757574262.895950317 -0.011927 0.018332 -0.121614 0.002978 -0.094104 -0.025969 0.995219
1757574262.895950317 -0.026482 0.029008 -0.165568 -0.002600 -0.096856 -0.022004 0.995052
1757574262.897726536 -0.026558 0.028790 -0.164206 -0.002418 -0.096886 -0.022349 0.995042
1757574262.967833757 -0.023900 0.011404 -0.107787 0.010016 -0.084292 -0.027479 0.996012
1757574262.967833757 -0.046997 0.045517 -0.180468 -0.002105 -0.099335 -0.026649 0.994695
1757574262.969393492 -0.047065 0.045328 -0.179274 -0.001827 -0.099057 -0.026763 0.994720
1757574262.998308659 -0.048019 0.040910 -0.156995 0.002062 -0.091707 -0.023414 0.995509
1757574262.998308659 -0.053159 0.044777 -0.184279 -0.000619 -0.102344 -0.027882 0.994358
1757574262.999590397 -0.053216 0.044624 -0.183298 -0.000447 -0.102019 -0.027733 0.994396
1757574263.071574688 -0.054992 0.030143 -0.129887 0.005736 -0.073894 -0.016975 0.997105
1757574263.071574688 -0.053113 0.050119 -0.158661 0.000281 -0.105220 -0.028301 0.994046
1757574263.072789431 -0.053168 0.049974 -0.157732 0.000385 -0.104746 -0.028119 0.994101
1757574263.107279062 -0.055151 0.044519 -0.131930 0.001939 -0.089664 -0.022331 0.995720
1757574263.107279062 -0.052176 0.049732 -0.159351 0.000919 -0.105351 -0.028376 0.994030
1757574263.109102011 -0.052260 0.049513 -0.157958 0.001001 -0.104555 -0.028069 0.994122
1757574263.181039095 -0.061831 0.035122 -0.105600 0.002846 -0.074334 -0.015388 0.997111
1757574263.181039095 -0.036582 0.042780 -0.150653 0.001424 -0.103696 -0.026258 0.994261
1757574263.182235479 -0.036638 0.042637 -0.149739 0.001454 -0.103194 -0.026047 0.994319
1757574263.216947794 -0.041090 0.037627 -0.123602 0.001933 -0.091997 -0.022919 0.995494
1757574263.216947794 -0.032732 0.034203 -0.145456 0.001988 -0.102149 -0.023788 0.994483
1757574263.218912363 -0.032830 0.033968 -0.143954 0.002014 -0.101516 -0.023611 0.994552
1757574263.295258045 -0.051516 0.020665 -0.085385 0.001897 -0.085147 -0.023293 0.996094
1757574263.295258045 -0.016888 0.029730 -0.137286 0.002302 -0.099706 -0.021631 0.994779
1757574263.296548843 -0.016950 0.029577 -0.136299 0.002300 -0.099430 -0.021626 0.994807
1757574263.333550453 -0.022319 0.023984 -0.107857 0.002037 -0.095831 -0.024105 0.995104
1757574263.333550453 -0.026633 0.025300 -0.146549 0.000134 -0.098842 -0.021464 0.994872
1757574263.334857464 -0.026697 0.025145 -0.145549 0.000125 -0.098715 -0.021552 0.994882
1757574263.405611515 -0.036541 0.012213 -0.090246 -0.001140 -0.093818 -0.026977 0.995223
1757574263.405611515 -0.026931 0.032963 -0.144876 0.000163 -0.097861 -0.023588 0.994921
1757574263.406753540 -0.026985 0.032827 -0.144002 0.000143 -0.097782 -0.023676 0.994926
1757574263.438431740 -0.029817 0.028003 -0.119786 -0.000442 -0.097157 -0.023302 0.994996
1757574263.438431740 -0.031638 0.030579 -0.148673 -0.000689 -0.098686 -0.023151 0.994849
1757574263.440317631 -0.031729 0.030352 -0.147230 -0.000724 -0.098649 -0.023128 0.994853
1757574263.514995098 -0.039707 0.013657 -0.091042 -0.000557 -0.092584 -0.024499 0.995403
1757574263.514995098 -0.032836 0.034656 -0.150732 -0.000787 -0.099484 -0.023573 0.994760
1757574263.516345263 -0.032899 0.034495 -0.149700 -0.000784 -0.099375 -0.023598 0.994770
1757574263.548823357 -0.035384 0.029373 -0.125210 -0.001077 -0.095430 -0.023576 0.995156
1757574263.548823357 -0.032202 0.031320 -0.149702 -0.001349 -0.099072 -0.023763 0.994796
1757574263.550918102 -0.032301 0.031068 -0.148100 -0.001368 -0.098818 -0.023761 0.994821
1757574263.623755693 -0.043364 0.016685 -0.095185 -0.000802 -0.091832 -0.023517 0.995496
1757574263.623755693 -0.025476 0.036448 -0.137983 0.000203 -0.099157 -0.023492 0.994794
1757574263.624961138 -0.025532 0.036305 -0.137061 0.000213 -0.099041 -0.023487 0.994806
1757574263.653398514 -0.027934 0.032310 -0.115664 0.000379 -0.097293 -0.023703 0.994973
1757574263.653398514 -0.027785 0.032945 -0.135549 0.000657 -0.098915 -0.023685 0.994814
1757574263.654365540 -0.027830 0.032830 -0.134810 0.000663 -0.098856 -0.023693 0.994819
1757574263.723475456 -0.037066 0.023443 -0.082710 -0.002406 -0.095622 -0.023742 0.995132
1757574263.723475456 -0.023020 0.030825 -0.131344 0.001447 -0.098285 -0.024043 0.994867
1757574263.724708557 -0.023078 0.030679 -0.130401 0.001393 -0.098228 -0.024044 0.994873
1757574263.755815268 -0.026844 0.027032 -0.106709 -0.001433 -0.097805 -0.023626 0.994924
1757574263.755815268 -0.022082 0.026298 -0.129246 0.002189 -0.097942 -0.023504 0.994912
1757574263.756885767 -0.022133 0.026172 -0.128427 0.002092 -0.097928 -0.023490 0.994914
1757574263.832060099 -0.033964 0.016789 -0.070091 -0.008301 -0.098829 -0.024602 0.994766
1757574263.832060099 -0.019534 0.027732 -0.127732 0.002280 -0.097719 -0.023818 0.994926
1757574263.834003925 -0.019628 0.027503 -0.126245 0.002011 -0.097742 -0.023847 0.994924
1757574263.872292995 -0.023937 0.022201 -0.097150 -0.003611 -0.098808 -0.023889 0.994813
1757574263.872292995 -0.026896 0.034029 -0.133666 0.003417 -0.096238 -0.024127 0.995060
1757574263.873916388 -0.026973 0.033836 -0.132424 0.003178 -0.096283 -0.024129 0.995056
1757574263.945183039 -0.038022 0.021118 -0.080080 -0.005866 -0.099337 -0.022839 0.994774
1757574263.945183039 -0.025706 0.038478 -0.133732 0.003139 -0.096514 -0.024768 0.995018
1757574263.946281672 -0.025757 0.038347 -0.132892 0.002999 -0.096561 -0.024749 0.995015
1757574263.977951050 -0.028368 0.033666 -0.109068 -0.000605 -0.097547 -0.023496 0.994953
1757574263.977951050 -0.029797 0.040751 -0.135658 0.002821 -0.096973 -0.025739 0.994950
1757574263.979184866 -0.029855 0.040604 -0.134714 0.002681 -0.097011 -0.025690 0.994948
1757574264.047289610 -0.038391 0.028569 -0.085030 -0.003679 -0.098418 -0.019895 0.994939
1757574264.047289610 -0.028990 0.045647 -0.137157 0.002265 -0.097377 -0.026733 0.994886
1757574264.048583031 -0.029051 0.045493 -0.136169 0.002144 -0.097404 -0.026623 0.994886
1757574264.081624508 -0.032077 0.040598 -0.111192 0.000224 -0.097713 -0.022635 0.994957
1757574264.081624508 -0.030177 0.046840 -0.137752 0.002362 -0.097580 -0.027564 0.994843
1757574264.083189011 -0.030251 0.046654 -0.136556 0.002271 -0.097594 -0.027376 0.994847
1757574264.157736301 -0.042946 0.035316 -0.079133 -0.001596 -0.098909 -0.015621 0.994973
1757574264.157736301 -0.029049 0.045394 -0.153141 0.000957 -0.095065 -0.029465 0.995034
1757574264.159306765 -0.029124 0.045207 -0.151940 0.000876 -0.095092 -0.029217 0.995039
1757574264.195326567 -0.033046 0.040555 -0.124084 -0.001409 -0.096358 -0.021509 0.995113
1757574264.195326567 -0.028146 0.047004 -0.150642 0.001885 -0.094696 -0.031673 0.995000
1757574264.196571350 -0.028205 0.046856 -0.149689 0.001806 -0.094740 -0.031407 0.995005
1757574264.265272379 -0.039070 0.038108 -0.096575 -0.004739 -0.098601 -0.010823 0.995057
1757574264.265272379 -0.024798 0.055050 -0.149173 0.002876 -0.094680 -0.034740 0.994897
1757574264.266635656 -0.024863 0.054889 -0.148130 0.002746 -0.094757 -0.034332 0.994904
1757574264.297010422 -0.027745 0.051107 -0.124872 -0.001037 -0.096643 -0.021967 0.995076
1757574264.297010422 -0.026946 0.062548 -0.149610 0.003071 -0.095011 -0.038035 0.994745
1757574264.298273325 -0.027006 0.062399 -0.148644 0.002913 -0.095089 -0.037521 0.994757
1757574264.369791985 -0.037041 0.051202 -0.095042 -0.005798 -0.098497 0.001071 0.995120
1757574264.369791985 -0.025255 0.071762 -0.150488 0.002735 -0.095333 -0.041227 0.994588
1757574264.370929241 -0.025308 0.071627 -0.149618 0.002596 -0.095388 -0.040614 0.994608
1757574264.404931307 -0.028430 0.066685 -0.124130 -0.000291 -0.096597 -0.018452 0.995152
1757574264.404931307 -0.026396 0.068109 -0.152751 0.000745 -0.095207 -0.044161 0.994477
1757574264.406907558 -0.026491 0.067873 -0.151240 0.000577 -0.095276 -0.042873 0.994527
1757574264.480816364 -0.039730 0.057330 -0.098279 -0.004831 -0.097879 0.012346 0.995110
1757574264.480816364 -0.022246 0.075786 -0.149588 0.001587 -0.094404 -0.048208 0.994365
1757574264.482099771 -0.022307 0.075634 -0.148608 0.001493 -0.094452 -0.047250 0.994406
1757574264.511802197 -0.025331 0.072014 -0.126336 -0.001682 -0.096674 -0.020853 0.995096
1757574264.511802197 -0.025836 0.078342 -0.149926 0.002388 -0.094410 -0.049775 0.994285
1757574264.513489008 -0.025917 0.078142 -0.148637 0.002208 -0.094539 -0.048277 0.994347
1757574264.589046717 -0.038810 0.068354 -0.092716 -0.007660 -0.100024 0.022526 0.994701
1757574264.589046717 -0.022955 0.077920 -0.151337 0.002159 -0.094738 -0.050078 0.994240
1757574264.590343714 -0.023017 0.077767 -0.150345 0.001989 -0.094836 -0.048864 0.994291
1757574264.627077103 -0.026877 0.072837 -0.122652 -0.001847 -0.096793 -0.014493 0.995197
1757574264.627077103 -0.024651 0.077497 -0.153657 0.001464 -0.094430 -0.048297 0.994358
1757574264.628338814 -0.024711 0.077347 -0.152692 0.001333 -0.094498 -0.047117 0.994409
1757574264.706653357 -0.040283 0.065650 -0.093815 -0.002431 -0.099167 0.020380 0.994859
1757574264.706653357 -0.012953 0.068568 -0.146603 -0.001519 -0.095883 -0.047016 0.994280
1757574264.708480597 -0.013042 0.068351 -0.145206 -0.001609 -0.095992 -0.045442 0.994343
1757574264.740373611 -0.016476 0.064077 -0.120751 -0.000504 -0.098761 -0.020429 0.994901
1757574264.740373611 -0.013756 0.066662 -0.147800 -0.004315 -0.094925 -0.043810 0.994511
1757574264.741957903 -0.013832 0.066474 -0.146587 -0.004259 -0.095061 -0.042567 0.994552
1757574264.814682007 -0.024108 0.056402 -0.090665 0.009218 -0.104796 0.004717 0.994440
1757574264.814682007 -0.002019 0.053694 -0.140817 -0.004654 -0.092706 -0.037123 0.994990
1757574264.816159248 -0.002089 0.053519 -0.139687 -0.004377 -0.092904 -0.036164 0.995008
1757574264.847354889 -0.004679 0.051467 -0.116165 0.002129 -0.100268 -0.024455 0.994658
1757574264.847354889 0.004946 0.031947 -0.132173 -0.002175 -0.090583 -0.027942 0.995495
1757574264.848856926 0.004876 0.031773 -0.131024 -0.001857 -0.090936 -0.027380 0.995479
1757574264.923361778 -0.000624 0.042766 -0.076455 0.000865 -0.116586 -0.027094 0.992811
1757574264.923361778 0.006403 0.000504 -0.122133 0.003245 -0.089259 -0.020926 0.995783
1757574264.925329447 0.006312 0.000285 -0.120629 0.003322 -0.089937 -0.020923 0.995722
1757574264.963034391 0.004157 0.002348 -0.092711 -0.006551 -0.105131 -0.029066 0.994012
1757574264.963034391 0.015597 -0.006724 -0.146933 0.008209 -0.087024 -0.015284 0.996055
1757574264.964744568 0.015518 -0.006914 -0.145627 0.007764 -0.087716 -0.015655 0.995992
1757574265.035544395 0.012327 0.004971 -0.094450 -0.029603 -0.115079 -0.044190 0.991931
1757574265.035544395 0.009112 -0.014097 -0.145898 0.012248 -0.087393 -0.012953 0.996014
1757574265.036565304 0.009066 -0.014214 -0.145118 0.011710 -0.087790 -0.013367 0.995980
1757574265.066822290 0.007438 -0.015470 -0.122975 -0.009140 -0.098392 -0.027132 0.994736
1757574265.066822290 0.002482 -0.002751 -0.146843 0.012023 -0.088578 -0.015109 0.995882
1757574265.068186760 0.002419 -0.002908 -0.145801 0.011082 -0.089055 -0.015731 0.995841
1757574265.141643286 -0.005008 -0.012550 -0.095902 -0.035403 -0.108319 -0.040253 0.992670
1757574265.141643286 -0.002806 0.017727 -0.149342 0.008317 -0.088895 -0.020352 0.995798
1757574265.142912149 -0.002865 0.017577 -0.148373 0.007513 -0.089228 -0.020775 0.995766
1757574265.176766634 -0.006212 0.011273 -0.123459 -0.005264 -0.097779 -0.024613 0.994890
1757574265.176766634 0.000369 0.029782 -0.153952 0.004008 -0.088344 -0.021890 0.995841
1757574265.178775549 0.000272 0.029536 -0.152418 0.003249 -0.088852 -0.022115 0.995794
1757574265.251421928 -0.008596 0.003153 -0.097904 -0.007675 -0.109563 -0.028740 0.993535
1757574265.251421928 0.004562 0.021384 -0.137511 0.001504 -0.090922 -0.016809 0.995715
1757574265.253058434 0.004485 0.021182 -0.136259 0.001261 -0.091391 -0.016958 0.995670
1757574265.286792755 0.003601 0.013227 -0.109734 0.002981 -0.096231 -0.027011 0.994988
1757574265.286792755 -0.023680 0.029903 -0.153040 -0.002091 -0.093567 -0.021151 0.995386
1757574265.288859129 -0.023771 0.029645 -0.151456 -0.001985 -0.093866 -0.021766 0.995345
1757574265.365332603 -0.018015 0.004592 -0.087717 0.011786 -0.093531 -0.027256 0.995173
1757574265.365332603 -0.048761 0.049933 -0.169152 -0.003196 -0.097901 -0.026409 0.994841
1757574265.366574049 -0.048815 0.049783 -0.168201 -0.002972 -0.097897 -0.026497 0.994839
1757574265.397640944 -0.048960 0.044209 -0.143949 0.004030 -0.090854 -0.023433 0.995580
1757574265.397640944 -0.055522 0.046794 -0.179734 -0.002948 -0.101694 -0.027075 0.994443
1757574265.399288654 -0.055593 0.046594 -0.178472 -0.002577 -0.101321 -0.026911 0.994486
1757574265.469238043 -0.056389 0.032090 -0.125495 0.010751 -0.073632 -0.018896 0.997049
1757574265.469238043 -0.056185 0.043892 -0.176204 -0.000879 -0.102715 -0.026540 0.994356
1757574265.470586777 -0.056246 0.043730 -0.175173 -0.000622 -0.102183 -0.026385 0.994415
1757574265.505192280 -0.058556 0.038386 -0.149229 0.003748 -0.088005 -0.023018 0.995847
1757574265.505192280 -0.046459 0.040098 -0.153835 0.001322 -0.103858 -0.026093 0.994249
1757574265.506367683 -0.046513 0.039958 -0.152936 0.001470 -0.103377 -0.025978 0.994302
1757574265.578574181 -0.056951 0.027371 -0.099701 0.005621 -0.078508 -0.020196 0.996693
1757574265.578574181 -0.035262 0.036161 -0.144751 0.003133 -0.102686 -0.024951 0.994396
1757574265.579889536 -0.035324 0.036004 -0.143746 0.003209 -0.102234 -0.024845 0.994445
1757574265.608044386 -0.037950 0.032007 -0.122474 0.003165 -0.094411 -0.023578 0.995249
1757574265.608044386 -0.034677 0.033460 -0.142026 0.004006 -0.101591 -0.024005 0.994529
1757574265.609541893 -0.034748 0.033281 -0.140881 0.004004 -0.101175 -0.023937 0.994573
1757574265.686630964 -0.048202 0.018030 -0.082924 0.000873 -0.084602 -0.023036 0.996148
1757574265.686630964 -0.026445 0.035100 -0.138258 0.003742 -0.100260 -0.023479 0.994677
1757574265.688110590 -0.026515 0.034923 -0.137126 0.003682 -0.099942 -0.023462 0.994710
1757574265.718228340 -0.029548 0.030195 -0.114167 0.002619 -0.095623 -0.023660 0.995133
1757574265.718228340 -0.030606 0.033739 -0.138797 0.003441 -0.099580 -0.023694 0.994741
1757574265.719228983 -0.030653 0.033620 -0.138031 0.003405 -0.099437 -0.023701 0.994756
1757574265.787097692 -0.040198 0.019435 -0.085292 0.001640 -0.091784 -0.023147 0.995509
1757574265.787097692 -0.030167 0.036154 -0.141446 0.001967 -0.099295 -0.023631 0.994775
1757574265.788482189 -0.030233 0.035988 -0.140386 0.001930 -0.099139 -0.023620 0.994791
1757574265.820208549 -0.033151 0.030882 -0.116145 0.001507 -0.095887 -0.023479 0.995114
1757574265.820208549 -0.033241 0.034820 -0.143183 0.001333 -0.099234 -0.023539 0.994785
1757574265.821227789 -0.033289 0.034698 -0.142403 0.001320 -0.099130 -0.023534 0.994795
1757574265.889670372 -0.042785 0.020908 -0.090210 0.001559 -0.092165 -0.023311 0.995470
1757574265.889670372 -0.031036 0.034675 -0.143998 0.001337 -0.099060 -0.023434 0.994805
1757574265.890807867 -0.031089 0.034539 -0.143127 0.001341 -0.098944 -0.023430 0.994816
1757574265.919059992 -0.033482 0.030368 -0.121712 0.001048 -0.096360 -0.023433 0.995070
1757574265.919059992 -0.034264 0.032581 -0.145052 0.001106 -0.098879 -0.023447 0.994823
1757574265.920337677 -0.034324 0.032429 -0.144074 0.001093 -0.098763 -0.023447 0.994834
1757574265.990485907 -0.043929 0.019256 -0.092131 0.000271 -0.093053 -0.023291 0.995389
1757574265.990485907 -0.029132 0.032899 -0.144540 0.000759 -0.098360 -0.023488 0.994873
1757574265.992420673 -0.029225 0.032667 -0.143061 0.000736 -0.098203 -0.023483 0.994889
1757574266.024403095 -0.032236 0.027882 -0.118909 0.000526 -0.096238 -0.023487 0.995081
1757574266.024403095 -0.030914 0.034710 -0.142536 0.003873 -0.098121 -0.022890 0.994904
1757574266.026271343 -0.031004 0.034487 -0.141107 0.003860 -0.098006 -0.022890 0.994915
1757574266.102544308 -0.043187 0.021904 -0.084295 0.000351 -0.095478 -0.023855 0.995146
1757574266.102544308 -0.026799 0.034984 -0.140450 0.004558 -0.097857 -0.022867 0.994927
1757574266.103886127 -0.026863 0.034824 -0.139424 0.004496 -0.097812 -0.022884 0.994932
1757574266.132160902 -0.029161 0.030890 -0.118049 0.002357 -0.097208 -0.023325 0.994988
1757574266.132160902 -0.029461 0.033828 -0.140816 0.003996 -0.097329 -0.023119 0.994976
1757574266.133214474 -0.029510 0.033703 -0.140010 0.003917 -0.097307 -0.023136 0.994978
1757574266.204290152 -0.039661 0.021500 -0.086573 -0.000011 -0.097841 -0.023608 0.994922
1757574266.204290152 -0.025950 0.035457 -0.141031 0.003756 -0.097305 -0.023315 0.994974
1757574266.205535650 -0.026008 0.035308 -0.140079 0.003688 -0.097314 -0.023323 0.994974
1757574266.241402864 -0.029430 0.030367 -0.112669 0.001791 -0.097627 -0.023428 0.994946
1757574266.241402864 -0.028173 0.033305 -0.141537 0.003825 -0.097456 -0.023163 0.994963
1757574266.243058205 -0.028252 0.033108 -0.140270 0.003737 -0.097470 -0.023167 0.994962
1757574266.314154148 -0.039087 0.022720 -0.085164 -0.000698 -0.097958 -0.023740 0.994907
1757574266.314154148 -0.026738 0.035700 -0.145121 0.004181 -0.095832 -0.023547 0.995110
1757574266.315448761 -0.026799 0.035547 -0.144130 0.004101 -0.095841 -0.023557 0.995109
1757574266.346465588 -0.029277 0.031442 -0.120390 0.002212 -0.096861 -0.023417 0.995020
1757574266.346465588 -0.029189 0.035193 -0.144979 0.004798 -0.095419 -0.024226 0.995131
1757574266.347916842 -0.029257 0.035021 -0.143869 0.004710 -0.095466 -0.024219 0.995127
1757574266.421778202 -0.039677 0.024483 -0.088116 -0.001984 -0.099233 -0.021949 0.994820
1757574266.421778202 -0.026159 0.038229 -0.145021 0.004537 -0.095322 -0.025220 0.995117
1757574266.423203468 -0.026226 0.038061 -0.143930 0.004408 -0.095394 -0.025176 0.995111
1757574266.458660126 -0.029416 0.033084 -0.117188 0.001709 -0.097283 -0.023017 0.994989
1757574266.458660126 -0.029215 0.040458 -0.146639 0.004459 -0.095568 -0.026178 0.995069
1757574266.460680962 -0.029312 0.040217 -0.145094 0.004306 -0.095675 -0.026055 0.995062
1757574266.525732040 -0.037274 0.030433 -0.096792 -0.000479 -0.098355 -0.019664 0.994957
1757574266.525732040 -0.031270 0.043485 -0.148534 0.004483 -0.095949 -0.027593 0.994994
1757574266.527121305 -0.031335 0.043320 -0.147472 0.004381 -0.096006 -0.027456 0.994992
1757574266.562335014 -0.034506 0.038671 -0.120821 0.001634 -0.096985 -0.022159 0.995038
1757574266.562335014 -0.040023 0.042848 -0.151919 0.003010 -0.096073 -0.029910 0.994920
1757574266.563670158 -0.040086 0.042690 -0.150898 0.002906 -0.096110 -0.029709 0.994923
1757574266.637056828 -0.049914 0.032484 -0.095007 -0.002915 -0.096683 -0.012678 0.995230
1757574266.637056828 -0.037484 0.047503 -0.152000 0.002954 -0.095960 -0.032407 0.994853
1757574266.639180660 -0.037586 0.047251 -0.150375 0.002786 -0.095976 -0.031915 0.994868
1757574266.675871849 -0.041253 0.042559 -0.122349 -0.000090 -0.096520 -0.020259 0.995125
1757574266.675871849 -0.038829 0.050510 -0.152264 0.003438 -0.095703 -0.035139 0.994784
1757574266.677656174 -0.038915 0.050298 -0.150899 0.003298 -0.095730 -0.034573 0.994801
1757574266.749189615 -0.049263 0.040596 -0.097349 -0.003660 -0.097595 -0.004490 0.995209
1757574266.749189615 -0.036380 0.057083 -0.152034 0.003737 -0.095596 -0.038464 0.994670
1757574266.750439167 -0.036439 0.056935 -0.151078 0.003615 -0.095629 -0.037939 0.994687
1757574266.781101942 -0.039108 0.052921 -0.127942 0.000443 -0.096325 -0.021716 0.995113
1757574266.781101942 -0.039753 0.066893 -0.151412 0.003883 -0.094784 -0.044313 0.994504
1757574266.782799006 -0.039834 0.066692 -0.150114 0.003708 -0.094822 -0.043416 0.994540
1757574266.857930899 -0.051964 0.055562 -0.096197 -0.003682 -0.099626 0.014330 0.994915
1757574266.857930899 -0.039249 0.071511 -0.151542 0.003258 -0.095088 -0.048884 0.994262
1757574266.859713078 -0.039335 0.071299 -0.150181 0.003082 -0.095205 -0.047516 0.994318
1757574266.888851404 -0.041934 0.067542 -0.128408 -0.000193 -0.097123 -0.021216 0.995046
1757574266.888851404 -0.043643 0.072551 -0.154218 0.003276 -0.095403 -0.050258 0.994164
1757574266.889879465 -0.043691 0.072430 -0.153432 0.003160 -0.095472 -0.049331 0.994204
1757574266.960030556 -0.054039 0.062291 -0.101639 -0.004214 -0.098657 0.016514 0.994976
1757574266.960030556 -0.041807 0.071619 -0.156180 0.002957 -0.095886 -0.049926 0.994135
1757574266.961861372 -0.041894 0.071402 -0.154781 0.002764 -0.095975 -0.048209 0.994212
1757574266.997527361 -0.045638 0.066785 -0.128026 -0.000205 -0.096752 -0.015780 0.995183
1757574266.997527361 -0.039813 0.066682 -0.154868 0.002569 -0.095578 -0.047468 0.994286
1757574266.998967409 -0.039882 0.066512 -0.153767 0.002450 -0.095611 -0.046159 0.994345
1757574267.073450565 -0.054931 0.056972 -0.096999 -0.001964 -0.098535 0.013505 0.995040
1757574267.073450565 -0.034704 0.064465 -0.155690 0.000861 -0.095163 -0.045436 0.994424
1757574267.075240612 -0.034792 0.064253 -0.154321 0.000756 -0.095235 -0.044003 0.994482
1757574267.106851578 -0.037825 0.060088 -0.129926 0.001621 -0.096795 -0.021045 0.995080
1757574267.106851578 -0.020771 0.060467 -0.161198 -0.002459 -0.094133 -0.044576 0.994558
1757574267.108388186 -0.020844 0.060285 -0.160022 -0.002416 -0.094207 -0.043461 0.994601
1757574267.180930138 -0.031873 0.050265 -0.103016 0.008153 -0.099004 0.006095 0.995035
1757574267.180930138 -0.016222 0.058116 -0.161524 -0.004394 -0.093299 -0.041438 0.994766
1757574267.182708979 -0.016307 0.057905 -0.160162 -0.004133 -0.093416 -0.040224 0.994806
1757574267.213993073 -0.019059 0.054940 -0.136238 0.002844 -0.098115 -0.022645 0.994913
1757574267.213993073 -0.008966 0.044334 -0.155299 -0.003281 -0.091198 -0.034345 0.995235
1757574267.215126038 -0.009019 0.044201 -0.154433 -0.003026 -0.091367 -0.033709 0.995242
1757574267.283072948 -0.017595 0.049721 -0.104713 0.006879 -0.109837 -0.014215 0.993824
1757574267.283072948 0.001208 0.016336 -0.146425 0.000224 -0.089344 -0.024298 0.995704
1757574267.284384966 0.001146 0.016186 -0.145422 0.000420 -0.089701 -0.023923 0.995681
1757574267.317193031 -0.000585 0.016796 -0.120735 -0.001485 -0.101931 -0.026752 0.994431
1757574267.317193031 0.002480 -0.001005 -0.136831 0.006437 -0.088385 -0.016825 0.995923
1757574267.319017172 0.002397 -0.001207 -0.135436 0.006336 -0.089066 -0.016986 0.995861
1757574267.392556190 -0.004622 0.014759 -0.082975 -0.020523 -0.121317 -0.042053 0.991510
1757574267.392556190 -0.003762 -0.004369 -0.135478 0.011508 -0.089240 -0.015253 0.995827
1757574267.393642664 -0.003812 -0.004492 -0.134648 0.011112 -0.089717 -0.015627 0.995783
1757574267.417672634 -0.005095 -0.005551 -0.116823 -0.002728 -0.097705 -0.024191 0.994918
1757574267.417672634 -0.011310 0.007993 -0.136397 0.012529 -0.091469 -0.017218 0.995580
1757574267.418821335 -0.011363 0.007861 -0.135519 0.011868 -0.091850 -0.017629 0.995546
1757574267.488190174 -0.018208 0.003097 -0.086181 -0.028052 -0.105733 -0.034393 0.993404
1757574267.488190174 -0.010778 0.016722 -0.139486 0.010454 -0.090316 -0.021632 0.995623
1757574267.489283323 -0.010829 0.016593 -0.138650 0.009824 -0.090534 -0.021895 0.995604
1757574267.525548697 -0.016081 0.010936 -0.112459 -0.007269 -0.101780 -0.024122 0.994488
1757574267.525548697 -0.000069 0.027588 -0.139598 0.007058 -0.087972 -0.022937 0.995834
1757574267.526560545 -0.000117 0.027467 -0.138825 0.006581 -0.088286 -0.022997 0.995808
1757574267.597909927 -0.012872 0.005119 -0.087834 -0.013911 -0.119631 -0.025493 0.992394
1757574267.597909927 0.001737 0.041862 -0.144302 0.002986 -0.087944 -0.023450 0.995845
1757574267.598944187 0.001688 0.041737 -0.143511 0.002689 -0.088400 -0.023484 0.995805
1757574267.636870623 -0.000342 0.032730 -0.114498 -0.000605 -0.103847 -0.024222 0.994298
1757574267.636870623 0.003860 0.031921 -0.139203 0.000990 -0.089930 -0.020158 0.995744
1757574267.638225317 0.003799 0.031755 -0.138167 0.000875 -0.090483 -0.020184 0.995693
1757574267.712651968 0.006966 0.007329 -0.078217 0.005264 -0.103112 -0.031107 0.994169
1757574267.712651968 -0.031419 0.044196 -0.146762 -0.000399 -0.093250 -0.023548 0.995364
1757574267.714312553 -0.031491 0.043992 -0.145490 -0.000302 -0.093533 -0.023791 0.995332
1757574267.751814604 -0.032040 0.036295 -0.116619 0.004060 -0.094189 -0.023298 0.995273
1757574267.751814604 -0.052350 0.045230 -0.151760 0.000538 -0.098066 -0.026768 0.994820
1757574267.753076553 -0.052406 0.045077 -0.150795 0.000685 -0.098089 -0.026751 0.994818
1757574267.820850849 -0.051091 0.029670 -0.098530 0.005669 -0.084164 -0.018630 0.996262
1757574267.820850849 -0.079398 0.049939 -0.157924 0.003037 -0.102405 -0.028964 0.994316
1757574267.821895123 -0.079444 0.049814 -0.157125 0.003114 -0.102191 -0.028838 0.994342
1757574267.852048635 -0.080476 0.045026 -0.133911 0.003084 -0.090613 -0.023459 0.995605
1757574267.852048635 -0.085213 0.049447 -0.160032 0.003561 -0.104590 -0.031076 0.994023
1757574267.853494167 -0.085278 0.049274 -0.158926 0.003560 -0.104036 -0.030818 0.994090
1757574267.928290606 -0.092163 0.031154 -0.102016 0.002531 -0.068692 -0.011503 0.997568
1757574267.928290606 -0.080849 0.060691 -0.154937 0.005101 -0.106409 -0.032226 0.993787
1757574267.929627180 -0.080911 0.060530 -0.153914 0.005083 -0.105780 -0.031881 0.993865
1757574267.965034008 -0.084084 0.054158 -0.126993 0.005091 -0.087982 -0.021337 0.995881
1757574267.965034008 -0.079344 0.058929 -0.155898 0.004010 -0.104924 -0.035233 0.993848
1757574267.967170238 -0.079446 0.058669 -0.154264 0.004014 -0.103851 -0.034598 0.993983
1757574268.033834934 -0.092973 0.044843 -0.105828 0.005686 -0.075676 -0.007086 0.997091
1757574268.033834934 -0.068547 0.061604 -0.154990 0.002305 -0.102244 -0.038414 0.994015
1757574268.034883261 -0.068597 0.061479 -0.154189 0.002334 -0.101802 -0.037983 0.994077
1757574268.067449331 -0.073169 0.056506 -0.129658 0.004245 -0.091799 -0.021588 0.995534
1757574268.067449331 -0.058166 0.057813 -0.154856 0.001740 -0.098693 -0.039110 0.994348
1757574268.068695307 -0.058227 0.057664 -0.153903 0.001816 -0.098310 -0.038484 0.994410
1757574268.140965462 -0.079739 0.046340 -0.100475 0.005833 -0.088718 -0.001175 0.996039
1757574268.140965462 -0.038725 0.053523 -0.151663 0.003107 -0.095229 -0.038687 0.994699
1757574268.142394304 -0.038797 0.053353 -0.150570 0.003188 -0.095041 -0.037950 0.994745
1757574268.174924850 -0.044157 0.049437 -0.125823 0.003020 -0.096673 -0.021861 0.995072
1757574268.174924850 -0.026106 0.053168 -0.149531 0.003505 -0.091977 -0.038645 0.995005
1757574268.175833225 -0.026150 0.053061 -0.148836 0.003502 -0.092024 -0.038196 0.995018
1757574268.242558479 -0.042499 0.044068 -0.098924 -0.001759 -0.104361 -0.003347 0.994532
1757574268.242558479 -0.021956 0.054803 -0.146554 0.004975 -0.090115 -0.041172 0.995068
1757574268.244087934 -0.022033 0.054621 -0.145384 0.004855 -0.090400 -0.040374 0.995075
1757574268.276571751 -0.026241 0.050138 -0.121179 -0.000065 -0.099282 -0.020137 0.994856
1757574268.276571751 -0.025536 0.058746 -0.144532 0.006642 -0.089080 -0.045247 0.994974
1757574268.277577162 -0.025584 0.058627 -0.143763 0.006489 -0.089356 -0.044621 0.994979
1757574268.353238344 -0.040288 0.044465 -0.091630 -0.010140 -0.113551 0.014479 0.993375
1757574268.353238344 -0.024371 0.067317 -0.142821 0.007202 -0.088176 -0.050093 0.994818
1757574268.354381561 -0.024426 0.067181 -0.141948 0.006949 -0.088545 -0.049201 0.994832
1757574268.388327837 -0.028118 0.061813 -0.117410 -0.001241 -0.100735 -0.017028 0.994767
1757574268.388327837 -0.027853 0.070484 -0.144281 0.007596 -0.087872 -0.053732 0.994653
1757574268.389795542 -0.027923 0.070308 -0.143161 0.007241 -0.088401 -0.052343 0.994682
1757574268.463949442 -0.040719 0.058220 -0.093660 -0.011104 -0.115409 0.027327 0.992880
1757574268.463949442 -0.035253 0.050187 -0.167406 0.003532 -0.088748 -0.058912 0.994304
1757574268.465125799 -0.035309 0.050047 -0.166507 0.003238 -0.089176 -0.057649 0.994341
1757574268.495069742 -0.038411 0.046180 -0.144319 -0.003489 -0.099727 -0.022606 0.994752
1757574268.495069742 -0.040685 0.050589 -0.172302 0.002118 -0.089432 -0.059831 0.994192
1757574268.496184349 -0.040738 0.050457 -0.171450 0.001867 -0.089825 -0.058528 0.994235
1757574268.565758944 -0.051647 0.040807 -0.117519 -0.009342 -0.112179 0.024007 0.993354
1757574268.565758944 -0.036994 0.050848 -0.176499 -0.001144 -0.090514 -0.059029 0.994144
1757574268.568062544 -0.037107 0.050574 -0.174736 -0.001518 -0.091257 -0.056298 0.994234
1757574268.599645138 -0.039331 0.046494 -0.149724 -0.002196 -0.099646 -0.020211 0.994815
1757574268.599645138 -0.039006 0.048436 -0.178940 -0.005046 -0.091207 -0.054322 0.994336
1757574268.601449490 -0.039090 0.048223 -0.177557 -0.005083 -0.091682 -0.052260 0.994403
1757574268.668098450 -0.040524 0.042571 -0.124174 0.005186 -0.107155 0.011047 0.994167
1757574268.668098450 -0.025093 0.038986 -0.175109 -0.004853 -0.091627 -0.043278 0.994841
1757574268.669281244 -0.025147 0.038848 -0.174204 -0.004668 -0.091903 -0.042155 0.994864
1757574268.704167843 -0.025360 0.037340 -0.146818 -0.000030 -0.099423 -0.024555 0.994742
1757574268.704167843 -0.012214 0.028879 -0.153872 -0.000080 -0.091516 -0.029056 0.995380
1757574268.705432415 -0.012270 0.028733 -0.152904 0.000092 -0.091789 -0.028419 0.995373
1757574268.780198336 -0.005396 0.034762 -0.092998 -0.002329 -0.104705 -0.026054 0.994159
1757574268.780198336 -0.004770 0.018720 -0.143579 0.006029 -0.092828 -0.017431 0.995511
1757574268.781335831 -0.004820 0.018589 -0.142708 0.005995 -0.093025 -0.017397 0.995494
1757574268.816705227 -0.004260 0.018721 -0.115032 -0.002862 -0.097162 -0.028815 0.994847
1757574268.816705227 0.000150 0.019982 -0.135650 0.011491 -0.094366 -0.009970 0.995421
1757574268.818805695 0.000061 0.019748 -0.134041 0.010968 -0.094614 -0.010651 0.995397
1757574268.891112089 0.003805 0.028218 -0.077844 -0.021775 -0.097686 -0.050841 0.993679
1757574268.891112089 -0.006302 0.017017 -0.131149 0.015511 -0.096278 -0.005595 0.995218
1757574268.892201424 -0.006350 0.016892 -0.130315 0.015019 -0.096327 -0.006202 0.995217
1757574268.922091007 -0.006954 0.015526 -0.107776 -0.002341 -0.095255 -0.026253 0.995104
1757574268.922091007 -0.010983 0.026685 -0.125065 0.016911 -0.098304 -0.005184 0.994999
1757574268.923566341 -0.011049 0.026515 -0.123937 0.016056 -0.098252 -0.006176 0.995013
1757574268.998015404 -0.013713 0.022309 -0.072696 -0.028953 -0.087515 -0.055039 0.994220
1757574268.998015404 -0.016067 0.032486 -0.124209 0.016412 -0.099880 -0.008497 0.994828
1757574268.999356270 -0.016128 0.032329 -0.123185 0.015603 -0.099688 -0.009380 0.994852
1757574269.024847507 -0.017685 0.028770 -0.104606 0.003404 -0.093926 -0.022742 0.995314
1757574269.024847507 -0.022594 0.034940 -0.125459 0.010839 -0.100130 -0.014467 0.994810
1757574269.025961637 -0.022646 0.034808 -0.124608 0.010307 -0.099879 -0.015052 0.994832
1757574269.094753504 -0.034077 0.013231 -0.076692 -0.002822 -0.084397 -0.032541 0.995897
1757574269.094753504 -0.021867 0.043121 -0.130445 0.003016 -0.097738 -0.021618 0.994973
1757574269.096242428 -0.021939 0.042939 -0.129308 0.002733 -0.097404 -0.021999 0.994998
1757574269.129186869 -0.026230 0.036020 -0.104624 0.004836 -0.093498 -0.022437 0.995355
1757574269.129186869 -0.018900 0.039176 -0.134958 0.000025 -0.097081 -0.021742 0.995039
1757574269.130743027 -0.018977 0.038987 -0.133768 0.000124 -0.096896 -0.021763 0.995057
1757574269.199849367 -0.024227 0.015838 -0.079294 0.010172 -0.090383 -0.025058 0.995540
1757574269.199849367 -0.038502 0.045981 -0.134623 -0.000856 -0.099287 -0.021815 0.994819
1757574269.201189041 -0.038564 0.045818 -0.133598 -0.000661 -0.099161 -0.021878 0.994831
1757574269.237302065 -0.040073 0.037549 -0.105698 0.006526 -0.091802 -0.023657 0.995475
1757574269.237302065 -0.059109 0.048643 -0.149386 -0.000432 -0.099586 -0.026982 0.994663
1757574269.239109516 -0.059191 0.048420 -0.148003 -0.000071 -0.099220 -0.027071 0.994697
1757574269.309756041 -0.059251 0.027201 -0.092884 0.013229 -0.079369 -0.015090 0.996643
1757574269.309756041 -0.090440 0.057442 -0.154312 0.000474 -0.102190 -0.031864 0.994254
1757574269.311007500 -0.090496 0.057291 -0.153354 0.000710 -0.101840 -0.031651 0.994297
1757574269.344608307 -0.091188 0.050622 -0.127546 0.006910 -0.088225 -0.021409 0.995846
1757574269.344608307 -0.103505 0.057186 -0.156807 0.000935 -0.104334 -0.035169 0.993920
1757574269.345792294 -0.103557 0.057043 -0.155901 0.001154 -0.103856 -0.034807 0.993982
1757574269.415417671 -0.106065 0.039251 -0.102003 0.013810 -0.068760 -0.005734 0.997521
1757574269.415417671 -0.110027 0.061091 -0.159646 0.000712 -0.105349 -0.036750 0.993756
1757574269.416909695 -0.110094 0.060910 -0.158504 0.000984 -0.104600 -0.036128 0.993857
1757574269.451522827 -0.112611 0.054893 -0.132076 0.007561 -0.085866 -0.020555 0.996066
1757574269.451522827 -0.107726 0.057385 -0.160771 0.000276 -0.104009 -0.039786 0.993780
1757574269.452688456 -0.107780 0.057245 -0.159879 0.000501 -0.103380 -0.039263 0.993867
1757574269.526382208 -0.121730 0.045134 -0.104860 0.014224 -0.068592 0.002098 0.997541
1757574269.526382208 -0.067435 0.065055 -0.169156 -0.001653 -0.103368 -0.039125 0.993872
1757574269.527579784 -0.067492 0.064913 -0.168241 -0.001430 -0.102803 -0.038454 0.993957
1757574269.556801796 -0.071369 0.061309 -0.145907 0.003533 -0.091847 -0.022570 0.995511
1757574269.556801796 -0.060699 0.062261 -0.163957 -0.001727 -0.101332 -0.037804 0.994133
1757574269.557879448 -0.060751 0.062133 -0.163132 -0.001543 -0.100929 -0.037218 0.994196
1757574269.625922441 -0.078424 0.054231 -0.112322 0.010309 -0.085741 -0.004056 0.996256
1757574269.625922441 -0.038161 0.054256 -0.154582 -0.003425 -0.097576 -0.035997 0.994571
1757574269.627195120 -0.038224 0.054106 -0.153608 -0.003201 -0.097292 -0.035378 0.994622
1757574269.653713465 -0.041799 0.050952 -0.133528 0.003113 -0.096768 -0.024003 0.995013
1757574269.653713465 -0.036508 0.048953 -0.149049 -0.003095 -0.094305 -0.033070 0.994989
1757574269.655159473 -0.036580 0.048782 -0.147943 -0.002749 -0.094276 -0.032451 0.995013
1757574269.724182844 -0.050637 0.046507 -0.097595 0.011831 -0.105066 -0.011425 0.994329
1757574269.724182844 -0.015034 0.023623 -0.138640 0.001101 -0.091688 -0.025883 0.995451
1757574269.725326061 -0.015089 0.023489 -0.137766 0.001345 -0.091867 -0.025536 0.995443
1757574269.758062601 -0.018385 0.023154 -0.113827 0.000732 -0.102147 -0.023829 0.994484
1757574269.758062601 -0.004052 0.004543 -0.145198 0.002042 -0.089321 -0.020129 0.995797
1757574269.760416508 -0.004167 0.004283 -0.143402 0.002002 -0.090061 -0.020007 0.995733
1757574269.832697392 -0.015404 0.017692 -0.095827 -0.021297 -0.121965 -0.035158 0.991683
1757574269.832697392 0.004501 -0.020886 -0.136625 0.008238 -0.087681 -0.013784 0.996019
1757574269.833952427 0.004442 -0.021028 -0.135667 0.007837 -0.088238 -0.014050 0.995970
1757574269.863961935 0.002002 -0.021203 -0.113507 -0.010616 -0.103609 -0.026390 0.994211
1757574269.863961935 0.001648 -0.022237 -0.135759 0.012073 -0.087838 -0.010483 0.996006
1757574269.865750074 0.001563 -0.022437 -0.134393 0.010976 -0.088757 -0.011222 0.995930
1757574269.938632011 -0.005152 -0.018857 -0.087228 -0.048404 -0.124750 -0.048638 0.989813
1757574269.938632011 -0.004898 -0.013037 -0.136730 0.011163 -0.089759 -0.012782 0.995819
1757574269.940491438 -0.004985 -0.013249 -0.135313 0.009646 -0.090682 -0.013741 0.995738
1757574269.974463224 -0.007116 -0.018068 -0.110585 -0.013390 -0.102767 -0.026811 0.994254
1757574269.974463224 -0.007709 0.014762 -0.142191 0.006690 -0.090734 -0.018890 0.995674
1757574269.976108074 -0.007785 0.014565 -0.140935 0.005572 -0.091316 -0.019522 0.995615
1757574270.051879168 -0.017934 -0.007617 -0.085926 -0.022696 -0.113652 -0.030980 0.992778
1757574270.051879168 0.003235 0.033130 -0.133762 0.007435 -0.090314 -0.020221 0.995680
1757574270.053140879 0.003176 0.032978 -0.132797 0.006964 -0.090687 -0.020412 0.995646
1757574270.086505175 0.000984 0.025178 -0.107766 -0.000372 -0.100569 -0.024108 0.994638
1757574270.086505175 -0.013247 0.034120 -0.138497 0.003057 -0.093213 -0.021270 0.995414
1757574270.088525772 -0.013341 0.033868 -0.136952 0.002613 -0.093812 -0.021493 0.995355
1757574270.157345295 -0.010080 0.009917 -0.083572 0.002286 -0.101863 -0.026661 0.994439
1757574270.157345295 -0.052197 0.051466 -0.151260 -0.001402 -0.099144 -0.026116 0.994729
1757574270.159530163 -0.052291 0.051194 -0.149588 -0.001413 -0.099401 -0.026279 0.994699
1757574270.190851688 -0.051751 0.043621 -0.124595 0.003989 -0.092951 -0.023098 0.995395
1757574270.190851688 -0.070819 0.051965 -0.158231 -0.003723 -0.103928 -0.027896 0.994187
1757574270.191853285 -0.070863 0.051843 -0.157464 -0.003550 -0.103722 -0.027794 0.994212
1757574270.261042118 -0.070280 0.029926 -0.102689 0.014786 -0.074855 -0.017613 0.996929
1757574270.261042118 -0.082168 0.055052 -0.160129 -0.003325 -0.106259 -0.029276 0.993902
1757574270.262031078 -0.082212 0.054933 -0.159372 -0.003063 -0.105848 -0.029130 0.993951
1757574270.291652203 -0.083710 0.049853 -0.137055 0.004806 -0.091264 -0.023647 0.995534
1757574270.291652203 -0.084213 0.051456 -0.151682 -0.000598 -0.106184 -0.029923 0.993896
1757574270.292637825 -0.084258 0.051338 -0.150928 -0.000336 -0.105700 -0.029739 0.993953
1757574270.360845327 -0.090543 0.039644 -0.101756 0.008791 -0.072082 -0.014672 0.997252
1757574270.360845327 -0.078150 0.049131 -0.145390 0.003184 -0.106028 -0.029859 0.993910
1757574270.362073183 -0.078207 0.048985 -0.144451 0.003349 -0.105425 -0.029586 0.993981
1757574270.394069195 -0.080577 0.044435 -0.120742 0.003804 -0.090164 -0.022489 0.995666
1757574270.394069195 -0.075294 0.046495 -0.145068 0.004819 -0.106039 -0.028464 0.993943
1757574270.395378828 -0.075355 0.046340 -0.144068 0.004836 -0.105415 -0.028173 0.994017
1757574270.465531111 -0.084855 0.033524 -0.093291 0.001576 -0.072786 -0.016669 0.997207
1757574270.465531111 -0.067461 0.049342 -0.141716 0.004473 -0.103757 -0.030428 0.994127
1757574270.466764212 -0.067519 0.049195 -0.140773 0.004417 -0.103184 -0.030226 0.994193
1757574270.502882481 -0.071666 0.042614 -0.114571 0.002669 -0.090867 -0.021930 0.995618
1757574270.502882481 -0.063944 0.049716 -0.140367 0.004909 -0.100826 -0.032944 0.994346
1757574270.504724503 -0.064034 0.049492 -0.138962 0.004823 -0.100199 -0.032520 0.994424
1757574270.579919100 -0.082576 0.034904 -0.083495 -0.001530 -0.086101 -0.008971 0.996245
1757574270.579919100 -0.037462 0.056022 -0.154017 0.004145 -0.099970 -0.030928 0.994501
1757574270.581644297 -0.037548 0.055816 -0.152698 0.003999 -0.099647 -0.030388 0.994551
1757574270.612109900 -0.041346 0.050564 -0.129177 0.001998 -0.094673 -0.022984 0.995241
1757574270.612109900 -0.038570 0.051428 -0.156199 0.001881 -0.099240 -0.028154 0.994663
1757574270.613911867 -0.038659 0.051210 -0.154819 0.001762 -0.098945 -0.027716 0.994705
1757574270.684031725 -0.054101 0.031210 -0.101598 0.003945 -0.090357 -0.018108 0.995737
1757574270.684031725 -0.019849 0.051080 -0.152251 -0.001905 -0.097092 -0.026246 0.994927
1757574270.685156584 -0.019903 0.050944 -0.151391 -0.001870 -0.096954 -0.026093 0.994945
1757574270.711211205 -0.022889 0.045971 -0.131909 0.002749 -0.095620 -0.024322 0.995117
1757574270.711211205 -0.020223 0.042731 -0.149155 -0.001215 -0.095103 -0.025972 0.995128
1757574270.712440729 -0.020282 0.042582 -0.148216 -0.000996 -0.095040 -0.025889 0.995136
1757574270.779572487 -0.037785 0.033413 -0.097066 0.005995 -0.099200 -0.020891 0.994830
1757574270.779572487 -0.013640 0.040435 -0.143464 0.000722 -0.093323 -0.027202 0.995264
1757574270.781277657 -0.013726 0.040234 -0.142160 0.000900 -0.093429 -0.027076 0.995257
1757574270.817528009 -0.018939 0.035913 -0.114515 0.001241 -0.099332 -0.022468 0.994800
1757574270.817528009 -0.022371 0.038477 -0.142746 0.002820 -0.092574 -0.026980 0.995336
1757574270.818799973 -0.022433 0.038327 -0.141773 0.002832 -0.092782 -0.026819 0.995321
1757574270.888682365 -0.036192 0.029171 -0.088246 -0.002093 -0.106764 -0.018236 0.994115
1757574270.888682365 -0.023371 0.043342 -0.142853 0.003504 -0.092160 -0.028331 0.995335
1757574270.889916658 -0.023430 0.043196 -0.141908 0.003417 -0.092407 -0.028180 0.995317
1757574270.922832727 -0.027018 0.038596 -0.117230 0.000198 -0.099496 -0.022603 0.994781
1757574270.922832727 -0.029904 0.048255 -0.142584 0.003723 -0.091996 -0.030051 0.995299
1757574270.924737215 -0.029997 0.048028 -0.141129 0.003537 -0.092407 -0.029728 0.995271
1757574270.994756222 -0.041565 0.036031 -0.090326 -0.004342 -0.108199 -0.013407 0.994029
1757574270.994756222 -0.033105 0.055410 -0.143425 0.004644 -0.092355 -0.032801 0.995175
1757574270.995974541 -0.033163 0.055265 -0.142494 0.004506 -0.092630 -0.032518 0.995159
1757574271.032293320 -0.036904 0.050271 -0.115349 -0.000976 -0.100395 -0.020591 0.994734
1757574271.032293320 -0.041514 0.060506 -0.146299 0.005485 -0.093156 -0.035933 0.994988
1757574271.034202099 -0.041606 0.060279 -0.144841 0.005195 -0.093565 -0.035307 0.994973
1757574271.110761166 -0.053446 0.048873 -0.088434 -0.009440 -0.107329 -0.000586 0.994179
1757574271.110761166 -0.049429 0.060350 -0.154214 0.004956 -0.093821 -0.041530 0.994710
1757574271.112187624 -0.049496 0.060180 -0.153123 0.004682 -0.094077 -0.040884 0.994714
1757574271.147942543 -0.053101 0.055447 -0.126479 -0.003067 -0.100176 -0.017509 0.994811
1757574271.147942543 -0.062938 0.071106 -0.158842 0.004468 -0.094632 -0.046749 0.994404
1757574271.149801254 -0.063028 0.070886 -0.157422 0.004063 -0.094949 -0.045535 0.994432
1757574271.225476027 -0.073795 0.059742 -0.101858 -0.010579 -0.104758 0.017756 0.994283
1757574271.225476027 -0.067816 0.080549 -0.163549 0.003027 -0.095139 -0.050617 0.994172
1757574271.226792812 -0.067878 0.080393 -0.162542 0.002771 -0.095312 -0.049517 0.994211
1757574271.254449606 -0.070275 0.076817 -0.141541 -0.001292 -0.098263 -0.023467 0.994883
1757574271.254449606 -0.070656 0.081431 -0.165811 0.002231 -0.095615 -0.051013 0.994108
1757574271.256073236 -0.070733 0.081239 -0.164569 0.001992 -0.095789 -0.049484 0.994169
1757574271.323998213 -0.079764 0.073972 -0.112446 -0.005384 -0.101200 0.014228 0.994750
1757574271.323998213 -0.053474 0.070957 -0.162889 0.000113 -0.095192 -0.047674 0.994317
1757574271.325049639 -0.053523 0.070833 -0.162084 -0.000000 -0.095277 -0.046688 0.994355
1757574271.351827621 -0.056015 0.067813 -0.141381 -0.000145 -0.097633 -0.024895 0.994911
1757574271.351827621 -0.042388 0.053510 -0.166087 -0.001591 -0.092915 -0.040642 0.994843
1757574271.352767229 -0.042432 0.053399 -0.165368 -0.001593 -0.092997 -0.039877 0.994866
1757574271.415914774 -0.049080 0.050395 -0.115918 0.003288 -0.103179 -0.007100 0.994632
1757574271.415914774 -0.009399 0.032802 -0.157871 -0.000664 -0.090653 -0.030120 0.995427
1757574271.417557478 -0.009476 0.032611 -0.156614 -0.000532 -0.090918 -0.029268 0.995428
1757574271.452476501 -0.012185 0.031846 -0.130095 -0.001177 -0.100781 -0.025426 0.994583
1757574271.452476501 0.001232 0.013756 -0.150417 0.002546 -0.089827 -0.021584 0.995720
1757574271.453595400 0.001181 0.013628 -0.149561 0.002528 -0.090144 -0.021461 0.995694
1757574271.526816607 -0.000111 0.025158 -0.096841 -0.010695 -0.113386 -0.032974 0.992946
1757574271.526816607 0.005282 -0.011697 -0.145722 0.006386 -0.090237 -0.014079 0.995800
1757574271.528547525 0.005205 -0.011890 -0.144399 0.006078 -0.090789 -0.014353 0.995748
1757574271.554097414 0.004441 -0.012542 -0.125047 -0.003193 -0.098929 -0.023878 0.994803
1757574271.554097414 0.012314 -0.009148 -0.145162 0.008955 -0.090700 -0.011017 0.995777
1757574271.555552006 0.012249 -0.009313 -0.144049 0.008429 -0.091165 -0.011560 0.995733
1757574271.630359411 0.013179 -0.000842 -0.089379 -0.030326 -0.110046 -0.048096 0.992299
1757574271.630359411 0.005136 0.002742 -0.143221 0.012539 -0.092582 -0.011806 0.995556
1757574271.632041216 0.005062 0.002552 -0.141936 0.011668 -0.093007 -0.012632 0.995517
1757574271.666099787 0.003668 0.000840 -0.116691 -0.008719 -0.097968 -0.027313 0.994776
1757574271.666099787 -0.002261 0.014642 -0.142644 0.012220 -0.094087 -0.014850 0.995378
1757574271.667979956 -0.002346 0.014426 -0.141207 0.011095 -0.094359 -0.015662 0.995353
1757574271.739950657 -0.010208 0.006287 -0.092895 -0.029369 -0.100117 -0.037651 0.993829
1757574271.739950657 -0.021300 0.027793 -0.143487 0.008589 -0.095009 -0.020804 0.995222
1757574271.741164923 -0.021357 0.027650 -0.142560 0.007906 -0.095105 -0.021175 0.995211
1757574271.769242048 -0.023912 0.022644 -0.121977 -0.001380 -0.096456 -0.023683 0.995055
1757574271.769242048 -0.027142 0.037383 -0.145608 0.002832 -0.094486 -0.026398 0.995172
1757574271.770397186 -0.027197 0.037244 -0.144726 0.002449 -0.094540 -0.026501 0.995165
1757574271.840939522 -0.039217 0.015382 -0.092586 -0.000637 -0.100320 -0.017985 0.994792
1757574271.840939522 -0.019197 0.043148 -0.146763 -0.001108 -0.094580 -0.026428 0.995166
1757574271.842124224 -0.019254 0.043004 -0.145857 -0.001159 -0.094676 -0.026284 0.995160
1757574271.875991106 -0.021245 0.035668 -0.119859 0.002447 -0.097142 -0.023095 0.995000
1757574271.875991106 -0.026520 0.035763 -0.146363 -0.003196 -0.096887 -0.023225 0.995019
1757574271.877159595 -0.026573 0.035622 -0.145469 -0.003072 -0.096971 -0.023114 0.995014
1757574271.952316761 -0.027425 0.011891 -0.085615 0.013642 -0.091328 -0.025413 0.995403
1757574271.952316761 -0.046441 0.044369 -0.147714 -0.003937 -0.098798 -0.025041 0.994785
1757574271.953604698 -0.046499 0.044213 -0.146728 -0.003651 -0.098702 -0.025080 0.994794
1757574271.987226248 -0.047958 0.037909 -0.120697 0.004998 -0.093185 -0.023412 0.995361
1757574271.987226248 -0.058115 0.041749 -0.146816 -0.002852 -0.100968 -0.027123 0.994516
1757574271.988363028 -0.058167 0.041613 -0.145946 -0.002560 -0.100782 -0.027066 0.994537
1757574272.058492661 -0.058193 0.026466 -0.092124 0.013010 -0.082037 -0.018185 0.996378
1757574272.058492661 -0.075221 0.043518 -0.146211 -0.000193 -0.102994 -0.028196 0.994282
1757574272.059952497 -0.075286 0.043343 -0.145094 0.000131 -0.102605 -0.028009 0.994328
1757574272.092592955 -0.076583 0.038200 -0.120300 0.005021 -0.091171 -0.023195 0.995552
1757574272.092592955 -0.077522 0.040852 -0.145629 0.001919 -0.103398 -0.030085 0.994183
1757574272.093868494 -0.077579 0.040700 -0.144653 0.002111 -0.102953 -0.029896 0.994235
1757574272.165264368 -0.084142 0.027811 -0.091947 0.006883 -0.076997 -0.014321 0.996905
1757574272.165264368 -0.060783 0.044197 -0.152231 0.001463 -0.103737 -0.029754 0.994159
1757574272.166492462 -0.060840 0.044051 -0.151291 0.001545 -0.103291 -0.029486 0.994213
1757574272.200792074 -0.064284 0.038805 -0.125333 0.002692 -0.091936 -0.022470 0.995508
1757574272.200792074 -0.053278 0.041967 -0.152920 0.001778 -0.102526 -0.028823 0.994311
1757574272.202336311 -0.053352 0.041783 -0.151739 0.001830 -0.102015 -0.028508 0.994373
1757574272.276529789 -0.067727 0.028081 -0.095498 0.001940 -0.083098 -0.015722 0.996415
1757574272.276529789 -0.036379 0.039167 -0.151702 0.001302 -0.101170 -0.027448 0.994490
1757574272.277502298 -0.036425 0.039052 -0.150958 0.001304 -0.100922 -0.027281 0.994519
1757574272.309889555 -0.040246 0.034045 -0.126099 0.001320 -0.094773 -0.023283 0.995226
1757574272.309889555 -0.032823 0.035747 -0.151461 0.001268 -0.099796 -0.026196 0.994662
1757574272.310949326 -0.032874 0.035621 -0.150650 0.001268 -0.099595 -0.026066 0.994686
1757574272.379955530 -0.046614 0.022589 -0.097544 0.000358 -0.091563 -0.020652 0.995585
1757574272.379955530 -0.016506 0.033671 -0.150304 0.000181 -0.098565 -0.024393 0.994832
1757574272.381804228 -0.016598 0.033450 -0.148889 0.000157 -0.098350 -0.024248 0.994856
1757574272.412420988 -0.020161 0.028598 -0.125464 0.000576 -0.096827 -0.023726 0.995018
1757574272.412420988 -0.022117 0.034538 -0.148350 0.002070 -0.096069 -0.023018 0.995106
1757574272.413444042 -0.022166 0.034415 -0.147568 0.002084 -0.096019 -0.023001 0.995112
1757574272.483911991 -0.035038 0.020492 -0.093204 0.003990 -0.097318 -0.024390 0.994946
1757574272.483911991 -0.014243 0.034126 -0.145632 0.002249 -0.094573 -0.022725 0.995256
1757574272.485368967 -0.014313 0.033952 -0.144517 0.002289 -0.094599 -0.022754 0.995253
1757574272.519034863 -0.018094 0.028869 -0.118895 0.002678 -0.097434 -0.023708 0.994956
1757574272.519034863 -0.015523 0.031811 -0.144756 0.002761 -0.093810 -0.022577 0.995330
1757574272.520348072 -0.015586 0.031655 -0.143752 0.002776 -0.093920 -0.022614 0.995319
1757574272.594613552 -0.027462 0.018936 -0.088504 0.001060 -0.102993 -0.024966 0.994368
1757574272.594613552 -0.013562 0.031358 -0.144541 0.003493 -0.093602 -0.022446 0.995351
1757574272.595861673 -0.013621 0.031210 -0.143586 0.003464 -0.093754 -0.022486 0.995335
1757574272.631006479 -0.016725 0.026228 -0.117287 0.001379 -0.098511 -0.023744 0.994852
1757574272.631006479 -0.017967 0.031078 -0.146195 0.004426 -0.093784 -0.022585 0.995327
1757574272.632326126 -0.018028 0.030921 -0.145186 0.004348 -0.093963 -0.022632 0.995309
1757574272.702071667 -0.025933 0.019230 -0.094124 -0.002800 -0.103026 -0.024705 0.994368
1757574272.702071667 -0.026058 0.035292 -0.131965 0.006010 -0.095032 -0.023517 0.995178
1757574272.703675985 -0.026133 0.035101 -0.130738 0.005845 -0.095240 -0.023565 0.995158
1757574272.736217260 -0.028253 0.030198 -0.106483 0.001447 -0.097683 -0.023161 0.994947
1757574272.736217260 -0.034216 0.036886 -0.134770 0.005902 -0.095961 -0.024376 0.995069
1757574272.737296820 -0.034266 0.036757 -0.133945 0.005756 -0.096042 -0.024362 0.995062
1757574272.810095072 -0.041387 0.022115 -0.081585 -0.003477 -0.098867 -0.021184 0.994869
1757574272.810095072 -0.039140 0.043302 -0.137207 0.005867 -0.096473 -0.025925 0.994981
1757574272.811841726 -0.039222 0.043093 -0.135872 0.005645 -0.096541 -0.025849 0.994977
1757574272.840416908 -0.041345 0.038725 -0.114491 0.002090 -0.097024 -0.023231 0.995009
1757574272.840416908 -0.043400 0.044081 -0.139396 0.005458 -0.096641 -0.027119 0.994935
1757574272.841953516 -0.043472 0.043897 -0.138222 0.005266 -0.096667 -0.026978 0.994937
1757574272.918638706 -0.053603 0.027670 -0.082356 -0.002328 -0.097454 -0.016529 0.995100
1757574272.918638706 -0.048084 0.052917 -0.141530 0.005180 -0.096905 -0.029447 0.994844
1757574272.919630766 -0.048130 0.052798 -0.140771 0.005082 -0.096915 -0.029312 0.994848
1757574272.948136806 -0.050403 0.048442 -0.119333 0.002615 -0.096894 -0.023454 0.995015
1757574272.948136806 -0.047407 0.046577 -0.151393 0.001686 -0.098551 -0.031717 0.994625
1757574272.949595213 -0.047476 0.046403 -0.150278 0.001559 -0.098549 -0.031417 0.994635
1757574273.018623590 -0.056367 0.032501 -0.099507 -0.003108 -0.097469 -0.011956 0.995162
1757574273.018623590 -0.050779 0.051348 -0.154469 0.001623 -0.098510 -0.034185 0.994547
1757574273.019951105 -0.050841 0.051189 -0.153454 0.001533 -0.098489 -0.033811 0.994562
1757574273.052138567 -0.053811 0.046373 -0.129305 -0.000782 -0.098030 -0.022462 0.994930
1757574273.052138567 -0.055260 0.051232 -0.155814 0.001447 -0.098041 -0.036159 0.994524
1757574273.053128242 -0.055306 0.051115 -0.155057 0.001376 -0.098027 -0.035810 0.994538
1757574273.121255636 -0.066134 0.039528 -0.104363 -0.002760 -0.098565 -0.006876 0.995103
1757574273.121255636 -0.050958 0.052838 -0.154795 0.001582 -0.097114 -0.037552 0.994563
1757574273.122762918 -0.051030 0.052659 -0.153642 0.001491 -0.097127 -0.036912 0.994586
1757574273.156850815 -0.055194 0.048055 -0.127796 -0.000708 -0.098859 -0.021226 0.994875
1757574273.156850815 -0.050719 0.050860 -0.155979 0.001735 -0.096278 -0.038146 0.994622
1757574273.158680916 -0.050809 0.050642 -0.154579 0.001617 -0.096372 -0.037304 0.994645
1757574273.235089540 -0.066774 0.040211 -0.094068 -0.004290 -0.103162 -0.000695 0.994655
1757574273.235089540 -0.043522 0.051647 -0.150329 0.003119 -0.096812 -0.038142 0.994567
1757574273.236104965 -0.043571 0.051527 -0.149552 0.003040 -0.096904 -0.037656 0.994577
1757574273.269318581 -0.047124 0.047245 -0.123820 -0.000672 -0.099931 -0.021697 0.994758
1757574273.269318581 -0.048009 0.051467 -0.150400 0.003412 -0.096786 -0.038447 0.994557
1757574273.270435333 -0.048062 0.051335 -0.149545 0.003287 -0.096888 -0.037911 0.994568
1757574273.345335484 -0.062452 0.040076 -0.092300 -0.006082 -0.104288 -0.000597 0.994528
1757574273.345335484 -0.045118 0.052793 -0.150873 0.003704 -0.096550 -0.039528 0.994536
1757574273.346418619 -0.045169 0.052665 -0.150044 0.003569 -0.096658 -0.038989 0.994547
1757574273.381065369 -0.048964 0.048160 -0.123840 -0.001395 -0.100558 -0.020764 0.994714
1757574273.381065369 -0.050778 0.055647 -0.151496 0.004022 -0.095972 -0.042950 0.994449
1757574273.382809162 -0.050862 0.055440 -0.150162 0.003772 -0.096169 -0.042033 0.994470
1757574273.458161592 -0.065677 0.044839 -0.096534 -0.008474 -0.107123 0.007965 0.994178
1757574273.458161592 -0.055072 0.059195 -0.152260 0.004244 -0.095178 -0.049117 0.994239
1757574273.459770203 -0.055150 0.059004 -0.151031 0.003982 -0.095414 -0.048051 0.994269
1757574273.494640112 -0.058883 0.054581 -0.125746 -0.002214 -0.101766 -0.017480 0.994652
1757574273.494640112 -0.055327 0.045759 -0.170916 0.003880 -0.091959 -0.053551 0.994314
1757574273.495851755 -0.055384 0.045615 -0.169990 0.003667 -0.092180 -0.052489 0.994351
1757574273.566770792 -0.065686 0.035285 -0.117746 -0.008646 -0.104661 0.020165 0.994266
1757574273.566770792 -0.056563 0.046475 -0.172953 0.003348 -0.092220 -0.056214 0.994145
1757574273.568071127 -0.056624 0.046321 -0.171959 0.003121 -0.092453 -0.054883 0.994198
1757574273.602527857 -0.060101 0.041372 -0.145432 -0.002243 -0.097831 -0.017430 0.995048
1757574273.602527857 -0.057149 0.047122 -0.172938 0.002956 -0.092661 -0.055981 0.994118
1757574273.603804827 -0.057209 0.046970 -0.171961 0.002756 -0.092863 -0.054594 0.994177
1757574273.678501844 -0.068670 0.036311 -0.113682 -0.007282 -0.103375 0.025224 0.994296
1757574273.678501844 -0.054175 0.046827 -0.172044 0.001688 -0.093326 -0.055770 0.994071
1757574273.679952860 -0.054243 0.046655 -0.170934 0.001492 -0.093534 -0.054221 0.994137
1757574273.711903334 -0.056934 0.042866 -0.146142 -0.000976 -0.097043 -0.020460 0.995069
1757574273.711903334 -0.053682 0.046072 -0.170785 -0.000858 -0.093688 -0.052642 0.994209
1757574273.713213205 -0.053744 0.045918 -0.169782 -0.000959 -0.093830 -0.051258 0.994267
1757574273.789079666 -0.062022 0.038158 -0.109222 0.002668 -0.102077 0.018754 0.994596
1757574273.789079666 -0.027770 0.033100 -0.173645 -0.002526 -0.092384 -0.043229 0.994781
1757574273.790518045 -0.027836 0.032930 -0.172544 -0.002454 -0.092542 -0.041902 0.994824
1757574273.825300932 -0.030488 0.031440 -0.146082 -0.000180 -0.099189 -0.023227 0.994798
1757574273.825300932 -0.007143 0.019486 -0.169017 -0.001610 -0.090826 -0.028255 0.995465
1757574273.826261044 -0.007187 0.019374 -0.168282 -0.001543 -0.091009 -0.027740 0.995462
1757574273.896217823 -0.012390 0.024717 -0.114966 -0.005442 -0.111885 -0.026870 0.993343
1757574273.896217823 0.020141 0.005272 -0.161567 0.001929 -0.089585 -0.014802 0.995867
1757574273.897396564 0.020087 0.005136 -0.160665 0.001868 -0.089938 -0.014789 0.995836
1757574273.928830385 0.018375 0.004937 -0.136591 -0.006046 -0.101675 -0.028512 0.994391
1757574273.928830385 0.025263 0.000709 -0.155109 0.006646 -0.089464 -0.006568 0.995946
1757574273.929863930 0.025216 0.000591 -0.154318 0.006389 -0.089851 -0.007021 0.995910
1757574273.996665478 0.022240 0.009017 -0.103808 -0.024320 -0.115290 -0.053516 0.991591
1757574273.996665478 0.022547 -0.007467 -0.149623 0.011014 -0.090581 -0.003217 0.995823
1757574273.998125315 0.022481 -0.007632 -0.148506 0.010345 -0.091139 -0.004238 0.995775
1757574274.028679609 0.020577 -0.008102 -0.125362 -0.008675 -0.100949 -0.027811 0.994465
1757574274.028679609 0.034568 0.032721 -0.159921 0.015022 -0.090210 -0.002377 0.995807
1757574274.029886484 0.034513 0.032582 -0.158998 0.014271 -0.090597 -0.003310 0.995780
1757574274.103451014 0.027227 0.030860 -0.108522 -0.037258 -0.112661 -0.062093 0.990991
1757574274.103451014 0.026458 0.037015 -0.154743 0.013239 -0.091148 -0.005902 0.995732
1757574274.104725838 0.026399 0.036866 -0.153770 0.012346 -0.091534 -0.006922 0.995701
1757574274.134649277 0.024259 0.032074 -0.132560 -0.003610 -0.098881 -0.025859 0.994757
1757574274.134649277 0.014188 0.040212 -0.152836 0.007925 -0.091999 -0.012868 0.995644
1757574274.136189222 0.014116 0.040027 -0.151662 0.007102 -0.092377 -0.013841 0.995603
1757574274.209158182 0.003921 0.015572 -0.102199 -0.008366 -0.108625 -0.037032 0.993358
1757574274.209158182 0.002147 0.052841 -0.154115 0.002278 -0.092401 -0.018393 0.995549
1757574274.210480928 0.002084 0.052680 -0.153105 0.001997 -0.092697 -0.018812 0.995515
1757574274.240564585 0.000376 0.045898 -0.130580 0.002138 -0.099097 -0.023017 0.994809
1757574274.240564585 -0.019810 0.051807 -0.148218 -0.000484 -0.096001 -0.019573 0.995189
1757574274.242224932 -0.019886 0.051602 -0.146949 -0.000476 -0.096355 -0.019804 0.995150
1757574274.320149660 -0.012620 0.021703 -0.082547 0.010216 -0.095237 -0.029193 0.994974
1757574274.320149660 -0.044978 0.051117 -0.131923 -0.001671 -0.098544 -0.023766 0.994847
1757574274.322069407 -0.045059 0.050879 -0.130451 -0.001407 -0.098518 -0.023997 0.994845
1757574274.357053518 -0.044519 0.042844 -0.103024 0.005486 -0.089887 -0.021867 0.995697
1757574274.357053518 -0.067682 0.033332 -0.114345 -0.000599 -0.102360 -0.028439 0.994341
1757574274.358726263 -0.067754 0.033126 -0.113064 -0.000268 -0.101950 -0.028335 0.994386
1757574274.436020613 -0.060233 0.009421 -0.052128 0.014016 -0.066074 -0.011746 0.997647
1757574274.436020613 -0.093978 0.024507 -0.104237 -0.000431 -0.105138 -0.032385 0.993930
1757574274.437274933 -0.094032 0.024355 -0.103277 -0.000198 -0.104558 -0.032115 0.994000
1757574274.469454765 -0.094888 0.018512 -0.078929 0.006729 -0.085582 -0.021603 0.996074
1757574274.469454765 -0.100902 0.010331 -0.099798 0.002649 -0.105470 -0.036028 0.993766
1757574274.471427679 -0.100990 0.010091 -0.098289 0.003078 -0.104312 -0.035380 0.993910
1757574274.543045759 -0.105771 -0.005717 -0.043151 0.010277 -0.059701 -0.002493 0.998160
1757574274.543045759 -0.106616 0.006504 -0.101467 0.003015 -0.105527 -0.038045 0.993684
1757574274.544277906 -0.106673 0.006357 -0.100525 0.003140 -0.104763 -0.037480 0.993786
1757574274.580237865 -0.110039 -0.000457 -0.073077 0.006535 -0.082667 -0.019341 0.996368
1757574274.580237865 -0.106190 0.039162 -0.146255 -0.000701 -0.106563 -0.042542 0.993395
1757574274.581983566 -0.106273 0.038950 -0.144920 -0.000532 -0.105490 -0.041666 0.993547
1757574274.650638580 -0.120767 0.020827 -0.094815 0.010971 -0.069758 0.003584 0.997497
1757574274.650638580 -0.095657 0.042501 -0.155226 -0.002384 -0.104799 -0.044901 0.993476
1757574274.651909351 -0.095719 0.042347 -0.154254 -0.002168 -0.104140 -0.044066 0.993584
1757574274.682881355 -0.099651 0.038642 -0.130505 0.004076 -0.092399 -0.021876 0.995473
1757574274.682881355 -0.088856 0.032964 -0.158749 -0.001319 -0.102219 -0.043337 0.993817
1757574274.683736324 -0.088896 0.032863 -0.158095 -0.001145 -0.101896 -0.042725 0.993876
1757574274.748337030 -0.105578 0.026062 -0.109169 0.007485 -0.086805 -0.001410 0.996196
1757574274.748337030 -0.059202 0.029501 -0.158432 -0.000223 -0.099258 -0.040912 0.994220
1757574274.749362230 -0.059252 0.029380 -0.157648 -0.000085 -0.099020 -0.040257 0.994271
1757574274.778117180 -0.063451 0.025919 -0.135555 0.002113 -0.096539 -0.024274 0.995031
1757574274.778117180 -0.054978 0.030160 -0.164731 0.000088 -0.096490 -0.039343 0.994556
1757574274.779061079 -0.055024 0.030048 -0.164009 0.000161 -0.096409 -0.038819 0.994585
1757574274.849639177 -0.073702 0.021048 -0.110071 0.002710 -0.099895 -0.003615 0.994988
1757574274.849639177 -0.035406 0.052858 -0.152382 0.001722 -0.093370 -0.037806 0.994912
1757574274.850616693 -0.035453 0.052742 -0.151634 0.001759 -0.093420 -0.037319 0.994926
1757574274.875450611 -0.038392 0.049404 -0.132745 0.003244 -0.097637 -0.025830 0.994882
1757574274.875450611 -0.039609 0.052456 -0.151369 0.000631 -0.091671 -0.036771 0.995110
1757574274.876415730 -0.039655 0.052342 -0.150631 0.000689 -0.091834 -0.036325 0.995111
1757574274.941484213 -0.052399 0.041782 -0.101839 0.008066 -0.108392 -0.008788 0.994037
1757574274.941484213 -0.025890 0.049808 -0.150990 -0.001589 -0.090487 -0.035210 0.995274
1757574274.943097591 -0.025969 0.049616 -0.149756 -0.001405 -0.090897 -0.034527 0.995261
1757574274.974711418 -0.029306 0.045336 -0.125820 0.004608 -0.100353 -0.022787 0.994680
1757574274.974711418 -0.024839 0.043638 -0.151628 -0.002871 -0.090004 -0.032212 0.995416
1757574274.975807667 -0.024890 0.043508 -0.150789 -0.002662 -0.090331 -0.031804 0.995400
1757574275.043304920 -0.033789 0.037265 -0.100499 0.012667 -0.112022 -0.014081 0.993525
1757574275.043304920 -0.007562 0.029372 -0.147305 -0.001417 -0.089421 -0.026241 0.995647
1757574275.044585943 -0.007622 0.029222 -0.146325 -0.001124 -0.089832 -0.025906 0.995619
1757574275.083294868 -0.010674 0.027955 -0.117856 0.003783 -0.103795 -0.023649 0.994310
1757574275.083294868 0.013774 0.013115 -0.154712 -0.000034 -0.088506 -0.018121 0.995911
1757574275.084688187 0.013709 0.012955 -0.153648 0.000146 -0.089008 -0.018041 0.995868
1757574275.159451485 0.005580 0.025543 -0.102195 -0.011628 -0.124727 -0.039465 0.991338
1757574275.159451485 0.031428 -0.006676 -0.150575 0.004881 -0.086961 -0.009948 0.996150
1757574275.160453081 0.031382 -0.006791 -0.149810 0.004727 -0.087441 -0.010237 0.996106
1757574275.195642948 0.029281 -0.005770 -0.124101 -0.012285 -0.106833 -0.030943 0.993719
1757574275.195642948 0.031431 -0.009479 -0.146598 0.009865 -0.087252 -0.005129 0.996124
1757574275.197201729 0.031359 -0.009654 -0.145408 0.009116 -0.088113 -0.006051 0.996050
1757574275.270452738 0.027599 -0.001226 -0.095337 -0.044166 -0.126482 -0.061218 0.989092
1757574275.270452738 0.021605 -0.015293 -0.143268 0.014241 -0.088647 -0.005129 0.995948
1757574275.271673918 0.021550 -0.015433 -0.142336 0.013354 -0.089289 -0.006054 0.995898
1757574275.305679798 0.018427 -0.016644 -0.118230 -0.017567 -0.104348 -0.030423 0.993920
1757574275.305679798 0.017877 -0.006548 -0.143351 0.014175 -0.088698 -0.008751 0.995919
1757574275.307346344 0.017798 -0.006739 -0.142080 0.012657 -0.089435 -0.009946 0.995863
1757574275.381729841 0.005468 -0.018696 -0.094656 -0.052796 -0.122509 -0.051469 0.989725
1757574275.381729841 0.038291 0.040305 -0.181560 0.012285 -0.087089 -0.010843 0.996066
1757574275.383537531 0.038204 0.040090 -0.180182 0.010690 -0.087900 -0.011850 0.996001
1757574275.417243481 0.035751 0.032039 -0.155895 -0.011498 -0.102297 -0.027687 0.994302
1757574275.417243481 0.021751 0.052144 -0.175071 0.007386 -0.089082 -0.013568 0.995904
1757574275.418606758 0.021687 0.051977 -0.174030 0.006488 -0.089666 -0.014208 0.995849
1757574275.488045931 0.021805 0.020671 -0.122435 -0.015050 -0.110885 -0.037823 0.992999
1757574275.488045931 -0.006213 0.057050 -0.166283 0.002869 -0.092259 -0.021001 0.995509
1757574275.489636421 -0.006283 0.056850 -0.165067 0.002374 -0.092744 -0.021542 0.995454
1757574275.523523569 -0.005156 0.047382 -0.138752 0.001786 -0.093419 -0.021737 0.995388
1757574275.523523569 -0.036933 0.046406 -0.137326 0.000775 -0.098388 -0.025795 0.994813
1757574275.524699211 -0.036983 0.046262 -0.136426 0.000755 -0.098412 -0.025802 0.994811
1757574275.595116854 -0.027722 0.021683 -0.081089 0.009777 -0.075565 -0.016221 0.996961
1757574275.595116854 -0.067504 0.034702 -0.117211 0.001147 -0.103116 -0.031023 0.994185
1757574275.596688986 -0.067570 0.034509 -0.116008 0.001350 -0.102608 -0.030808 0.994244
1757574275.627959967 -0.067584 0.028358 -0.092062 0.005999 -0.084905 -0.021120 0.996147
1757574275.627959967 -0.071967 0.009142 -0.110121 0.001329 -0.105518 -0.038470 0.993672
1757574275.629304647 -0.072026 0.008979 -0.109093 0.001534 -0.104760 -0.038053 0.993768
1757574275.703494787 -0.080600 -0.008496 -0.056274 0.011326 -0.059695 0.006723 0.998130
1757574275.703494787 -0.077704 0.000239 -0.130411 0.004630 -0.103173 -0.047709 0.993508
1757574275.705010653 -0.077776 0.000056 -0.129253 0.004841 -0.102262 -0.046792 0.993645
1757574275.738917589 -0.084160 -0.002497 -0.103269 0.000937 -0.090241 -0.009652 0.995873
1757574275.738917589 -0.069380 -0.018761 -0.158547 0.008283 -0.096591 -0.059516 0.993509
1757574275.740544558 -0.069464 -0.018950 -0.157302 0.008114 -0.096024 -0.057733 0.993670
1757574275.808408022 -0.093331 -0.028680 -0.105399 -0.014215 -0.095734 0.042794 0.994385
1757574275.808408022 -0.059929 -0.015612 -0.179131 0.008156 -0.090952 -0.067800 0.993511
1757574275.809345961 -0.059975 -0.015723 -0.178413 0.007855 -0.090954 -0.066412 0.993607
1757574275.845271587 -0.067246 -0.022047 -0.151433 -0.004155 -0.100515 -0.005233 0.994913
1757574275.845271587 -0.061470 -0.018712 -0.188935 0.004273 -0.088316 -0.071409 0.993520
1757574275.846478939 -0.061531 -0.018857 -0.188011 0.003873 -0.088635 -0.069354 0.993639
1757574275.921079874 -0.084874 -0.045658 -0.130486 -0.006075 -0.118293 0.062538 0.990989
1757574275.921079874 -0.022660 -0.000832 -0.177703 -0.001624 -0.089411 -0.070296 0.993510
1757574275.922393799 -0.022726 -0.000992 -0.176698 -0.001801 -0.089936 -0.067974 0.993624
1757574275.957934141 -0.027801 -0.009569 -0.150024 0.006851 -0.103143 -0.014151 0.994542
1757574275.957934141 -0.017456 0.015202 -0.166744 -0.003665 -0.092719 -0.060156 0.993867
1757574275.958916664 -0.017503 0.015083 -0.165993 -0.003427 -0.093082 -0.058668 0.993923
1757574276.026752472 -0.025070 0.010501 -0.106488 0.017456 -0.105801 0.015110 0.994119
1757574276.026752472 0.004459 0.032419 -0.164068 -0.003459 -0.093892 -0.048429 0.994398
1757574276.027827263 0.004410 0.032294 -0.163243 -0.003127 -0.094094 -0.047260 0.994436
1757574276.055389404 0.003304 0.030151 -0.140851 0.004887 -0.097844 -0.030653 0.994718
1757574276.055389404 0.014371 0.048092 -0.158029 -0.001161 -0.095679 -0.032875 0.994869
1757574276.056612253 0.014316 0.047950 -0.157091 -0.000804 -0.095841 -0.032138 0.994877
1757574276.129269600 0.016785 0.049236 -0.096282 0.010047 -0.099633 -0.033053 0.994424
1757574276.129269600 0.036489 0.060691 -0.144912 0.003117 -0.098117 -0.017687 0.995013
1757574276.130548000 0.036433 0.060543 -0.143932 0.003309 -0.098181 -0.017703 0.995006
1757574276.162677050 0.036623 0.058743 -0.118748 0.002719 -0.095689 -0.033582 0.994841
1757574276.162677050 0.012104 0.063417 -0.137269 0.004556 -0.097709 -0.007420 0.995177
1757574276.163761139 0.012057 0.063291 -0.136439 0.004535 -0.097625 -0.007955 0.995181
1757574276.230837822 0.014777 0.063357 -0.087031 -0.005875 -0.087121 -0.062661 0.994208
1757574276.230837822 0.021362 0.066838 -0.130309 0.006596 -0.098083 -0.000079 0.995156
1757574276.232059240 0.021308 0.066696 -0.129375 0.006405 -0.097894 -0.001075 0.995176
1757574276.263308525 0.020420 0.064785 -0.106800 -0.001557 -0.092244 -0.033541 0.995170
1757574276.263308525 0.024283 0.064804 -0.129262 0.007918 -0.098058 0.000058 0.995149
1757574276.264291048 0.024239 0.064690 -0.128511 0.007668 -0.097881 -0.000963 0.995168
1757574276.342565298 0.015529 0.064053 -0.077782 -0.018240 -0.083588 -0.078531 0.993234
1757574276.342565298 0.020273 0.057587 -0.131488 0.008647 -0.097442 -0.003231 0.995198
1757574276.343988419 0.020207 0.057421 -0.130402 0.008176 -0.097185 -0.004643 0.995222
1757574276.376698971 0.016831 0.053849 -0.107299 -0.004088 -0.092687 -0.031041 0.995203
1757574276.376698971 0.010566 0.047724 -0.140887 0.005405 -0.096463 -0.011441 0.995256
1757574276.378113270 0.010498 0.047558 -0.139809 0.004875 -0.096269 -0.012583 0.995264
1757574276.447940588 -0.003859 0.030927 -0.091840 -0.009776 -0.091061 -0.042520 0.994889
1757574276.447940588 0.002019 0.043311 -0.156881 0.002899 -0.095145 -0.019949 0.995259
1757574276.449037790 0.001967 0.043179 -0.156043 0.002669 -0.095063 -0.020419 0.995258
1757574276.482992887 -0.002526 0.036989 -0.130513 0.000650 -0.096556 -0.023016 0.995061
1757574276.482992887 -0.012010 0.041935 -0.157920 0.001332 -0.096435 -0.021718 0.995101
1757574276.484931946 -0.012107 0.041699 -0.156438 0.001217 -0.096520 -0.021866 0.995090
1757574276.559006453 -0.017033 0.016733 -0.096429 0.002379 -0.093277 -0.025750 0.995304
1757574276.559006453 -0.041578 0.043370 -0.154347 0.000256 -0.099272 -0.024425 0.994761
1757574276.561042547 -0.041672 0.043118 -0.152787 0.000288 -0.099183 -0.024531 0.994767
1757574276.593586922 -0.042191 0.035897 -0.127512 0.002845 -0.092541 -0.023115 0.995436
1757574276.593586922 -0.060079 0.030761 -0.147534 -0.001009 -0.101990 -0.028348 0.994381
1757574276.595343351 -0.060156 0.030545 -0.146189 -0.000870 -0.101632 -0.028272 0.994420
1757574276.666378975 -0.058326 0.007740 -0.091614 0.009247 -0.077172 -0.014857 0.996864
1757574276.666378975 -0.087657 0.019215 -0.145650 -0.001934 -0.104077 -0.034901 0.993955
1757574276.667656660 -0.087714 0.019060 -0.144672 -0.001750 -0.103639 -0.034660 0.994009
1757574276.707080603 -0.089006 0.010628 -0.115056 0.005319 -0.086140 -0.017669 0.996112
1757574276.707080603 -0.100581 0.028558 -0.160162 -0.001753 -0.104385 -0.038494 0.993790
1757574276.708887815 -0.100662 0.028337 -0.158780 -0.001427 -0.103586 -0.037715 0.993904
1757574276.780670166 -0.106303 0.009968 -0.106827 0.013133 -0.069420 0.000790 0.997501
1757574276.780670166 -0.093610 0.033278 -0.163358 -0.002721 -0.103914 -0.038557 0.993835
1757574276.781830788 -0.093663 0.033139 -0.162471 -0.002485 -0.103363 -0.037936 0.993917
1757574276.811810970 -0.096745 0.028135 -0.140387 0.004468 -0.090499 -0.022487 0.995633
1757574276.811810970 -0.086447 0.031180 -0.167763 -0.003167 -0.102226 -0.038986 0.993992
1757574276.812845707 -0.086496 0.031056 -0.166973 -0.002926 -0.101783 -0.038454 0.994059
1757574276.887599468 -0.104482 0.014946 -0.115906 0.015055 -0.077496 0.001266 0.996878
1757574276.887599468 -0.062654 0.036020 -0.167171 -0.003226 -0.100035 -0.036398 0.994313
1757574276.888940811 -0.062719 0.035860 -0.166147 -0.002903 -0.099600 -0.035686 0.994383
1757574276.926128149 -0.069002 0.029689 -0.138739 0.005817 -0.092363 -0.019556 0.995516
1757574276.926128149 -0.043287 0.039456 -0.172251 -0.004112 -0.097171 -0.031321 0.994766
1757574276.927365065 -0.043348 0.039308 -0.171306 -0.003822 -0.096929 -0.030786 0.994808
1757574276.999089003 -0.064893 0.023640 -0.118589 0.015178 -0.094872 -0.013100 0.995288
1757574276.999089003 -0.004888 0.035214 -0.159564 -0.006255 -0.094953 -0.026157 0.995118
1757574277.000146627 -0.004940 0.035088 -0.158755 -0.005974 -0.094921 -0.025897 0.995130
1757574277.031495571 -0.010101 0.029704 -0.134764 0.003651 -0.097829 -0.023713 0.994914
1757574277.031495571 -0.002096 0.029344 -0.161529 -0.004521 -0.092988 -0.024738 0.995350
1757574277.032670498 -0.002155 0.029203 -0.160630 -0.004160 -0.093096 -0.024657 0.995343
1757574277.103461504 -0.024932 0.023777 -0.099540 0.006480 -0.107626 -0.022570 0.993914
1757574277.103461504 0.002900 0.026540 -0.160698 -0.002406 -0.091211 -0.025700 0.995497
1757574277.105885744 0.002767 0.026258 -0.158835 -0.002042 -0.091710 -0.025631 0.995454
1757574277.134331226 -0.001726 0.022350 -0.136740 -0.000262 -0.100125 -0.023890 0.994688
1757574277.134331226 -0.007397 0.031497 -0.157883 -0.003768 -0.089877 -0.028408 0.995541
1757574277.136245728 -0.007496 0.031269 -0.156418 -0.003650 -0.090444 -0.028290 0.995493
1757574277.215627432 -0.026299 0.010092 -0.098283 0.007657 -0.118327 -0.014822 0.992834
1757574277.215627432 -0.012194 0.041450 -0.155834 -0.005726 -0.089495 -0.031142 0.995484
1757574277.216658115 -0.012243 0.041327 -0.155046 -0.005580 -0.089858 -0.030966 0.995457
1757574277.248370171 -0.015250 0.035437 -0.131701 0.003055 -0.100992 -0.022976 0.994617
1757574277.248370171 -0.019908 0.040077 -0.156610 -0.009992 -0.090207 -0.031576 0.995372
1757574277.249969482 -0.019984 0.039883 -0.155388 -0.009557 -0.090768 -0.031171 0.995338
1757574277.323627234 -0.028618 0.020804 -0.108412 0.025590 -0.114612 -0.010272 0.993028
1757574277.323627234 -0.019057 0.043748 -0.155975 -0.013784 -0.092365 -0.027938 0.995238
1757574277.324806452 -0.019112 0.043606 -0.155075 -0.013221 -0.092746 -0.027601 0.995219
1757574277.357550621 -0.020210 0.040914 -0.129925 0.009283 -0.099830 -0.022830 0.994699
1757574277.357550621 -0.025801 0.026597 -0.162090 -0.011871 -0.094049 -0.024697 0.995190
1757574277.358791828 -0.025857 0.026452 -0.161140 -0.011018 -0.094316 -0.024516 0.995179
1757574277.429436445 -0.022687 0.036757 -0.102373 0.020229 -0.102504 -0.023147 0.994257
1757574277.429436445 -0.035238 0.008355 -0.169306 -0.006690 -0.096364 -0.023309 0.995051
1757574277.430601835 -0.035289 0.008222 -0.168413 -0.006174 -0.096499 -0.023286 0.995042
1757574277.458391666 -0.035044 0.008338 -0.146179 -0.005530 -0.095838 -0.024219 0.995087
1757574277.458391666 -0.037605 0.005985 -0.167767 0.000452 -0.099070 -0.021439 0.994849
1757574277.459435940 -0.037650 0.005866 -0.166967 0.000477 -0.099045 -0.021473 0.994851
1757574277.528750181 -0.030935 0.016380 -0.110553 -0.022649 -0.087272 -0.029057 0.995503
1757574277.528750181 -0.042474 -0.011702 -0.158123 0.006182 -0.100046 -0.020895 0.994744
1757574277.529837132 -0.042521 -0.011826 -0.157290 0.005820 -0.099861 -0.021013 0.994762
1757574277.553041458 -0.044126 -0.012006 -0.139487 -0.007979 -0.093870 -0.023116 0.995284
1757574277.553041458 -0.024313 -0.011388 -0.140240 0.010396 -0.097947 -0.017974 0.994975
1757574277.555474281 -0.024431 -0.011649 -0.138378 0.008947 -0.097324 -0.018189 0.995046
1757574277.629645586 -0.032866 -0.008717 -0.081222 -0.052812 -0.091303 -0.038412 0.993680
1757574277.629645586 -0.011135 -0.013798 -0.132738 0.010806 -0.095747 -0.013249 0.995259
1757574277.630780935 -0.011187 -0.013930 -0.131870 0.009859 -0.095662 -0.013558 0.995273
1757574277.657567501 -0.012308 -0.016931 -0.112140 -0.012229 -0.095729 -0.026151 0.994989
1757574277.657567501 -0.015188 -0.005084 -0.138006 0.007953 -0.096039 -0.010351 0.995292
1757574277.658654213 -0.015237 -0.005212 -0.137176 0.007057 -0.096047 -0.010862 0.995293
1757574277.727040768 -0.013794 -0.018056 -0.093425 -0.035559 -0.092175 -0.048961 0.993903
1757574277.727040768 -0.027664 0.009624 -0.149229 0.003376 -0.097871 -0.011076 0.995132
1757574277.728286028 -0.027719 0.009475 -0.148279 0.002601 -0.097806 -0.011772 0.995132
1757574277.759365082 -0.028397 0.004459 -0.125792 -0.008452 -0.092282 -0.026507 0.995344
1757574277.759365082 -0.018540 0.029803 -0.140172 0.004183 -0.100005 -0.014585 0.994871
1757574277.760430336 -0.018588 0.029676 -0.139358 0.003806 -0.099814 -0.015091 0.994884
1757574277.833494186 -0.026600 0.011407 -0.087745 -0.003072 -0.081221 -0.035408 0.996062
1757574277.833494186 -0.013267 0.038146 -0.140905 -0.000266 -0.099163 -0.017093 0.994924
1757574277.834941864 -0.013335 0.037972 -0.139799 -0.000402 -0.098796 -0.017497 0.994954
1757574277.865939617 -0.017096 0.032874 -0.116507 0.002768 -0.093803 -0.023387 0.995312
1757574277.865939617 -0.001290 0.035472 -0.145571 -0.002040 -0.095942 -0.017570 0.995230
1757574277.867304325 -0.001357 0.035309 -0.144528 -0.001901 -0.095722 -0.017830 0.995247
1757574277.939767122 -0.019027 0.020724 -0.089704 0.008757 -0.098342 -0.031953 0.994601
1757574277.939767122 0.001164 0.036189 -0.148011 -0.002360 -0.093626 -0.019479 0.995414
1757574277.941782951 0.001062 0.035947 -0.146469 -0.002065 -0.093700 -0.019872 0.995400
1757574277.965618610 -0.001174 0.032173 -0.127679 0.001622 -0.097353 -0.023127 0.994980
1757574277.965618610 -0.014359 0.034360 -0.147757 -0.002181 -0.094220 -0.021915 0.995308
1757574277.966886759 -0.014419 0.034208 -0.146785 -0.001985 -0.094415 -0.022088 0.995286
1757574278.043398142 -0.020516 0.018963 -0.087687 0.010289 -0.101385 -0.024497 0.994492
1757574278.043398142 -0.018248 0.032219 -0.158855 -0.004675 -0.093987 -0.023107 0.995294
1757574278.044754982 -0.018311 0.032057 -0.157817 -0.004458 -0.094111 -0.023150 0.995283
1757574278.078282356 -0.020770 0.027305 -0.132279 -0.000054 -0.096427 -0.023760 0.995056
1757574278.078282356 -0.019291 0.028315 -0.157990 -0.003668 -0.094434 -0.022709 0.995265
1757574278.079443693 -0.019345 0.028177 -0.157102 -0.003515 -0.094514 -0.022730 0.995258
1757574278.155448675 -0.027255 0.016494 -0.099155 0.002402 -0.098124 -0.025547 0.994843
1757574278.155448675 -0.018652 0.028514 -0.156290 -0.001948 -0.094492 -0.022897 0.995260
1757574278.157277346 -0.018737 0.028297 -0.154891 -0.001805 -0.094578 -0.022965 0.995251
1757574278.186569214 -0.020942 0.024365 -0.132584 -0.000928 -0.095992 -0.023766 0.995098
1757574278.186569214 -0.019279 0.027060 -0.154688 -0.000593 -0.094300 -0.022942 0.995279
1757574278.187549353 -0.019325 0.026944 -0.153938 -0.000564 -0.094347 -0.022969 0.995274
1757574278.262181997 -0.028179 0.015409 -0.096881 -0.001826 -0.098873 -0.025088 0.994782
1757574278.262181997 -0.022341 0.027467 -0.154142 0.000644 -0.095373 -0.023289 0.995169
1757574278.263283253 -0.022392 0.027336 -0.153299 0.000625 -0.095440 -0.023320 0.995162
1757574278.293399096 -0.024411 0.023200 -0.129965 -0.001091 -0.095569 -0.023813 0.995137
1757574278.293399096 -0.025341 0.026599 -0.153956 0.001091 -0.095652 -0.023341 0.995141
1757574278.294799328 -0.025406 0.026432 -0.152884 0.001011 -0.095658 -0.023364 0.995139
1757574278.370379686 -0.035069 0.013229 -0.094128 -0.004485 -0.095393 -0.024610 0.995125
1757574278.370379686 -0.023220 0.032668 -0.151563 0.001956 -0.095587 -0.023226 0.995148
1757574278.371661425 -0.023280 0.032515 -0.150582 0.001863 -0.095582 -0.023247 0.995148
1757574278.407947063 -0.026570 0.026937 -0.122708 -0.000122 -0.095866 -0.023728 0.995111
1757574278.407947063 -0.023832 0.031216 -0.151567 0.001620 -0.095533 -0.023232 0.995154
1757574278.409254789 -0.023894 0.031060 -0.150567 0.001548 -0.095543 -0.023249 0.995153
1757574278.479641914 -0.032673 0.018546 -0.096919 -0.001525 -0.096282 -0.024285 0.995057
1757574278.479641914 -0.021736 0.032779 -0.151968 0.000684 -0.095218 -0.023746 0.995173
1757574278.481264353 -0.021812 0.032586 -0.150727 0.000613 -0.095235 -0.023770 0.995171
1757574278.519815445 -0.025474 0.026721 -0.121542 -0.000122 -0.096284 -0.023565 0.995075
1757574278.519815445 -0.019893 0.030502 -0.152146 -0.000004 -0.094748 -0.023472 0.995224
1757574278.521594763 -0.019978 0.030290 -0.150785 -0.000037 -0.094797 -0.023463 0.995220
1757574278.593717098 -0.030085 0.017866 -0.097081 -0.000235 -0.098389 -0.024257 0.994852
1757574278.593717098 -0.017045 0.030461 -0.152082 -0.000067 -0.094558 -0.023341 0.995246
1757574278.595189571 -0.017115 0.030285 -0.150956 -0.000071 -0.094632 -0.023357 0.995238
1757574278.628251791 -0.019999 0.025695 -0.125884 -0.000426 -0.096455 -0.023806 0.995053
1757574278.628251791 -0.020491 0.028495 -0.152876 -0.000436 -0.094548 -0.023275 0.995248
1757574278.629951000 -0.020571 0.028293 -0.151577 -0.000454 -0.094641 -0.023298 0.995239
1757574278.703637362 -0.029609 0.015647 -0.096906 -0.000882 -0.098727 -0.024457 0.994814
1757574278.703637362 -0.021066 0.033396 -0.149522 0.000995 -0.095722 -0.023654 0.995126
1757574278.705556393 -0.021157 0.033166 -0.148055 0.000984 -0.095829 -0.023684 0.995116
1757574278.742740393 -0.024374 0.027705 -0.120023 0.001019 -0.097744 -0.023734 0.994928
1757574278.742740393 -0.025129 0.031478 -0.150978 0.000775 -0.096249 -0.023655 0.995076
1757574278.744636536 -0.025219 0.031252 -0.149528 0.000777 -0.096347 -0.023658 0.995066
1757574278.814385653 -0.032359 0.020297 -0.097015 0.000846 -0.097839 -0.023877 0.994915
1757574278.814385653 -0.024295 0.030272 -0.151591 0.000764 -0.096277 -0.023376 0.995080
1757574278.815677643 -0.024355 0.030118 -0.150603 0.000765 -0.096305 -0.023380 0.995077
1757574278.843973875 -0.026649 0.026446 -0.129156 0.000529 -0.096917 -0.023743 0.995009
1757574278.843973875 -0.024931 0.028236 -0.152631 0.000446 -0.096267 -0.023514 0.995078
1757574278.844927788 -0.024976 0.028123 -0.151902 0.000438 -0.096288 -0.023526 0.995075
1757574278.914150000 -0.033103 0.018355 -0.100209 0.000007 -0.097838 -0.023934 0.994915
1757574278.914150000 -0.023180 0.028761 -0.153444 -0.000116 -0.095914 -0.024080 0.995098
1757574278.915324450 -0.023235 0.028622 -0.152545 -0.000123 -0.095940 -0.024087 0.995096
1757574278.944371462 -0.025683 0.024942 -0.130589 0.000076 -0.097062 -0.023572 0.994999
1757574278.944371462 -0.022969 0.026932 -0.154333 -0.000211 -0.095816 -0.023681 0.995117
1757574278.945346832 -0.023015 0.026817 -0.153587 -0.000204 -0.095854 -0.023664 0.995114
1757574279.012346983 -0.031976 0.018796 -0.103205 -0.000429 -0.098857 -0.023803 0.994817
1757574279.012346983 -0.023191 0.031319 -0.150094 0.001728 -0.095866 -0.023396 0.995118
1757574279.013423204 -0.023241 0.031192 -0.149271 0.001724 -0.095914 -0.023399 0.995113
1757574279.041989565 -0.025682 0.027902 -0.127513 0.000994 -0.097325 -0.023361 0.994978
1757574279.041989565 -0.023977 0.030487 -0.150330 0.002024 -0.095539 -0.023472 0.995147
1757574279.043253899 -0.024037 0.030338 -0.149362 0.001991 -0.095602 -0.023471 0.995141
1757574279.115566492 -0.034417 0.022460 -0.095169 -0.001316 -0.100729 -0.023438 0.994637
1757574279.115566492 -0.022138 0.029177 -0.150133 0.002464 -0.095582 -0.023377 0.995144
1757574279.117257595 -0.022218 0.028977 -0.148839 0.002387 -0.095702 -0.023377 0.995133
1757574279.150479317 -0.025193 0.025265 -0.123541 0.000014 -0.098108 -0.023446 0.994900
1757574279.150479317 -0.023342 0.028166 -0.150296 0.002752 -0.095384 -0.023425 0.995161
1757574279.151627779 -0.023396 0.028031 -0.149417 0.002670 -0.095467 -0.023428 0.995153
1757574279.220469475 -0.032929 0.020511 -0.097653 -0.003670 -0.101772 -0.023426 0.994525
1757574279.220469475 -0.018618 0.027675 -0.148848 0.003144 -0.094476 -0.023642 0.995241
1757574279.221646309 -0.018674 0.027536 -0.147948 0.003035 -0.094584 -0.023642 0.995232
1757574279.254301071 -0.021780 0.023844 -0.123439 -0.000717 -0.099352 -0.023401 0.994777
1757574279.254301071 -0.020640 0.026589 -0.148158 0.003231 -0.094279 -0.023824 0.995255
1757574279.255400896 -0.020691 0.026459 -0.147317 0.003104 -0.094440 -0.023816 0.995241
1757574279.326251507 -0.029493 0.018814 -0.095167 -0.006293 -0.106261 -0.022905 0.994054
1757574279.326251507 -0.016459 0.024477 -0.151165 0.003772 -0.091752 -0.024174 0.995481
1757574279.327371597 -0.016511 0.024345 -0.150308 0.003623 -0.091940 -0.024160 0.995465
1757574279.362003088 -0.019021 0.020418 -0.124300 -0.001578 -0.097640 -0.023464 0.994944
1757574279.362003088 -0.019320 0.024705 -0.149508 0.003914 -0.092192 -0.022996 0.995468
1757574279.363084793 -0.019370 0.024577 -0.148680 0.003751 -0.092371 -0.022975 0.995453
1757574279.431184053 -0.025006 0.016897 -0.097796 -0.007318 -0.102092 -0.024905 0.994436
1757574279.431184053 -0.023712 0.024116 -0.149090 0.004297 -0.093159 -0.022910 0.995378
1757574279.432167292 -0.023757 0.024000 -0.148338 0.004137 -0.093300 -0.022938 0.995365
1757574279.464063168 -0.025671 0.020503 -0.124071 -0.001843 -0.096480 -0.023832 0.995048
1757574279.464063168 -0.028354 0.023250 -0.148629 0.004710 -0.094456 -0.022854 0.995256
1757574279.465376377 -0.028414 0.023096 -0.147625 0.004464 -0.094587 -0.022891 0.995243
1757574279.528905153 -0.032915 0.016327 -0.099214 -0.009425 -0.096898 -0.024869 0.994939
1757574279.528905153 -0.029567 0.024182 -0.147979 0.004881 -0.095090 -0.022822 0.995195
1757574279.530086756 -0.029621 0.024042 -0.147075 0.004622 -0.095133 -0.022859 0.995191
1757574279.564506769 -0.031997 0.019794 -0.121078 -0.003341 -0.095495 -0.023982 0.995135
1757574279.564506769 -0.029509 0.025950 -0.147848 0.004241 -0.095291 -0.022482 0.995186
1757574279.566911697 -0.029622 0.025665 -0.146009 0.003685 -0.095317 -0.022561 0.995184
1757574279.639944077 -0.037453 0.013063 -0.093607 -0.011892 -0.095753 -0.025890 0.994997
1757574279.639944077 -0.021302 0.029040 -0.148169 0.003549 -0.094739 -0.022668 0.995238
1757574279.641211987 -0.021361 0.028889 -0.147200 0.003278 -0.094747 -0.022726 0.995237
1757574279.674074411 -0.024158 0.023520 -0.123040 -0.001703 -0.096548 -0.024024 0.995037
1757574279.674074411 -0.020108 0.030015 -0.151541 0.001965 -0.094163 -0.022911 0.995291
1757574279.676520109 -0.020226 0.029719 -0.149675 0.001594 -0.094297 -0.023007 0.995277
1757574279.749038219 -0.028977 0.012818 -0.098949 -0.005086 -0.100567 -0.025174 0.994599
1757574279.749038219 -0.019640 0.035422 -0.152327 -0.000334 -0.094121 -0.022746 0.995301
1757574279.750362396 -0.019702 0.035263 -0.151316 -0.000456 -0.094236 -0.022785 0.995289
1757574279.784726858 -0.022237 0.029038 -0.125819 -0.000928 -0.097128 -0.024000 0.994982
1757574279.784726858 -0.023856 0.033344 -0.154825 -0.001778 -0.094464 -0.023740 0.995244
1757574279.785670996 -0.023900 0.033231 -0.154103 -0.001792 -0.094543 -0.023773 0.995235
1757574279.849616289 -0.030345 0.019254 -0.105362 0.000498 -0.098266 -0.023458 0.994884
1757574279.849616289 -0.025407 0.035190 -0.155608 -0.002681 -0.095095 -0.023198 0.995194
1757574279.851043940 -0.025474 0.035019 -0.154516 -0.002630 -0.095178 -0.023190 0.995187
1757574279.880540371 -0.027830 0.030283 -0.131576 -0.000678 -0.095702 -0.023726 0.995127
1757574279.880540371 -0.027553 0.033015 -0.156720 -0.003293 -0.095488 -0.023241 0.995154
1757574279.882678747 -0.027655 0.032757 -0.155082 -0.003151 -0.095526 -0.023279 0.995150
1757574279.958056688 -0.038146 0.017013 -0.094010 0.003210 -0.094727 -0.024226 0.995203
1757574279.958056688 -0.027839 0.039333 -0.154538 -0.001938 -0.097528 -0.023323 0.994958
1757574279.959475756 -0.027906 0.039163 -0.153451 -0.001818 -0.097513 -0.023341 0.994959
1757574279.992930412 -0.030776 0.033594 -0.127490 0.001811 -0.095277 -0.023500 0.995172
1757574279.992930412 -0.031754 0.038971 -0.154645 -0.003290 -0.098208 -0.023629 0.994880
1757574279.994244337 -0.031816 0.038814 -0.153639 -0.003147 -0.098120 -0.023636 0.994889
1757574280.061193705 -0.040409 0.024790 -0.102235 0.007710 -0.091309 -0.023010 0.995527
1757574280.061193705 -0.036676 0.037172 -0.152976 -0.002995 -0.099444 -0.024434 0.994739
1757574280.062221050 -0.036724 0.037049 -0.152190 -0.002828 -0.099340 -0.024424 0.994750
1757574280.096626043 -0.039665 0.032978 -0.125277 0.002043 -0.093368 -0.023026 0.995363
1757574280.096626043 -0.037766 0.030173 -0.152526 -0.001401 -0.099793 -0.024477 0.994706
1757574280.098029613 -0.037832 0.030007 -0.151451 -0.001202 -0.099550 -0.024419 0.994732
1757574280.171861649 -0.050796 0.023242 -0.093820 0.003743 -0.085612 -0.022002 0.996079
1757574280.171861649 -0.031138 0.024423 -0.151747 0.000509 -0.099208 -0.024901 0.994755
1757574280.173012018 -0.031193 0.024288 -0.150866 0.000586 -0.098991 -0.024863 0.994778
1757574280.202280998 -0.034353 0.021297 -0.128424 0.000338 -0.094525 -0.023497 0.995245
1757574280.202280998 -0.030077 0.024547 -0.152665 0.001049 -0.098101 -0.025154 0.994858
1757574280.203359365 -0.030128 0.024420 -0.151840 0.001040 -0.097937 -0.025104 0.994875
1757574280.278479338 -0.045853 0.016632 -0.095065 -0.001757 -0.091968 -0.021140 0.995536
1757574280.278479338 -0.023070 0.029797 -0.146033 0.002927 -0.096647 -0.024879 0.995003
1757574280.280011892 -0.023145 0.029617 -0.144861 0.002870 -0.096526 -0.024798 0.995017
1757574280.311405659 -0.026146 0.026225 -0.120822 0.001242 -0.095436 -0.023386 0.995160
1757574280.311405659 -0.028234 0.030453 -0.146219 0.002037 -0.096595 -0.024281 0.995026
1757574280.312479973 -0.028285 0.030326 -0.145397 0.001981 -0.096557 -0.024232 0.995030
1757574280.385082483 -0.037355 0.022518 -0.088241 0.000921 -0.093925 -0.022684 0.995320
1757574280.385082483 -0.025750 0.030590 -0.145949 0.001567 -0.096842 -0.023031 0.995032
1757574280.386212349 -0.025803 0.030457 -0.145084 0.001551 -0.096801 -0.023007 0.995037
1757574280.421416521 -0.028609 0.027113 -0.117344 0.001514 -0.095319 -0.023886 0.995159
1757574280.421416521 -0.030624 0.029930 -0.146257 0.001052 -0.097687 -0.022825 0.994955
1757574280.422681332 -0.030683 0.029781 -0.145288 0.001050 -0.097634 -0.022857 0.994959
1757574280.494145155 -0.035408 0.026306 -0.085900 0.002182 -0.092260 -0.024662 0.995427
1757574280.494145155 -0.030404 0.026721 -0.146400 0.001213 -0.097681 -0.022955 0.994952
1757574280.495202541 -0.030452 0.026597 -0.145590 0.001230 -0.097601 -0.022982 0.994959
1757574280.529472589 -0.032688 0.024219 -0.119400 0.001446 -0.095378 -0.023618 0.995160
1757574280.529472589 -0.021500 0.026325 -0.144747 0.001074 -0.096165 -0.022394 0.995113
1757574280.530904293 -0.021566 0.026159 -0.143652 0.001082 -0.096072 -0.022421 0.995121
1757574280.602489233 -0.027840 0.022300 -0.093570 0.001117 -0.098770 -0.025751 0.994776
1757574280.602489233 -0.015451 0.023769 -0.148611 0.000156 -0.093286 -0.021158 0.995415
1757574280.603637218 -0.015504 0.023634 -0.147734 0.000157 -0.093329 -0.021211 0.995409
1757574280.633274555 -0.017484 0.020622 -0.126331 0.000668 -0.097396 -0.023623 0.994965
1757574280.633274555 -0.010719 0.025027 -0.148232 -0.000214 -0.091787 -0.019911 0.995580
1757574280.635384083 -0.010818 0.024780 -0.146624 -0.000177 -0.092077 -0.020083 0.995549
1757574280.708337545 -0.017239 0.019143 -0.097881 0.001820 -0.107959 -0.029596 0.993713
1757574280.708337545 -0.005662 0.023119 -0.146633 -0.000226 -0.091189 -0.018275 0.995666
1757574280.710120678 -0.005744 0.022910 -0.145272 -0.000177 -0.091578 -0.018508 0.995626
1757574280.740893126 -0.007383 0.020122 -0.122637 0.000513 -0.099277 -0.024357 0.994762
1757574280.740893126 -0.007194 0.023006 -0.147601 0.000064 -0.091596 -0.016919 0.995653
1757574280.742395639 -0.007263 0.022830 -0.146453 0.000099 -0.091972 -0.017205 0.995613
1757574280.813694954 -0.011110 0.020037 -0.093500 0.000736 -0.108541 -0.034041 0.993509
1757574280.813694954 -0.008116 0.020532 -0.145902 0.000837 -0.092820 -0.015726 0.995558
1757574280.814908504 -0.008171 0.020390 -0.144974 0.000848 -0.093102 -0.016013 0.995527
1757574280.850558043 -0.010069 0.017795 -0.117420 0.000222 -0.099351 -0.025861 0.994716
1757574280.850558043 -0.009355 0.021982 -0.146027 0.001596 -0.093903 -0.013872 0.995483
1757574280.851802349 -0.009412 0.021837 -0.145075 0.001575 -0.094121 -0.014216 0.995458
1757574280.922480345 -0.015617 0.018935 -0.088983 -0.002289 -0.102899 -0.038705 0.993936
1757574280.922480345 -0.009246 0.031198 -0.144299 0.002065 -0.095115 -0.011524 0.995397
1757574280.924216986 -0.009327 0.030996 -0.142969 0.001972 -0.095332 -0.012126 0.995370
1757574280.959608555 -0.012178 0.027844 -0.115210 -0.000120 -0.098880 -0.028140 0.994701
1757574280.959608555 -0.009412 0.038681 -0.141793 0.001551 -0.096095 -0.007214 0.995345
1757574280.960707664 -0.009463 0.038552 -0.140951 0.001487 -0.096206 -0.007711 0.995330
1757574281.026437283 -0.015992 0.031954 -0.087717 -0.000668 -0.099629 -0.047977 0.993867
1757574281.026437283 -0.007699 0.045026 -0.140292 0.001061 -0.096928 -0.002617 0.995287
1757574281.027665854 -0.007756 0.044882 -0.139351 0.001022 -0.096995 -0.003370 0.995279
1757574281.057040215 -0.009868 0.041337 -0.116535 0.000671 -0.097296 -0.026060 0.994914
1757574281.057040215 -0.008995 0.047668 -0.138965 0.001468 -0.096947 -0.000469 0.995288
1757574281.058991432 -0.009087 0.047437 -0.137470 0.001445 -0.096969 -0.001977 0.995284
1757574281.131153107 -0.017855 0.036328 -0.082383 -0.000963 -0.097861 -0.062348 0.993245
1757574281.131153107 -0.009815 0.051215 -0.139449 0.000834 -0.097010 -0.000404 0.995283
1757574281.132435799 -0.009875 0.051063 -0.138467 0.000791 -0.097030 -0.001478 0.995280
1757574281.159652233 -0.011543 0.046963 -0.117811 0.000713 -0.097291 -0.023992 0.994966
1757574281.159652233 -0.014394 0.051309 -0.138700 -0.000408 -0.097502 -0.002924 0.995231
1757574281.160884142 -0.014451 0.051161 -0.137758 -0.000411 -0.097516 -0.003943 0.995226
1757574281.235099792 -0.017357 0.034373 -0.083133 0.004777 -0.095488 -0.056499 0.993814
1757574281.235099792 -0.017799 0.054178 -0.144468 -0.002152 -0.096966 -0.007545 0.995257
1757574281.236441135 -0.017860 0.054017 -0.143443 -0.002059 -0.096934 -0.008495 0.995252
1757574281.266116858 -0.019058 0.049561 -0.120947 0.001158 -0.095460 -0.024421 0.995133
1757574281.266116858 -0.021743 0.045832 -0.144862 -0.002167 -0.097401 -0.012334 0.995166
1757574281.267427921 -0.021803 0.045675 -0.143859 -0.002024 -0.097336 -0.013037 0.995164
1757574281.339713573 -0.024272 0.034328 -0.089829 0.005777 -0.091241 -0.038978 0.995049
1757574281.339713573 -0.030107 0.037935 -0.144416 -0.000853 -0.097911 -0.017215 0.995046
1757574281.341530800 -0.030189 0.037719 -0.143026 -0.000656 -0.097758 -0.017867 0.995050
1757574281.376376629 -0.031661 0.033623 -0.116483 0.001253 -0.093651 -0.024077 0.995313
1757574281.376376629 -0.030317 0.032608 -0.144928 0.000826 -0.097613 -0.019157 0.995040
1757574281.377624750 -0.030374 0.032461 -0.143973 0.000894 -0.097466 -0.019380 0.995050
1757574281.451450586 -0.037300 0.025697 -0.088471 -0.000298 -0.089829 -0.029756 0.995513
1757574281.451450586 -0.026518 0.027241 -0.145015 0.002334 -0.096670 -0.020310 0.995106
1757574281.452514172 -0.026567 0.027116 -0.144201 0.002317 -0.096560 -0.020459 0.995114
1757574281.480872393 -0.028645 0.024075 -0.122696 0.000191 -0.095001 -0.023595 0.995198
1757574281.480872393 -0.028399 0.026310 -0.145659 0.003256 -0.096544 -0.021322 0.995095
1757574281.482624531 -0.028482 0.026104 -0.144319 0.003125 -0.096447 -0.021516 0.995101
1757574281.551106930 -0.034463 0.019706 -0.091878 -0.004765 -0.093091 -0.026431 0.995295
1757574281.551106930 -0.034009 0.025893 -0.139254 0.005101 -0.097178 -0.022167 0.995007
1757574281.552180767 -0.034058 0.025766 -0.138432 0.004977 -0.097125 -0.022244 0.995011
1757574281.583445787 -0.035932 0.022458 -0.114298 0.000053 -0.095266 -0.023285 0.995179
1757574281.583445787 -0.037168 0.025650 -0.139688 0.005403 -0.097690 -0.022211 0.994954
1757574281.585034609 -0.037241 0.025464 -0.138471 0.005153 -0.097596 -0.022264 0.994964
1757574281.652886868 -0.042558 0.018105 -0.085579 -0.006626 -0.091569 -0.024665 0.995471
1757574281.652886868 -0.039782 0.026210 -0.139615 0.005568 -0.098862 -0.021919 0.994844
1757574281.654119015 -0.039839 0.026065 -0.138672 0.005355 -0.098753 -0.021962 0.994855
1757574281.683403492 -0.041482 0.022567 -0.116167 -0.000009 -0.094405 -0.023252 0.995262
1757574281.683403492 -0.044096 0.028377 -0.139400 0.005213 -0.099932 -0.021110 0.994757
1757574281.684591055 -0.044151 0.028237 -0.138492 0.004996 -0.099756 -0.021163 0.994774
1757574281.755491018 -0.048554 0.016455 -0.086229 -0.007323 -0.085513 -0.026511 0.995957
1757574281.755491018 -0.047153 0.026581 -0.140201 0.005164 -0.099254 -0.025273 0.994728
1757574281.756747484 -0.047211 0.026432 -0.139240 0.004947 -0.099001 -0.025368 0.994752
1757574281.790263414 -0.049346 0.020870 -0.114844 -0.000948 -0.094081 -0.022150 0.995318
1757574281.790263414 -0.041963 0.024582 -0.140825 0.004465 -0.098057 -0.031454 0.994674
1757574281.791533947 -0.042022 0.024430 -0.139854 0.004243 -0.097869 -0.031332 0.994697
1757574281.863811255 -0.049056 0.003809 -0.090595 -0.006432 -0.091863 -0.006833 0.995727
1757574281.863811255 -0.052242 0.030559 -0.145979 0.004275 -0.097240 -0.039541 0.994466
1757574281.865128994 -0.052303 0.030399 -0.144973 0.004082 -0.097130 -0.039095 0.994495
1757574281.894839287 -0.055148 0.025655 -0.124771 -0.000142 -0.096601 -0.020083 0.995121
1757574281.894839287 -0.054638 0.031221 -0.148645 0.001148 -0.097056 -0.041048 0.994431
1757574281.895862103 -0.054686 0.031099 -0.147865 0.001003 -0.097036 -0.040394 0.994460
1757574281.971693516 -0.060621 0.009022 -0.101856 0.000493 -0.096076 0.009260 0.995331
1757574281.971693516 -0.051569 0.039225 -0.148330 -0.001235 -0.097067 -0.041013 0.994432
1757574281.973125935 -0.051635 0.039052 -0.147238 -0.001245 -0.097049 -0.040075 0.994472
1757574282.006392956 -0.054257 0.032359 -0.123293 0.001214 -0.096563 -0.018562 0.995153
1757574282.006392956 -0.043712 0.038326 -0.152014 -0.003050 -0.096280 -0.038260 0.994614
1757574282.007636786 -0.043770 0.038175 -0.151064 -0.002957 -0.096261 -0.037456 0.994647
1757574282.081335068 -0.056756 0.019929 -0.095485 0.008044 -0.098518 0.001277 0.995102
1757574282.081335068 -0.027708 0.040070 -0.152076 -0.004099 -0.095856 -0.032336 0.994861
1757574282.082497597 -0.027763 0.039930 -0.151187 -0.003925 -0.095891 -0.031725 0.994878
1757574282.114922523 -0.031205 0.035032 -0.125471 0.002066 -0.097556 -0.022486 0.994974
1757574282.114922523 -0.022220 0.034507 -0.151061 -0.003074 -0.096399 -0.024429 0.995038
1757574282.116327524 -0.022287 0.034339 -0.149984 -0.002815 -0.096470 -0.024029 0.995042
1757574282.188517332 -0.036326 0.029682 -0.083757 0.006957 -0.097665 -0.024938 0.994882
1757574282.188517332 -0.015884 0.024749 -0.151648 -0.002910 -0.097188 -0.023901 0.994975
1757574282.190559149 -0.015985 0.024511 -0.150077 -0.002634 -0.097222 -0.023926 0.994972
1757574282.227820396 -0.019244 0.021678 -0.117257 -0.000285 -0.097418 -0.024056 0.994953
1757574282.227820396 -0.019271 0.021732 -0.149856 -0.001481 -0.097809 -0.022160 0.994957
1757574282.228926659 -0.019323 0.021602 -0.149006 -0.001411 -0.097815 -0.022164 0.994957
1757574282.299066067 -0.028405 0.019517 -0.084799 -0.001248 -0.096405 -0.027243 0.994969
1757574282.299066067 -0.010298 0.017086 -0.147637 -0.000908 -0.098348 -0.017437 0.994999
1757574282.300908804 -0.010386 0.016873 -0.146220 -0.000904 -0.098311 -0.017571 0.995000
1757574282.338348389 -0.013569 0.013902 -0.116000 -0.001654 -0.096557 -0.027888 0.994935
1757574282.338348389 -0.001199 0.018059 -0.141455 -0.001094 -0.097795 -0.010944 0.995146
1757574282.339729309 -0.001263 0.017897 -0.140397 -0.001122 -0.097731 -0.011325 0.995148
1757574282.412750959 -0.010538 0.011687 -0.085874 -0.002145 -0.096561 -0.049640 0.994086
1757574282.412750959 0.012945 0.019728 -0.136039 -0.001565 -0.096950 -0.005230 0.995274
1757574282.413953304 0.012889 0.019587 -0.135120 -0.001583 -0.096932 -0.005861 0.995272
1757574282.448167562 0.009865 0.015713 -0.110320 -0.001574 -0.097989 -0.030394 0.994722
1757574282.448167562 0.018119 0.020115 -0.133486 -0.002079 -0.096246 -0.002949 0.995351
1757574282.450477600 0.018008 0.019843 -0.131725 -0.002079 -0.096320 -0.004605 0.995338
1757574282.530792475 0.007217 0.010740 -0.078416 -0.000688 -0.101351 -0.067211 0.992578
1757574282.530792475 0.016039 0.023105 -0.136606 -0.000238 -0.094632 -0.002971 0.995508
1757574282.532655954 0.015950 0.022885 -0.135184 -0.000208 -0.094751 -0.004425 0.995491
1757574282.566630602 0.013264 0.018951 -0.110396 0.000699 -0.097310 -0.029823 0.994807
1757574282.566630602 0.009310 0.023250 -0.138222 -0.000170 -0.094692 -0.004658 0.995496
1757574282.568596363 0.009217 0.023018 -0.136721 -0.000118 -0.094842 -0.006127 0.995473
1757574282.641444921 0.001290 0.015195 -0.083638 0.001713 -0.099362 -0.055017 0.993528
1757574282.641444921 0.003396 0.022614 -0.139445 -0.000025 -0.095153 -0.006863 0.995439
1757574282.642928839 0.003327 0.022439 -0.138311 0.000012 -0.095247 -0.007860 0.995423
1757574282.676067829 0.000737 0.018762 -0.112948 0.000577 -0.096533 -0.027337 0.994954
1757574282.676067829 0.000225 0.023190 -0.141160 -0.000102 -0.095461 -0.008849 0.995394
1757574282.677117825 0.000177 0.023067 -0.140356 -0.000084 -0.095502 -0.009466 0.995384
1757574282.745314837 -0.007914 0.015714 -0.086816 0.001252 -0.097100 -0.044893 0.994261
1757574282.745314837 -0.001312 0.023206 -0.142582 -0.000585 -0.095472 -0.009893 0.995383
1757574282.746296406 -0.001357 0.023090 -0.141831 -0.000565 -0.095496 -0.010404 0.995375
1757574282.781041622 -0.004496 0.019026 -0.114999 0.000588 -0.096248 -0.027222 0.994985
1757574282.781041622 -0.003535 0.024581 -0.142738 -0.001304 -0.095431 -0.010172 0.995383
1757574282.782665014 -0.003612 0.024389 -0.141496 -0.001250 -0.095467 -0.010958 0.995371
1757574282.853575945 -0.012900 0.015436 -0.087239 0.002935 -0.096455 -0.044798 0.994324
1757574282.853575945 -0.003159 0.030916 -0.138869 -0.000912 -0.097834 -0.009600 0.995156
1757574282.854635000 -0.003209 0.030791 -0.138059 -0.000849 -0.097849 -0.010105 0.995150
1757574282.889440775 -0.006309 0.026492 -0.111662 0.002095 -0.098306 -0.027238 0.994781
1757574282.889440775 -0.003243 0.031029 -0.139575 -0.001333 -0.097539 -0.008997 0.995190
1757574282.890936375 -0.003313 0.030852 -0.138431 -0.001207 -0.097560 -0.009734 0.995181
1757574282.963124514 -0.013379 0.021763 -0.085672 0.005788 -0.100133 -0.046900 0.993851
1757574282.963124514 -0.001016 0.030670 -0.138498 -0.001579 -0.097199 -0.008473 0.995228
1757574282.965273619 -0.001120 0.030416 -0.136855 -0.001371 -0.097278 -0.009580 0.995210
1757574283.002256155 -0.004555 0.026042 -0.109389 0.002262 -0.099060 -0.029336 0.994646
1757574283.002256155 -0.001851 0.029174 -0.138961 -0.001452 -0.096704 -0.008179 0.995279
1757574283.003532410 -0.001911 0.029023 -0.137985 -0.001327 -0.096766 -0.008861 0.995267
1757574283.073575974 -0.011184 0.021220 -0.086812 0.004647 -0.101621 -0.047031 0.993700
1757574283.073575974 -0.000208 0.028153 -0.138977 -0.001056 -0.096356 -0.008184 0.995313
1757574283.074903011 -0.000271 0.027996 -0.137963 -0.000943 -0.096449 -0.008908 0.995298
1757574283.109515190 -0.003280 0.024137 -0.112048 0.001313 -0.099301 -0.027708 0.994671
1757574283.109515190 -0.001602 0.027301 -0.139752 -0.000782 -0.096252 -0.008294 0.995322
1757574283.110723495 -0.001659 0.027158 -0.138828 -0.000703 -0.096352 -0.008951 0.995307
1757574283.188891411 -0.011209 0.018382 -0.081738 0.003474 -0.102765 -0.051151 0.993383
1757574283.188891411 -0.010452 0.029063 -0.145220 -0.002981 -0.095860 -0.008984 0.995350
1757574283.190304041 -0.010519 0.028897 -0.144140 -0.002906 -0.095980 -0.009747 0.995331
1757574283.215308428 -0.012319 0.026079 -0.125150 -0.002016 -0.097832 -0.022869 0.994938
1757574283.215308428 -0.012801 0.030179 -0.147006 -0.002920 -0.096037 -0.009171 0.995331
1757574283.217099190 -0.012886 0.029968 -0.145637 -0.002856 -0.096170 -0.010110 0.995309
1757574283.288110256 -0.020852 0.022478 -0.091887 -0.000896 -0.099925 -0.047290 0.993870
1757574283.288110256 -0.011400 0.030329 -0.147118 -0.002770 -0.096139 -0.009202 0.995322
1757574283.289204836 -0.011450 0.030200 -0.146280 -0.002740 -0.096198 -0.009775 0.995310
1757574283.321111679 -0.013992 0.026648 -0.121930 -0.002059 -0.097611 -0.026433 0.994871
1757574283.321111679 -0.013493 0.030916 -0.148054 -0.002775 -0.096310 -0.009276 0.995304
1757574283.322183132 -0.013543 0.030790 -0.147234 -0.002752 -0.096358 -0.009835 0.995294
1757574283.392086744 -0.021599 0.023448 -0.093797 -0.001430 -0.098239 -0.046200 0.994089
1757574283.392086744 -0.015121 0.029591 -0.148236 -0.002518 -0.096751 -0.009717 0.995258
1757574283.393188000 -0.015173 0.029461 -0.147393 -0.002497 -0.096781 -0.010290 0.995249
1757574283.422082186 -0.017248 0.026374 -0.125168 -0.002319 -0.096581 -0.024835 0.995013
1757574283.422082186 -0.017446 0.028067 -0.147994 -0.002020 -0.096656 -0.010471 0.995261
1757574283.423270941 -0.017502 0.027927 -0.147085 -0.002013 -0.096648 -0.011070 0.995255
1757574283.494722605 -0.025656 0.021729 -0.092554 -0.003409 -0.095759 -0.045012 0.994380
1757574283.494722605 -0.010615 0.029698 -0.143661 0.000032 -0.097270 -0.011723 0.995189
1757574283.495760441 -0.010663 0.029575 -0.142867 0.000012 -0.097257 -0.012216 0.995184
1757574283.528070688 -0.013116 0.026353 -0.118236 -0.001652 -0.096804 -0.026362 0.994953
1757574283.528070688 -0.011976 0.028552 -0.143299 0.000699 -0.097005 -0.012698 0.995203
1757574283.529062748 -0.012022 0.028436 -0.142540 0.000648 -0.096991 -0.013132 0.995198
1757574283.592481375 -0.018403 0.022966 -0.095427 -0.004523 -0.096426 -0.038801 0.994573
1757574283.592481375 -0.011906 0.026195 -0.142377 0.001369 -0.096704 -0.013903 0.995215
1757574283.593568802 -0.011957 0.026067 -0.141545 0.001281 -0.096695 -0.014343 0.995210
1757574283.629644632 -0.014663 0.022430 -0.114576 -0.002777 -0.096653 -0.027370 0.994938
1757574283.629644632 -0.014896 0.025253 -0.141430 0.001920 -0.096704 -0.014559 0.995205
1757574283.631683350 -0.014991 0.025015 -0.139872 0.001690 -0.096702 -0.015295 0.995194
1757574283.705173731 -0.022088 0.019460 -0.086598 -0.008646 -0.095993 -0.040368 0.994526
1757574283.705173731 -0.015568 0.022404 -0.140618 0.002535 -0.097122 -0.015280 0.995152
1757574283.706424952 -0.015626 0.022257 -0.139661 0.002359 -0.097110 -0.015708 0.995147
1757574283.742313623 -0.018013 0.018887 -0.112728 -0.003714 -0.095862 -0.027001 0.995021
1757574283.742313623 -0.019562 0.020816 -0.141173 0.002934 -0.097314 -0.016677 0.995110
1757574283.744171143 -0.019648 0.020599 -0.139753 0.002620 -0.097249 -0.017261 0.995107
1757574283.814562559 -0.026340 0.015404 -0.086525 -0.010959 -0.093920 -0.035296 0.994894
1757574283.814562559 -0.027469 0.023597 -0.136897 0.004200 -0.098344 -0.017652 0.994987
1757574283.815596581 -0.027516 0.023476 -0.136106 0.004001 -0.098295 -0.017918 0.994988
1757574283.846327543 -0.029675 0.020279 -0.112653 -0.002004 -0.096420 -0.024130 0.995046
1757574283.846327543 -0.028915 0.025045 -0.137179 0.003857 -0.098667 -0.019034 0.994931
1757574283.847366810 -0.028963 0.024923 -0.136384 0.003654 -0.098604 -0.019244 0.994934
1757574283.915684938 -0.035939 0.017741 -0.084726 -0.008317 -0.093782 -0.029629 0.995117
1757574283.915684938 -0.030593 0.025993 -0.138043 0.003239 -0.098880 -0.020617 0.994881
1757574283.916768312 -0.030643 0.025865 -0.137215 0.003049 -0.098803 -0.020781 0.994885
1757574283.949741602 -0.033102 0.022033 -0.112141 -0.001816 -0.096273 -0.023845 0.995068
1757574283.949741602 -0.029956 0.026454 -0.138935 0.002614 -0.098561 -0.022218 0.994880
1757574283.951423645 -0.030035 0.026256 -0.137649 0.002366 -0.098431 -0.022375 0.994889
1757574284.024987459 -0.041119 0.016436 -0.083151 -0.006213 -0.094839 -0.024853 0.995163
1757574284.024987459 -0.025634 0.028045 -0.137863 0.002278 -0.098004 -0.022879 0.994920
1757574284.026195049 -0.025690 0.027902 -0.136940 0.002137 -0.097945 -0.022920 0.994926
1757574284.056340218 -0.028046 0.024136 -0.114291 -0.000859 -0.097484 -0.023433 0.994961
1757574284.056340218 -0.028130 0.027967 -0.138422 0.002344 -0.097391 -0.023275 0.994971
1757574284.057414532 -0.028180 0.027840 -0.137601 0.002237 -0.097374 -0.023293 0.994973
1757574284.131799459 -0.037506 0.017097 -0.082310 -0.004586 -0.099102 -0.023643 0.994786
1757574284.131799459 -0.028127 0.027094 -0.147752 -0.000834 -0.096791 -0.023690 0.995022
1757574284.132936239 -0.028180 0.026959 -0.146883 -0.000938 -0.096818 -0.023695 0.995020
1757574284.164782047 -0.030042 0.022632 -0.122635 -0.003437 -0.095792 -0.023700 0.995113
1757574284.164782047 -0.037114 0.026282 -0.151115 -0.000770 -0.098071 -0.024431 0.994879
1757574284.165832758 -0.037162 0.026158 -0.150311 -0.000852 -0.098037 -0.024431 0.994883
1757574284.232183695 -0.039458 0.016235 -0.098710 -0.006297 -0.091752 -0.022295 0.995512
1757574284.232183695 -0.044109 0.027365 -0.153405 -0.000256 -0.099755 -0.024460 0.994711
1757574284.233467817 -0.044168 0.027212 -0.152422 -0.000362 -0.099633 -0.024419 0.994724
1757574284.268891811 -0.045966 0.022107 -0.125283 -0.003718 -0.093517 -0.023359 0.995337
1757574284.268891811 -0.048324 0.026963 -0.154620 0.000150 -0.101615 -0.024854 0.994513
1757574284.270043373 -0.048376 0.026826 -0.153739 0.000041 -0.101416 -0.024820 0.994534
1757574284.343494892 -0.050818 0.012272 -0.097162 -0.007744 -0.081890 -0.021254 0.996385
1757574284.343494892 -0.052392 0.031743 -0.156100 -0.000975 -0.102899 -0.025085 0.994375
1757574284.345103979 -0.052465 0.031550 -0.154869 -0.001145 -0.102472 -0.025008 0.994421
1757574284.376302958 -0.054382 0.026091 -0.131189 -0.002583 -0.092444 -0.023240 0.995443
1757574284.376302958 -0.048999 0.031862 -0.157650 -0.002778 -0.102906 -0.025808 0.994352
1757574284.377848387 -0.049071 0.031676 -0.156468 -0.002849 -0.102409 -0.025722 0.994406
1757574284.452410698 -0.059576 0.013558 -0.099687 -0.000909 -0.079613 -0.019436 0.996636
1757574284.452410698 -0.039457 0.040013 -0.160933 -0.004644 -0.101527 -0.026001 0.994482
1757574284.454250336 -0.039544 0.039790 -0.159526 -0.004596 -0.100965 -0.025847 0.994544
1757574284.490459919 -0.043880 0.033358 -0.131900 -0.000644 -0.092024 -0.022824 0.995495
1757574284.490459919 -0.031752 0.035957 -0.159444 -0.005328 -0.100142 -0.025210 0.994639
1757574284.492427111 -0.031849 0.035719 -0.157939 -0.005114 -0.099657 -0.025046 0.994693
1757574284.562898636 -0.045713 0.024566 -0.101823 0.003570 -0.088814 -0.021953 0.995800
1757574284.562898636 -0.022238 0.031776 -0.155704 -0.004922 -0.098860 -0.024663 0.994783
1757574284.563914061 -0.022286 0.031656 -0.154927 -0.004797 -0.098704 -0.024618 0.994801
1757574284.599096775 -0.026781 0.027295 -0.127252 -0.001178 -0.095420 -0.023518 0.995159
1757574284.599096775 -0.023367 0.028532 -0.152069 -0.004356 -0.097896 -0.024387 0.994888
1757574284.600901365 -0.023456 0.028318 -0.150687 -0.004171 -0.097728 -0.024331 0.994907
1757574284.672532320 -0.038720 0.019845 -0.093542 0.001771 -0.095053 -0.022667 0.995213
1757574284.672532320 -0.012198 0.025717 -0.146130 -0.004066 -0.096508 -0.024034 0.995034
1757574284.674464941 -0.012294 0.025489 -0.144650 -0.003905 -0.096436 -0.023989 0.995042
1757574284.704039335 -0.016243 0.021879 -0.122417 -0.001691 -0.097433 -0.023819 0.994956
1757574284.704039335 -0.012334 0.025528 -0.140958 -0.003951 -0.094922 -0.023972 0.995188
1757574284.705260754 -0.012393 0.025384 -0.140025 -0.003859 -0.094963 -0.023965 0.995185
1757574284.782566547 -0.029028 0.017628 -0.086800 0.001702 -0.103640 -0.023633 0.994333
1757574284.782566547 -0.009577 0.025016 -0.135178 -0.002596 -0.095256 -0.023512 0.995172
1757574284.783748150 -0.009634 0.024877 -0.134275 -0.002511 -0.095389 -0.023507 0.995159
1757574284.816800594 -0.013250 0.021737 -0.110266 -0.001410 -0.100285 -0.023739 0.994675
1757574284.816800594 -0.015414 0.022547 -0.135561 -0.001584 -0.095348 -0.023231 0.995172
1757574284.818537474 -0.015498 0.022344 -0.134235 -0.001526 -0.095605 -0.023243 0.995147
1757574284.892923355 -0.027894 0.018657 -0.083968 -0.003056 -0.106276 -0.024454 0.994031
1757574284.892923355 -0.013599 0.019135 -0.133944 -0.000531 -0.095555 -0.023121 0.995155
1757574284.895180464 -0.013709 0.018873 -0.132222 -0.000578 -0.095879 -0.023158 0.995123
1757574284.928530931 -0.017124 0.016137 -0.108014 -0.002992 -0.100329 -0.023809 0.994665
1757574284.928530931 -0.017056 0.018521 -0.135795 0.000489 -0.096098 -0.022941 0.995107
1757574284.929842710 -0.017118 0.018368 -0.134793 0.000394 -0.096273 -0.022967 0.995090
1757574285.000994444 -0.028239 0.014807 -0.084365 -0.008449 -0.104234 -0.024866 0.994206
1757574285.000994444 -0.015805 0.016984 -0.136909 0.000910 -0.096778 -0.022907 0.995042
1757574285.002047062 -0.015854 0.016861 -0.136105 0.000779 -0.096896 -0.022935 0.995030
1757574285.034347296 -0.019066 0.013755 -0.111938 -0.003996 -0.099609 -0.023817 0.994734
1757574285.034347296 -0.018755 0.018820 -0.139230 0.000813 -0.097354 -0.022967 0.994984
1757574285.036012650 -0.018835 0.018625 -0.137957 0.000567 -0.097494 -0.023013 0.994970
1757574285.107016563 -0.031189 0.012688 -0.084224 -0.009905 -0.101904 -0.024899 0.994433
1757574285.107016563 -0.016204 0.020807 -0.140688 0.001451 -0.096204 -0.022801 0.995099
1757574285.108231783 -0.016261 0.020664 -0.139759 0.001272 -0.096280 -0.022833 0.995092
1757574285.144510984 -0.020807 0.016624 -0.111801 -0.002584 -0.098618 -0.024207 0.994828
1757574285.144510984 -0.021038 0.023001 -0.143006 0.000625 -0.096564 -0.023143 0.995058
1757574285.145487785 -0.021084 0.022886 -0.142259 0.000522 -0.096627 -0.023180 0.995051
1757574285.214900970 -0.030645 0.015389 -0.086654 -0.004753 -0.099783 -0.024800 0.994689
1757574285.214900970 -0.024961 0.023410 -0.146184 0.000299 -0.097788 -0.023117 0.994939
1757574285.216073751 -0.025016 0.023271 -0.145286 0.000210 -0.097841 -0.023145 0.994933
1757574285.248542309 -0.028260 0.019912 -0.120011 -0.002084 -0.097162 -0.024005 0.994977
1757574285.248542309 -0.027319 0.024270 -0.146662 -0.000163 -0.098148 -0.023529 0.994894
1757574285.249651194 -0.027371 0.024139 -0.145813 -0.000241 -0.098124 -0.023559 0.994895
1757574285.319439173 -0.039552 0.017795 -0.092955 -0.003724 -0.096489 -0.024121 0.995035
1757574285.319439173 -0.019849 0.023334 -0.143713 -0.000163 -0.097623 -0.023248 0.994952
1757574285.321049690 -0.019927 0.023145 -0.142481 -0.000243 -0.097585 -0.023261 0.994955
1757574285.351578236 -0.023150 0.020070 -0.119587 -0.001679 -0.098012 -0.023891 0.994897
1757574285.351578236 -0.019850 0.022798 -0.141299 0.000573 -0.096762 -0.023010 0.995041
1757574285.352795362 -0.019908 0.022655 -0.140368 0.000516 -0.096779 -0.023035 0.995039
1757574285.423247576 -0.031629 0.018249 -0.089685 -0.004408 -0.100892 -0.025059 0.994572
1757574285.423247576 -0.011593 0.017196 -0.142251 0.000001 -0.097300 -0.022658 0.994997
1757574285.424374580 -0.011647 0.017064 -0.141389 -0.000078 -0.097366 -0.022691 0.994990
1757574285.459633112 -0.015199 0.014019 -0.115569 -0.004113 -0.100805 -0.024154 0.994605
1757574285.459633112 -0.014691 0.017810 -0.141670 0.000818 -0.096657 -0.022612 0.995060
1757574285.460923195 -0.014752 0.017659 -0.140684 0.000671 -0.096783 -0.022666 0.995047
1757574285.530463457 -0.024726 0.012734 -0.091996 -0.009124 -0.105797 -0.025479 0.994019
1757574285.530463457 -0.010061 0.017925 -0.139477 0.001074 -0.095762 -0.022474 0.995150
1757574285.531812429 -0.010125 0.017767 -0.138446 0.000884 -0.095937 -0.022529 0.995132
1757574285.562139273 -0.012817 0.014590 -0.116076 -0.003423 -0.100984 -0.023940 0.994594
1757574285.562139273 -0.012003 0.020889 -0.141314 0.000967 -0.095109 -0.022470 0.995213
1757574285.563303232 -0.012058 0.020752 -0.140424 0.000802 -0.095302 -0.022524 0.995193
1757574285.637023926 -0.022379 0.012711 -0.087333 -0.008127 -0.108877 -0.025848 0.993686
1757574285.637023926 -0.009886 0.022572 -0.141667 0.000673 -0.094624 -0.022493 0.995259
1757574285.638192654 -0.009941 0.022434 -0.140774 0.000532 -0.094840 -0.022546 0.995237
1757574285.672138214 -0.012842 0.018272 -0.115545 -0.002991 -0.101515 -0.024030 0.994539
1757574285.672138214 -0.015958 0.025447 -0.144657 0.000237 -0.094826 -0.022894 0.995231
1757574285.674387932 -0.016066 0.025181 -0.142939 0.000004 -0.095268 -0.022993 0.995186
1757574285.751014948 -0.022682 0.012516 -0.087292 -0.005086 -0.108308 -0.024937 0.993792
1757574285.751014948 -0.016171 0.024270 -0.156089 -0.001598 -0.094190 -0.023197 0.995283
1757574285.752235174 -0.016228 0.024125 -0.155156 -0.001679 -0.094398 -0.023228 0.995262
1757574285.785800695 -0.017949 0.019982 -0.129451 -0.005811 -0.099242 -0.024091 0.994755
1757574285.785800695 -0.024179 0.019716 -0.158248 0.000378 -0.095098 -0.023386 0.995193
1757574285.788121462 -0.024285 0.019442 -0.156472 0.000093 -0.095433 -0.023447 0.995160
1757574285.860124111 -0.026717 0.009452 -0.097837 -0.015798 -0.100354 -0.024749 0.994518
1757574285.860124111 -0.038345 0.024676 -0.163489 -0.000096 -0.098034 -0.023634 0.994902
1757574285.861179113 -0.038393 0.024551 -0.162681 -0.000329 -0.098106 -0.023654 0.994895
1757574285.895549297 -0.039693 0.019030 -0.135481 -0.005742 -0.094464 -0.023888 0.995225
1757574285.895549297 -0.045872 0.027960 -0.166456 -0.001525 -0.100174 -0.024839 0.994659
1757574285.896721125 -0.045925 0.027820 -0.165558 -0.001710 -0.100050 -0.024848 0.994671
1757574285.969415903 -0.050773 0.012767 -0.105767 -0.007501 -0.082699 -0.021546 0.996313
1757574285.969415903 -0.048263 0.030951 -0.167643 -0.002604 -0.101195 -0.025691 0.994531
1757574285.971232891 -0.048347 0.030733 -0.166251 -0.002749 -0.100761 -0.025609 0.994577
1757574286.004389286 -0.051039 0.025730 -0.140164 -0.004011 -0.090916 -0.023148 0.995581
1757574286.004389286 -0.045410 0.028142 -0.165053 -0.002855 -0.100726 -0.025605 0.994581
1757574286.005641937 -0.045469 0.027992 -0.164093 -0.002903 -0.100354 -0.025512 0.994620
1757574286.077920198 -0.058444 0.016354 -0.107443 -0.004620 -0.080472 -0.020493 0.996535
1757574286.077920198 -0.027371 0.029557 -0.156298 -0.001138 -0.102728 -0.024731 0.994401
1757574286.079076052 -0.027426 0.029420 -0.155413 -0.001166 -0.102410 -0.024650 0.994436
1757574286.112223148 -0.031405 0.025095 -0.130058 -0.002430 -0.095443 -0.023445 0.995156
1757574286.112223148 -0.026391 0.025896 -0.152559 -0.000643 -0.101412 -0.023417 0.994569
1757574286.114416838 -0.026501 0.025635 -0.150881 -0.000727 -0.100951 -0.023337 0.994617
1757574286.189672947 -0.043053 0.015121 -0.095203 -0.005793 -0.090848 -0.024602 0.995544
1757574286.189672947 -0.014103 0.024740 -0.146840 -0.000012 -0.099679 -0.022538 0.994764
1757574286.190736532 -0.014154 0.024614 -0.146027 -0.000084 -0.099536 -0.022555 0.994778
1757574286.223179340 -0.017980 0.020437 -0.121805 -0.002914 -0.097580 -0.023915 0.994936
1757574286.223179340 -0.018841 0.023471 -0.145172 0.000947 -0.098690 -0.022379 0.994866
1757574286.224761486 -0.018918 0.023284 -0.143963 0.000809 -0.098595 -0.022445 0.994874
1757574286.295170784 -0.031077 0.013249 -0.093366 -0.008275 -0.097148 -0.025741 0.994903
1757574286.295170784 -0.017292 0.023365 -0.143303 0.002094 -0.098242 -0.022537 0.994905
1757574286.296636581 -0.017362 0.023191 -0.142182 0.001905 -0.098212 -0.022605 0.994907
1757574286.326324940 -0.020203 0.019229 -0.120200 -0.003221 -0.098063 -0.023841 0.994889
1757574286.326324940 -0.023110 0.023111 -0.143810 0.002887 -0.098195 -0.023054 0.994896
1757574286.327316761 -0.023156 0.022994 -0.143052 0.002716 -0.098190 -0.023096 0.994896
1757574286.401831865 -0.033440 0.009856 -0.091285 -0.012463 -0.097144 -0.024805 0.994883
1757574286.401831865 -0.026312 0.028330 -0.137825 0.005492 -0.098695 -0.022691 0.994844
1757574286.402943134 -0.026364 0.028198 -0.136975 0.005266 -0.098679 -0.022717 0.994846
1757574286.431719542 -0.028723 0.024031 -0.115646 -0.000920 -0.097298 -0.023581 0.994975
1757574286.431719542 -0.029332 0.027177 -0.138300 0.005644 -0.098523 -0.022734 0.994859
1757574286.432908058 -0.029387 0.027035 -0.137392 0.005389 -0.098466 -0.022770 0.994865
1757574286.502877474 -0.040367 0.013529 -0.087853 -0.009729 -0.095821 -0.024531 0.995049
1757574286.502877474 -0.028810 0.031886 -0.137934 0.005396 -0.098249 -0.023898 0.994860
1757574286.504699707 -0.028898 0.031668 -0.136542 0.005003 -0.098180 -0.023944 0.994868
1757574286.539106846 -0.032585 0.026022 -0.111107 -0.002190 -0.097194 -0.023278 0.994991
1757574286.539106846 -0.032305 0.032659 -0.138782 0.004513 -0.097802 -0.025130 0.994878
1757574286.540864468 -0.032390 0.032448 -0.137439 0.004146 -0.097751 -0.025095 0.994886
1757574286.613498688 -0.045648 0.016402 -0.085744 -0.008577 -0.097232 -0.020522 0.995013
1757574286.613498688 -0.030202 0.036589 -0.136753 0.003960 -0.096984 -0.026577 0.994923
1757574286.614849329 -0.030267 0.036427 -0.135721 0.003724 -0.096974 -0.026492 0.994927
1757574286.647006750 -0.033979 0.031297 -0.111839 -0.001234 -0.097973 -0.022878 0.994925
1757574286.647006750 -0.034249 0.034928 -0.136499 0.004704 -0.096254 -0.028214 0.994946
1757574286.648363590 -0.034314 0.034766 -0.135462 0.004495 -0.096296 -0.028062 0.994947
1757574286.720754623 -0.049471 0.021188 -0.082591 -0.009225 -0.101513 -0.015343 0.994673
1757574286.720754623 -0.039860 0.038165 -0.141024 0.005925 -0.096091 -0.030371 0.994891
1757574286.722458363 -0.039944 0.037961 -0.139722 0.005602 -0.096214 -0.030072 0.994891
1757574286.750640154 -0.043162 0.033608 -0.118419 -0.000811 -0.098158 -0.022916 0.994907
1757574286.750640154 -0.047905 0.038482 -0.143357 0.006519 -0.096780 -0.031884 0.994774
1757574286.751819372 -0.047962 0.038341 -0.142455 0.006250 -0.096861 -0.031585 0.994777
1757574286.820432663 -0.062621 0.023562 -0.091720 -0.010603 -0.099598 -0.010619 0.994915
1757574286.820432663 -0.056006 0.042015 -0.146172 0.005592 -0.097752 -0.035124 0.994575
1757574286.821859837 -0.056076 0.041843 -0.145081 0.005241 -0.097808 -0.034689 0.994587
1757574286.855090141 -0.059896 0.038503 -0.119679 -0.000968 -0.097528 -0.020564 0.995020
1757574286.855090141 -0.055688 0.036527 -0.138260 0.012151 -0.094809 -0.038384 0.994681
1757574286.856190205 -0.055740 0.036398 -0.137418 0.011947 -0.094803 -0.037916 0.994702
1757574286.925825834 -0.082632 0.031898 -0.082499 -0.022834 -0.108309 0.000812 0.993855
1757574286.925825834 -0.045894 0.037645 -0.130905 0.015959 -0.091719 -0.043269 0.994716
1757574286.926966190 -0.045952 0.037512 -0.130032 0.015390 -0.091943 -0.042635 0.994732
1757574286.960268259 -0.052190 0.032855 -0.105528 -0.005453 -0.103953 -0.018061 0.994403
1757574286.960268259 -0.054588 0.046175 -0.126340 0.015066 -0.089887 -0.046516 0.994751
1757574286.962454796 -0.054706 0.045914 -0.124671 0.013698 -0.090674 -0.044901 0.994774
1757574287.036511183 -0.076740 0.026058 -0.075901 -0.027612 -0.123811 0.018175 0.991755
1757574287.036511183 -0.061747 0.045778 -0.143017 0.012838 -0.089227 -0.047416 0.994799
1757574287.037661076 -0.061803 0.045640 -0.142139 0.012197 -0.089744 -0.046437 0.994807
1757574287.069746256 -0.066069 0.038944 -0.119443 -0.000739 -0.102980 -0.019164 0.994498
1757574287.069746256 -0.068138 0.045680 -0.146376 0.008191 -0.090530 -0.045955 0.994799
1757574287.071760416 -0.068239 0.045431 -0.144842 0.007379 -0.091357 -0.044241 0.994808
1757574287.143015862 -0.082996 0.021020 -0.099947 -0.004060 -0.114371 0.011274 0.993366
1757574287.143015862 -0.059829 0.049867 -0.143450 0.001571 -0.092151 -0.042597 0.994832
1757574287.144486427 -0.059901 0.049687 -0.142329 0.001335 -0.092623 -0.041450 0.994837
1757574287.174391747 -0.063128 0.043095 -0.121125 0.005487 -0.099949 -0.021989 0.994734
1757574287.174391747 -0.058833 0.047069 -0.146547 -0.006518 -0.093770 -0.038439 0.994830
1757574287.175757885 -0.058899 0.046902 -0.145505 -0.006328 -0.094098 -0.037548 0.994834
1757574287.243118763 -0.067928 0.022146 -0.102011 0.026403 -0.104348 -0.004276 0.994181
1757574287.243118763 -0.052985 0.046043 -0.145366 -0.015259 -0.097104 -0.031495 0.994659
1757574287.244635344 -0.053057 0.045856 -0.144210 -0.014523 -0.097326 -0.030742 0.994672
1757574287.280082226 -0.054963 0.039550 -0.119893 0.016928 -0.096572 -0.023706 0.994900
1757574287.280082226 -0.053129 0.031946 -0.155552 -0.008815 -0.098974 -0.027441 0.994672
1757574287.281239510 -0.053182 0.031808 -0.154669 -0.007788 -0.098949 -0.027209 0.994690
1757574287.351708174 -0.044739 0.048745 -0.078970 0.016659 -0.091723 -0.022375 0.995394
1757574287.351708174 -0.059818 0.007721 -0.155638 -0.001058 -0.099687 -0.026024 0.994678
1757574287.353419304 -0.059889 0.007534 -0.154315 -0.000465 -0.099512 -0.025905 0.994699
1757574287.386578083 -0.057828 0.008321 -0.122817 -0.004330 -0.093222 -0.025369 0.995313
1757574287.386578083 -0.057303 0.017458 -0.149365 0.004815 -0.102267 -0.021627 0.994510
1757574287.388425827 -0.057377 0.017252 -0.147934 0.004598 -0.101918 -0.021596 0.994548
1757574287.461944103 -0.044320 0.019992 -0.071901 -0.024530 -0.076045 -0.035036 0.996187
1757574287.461944103 -0.053763 0.021382 -0.147773 0.006537 -0.104457 -0.015917 0.994381
1757574287.463406324 -0.053823 0.021214 -0.146647 0.005956 -0.103947 -0.016185 0.994433
1757574287.497026920 -0.053225 0.017874 -0.119348 -0.008688 -0.088687 -0.030295 0.995561
1757574287.497026920 -0.036773 0.033241 -0.140053 0.004481 -0.104809 -0.009932 0.994433
1757574287.498665333 -0.036843 0.033049 -0.138796 0.003764 -0.104073 -0.010622 0.994506
1757574287.570915222 -0.036514 0.019780 -0.085279 -0.016064 -0.071378 -0.057914 0.995637
1757574287.570915222 -0.030579 0.037563 -0.140899 0.002398 -0.103211 -0.004999 0.994644
1757574287.571964264 -0.030626 0.037438 -0.140097 0.002107 -0.102742 -0.005687 0.994690
1757574287.605464935 -0.034046 0.035362 -0.118475 -0.003276 -0.093160 -0.033887 0.995069
1757574287.605464935 -0.003710 0.040066 -0.140695 0.000450 -0.099448 0.003747 0.995036
1757574287.606478691 -0.003758 0.039948 -0.139923 0.000281 -0.099163 0.002894 0.995067
1757574287.678090096 -0.013001 0.027988 -0.088532 -0.004966 -0.096150 -0.084905 0.991727
1757574287.678090096 0.049369 0.014208 -0.136245 -0.001781 -0.097417 0.013832 0.995146
1757574287.679581404 0.049299 0.014030 -0.135105 -0.001894 -0.097369 0.012001 0.995174
1757574287.711823702 0.047672 0.010045 -0.111300 -0.001266 -0.100257 -0.035316 0.994334
1757574287.711823702 0.058866 0.002701 -0.133790 -0.002151 -0.097229 0.018009 0.995097
1757574287.713447094 0.058792 0.002509 -0.132550 -0.002119 -0.097382 0.015626 0.995122
1757574287.788312674 0.056378 0.002024 -0.085962 -0.000417 -0.103228 -0.104211 0.989183
1757574287.788312674 0.058746 -0.002737 -0.131420 -0.001247 -0.096979 0.018358 0.995116
1757574287.789301157 0.058701 -0.002852 -0.130666 -0.001225 -0.097064 0.016773 0.995136
1757574287.818952084 0.056466 -0.005745 -0.109310 -0.001717 -0.099879 -0.030750 0.994523
1757574287.818952084 0.051755 0.004670 -0.135330 -0.001182 -0.096767 0.014958 0.995194
1757574287.820014000 0.051706 0.004546 -0.134519 -0.001200 -0.096871 0.013256 0.995208
1757574287.899173737 0.037281 -0.006106 -0.081803 -0.000707 -0.105188 -0.100196 0.989392
1757574287.899173737 0.039950 0.008614 -0.137998 -0.003011 -0.095886 0.008967 0.995347
1757574287.900246859 0.039900 0.008487 -0.137179 -0.003006 -0.096009 0.007427 0.995348
1757574287.930317879 0.036255 0.004147 -0.115276 -0.000608 -0.100839 -0.026129 0.994559
1757574287.930317879 0.028364 0.012531 -0.142215 -0.005071 -0.094188 -0.000636 0.995541
1757574287.931331396 0.028315 0.012411 -0.141441 -0.004994 -0.094355 -0.001766 0.995525
1757574288.004825592 0.012673 -0.003568 -0.087315 0.009312 -0.112373 -0.053627 0.992174
1757574288.004825592 0.003107 0.022045 -0.145080 -0.004923 -0.091991 -0.012336 0.995671
1757574288.005929470 0.003055 0.021913 -0.144236 -0.004712 -0.092265 -0.013116 0.995637
1757574288.041665316 0.000634 0.016363 -0.116172 0.003697 -0.100730 -0.020606 0.994694
1757574288.041665316 -0.027807 0.023876 -0.152064 -0.003974 -0.094850 -0.021590 0.995249
1757574288.042876720 -0.027863 0.023731 -0.151136 -0.003691 -0.095139 -0.021843 0.995217
1757574288.116307735 -0.028626 0.011475 -0.089642 0.010757 -0.097838 -0.017350 0.994993
1757574288.116307735 -0.058762 0.029415 -0.159292 -0.002100 -0.098561 -0.025950 0.994790
1757574288.117490053 -0.058815 0.029275 -0.158386 -0.001868 -0.098606 -0.025876 0.994788
1757574288.147851229 -0.059584 0.024964 -0.135234 0.002492 -0.093453 -0.021665 0.995385
1757574288.147851229 -0.069922 0.031746 -0.158198 -0.000192 -0.100942 -0.029626 0.994451
1757574288.148886442 -0.069969 0.031623 -0.157406 -0.000043 -0.100767 -0.029482 0.994473
1757574288.218887568 -0.071666 0.017083 -0.109152 0.005065 -0.080509 -0.011043 0.996680
1757574288.218887568 -0.082740 0.040313 -0.159141 0.001911 -0.100997 -0.033918 0.994307
1757574288.220822096 -0.082827 0.040080 -0.157665 0.002054 -0.100440 -0.033408 0.994380
1757574288.250871897 -0.084687 0.035299 -0.135734 0.001498 -0.092928 -0.021028 0.995450
1757574288.250871897 -0.083929 0.043996 -0.159661 0.004222 -0.099846 -0.037085 0.994303
1757574288.252573490 -0.084008 0.043791 -0.158362 0.004192 -0.099423 -0.036383 0.994371
1757574288.326664686 -0.097023 0.025955 -0.104654 -0.002889 -0.087607 0.003891 0.996143
1757574288.326664686 -0.078214 0.050458 -0.162406 0.003912 -0.098272 -0.044234 0.994168
1757574288.327799797 -0.078268 0.050322 -0.161538 0.003806 -0.098091 -0.043617 0.994214
1757574288.363341093 -0.082956 0.043897 -0.135205 0.000464 -0.096614 -0.013528 0.995230
1757574288.363341093 -0.079666 0.051507 -0.161913 0.002548 -0.096935 -0.047198 0.994168
1757574288.364537477 -0.079724 0.051363 -0.160998 0.002437 -0.096885 -0.046186 0.994220
1757574288.435797215 -0.097120 0.033197 -0.112050 0.001362 -0.098673 0.020778 0.994902
1757574288.435797215 -0.061123 0.052973 -0.157467 -0.001498 -0.095823 -0.045707 0.994347
1757574288.437289000 -0.061196 0.052793 -0.156328 -0.001519 -0.095859 -0.044306 0.994407
1757574288.461086750 -0.063892 0.048482 -0.138535 0.003052 -0.097612 -0.023814 0.994935
1757574288.461086750 -0.063169 0.049968 -0.157715 -0.007785 -0.095626 -0.042383 0.994484
1757574288.462287903 -0.063227 0.049823 -0.156797 -0.007553 -0.095709 -0.041349 0.994522
1757574288.532212973 -0.075643 0.025678 -0.105632 0.031022 -0.101207 0.007810 0.994351
1757574288.532212973 -0.043416 0.047572 -0.156396 -0.012003 -0.096422 -0.034834 0.994658
1757574288.533582211 -0.043482 0.047405 -0.155349 -0.011248 -0.096524 -0.033871 0.994691
1757574288.558787346 -0.044412 0.046161 -0.133920 0.009031 -0.097092 -0.024032 0.994944
1757574288.558787346 -0.035819 0.031414 -0.158792 -0.007812 -0.096594 -0.026730 0.994934
1757574288.560892344 -0.035913 0.031179 -0.157166 -0.006118 -0.096633 -0.025908 0.994964
1757574288.633175850 -0.039734 0.045171 -0.084861 0.020372 -0.100878 -0.024988 0.994376
1757574288.633175850 -0.027961 0.010350 -0.155176 0.000175 -0.096587 -0.020820 0.995107
1757574288.634680748 -0.028029 0.010182 -0.154018 0.000727 -0.096673 -0.020802 0.995099
1757574288.665431976 -0.027630 0.010754 -0.127192 -0.003467 -0.095912 -0.025831 0.995049
1757574288.665431976 -0.037932 0.012189 -0.148492 0.006998 -0.099830 -0.016649 0.994841
1757574288.666399002 -0.037974 0.012079 -0.147749 0.006867 -0.099806 -0.016807 0.994841
1757574288.738705635 -0.027993 0.017627 -0.083894 -0.023812 -0.083856 -0.039246 0.995420
1757574288.738705635 -0.048108 0.010712 -0.148715 0.009211 -0.102602 -0.014233 0.994578
1757574288.741055250 -0.048202 0.010449 -0.146909 0.008215 -0.102088 -0.014965 0.994629
1757574288.775758982 -0.047491 0.008220 -0.121394 -0.008459 -0.089286 -0.028454 0.995564
1757574288.775758982 -0.041579 0.017325 -0.142054 0.008622 -0.103461 -0.014185 0.994495
1757574288.777786016 -0.041665 0.017091 -0.140507 0.007648 -0.102716 -0.014974 0.994569
1757574288.846328735 -0.044310 0.008838 -0.099328 -0.022161 -0.075414 -0.040321 0.996090
1757574288.846328735 -0.045193 0.026936 -0.137887 0.005024 -0.104110 -0.016470 0.994417
1757574288.848146915 -0.045276 0.026721 -0.136503 0.004235 -0.103389 -0.017146 0.994484
1757574288.885856867 -0.047992 0.020082 -0.112147 -0.003362 -0.087174 -0.026426 0.995837
1757574288.885856867 -0.043374 0.038126 -0.137680 0.000815 -0.103228 -0.022421 0.994405
1757574288.887346506 -0.043444 0.037947 -0.136547 0.000518 -0.102587 -0.022790 0.994463
1757574288.959117413 -0.057883 0.019296 -0.093537 0.005853 -0.075727 -0.022497 0.996858
1757574288.959117413 -0.022700 0.045975 -0.152350 -0.004103 -0.100523 -0.025086 0.994610
1757574288.961200714 -0.022804 0.045721 -0.150765 -0.003947 -0.099745 -0.025081 0.994689
1757574288.990443707 -0.027351 0.040954 -0.129944 0.003909 -0.095569 -0.023226 0.995144
1757574288.990443707 -0.009754 0.034467 -0.148123 -0.006025 -0.096623 -0.023468 0.995026
1757574288.991497755 -0.009805 0.034342 -0.147318 -0.005742 -0.096472 -0.023403 0.995044
1757574289.065867662 -0.031733 0.023187 -0.090513 0.017241 -0.101522 -0.024521 0.994382
1757574289.065867662 -0.002180 0.028786 -0.143584 -0.004810 -0.095670 -0.022441 0.995149
1757574289.067128658 -0.002242 0.028636 -0.142619 -0.004420 -0.095756 -0.022460 0.995142
1757574289.097503662 -0.005669 0.024489 -0.118944 0.003721 -0.098662 -0.023708 0.994832
1757574289.097503662 -0.017411 0.030951 -0.146249 -0.003928 -0.097093 -0.022445 0.995014
1757574289.098604679 -0.017464 0.030820 -0.145406 -0.003633 -0.097199 -0.022490 0.995004
1757574289.171375990 -0.025432 0.017332 -0.087889 0.013932 -0.097071 -0.025150 0.994862
1757574289.171375990 -0.031600 0.037513 -0.153546 -0.002918 -0.099100 -0.024665 0.994767
1757574289.172730207 -0.031663 0.037351 -0.152509 -0.002591 -0.099099 -0.024714 0.994767
1757574289.204365969 -0.033923 0.032270 -0.128465 0.003877 -0.095690 -0.023396 0.995129
1757574289.204365969 -0.039835 0.042275 -0.157698 -0.002535 -0.100360 -0.026806 0.994587
1757574289.205615759 -0.039893 0.042126 -0.156742 -0.002279 -0.100226 -0.026754 0.994602
1757574289.273924589 -0.048075 0.027406 -0.107154 0.009760 -0.089115 -0.018509 0.995802
1757574289.273924589 -0.042892 0.052106 -0.165044 -0.001930 -0.100705 -0.029687 0.994471
1757574289.275042057 -0.042944 0.051973 -0.164190 -0.001733 -0.100524 -0.029552 0.994494
1757574289.307690144 -0.045742 0.046867 -0.140066 0.002641 -0.094268 -0.022454 0.995290
1757574289.307690144 -0.045839 0.051393 -0.165656 -0.001228 -0.100815 -0.031256 0.994413
1757574289.309364557 -0.045919 0.051192 -0.164377 -0.001003 -0.100495 -0.030892 0.994457
1757574289.381371260 -0.057709 0.037492 -0.113875 0.005799 -0.086777 -0.011470 0.996145
1757574289.381371260 -0.039504 0.048784 -0.164693 -0.000756 -0.100938 -0.030814 0.994415
1757574289.382459641 -0.039555 0.048654 -0.163861 -0.000653 -0.100731 -0.030520 0.994445
1757574289.416207552 -0.043302 0.043585 -0.139134 0.001420 -0.094116 -0.022197 0.995313
1757574289.416207552 -0.037266 0.039383 -0.164543 -0.000441 -0.100613 -0.027129 0.994556
1757574289.417853355 -0.037346 0.039187 -0.163286 -0.000341 -0.100290 -0.026723 0.994599
1757574289.488598824 -0.053713 0.026625 -0.113219 0.000799 -0.088238 -0.019935 0.995900
1757574289.488598824 -0.025737 0.032935 -0.159950 0.000151 -0.099931 -0.024030 0.994704
1757574289.489827633 -0.025796 0.032789 -0.159011 0.000170 -0.099722 -0.023912 0.994728
1757574289.520383358 -0.030122 0.028432 -0.136332 -0.000504 -0.095462 -0.024181 0.995139
1757574289.520383358 -0.026814 0.030429 -0.159081 0.000460 -0.099534 -0.023859 0.994748
1757574289.522315741 -0.026913 0.030198 -0.157605 0.000417 -0.099265 -0.023876 0.994774
1757574289.598041296 -0.049440 0.016047 -0.103597 -0.003415 -0.092382 -0.024083 0.995426
1757574289.598041296 -0.014294 0.037031 -0.146647 0.001759 -0.098378 -0.023825 0.994862
1757574289.599095583 -0.014345 0.036905 -0.145841 0.001706 -0.098282 -0.023828 0.994872
1757574289.631977320 -0.019393 0.031249 -0.121784 0.002267 -0.095852 -0.023615 0.995113
1757574289.631977320 -0.018940 0.041100 -0.146520 -0.000416 -0.097223 -0.024047 0.994972
1757574289.632976294 -0.018989 0.040980 -0.145757 -0.000399 -0.097150 -0.024041 0.994979
1757574289.696943283 -0.035759 0.025320 -0.102355 0.008391 -0.095146 -0.023144 0.995159
1757574289.696943283 -0.011345 0.049717 -0.145177 -0.003128 -0.095939 -0.024342 0.995085
1757574289.697957754 -0.011394 0.049595 -0.144402 -0.002989 -0.095908 -0.024328 0.995088
1757574289.721919537 -0.014499 0.045485 -0.127262 0.003582 -0.096050 -0.023999 0.995081
1757574289.721919537 -0.018216 0.047835 -0.148003 -0.004572 -0.095477 -0.024593 0.995117
1757574289.723021746 -0.018270 0.047702 -0.147162 -0.004270 -0.095484 -0.024578 0.995118
1757574289.795271635 -0.037638 0.036191 -0.099057 0.020922 -0.097100 -0.022054 0.994810
1757574289.795271635 -0.007016 0.041828 -0.139002 -0.003515 -0.094150 -0.024473 0.995251
1757574289.796356916 -0.007069 0.041699 -0.138173 -0.003136 -0.094175 -0.024435 0.995251
1757574289.829611540 -0.012202 0.038038 -0.113894 0.006357 -0.096913 -0.023500 0.994995
1757574289.829611540 -0.009167 0.035019 -0.134667 -0.001779 -0.092859 -0.024285 0.995381
1757574289.831109285 -0.009242 0.034843 -0.133524 -0.001352 -0.092983 -0.024243 0.995372
1757574289.900899410 -0.026506 0.030786 -0.083266 0.010803 -0.103826 -0.022621 0.994280
1757574289.900899410 -0.015499 0.021488 -0.142624 0.001926 -0.092263 -0.024084 0.995441
1757574289.902398586 -0.015573 0.021313 -0.141479 0.002187 -0.092496 -0.024050 0.995420
1757574289.935248137 -0.017675 0.021259 -0.113867 -0.002013 -0.097556 -0.023483 0.994951
1757574289.935248137 -0.028454 0.011998 -0.141289 0.007523 -0.093063 -0.024291 0.995335
1757574289.936457872 -0.028509 0.011860 -0.140360 0.007369 -0.093250 -0.024271 0.995320
1757574290.008672953 -0.032702 0.017597 -0.072356 -0.023539 -0.103504 -0.022310 0.994100
1757574290.008672953 -0.028088 0.005766 -0.139448 0.009793 -0.093211 -0.023820 0.995313
1757574290.009934664 -0.028145 0.005621 -0.138479 0.009253 -0.093392 -0.023786 0.995302
1757574290.038212776 -0.029915 0.002998 -0.115927 -0.005523 -0.097282 -0.023719 0.994959
1757574290.038212776 -0.023204 0.015091 -0.129975 0.009928 -0.091923 -0.023357 0.995443
1757574290.040079832 -0.023291 0.014873 -0.128544 0.008953 -0.092181 -0.023351 0.995428
1757574290.114954233 -0.033955 0.003952 -0.071438 -0.026310 -0.107677 -0.025013 0.993523
1757574290.114954233 -0.010387 0.019836 -0.119890 0.008785 -0.089818 -0.022529 0.995665
1757574290.116117716 -0.010442 0.019698 -0.119000 0.008238 -0.090060 -0.022554 0.995647
1757574290.140503883 -0.012533 0.016367 -0.100750 -0.000947 -0.097257 -0.023941 0.994971
1757574290.140503883 -0.009013 0.020275 -0.112300 0.007507 -0.088095 -0.021866 0.995844
1757574290.142548800 -0.009112 0.020031 -0.110738 0.006737 -0.088700 -0.021980 0.995793
1757574290.216017008 -0.020834 0.008411 -0.059712 -0.015411 -0.117261 -0.027982 0.992587
1757574290.216017008 0.005491 0.020861 -0.120816 0.006570 -0.087556 -0.020550 0.995926
1757574290.217481375 0.005422 0.020687 -0.119697 0.006129 -0.088127 -0.020669 0.995876
1757574290.252336502 0.002482 0.016164 -0.093921 -0.002985 -0.103407 -0.025004 0.994320
1757574290.252336502 0.004082 0.019492 -0.120431 0.005712 -0.087243 -0.019737 0.995975
1757574290.253929138 0.004007 0.019304 -0.119215 0.005296 -0.087942 -0.019935 0.995912
1757574290.326114893 -0.002526 0.009526 -0.066653 -0.011383 -0.120497 -0.030368 0.992184
1757574290.326114893 -0.002584 0.020789 -0.123239 0.005462 -0.088053 -0.019598 0.995908
1757574290.327138424 -0.002631 0.020668 -0.122456 0.005226 -0.088515 -0.019747 0.995865
1757574290.357200146 -0.004071 0.016993 -0.099653 -0.001493 -0.101048 -0.024060 0.994590
1757574290.357200146 -0.006960 0.020046 -0.128569 0.005345 -0.089691 -0.020274 0.995749
1757574290.358414412 -0.007015 0.019903 -0.127640 0.005074 -0.090198 -0.020448 0.995701
1757574290.424071074 -0.007424 0.011915 -0.076129 -0.009984 -0.111026 -0.027941 0.993375
1757574290.424071074 -0.021750 0.022914 -0.139962 0.005019 -0.092655 -0.021195 0.995460
1757574290.425095797 -0.021796 0.022793 -0.139177 0.004784 -0.092981 -0.021312 0.995428
1757574290.459312439 -0.022195 0.018574 -0.112393 -0.002608 -0.098980 -0.023942 0.994798
1757574290.459312439 -0.032493 0.025256 -0.150674 0.004329 -0.095581 -0.022139 0.995166
1757574290.460757494 -0.032557 0.025085 -0.149567 0.004017 -0.095834 -0.022251 0.995140
1757574290.535271645 -0.030054 0.015326 -0.088660 -0.010521 -0.099052 -0.025290 0.994705
1757574290.535271645 -0.040453 0.028858 -0.148667 0.005701 -0.096255 -0.022851 0.995078
1757574290.536880016 -0.040524 0.028668 -0.147434 0.005387 -0.096324 -0.022917 0.995072
1757574290.567651510 -0.041027 0.025125 -0.123342 -0.000490 -0.095573 -0.023328 0.995149
1757574290.567651510 -0.043015 0.026888 -0.148222 0.006119 -0.097495 -0.023614 0.994937
1757574290.569094181 -0.043079 0.026718 -0.147117 0.005843 -0.097460 -0.023633 0.994942
1757574290.642453194 -0.042502 0.019757 -0.089435 -0.009869 -0.090965 -0.022536 0.995550
1757574290.642453194 -0.047633 0.025431 -0.149247 0.006596 -0.098332 -0.024139 0.994839
1757574290.643483877 -0.047679 0.025309 -0.148458 0.006375 -0.098240 -0.024124 0.994850
1757574290.671822309 -0.048637 0.022348 -0.126794 -0.000651 -0.094672 -0.023260 0.995237
1757574290.671822309 -0.046517 0.025687 -0.148009 0.006441 -0.098377 -0.024205 0.994834
1757574290.673197508 -0.046579 0.025525 -0.146957 0.006100 -0.098204 -0.024163 0.994854
1757574290.744219065 -0.050125 0.017570 -0.094641 -0.010910 -0.089554 -0.021892 0.995682
1757574290.744219065 -0.040784 0.026935 -0.146078 0.005798 -0.097591 -0.023859 0.994924
1757574290.745223999 -0.040830 0.026816 -0.145310 0.005557 -0.097469 -0.023827 0.994938
1757574290.775635242 -0.042676 0.023138 -0.122591 -0.000723 -0.095118 -0.023267 0.995194
1757574290.775635242 -0.034365 0.022984 -0.141009 0.005949 -0.096040 -0.023187 0.995090
1757574290.777316570 -0.034443 0.022785 -0.139725 0.005602 -0.095910 -0.023155 0.995105
1757574290.845889568 -0.043316 0.027922 -0.105453 -0.009260 -0.096570 -0.023795 0.994999
1757574290.845889568 -0.021364 0.018355 -0.137004 0.004067 -0.094917 -0.022277 0.995228
1757574290.847016335 -0.021416 0.018225 -0.136147 0.003823 -0.094929 -0.022287 0.995227
1757574290.874541759 -0.023651 0.014504 -0.114859 0.000842 -0.097786 -0.023208 0.994936
1757574290.874541759 -0.021755 0.030115 -0.142304 0.003318 -0.094119 -0.022019 0.995312
1757574290.876340866 -0.021841 0.029900 -0.140926 0.003124 -0.094306 -0.022079 0.995294
1757574290.950778723 -0.029750 0.018987 -0.079105 -0.000204 -0.105466 -0.024981 0.994109
1757574290.950778723 -0.027118 0.033389 -0.146631 0.002353 -0.095106 -0.022771 0.995204
1757574290.952364922 -0.027192 0.033201 -0.145415 0.002282 -0.095344 -0.022833 0.995180
1757574290.984283686 -0.028400 0.029306 -0.120348 0.002026 -0.097884 -0.023116 0.994927
1757574290.984283686 -0.035281 0.033321 -0.149267 0.001753 -0.096561 -0.023702 0.995043
1757574290.985787868 -0.035349 0.033143 -0.148115 0.001740 -0.096681 -0.023715 0.995031
1757574291.059906960 -0.035223 0.024981 -0.089971 0.002594 -0.096043 -0.021860 0.995134
1757574291.059906960 -0.042441 0.033373 -0.152468 0.001106 -0.097963 -0.024026 0.994899
1757574291.061262369 -0.042501 0.033213 -0.151431 0.001121 -0.097952 -0.023992 0.994901
1757574291.096512079 -0.043927 0.029028 -0.124605 0.002252 -0.094863 -0.022922 0.995224
1757574291.096512079 -0.041412 0.033225 -0.151806 0.000723 -0.098061 -0.024346 0.994882
1757574291.097806931 -0.041470 0.033072 -0.150815 0.000764 -0.097948 -0.024307 0.994894
1757574291.169661999 -0.047556 0.025972 -0.095988 0.003225 -0.091229 -0.021276 0.995597
1757574291.169661999 -0.033541 0.028269 -0.152048 -0.000009 -0.099518 -0.024656 0.994730
1757574291.170856476 -0.033596 0.028128 -0.151135 0.000032 -0.099406 -0.024606 0.994743
1757574291.200862169 -0.035853 0.025020 -0.128328 0.000743 -0.096977 -0.023515 0.995009
1757574291.200862169 -0.033672 0.026716 -0.152510 0.000225 -0.099138 -0.023820 0.994788
1757574291.202089310 -0.033729 0.026572 -0.151571 0.000254 -0.099039 -0.023776 0.994799
1757574291.268182516 -0.041148 0.021129 -0.101235 0.000262 -0.093903 -0.023685 0.995300
1757574291.268182516 -0.032000 0.025253 -0.151791 0.000969 -0.098840 -0.023964 0.994814
1757574291.269268036 -0.032051 0.025125 -0.150960 0.000969 -0.098755 -0.023963 0.994823
1757574291.292937994 -0.033915 0.022752 -0.132828 0.000155 -0.097067 -0.023644 0.994997
1757574291.292937994 -0.032998 0.024949 -0.151321 0.001493 -0.098841 -0.024097 0.994810
1757574291.293986797 -0.033047 0.024826 -0.150519 0.001457 -0.098766 -0.024083 0.994818
1757574291.361872435 -0.043186 0.020733 -0.098661 -0.003141 -0.092897 -0.023007 0.995405
1757574291.361872435 -0.033806 0.022734 -0.151781 0.001791 -0.099491 -0.023813 0.994752
1757574291.363088608 -0.033863 0.022592 -0.150851 0.001709 -0.099386 -0.023794 0.994763
1757574291.394373894 -0.036602 0.019667 -0.127111 -0.000679 -0.095098 -0.023695 0.995186
1757574291.394373894 -0.036289 0.022790 -0.151682 0.002289 -0.099881 -0.023732 0.994714
1757574291.395497322 -0.036341 0.022658 -0.150822 0.002203 -0.099727 -0.023729 0.994729
1757574291.470388889 -0.050032 0.017019 -0.095871 -0.005956 -0.086810 -0.023909 0.995920
1757574291.470388889 -0.032353 0.026207 -0.149676 0.002865 -0.102016 -0.024298 0.994482
1757574291.471566200 -0.032409 0.026068 -0.148776 0.002737 -0.101813 -0.024301 0.994503
1757574291.503771782 -0.036667 0.022451 -0.124807 -0.000030 -0.096741 -0.023641 0.995029
1757574291.503771782 -0.031460 0.029088 -0.149585 0.000930 -0.100832 -0.023678 0.994621
1757574291.505932331 -0.031570 0.028833 -0.147934 0.000745 -0.100492 -0.023634 0.994657
1757574291.581341028 -0.052544 0.016555 -0.094951 0.002388 -0.093243 -0.024276 0.995345
1757574291.581341028 -0.017600 0.033034 -0.143454 -0.001769 -0.098700 -0.023542 0.994837
1757574291.582632542 -0.017663 0.032881 -0.142467 -0.001741 -0.098576 -0.023553 0.994849
1757574291.613498926 -0.022808 0.028613 -0.119593 0.002830 -0.098625 -0.023598 0.994841
1757574291.613498926 -0.013339 0.032307 -0.140892 -0.002669 -0.096231 -0.023171 0.995086
1757574291.614719152 -0.013400 0.032162 -0.139959 -0.002488 -0.096233 -0.023173 0.995086
1757574291.689896345 -0.032613 0.019031 -0.084299 0.011352 -0.105246 -0.024105 0.994089
1757574291.689896345 -0.006817 0.032013 -0.139205 -0.002621 -0.095115 -0.023055 0.995196
1757574291.692101479 -0.006930 0.031749 -0.137520 -0.002215 -0.095379 -0.023082 0.995171
1757574291.720031500 -0.009861 0.027851 -0.116767 0.002822 -0.100026 -0.023449 0.994704
1757574291.720031500 -0.014035 0.029069 -0.140665 -0.002186 -0.094797 -0.022895 0.995231
1757574291.721158266 -0.014088 0.028935 -0.139804 -0.001983 -0.094985 -0.022910 0.995213
1757574291.795008183 -0.022327 0.017983 -0.089442 0.008575 -0.107307 -0.024521 0.993887
1757574291.795008183 -0.017154 0.031871 -0.134883 -0.000007 -0.094246 -0.022555 0.995293
1757574291.796209097 -0.017210 0.031728 -0.133966 0.000165 -0.094446 -0.022582 0.995274
1757574291.824593544 -0.019039 0.028189 -0.113259 0.001812 -0.099509 -0.023350 0.994761
1757574291.824593544 -0.022481 0.029547 -0.138027 0.001230 -0.094642 -0.022699 0.995252
1757574291.826047659 -0.022548 0.029375 -0.136917 0.001314 -0.094901 -0.022739 0.995226
1757574291.896708488 -0.027787 0.018885 -0.086787 -0.000396 -0.103561 -0.024256 0.994327
1757574291.896708488 -0.026678 0.029003 -0.141880 0.001692 -0.095806 -0.022804 0.995137
1757574291.897838831 -0.026730 0.028869 -0.141016 0.001665 -0.095944 -0.022829 0.995123
1757574291.934425116 -0.028871 0.023554 -0.113823 -0.000561 -0.097850 -0.023524 0.994923
1757574291.934425116 -0.032417 0.028154 -0.148282 0.001866 -0.097601 -0.022841 0.994962
1757574291.935562611 -0.032469 0.028019 -0.147413 0.001797 -0.097660 -0.022863 0.994956
1757574292.003989697 -0.036625 0.016291 -0.096868 -0.004360 -0.093930 -0.024251 0.995274
1757574292.003989697 -0.037433 0.028529 -0.152886 0.001767 -0.099072 -0.022681 0.994820
1757574292.005154848 -0.037487 0.028391 -0.151995 0.001662 -0.099009 -0.022705 0.994826
1757574292.034520864 -0.039351 0.024153 -0.129786 -0.001245 -0.094919 -0.023547 0.995206
1757574292.034520864 -0.039190 0.027711 -0.156458 0.001312 -0.100086 -0.022761 0.994718
1757574292.035781860 -0.039249 0.027560 -0.155493 0.001187 -0.099910 -0.022797 0.994735
1757574292.115313530 -0.049225 0.012001 -0.095570 -0.005647 -0.083976 -0.025045 0.996137
1757574292.115313530 -0.033257 0.031926 -0.154003 0.002065 -0.102189 -0.022741 0.994503
1757574292.116858721 -0.033330 0.031741 -0.152821 0.001932 -0.101880 -0.022784 0.994534
1757574292.148552179 -0.036273 0.026811 -0.128409 -0.000616 -0.093915 -0.023847 0.995294
1757574292.148552179 -0.035698 0.031793 -0.154553 0.002110 -0.102610 -0.022938 0.994455
1757574292.150233507 -0.035779 0.031591 -0.153266 0.001975 -0.102187 -0.022995 0.994497
1757574292.218639612 -0.048048 0.018828 -0.099400 -0.003136 -0.083839 -0.024713 0.996168
1757574292.218639612 -0.027800 0.031645 -0.152455 0.002312 -0.101961 -0.022571 0.994530
1757574292.220626593 -0.027897 0.031407 -0.150934 0.002163 -0.101429 -0.022621 0.994583
1757574292.254411936 -0.032482 0.026329 -0.124864 -0.001023 -0.093679 -0.023978 0.995313
1757574292.254411936 -0.024486 0.029062 -0.149371 0.002164 -0.100618 -0.021508 0.994690
1757574292.255561352 -0.024541 0.028925 -0.148491 0.002056 -0.100354 -0.021554 0.994716
1757574292.324859619 -0.041402 0.015361 -0.095111 -0.003246 -0.089225 -0.027062 0.995639
1757574292.324859619 -0.014448 0.031969 -0.145307 0.001534 -0.099689 -0.020696 0.994802
1757574292.326320410 -0.014520 0.031794 -0.144189 0.001422 -0.099455 -0.020812 0.994823
1757574292.361854553 -0.019992 0.026004 -0.117102 0.000139 -0.095378 -0.024546 0.995138
1757574292.361854553 -0.014728 0.030346 -0.142723 0.000827 -0.098855 -0.019788 0.994905
1757574292.363610983 -0.014816 0.030135 -0.141379 0.000763 -0.098654 -0.019973 0.994921
1757574292.434314966 -0.033973 0.015890 -0.089544 0.001458 -0.094019 -0.029639 0.995128
1757574292.434314966 -0.015975 0.031707 -0.144924 0.000752 -0.098200 -0.019691 0.994972
1757574292.435489655 -0.016032 0.031567 -0.144026 0.000763 -0.098123 -0.019852 0.994976
1757574292.465394258 -0.020394 0.026893 -0.121958 0.003031 -0.097290 -0.023893 0.994965
1757574292.465394258 -0.020476 0.030557 -0.144266 -0.000587 -0.097613 -0.019907 0.995025
1757574292.467130184 -0.020565 0.030348 -0.142940 -0.000456 -0.097565 -0.020141 0.995025
1757574292.539840460 -0.040272 0.014863 -0.093737 0.010825 -0.097745 -0.029024 0.994729
1757574292.539840460 -0.011261 0.033407 -0.137977 -0.002077 -0.096338 -0.019826 0.995149
1757574292.541258812 -0.011332 0.033237 -0.136894 -0.001857 -0.096342 -0.020000 0.995146
1757574292.574620247 -0.016511 0.028112 -0.113519 0.006026 -0.098509 -0.024250 0.994822
1757574292.574620247 -0.015077 0.032034 -0.139206 -0.003166 -0.096043 -0.019944 0.995172
1757574292.576629877 -0.015180 0.031792 -0.137676 -0.002691 -0.096174 -0.020200 0.995156
1757574292.649547815 -0.033686 0.018248 -0.092089 0.018909 -0.101437 -0.029029 0.994239
1757574292.649547815 -0.005150 0.033310 -0.134119 -0.005043 -0.095094 -0.019328 0.995268
1757574292.651166677 -0.005230 0.033117 -0.132885 -0.004564 -0.095211 -0.019524 0.995255
1757574292.679548740 -0.009051 0.028884 -0.113234 0.006320 -0.098478 -0.023675 0.994837
1757574292.679548740 -0.006277 0.028714 -0.133841 -0.005276 -0.094235 -0.018331 0.995367
1757574292.680561543 -0.006326 0.028593 -0.133068 -0.004888 -0.094351 -0.018480 0.995355
1757574292.754304647 -0.025610 0.023358 -0.080149 0.023440 -0.106404 -0.032263 0.993523
1757574292.754304647 0.000661 0.024644 -0.131240 -0.003545 -0.092806 -0.020247 0.995472
1757574292.755452394 0.000605 0.024509 -0.130362 -0.003104 -0.092994 -0.020462 0.995452
1757574292.788351297 -0.001195 0.025254 -0.100856 0.004648 -0.099221 -0.023365 0.994780
1757574292.788351297 -0.011344 0.014974 -0.135959 0.001004 -0.093600 -0.021583 0.995375
1757574292.789554834 -0.011399 0.014838 -0.135032 0.001288 -0.093828 -0.021690 0.995351
1757574292.857790709 -0.010570 0.018190 -0.065537 -0.002940 -0.104157 -0.025398 0.994232
1757574292.857790709 -0.022873 0.011739 -0.142388 0.003928 -0.094665 -0.022381 0.995250
1757574292.859100103 -0.022931 0.011588 -0.141380 0.003846 -0.094863 -0.022453 0.995230
1757574292.891891956 -0.022630 0.009358 -0.113430 -0.002772 -0.098448 -0.023692 0.994856
1757574292.891891956 -0.032331 0.015687 -0.147425 0.005273 -0.097143 -0.022371 0.995005
1757574292.894582272 -0.032442 0.015379 -0.145349 0.004730 -0.097438 -0.022474 0.994977
1757574292.964839697 -0.021670 0.009486 -0.079788 -0.015899 -0.094999 -0.025702 0.995019
1757574292.964839697 -0.047961 0.013165 -0.160721 0.005065 -0.100548 -0.018023 0.994756
1757574292.965848446 -0.048005 0.013047 -0.159947 0.004769 -0.100515 -0.018070 0.994760
1757574292.999989986 -0.046313 0.008488 -0.132405 -0.005363 -0.093551 -0.025516 0.995273
1757574292.999989986 -0.052405 0.014228 -0.166954 0.002547 -0.102820 -0.012987 0.994612
1757574293.001930952 -0.052483 0.013998 -0.165465 0.001970 -0.102428 -0.013413 0.994648
1757574293.077233791 -0.044139 -0.000029 -0.112787 -0.009254 -0.078638 -0.043980 0.995890
1757574293.077233791 -0.041141 0.015716 -0.178083 -0.001511 -0.103722 -0.010192 0.994553
1757574293.078317642 -0.041188 0.015587 -0.177255 -0.001673 -0.103383 -0.010634 0.994583
1757574293.109543800 -0.042230 0.010897 -0.154572 -0.001147 -0.093385 -0.025853 0.995294
1757574293.109543800 -0.026910 0.016082 -0.174106 -0.002988 -0.102552 -0.008866 0.994684
1757574293.110631704 -0.026959 0.015952 -0.173275 -0.002971 -0.102205 -0.009397 0.994715
1757574293.181479931 -0.035195 0.006016 -0.126324 0.004205 -0.086779 -0.046630 0.995127
1757574293.181479931 -0.010729 0.015391 -0.159046 -0.002378 -0.099691 -0.009589 0.994969
1757574293.182555437 -0.010779 0.015264 -0.158225 -0.002270 -0.099458 -0.010155 0.994987
1757574293.214780569 -0.014028 0.011935 -0.134880 0.000881 -0.097396 -0.025884 0.994909
1757574293.214780569 -0.002194 0.011763 -0.146230 -0.000413 -0.096936 -0.011495 0.995224
1757574293.215953350 -0.002250 0.011625 -0.145334 -0.000300 -0.096860 -0.012068 0.995225
1757574293.288208485 -0.016006 0.008895 -0.094490 0.000495 -0.104141 -0.041577 0.993693
1757574293.288208485 0.015517 0.007387 -0.124664 0.003352 -0.092208 -0.013948 0.995636
1757574293.289158344 0.015472 0.007276 -0.123938 0.003361 -0.092303 -0.014336 0.995622
1757574293.323235035 0.009303 0.005025 -0.098198 -0.004098 -0.104958 -0.025354 0.994145
1757574293.323235035 0.022791 0.007037 -0.113411 0.005953 -0.089408 -0.015613 0.995855
1757574293.324625731 0.022720 0.006876 -0.112347 0.005647 -0.089924 -0.016063 0.995803
1757574293.397817612 0.009050 0.006877 -0.062686 -0.018506 -0.127348 -0.035581 0.991047
1757574293.397817612 0.014040 0.006650 -0.116476 0.005478 -0.087667 -0.018997 0.995954
1757574293.399521112 0.013957 0.006453 -0.115176 0.004913 -0.088540 -0.019451 0.995871
1757574293.432147741 0.010611 0.003142 -0.091369 -0.006636 -0.106223 -0.024207 0.994025
1757574293.432147741 0.001442 0.018915 -0.123793 0.004773 -0.089321 -0.020630 0.995778
1757574293.433462858 0.001379 0.018760 -0.122788 0.004307 -0.090034 -0.020822 0.995712
1757574293.505975723 -0.001506 0.005651 -0.070250 -0.013432 -0.118109 -0.027840 0.992519
1757574293.505975723 -0.011460 0.029944 -0.131354 0.002706 -0.091684 -0.022003 0.995541
1757574293.507064581 -0.011510 0.029814 -0.130522 0.002439 -0.092106 -0.022108 0.995501
1757574293.536881447 -0.012661 0.025208 -0.107855 -0.000356 -0.098475 -0.023442 0.994863
1757574293.536881447 -0.023565 0.036787 -0.145128 0.000125 -0.094394 -0.023206 0.995264
1757574293.538818359 -0.023652 0.036554 -0.143647 -0.000057 -0.094808 -0.023292 0.995223
1757574293.613320112 -0.026138 0.022218 -0.084607 0.004155 -0.099415 -0.023278 0.994765
1757574293.613320112 -0.032219 0.038935 -0.153397 -0.000813 -0.096418 -0.023331 0.995067
1757574293.614440918 -0.032269 0.038802 -0.152538 -0.000750 -0.096487 -0.023330 0.995060
1757574293.644528389 -0.033815 0.035448 -0.129130 0.002448 -0.095773 -0.023292 0.995128
1757574293.644528389 -0.035310 0.027492 -0.155063 0.000063 -0.097000 -0.020358 0.995076
1757574293.645876884 -0.035371 0.027334 -0.154030 0.000206 -0.096967 -0.020356 0.995079
1757574293.720033407 -0.040661 0.025460 -0.096480 0.000649 -0.094181 -0.030113 0.995099
1757574293.720033407 -0.035850 0.014960 -0.153717 0.002595 -0.098421 -0.015558 0.995020
1757574293.721086740 -0.035898 0.014837 -0.152911 0.002601 -0.098381 -0.015696 0.995022
1757574293.755600452 -0.037602 0.012598 -0.125687 -0.002542 -0.096899 -0.027522 0.994910
1757574293.755600452 -0.035177 0.012588 -0.153001 0.005078 -0.097961 -0.014646 0.995070
1757574293.756921053 -0.035237 0.012434 -0.151990 0.004880 -0.097903 -0.015098 0.995069
1757574293.832107544 -0.039706 0.011650 -0.088952 -0.015636 -0.097591 -0.041939 0.994220
1757574293.832107544 -0.032217 0.009208 -0.152600 0.005339 -0.097700 -0.010435 0.995147
1757574293.834174156 -0.032311 0.008970 -0.151014 0.004775 -0.097695 -0.011173 0.995142
1757574293.865254164 -0.034164 0.006213 -0.126166 -0.003736 -0.097968 -0.028020 0.994788
1757574293.865254164 -0.018444 0.010473 -0.146009 0.006263 -0.094711 -0.009051 0.995444
1757574293.866406202 -0.018496 0.010338 -0.145126 0.005946 -0.094722 -0.009674 0.995439
1757574293.936230659 -0.038861 0.001331 -0.086780 -0.016930 -0.108117 -0.050006 0.992735
1757574293.936230659 -0.004856 0.016871 -0.142979 0.004831 -0.093572 -0.003937 0.995593
1757574293.938517332 -0.004978 0.016600 -0.141224 0.004083 -0.094021 -0.005257 0.995548
1757574293.968458891 -0.007479 0.012658 -0.118018 -0.002492 -0.101166 -0.028866 0.994448
1757574293.968458891 -0.014295 0.019722 -0.142991 0.002707 -0.094246 0.000237 0.995545
1757574293.970820904 -0.014406 0.019441 -0.141183 0.002192 -0.094819 -0.001625 0.995491
1757574294.045369148 -0.017668 0.006993 -0.090842 -0.005258 -0.107582 -0.070474 0.991681
1757574294.045369148 -0.004873 0.023697 -0.139048 0.000237 -0.094889 0.003119 0.995483
1757574294.046468019 -0.004923 0.023567 -0.138209 0.000129 -0.095083 0.002104 0.995467
1757574294.082622766 -0.006579 0.018412 -0.113940 0.000640 -0.096904 -0.034069 0.994710
1757574294.082622766 -0.008398 0.027263 -0.140756 -0.002178 -0.096139 0.000153 0.995365
1757574294.084511042 -0.008484 0.027038 -0.139321 -0.002150 -0.096242 -0.001736 0.995354
1757574294.151952744 -0.013923 0.016591 -0.103326 0.006595 -0.094498 -0.058842 0.993763
1757574294.151952744 -0.015316 0.028095 -0.143173 -0.005475 -0.096783 -0.006796 0.995267
1757574294.153146744 -0.015371 0.027953 -0.142264 -0.005320 -0.096759 -0.007808 0.995263
1757574294.182462931 -0.017454 0.023310 -0.121060 0.002569 -0.095128 -0.023348 0.995188
1757574294.182462931 -0.023006 0.031144 -0.153159 -0.007414 -0.097348 -0.015200 0.995107
1757574294.183498859 -0.023053 0.031020 -0.152367 -0.007134 -0.097294 -0.015749 0.995106
1757574294.260890722 -0.036646 0.018060 -0.088487 0.021171 -0.090449 -0.032630 0.995141
1757574294.260890722 -0.024123 0.031069 -0.157447 -0.006631 -0.097339 -0.022042 0.994985
1757574294.262583733 -0.024204 0.030868 -0.156149 -0.006011 -0.097194 -0.022412 0.994995
1757574294.294892788 -0.028200 0.027225 -0.129874 0.005030 -0.094415 -0.022042 0.995276
1757574294.294892788 -0.026670 0.027928 -0.158553 -0.005134 -0.096879 -0.024270 0.994987
1757574294.296481609 -0.026748 0.027741 -0.157334 -0.004590 -0.096744 -0.024252 0.995003
1757574294.371641397 -0.037243 0.016607 -0.092277 0.014306 -0.092862 -0.019526 0.995385
1757574294.371641397 -0.035956 0.033883 -0.153207 -0.003506 -0.097873 -0.024321 0.994895
1757574294.372931957 -0.036017 0.033730 -0.152218 -0.003182 -0.097807 -0.024240 0.994905
1757574294.405989408 -0.037963 0.029115 -0.126397 0.003801 -0.095224 -0.022362 0.995197
1757574294.405989408 -0.039648 0.032368 -0.150751 -0.002420 -0.097847 -0.024072 0.994907
1757574294.407639027 -0.039724 0.032172 -0.149488 -0.002072 -0.097718 -0.023978 0.994923
1757574294.480080128 -0.044059 0.022665 -0.095078 0.007266 -0.092452 -0.021461 0.995459
1757574294.480080128 -0.035353 0.027970 -0.149124 -0.000365 -0.097000 -0.023386 0.995010
1757574294.481452703 -0.035416 0.027808 -0.148074 -0.000188 -0.096900 -0.023338 0.995020
1757574294.516407251 -0.037021 0.023736 -0.122189 -0.000308 -0.096058 -0.023220 0.995105
1757574294.516407251 -0.034849 0.023727 -0.148951 0.002044 -0.096452 -0.023970 0.995047
1757574294.517571449 -0.034902 0.023590 -0.148061 0.002040 -0.096424 -0.023966 0.995050
1757574294.587709427 -0.036719 0.015736 -0.097487 -0.009481 -0.096808 -0.022055 0.995014
1757574294.587709427 -0.037396 0.019964 -0.150301 0.003623 -0.096619 -0.025877 0.994978
1757574294.589485168 -0.037476 0.019755 -0.148945 0.003332 -0.096628 -0.025829 0.994980
1757574294.622502804 -0.038395 0.015608 -0.124343 -0.005424 -0.096381 -0.022643 0.995072
1757574294.622502804 -0.040956 0.018340 -0.152394 0.004883 -0.097320 -0.028516 0.994833
1757574294.624474049 -0.041044 0.018106 -0.150888 0.004360 -0.097304 -0.028326 0.994842
1757574294.694732428 -0.041839 0.008396 -0.099899 -0.019288 -0.094108 -0.014650 0.995267
1757574294.694732428 -0.045639 0.022888 -0.146351 0.006905 -0.097611 -0.029972 0.994749
1757574294.695949793 -0.045694 0.022744 -0.145420 0.006495 -0.097557 -0.029735 0.994764
1757574294.728027344 -0.046949 0.018208 -0.121345 -0.004900 -0.094157 -0.021692 0.995309
1757574294.728027344 -0.045113 0.023237 -0.149102 0.006527 -0.098497 -0.029845 0.994668
1757574294.729743719 -0.045191 0.023032 -0.147790 0.005917 -0.098316 -0.029415 0.994703
1757574294.806241274 -0.050990 0.007901 -0.092044 -0.019927 -0.086617 -0.011285 0.995978
1757574294.806241274 -0.040855 0.026665 -0.148331 0.005849 -0.098626 -0.027622 0.994724
1757574294.807629347 -0.040919 0.026499 -0.147270 0.005380 -0.098415 -0.027294 0.994757
1757574294.838235855 -0.043297 0.021686 -0.124167 -0.004253 -0.093724 -0.022817 0.995328
1757574294.838235855 -0.038530 0.025210 -0.149787 0.005104 -0.098888 -0.024333 0.994788
1757574294.839197159 -0.038574 0.025095 -0.149051 0.004801 -0.098742 -0.024193 0.994807
1757574294.909019947 -0.047804 0.009845 -0.096139 -0.014732 -0.087125 -0.023429 0.995813
1757574294.909019947 -0.032711 0.029610 -0.148431 0.004041 -0.098286 -0.022733 0.994890
1757574294.910349369 -0.032774 0.029451 -0.147414 0.003669 -0.098066 -0.022718 0.994914
1757574294.940513611 -0.035419 0.024165 -0.124133 -0.003280 -0.094194 -0.023828 0.995263
1757574294.940513611 -0.035235 0.030124 -0.150214 0.003044 -0.098401 -0.022012 0.994899
1757574294.941591501 -0.035286 0.029995 -0.149389 0.002796 -0.098263 -0.022052 0.994912
1757574295.009033203 -0.045088 0.011114 -0.095834 -0.008526 -0.089025 -0.025835 0.995658
1757574295.009033203 -0.031122 0.035527 -0.151732 0.002786 -0.099487 -0.021883 0.994794
1757574295.010213614 -0.031177 0.035384 -0.150828 0.002588 -0.099326 -0.021950 0.994809
1757574295.042769670 -0.034717 0.028585 -0.125809 0.000868 -0.095045 -0.023812 0.995188
1757574295.042769670 -0.030139 0.033738 -0.151011 0.000650 -0.099060 -0.021613 0.994846
1757574295.044336081 -0.030215 0.033546 -0.149812 0.000567 -0.098854 -0.021703 0.994865
1757574295.115340471 -0.045488 0.011302 -0.095260 0.004856 -0.090804 -0.026086 0.995515
1757574295.115340471 -0.021517 0.038456 -0.147936 -0.001717 -0.098205 -0.021547 0.994931
1757574295.116522551 -0.021574 0.038313 -0.147031 -0.001646 -0.098071 -0.021621 0.994943
1757574295.145663977 -0.025182 0.032955 -0.125242 0.003357 -0.095761 -0.023306 0.995126
1757574295.145663977 -0.021867 0.032499 -0.146308 -0.003763 -0.097298 -0.020974 0.995027
1757574295.146839857 -0.021923 0.032358 -0.145409 -0.003561 -0.097205 -0.021042 0.995036
1757574295.221736908 -0.041327 0.011732 -0.092752 0.017330 -0.094591 -0.026779 0.995005
1757574295.221736908 -0.007647 0.038440 -0.139959 -0.006873 -0.096031 -0.019788 0.995158
1757574295.223183632 -0.007718 0.038265 -0.138853 -0.006469 -0.095981 -0.019899 0.995163
1757574295.256233454 -0.012561 0.031872 -0.114695 0.007816 -0.096853 -0.023431 0.994992
1757574295.256233454 -0.009560 0.034572 -0.139853 -0.011247 -0.095648 -0.016831 0.995209
1757574295.257617712 -0.009628 0.034405 -0.138795 -0.010649 -0.095684 -0.016979 0.995210
1757574295.333783150 -0.026408 0.015722 -0.086565 0.039919 -0.097893 -0.033877 0.993819
1757574295.333783150 -0.021820 0.038955 -0.144576 -0.009794 -0.096832 -0.016060 0.995123
1757574295.335206032 -0.021889 0.038784 -0.143489 -0.008848 -0.096875 -0.016376 0.995123
1757574295.368628979 -0.024399 0.036945 -0.116219 0.011031 -0.095655 -0.024551 0.995051
1757574295.368628979 -0.025043 0.022619 -0.141076 -0.004712 -0.095322 -0.016065 0.995306
1757574295.369641781 -0.025090 0.022501 -0.140300 -0.004110 -0.095284 -0.016314 0.995308
1757574295.440029860 -0.031972 0.034710 -0.076096 0.016687 -0.100610 -0.032663 0.994250
1757574295.440029860 -0.025065 0.004012 -0.136355 0.001081 -0.093904 -0.017063 0.995434
1757574295.441623449 -0.025139 0.003834 -0.135131 0.001551 -0.094023 -0.017435 0.995416
1757574295.472361803 -0.025312 0.004399 -0.108982 0.000145 -0.099102 -0.023233 0.994806
1757574295.472361803 -0.031751 0.004300 -0.135295 0.006397 -0.094423 -0.016872 0.995369
1757574295.474054575 -0.031824 0.004112 -0.133993 0.006320 -0.094701 -0.017192 0.995337
1757574295.545656443 -0.023512 0.014161 -0.068551 -0.020106 -0.102928 -0.033913 0.993907
1757574295.545656443 -0.039599 -0.003637 -0.138103 0.009764 -0.096024 -0.015469 0.995211
1757574295.546709061 -0.039645 -0.003758 -0.137296 0.009376 -0.096146 -0.015716 0.995199
1757574295.579432964 -0.038456 -0.005510 -0.111890 -0.008067 -0.095851 -0.025675 0.995032
1757574295.579432964 -0.040775 0.004858 -0.138336 0.010024 -0.098088 -0.014289 0.995025
1757574295.580615997 -0.040826 0.004721 -0.137430 0.009394 -0.098079 -0.014650 0.995026
1757574295.655002356 -0.032740 -0.001489 -0.089290 -0.030243 -0.087645 -0.040610 0.994864
1757574295.655002356 -0.040694 0.007378 -0.155871 0.007992 -0.101184 -0.013609 0.994743
1757574295.656613827 -0.040762 0.007189 -0.154643 0.007135 -0.100962 -0.014175 0.994764
1757574295.689678192 -0.040397 0.003287 -0.132256 -0.008508 -0.093626 -0.026798 0.995210
1757574295.689678192 -0.048635 0.015765 -0.165270 0.006342 -0.103546 -0.015959 0.994476
1757574295.691065550 -0.048695 0.015602 -0.164213 0.005688 -0.103238 -0.016490 0.994504
1757574295.764278412 -0.045899 0.005920 -0.119495 -0.022784 -0.077206 -0.035310 0.996129
1757574295.764278412 -0.056557 0.025043 -0.170842 0.004440 -0.105333 -0.021740 0.994189
1757574295.765847445 -0.056625 0.024857 -0.169647 0.003833 -0.104774 -0.022145 0.994242
1757574295.799026489 -0.058540 0.020055 -0.145875 -0.005157 -0.089221 -0.022745 0.995739
1757574295.799026489 -0.049799 0.032786 -0.173948 0.001568 -0.104705 -0.025779 0.994168
1757574295.800369740 -0.049861 0.032626 -0.172922 0.001207 -0.104074 -0.025804 0.994234
1757574295.865481615 -0.062380 0.019774 -0.126347 -0.006346 -0.076815 -0.019139 0.996841
1757574295.865481615 -0.032615 0.038226 -0.167215 -0.000239 -0.101711 -0.026967 0.994448
1757574295.866700172 -0.032674 0.038081 -0.166283 -0.000380 -0.101201 -0.026843 0.994504
1757574295.900504589 -0.038383 0.032747 -0.140636 -0.000721 -0.094238 -0.022499 0.995295
1757574295.900504589 -0.018480 0.033610 -0.156428 -0.001966 -0.097756 -0.023911 0.994921
1757574295.902821064 -0.018604 0.033331 -0.154657 -0.001990 -0.097279 -0.023614 0.994975
1757574295.979321957 -0.039909 0.013102 -0.098684 0.004556 -0.098897 -0.023997 0.994798
1757574295.979321957 -0.012774 0.032890 -0.144949 -0.002532 -0.095391 -0.020650 0.995222
1757574295.980420351 -0.012828 0.032758 -0.144110 -0.002438 -0.095414 -0.020656 0.995220
1757574296.011543274 -0.015574 0.027025 -0.120864 0.002953 -0.098476 -0.024429 0.994835
1757574296.011543274 -0.022608 0.032122 -0.145057 -0.002859 -0.094988 -0.021529 0.995242
1757574296.012684345 -0.022661 0.031985 -0.144184 -0.002662 -0.095100 -0.021668 0.995228
1757574296.088772535 -0.026834 0.013593 -0.088364 0.011820 -0.101877 -0.026173 0.994382
1757574296.088772535 -0.034318 0.038564 -0.158156 -0.002763 -0.096963 -0.023331 0.995011
1757574296.090541840 -0.034399 0.038350 -0.156804 -0.002427 -0.097121 -0.023435 0.994994
1757574296.120300531 -0.035337 0.033505 -0.134249 0.002800 -0.096315 -0.023322 0.995074
1757574296.120300531 -0.037863 0.036571 -0.168786 -0.002451 -0.098941 -0.024309 0.994793
1757574296.121543884 -0.037918 0.036422 -0.167835 -0.002232 -0.098908 -0.024304 0.994797
1757574296.188946962 -0.041440 0.022176 -0.116848 0.007874 -0.090225 -0.022147 0.995644
1757574296.188946962 -0.039359 0.040609 -0.176425 -0.002674 -0.100230 -0.024943 0.994648
1757574296.189991236 -0.039406 0.040485 -0.175626 -0.002518 -0.100096 -0.024909 0.994663
1757574296.211816549 -0.040860 0.037118 -0.158928 0.000725 -0.096087 -0.023974 0.995084
1757574296.211816549 -0.039376 0.040298 -0.180079 -0.003788 -0.100809 -0.025298 0.994577
1757574296.213254929 -0.039444 0.040125 -0.178978 -0.003574 -0.100545 -0.025237 0.994606
1757574296.286880732 -0.049889 0.021533 -0.123499 0.010549 -0.083807 -0.020885 0.996207
1757574296.286880732 -0.030280 0.050689 -0.184195 -0.004913 -0.101631 -0.026031 0.994469
1757574296.288780689 -0.030371 0.050458 -0.182742 -0.004548 -0.101200 -0.025919 0.994518
1757574296.322684050 -0.034023 0.044014 -0.157543 0.004935 -0.093584 -0.023111 0.995331
1757574296.322684050 -0.033635 0.053031 -0.185203 -0.006581 -0.102003 -0.026434 0.994411
1757574296.323863745 -0.033690 0.052889 -0.184301 -0.006250 -0.101739 -0.026337 0.994443
1757574296.399396658 -0.047354 0.037700 -0.129132 0.021864 -0.083121 -0.018260 0.996132
1757574296.399396658 -0.029969 0.043501 -0.183734 -0.004820 -0.102195 -0.025806 0.994418
1757574296.402172327 -0.030108 0.043165 -0.181614 -0.003787 -0.101512 -0.025508 0.994500
1757574296.436319351 -0.034360 0.041462 -0.153882 0.004552 -0.093066 -0.022907 0.995386
1757574296.436319351 -0.029783 0.023944 -0.177895 0.000075 -0.101785 -0.024944 0.994494
1757574296.437485933 -0.029839 0.023809 -0.177000 0.000360 -0.101497 -0.024854 0.994525
1757574296.505511284 -0.044947 0.027617 -0.115856 -0.002539 -0.088384 -0.021752 0.995846
1757574296.505511284 -0.015839 0.012898 -0.161060 0.003538 -0.099313 -0.024492 0.994748
1757574296.506819248 -0.015903 0.012747 -0.160056 0.003483 -0.099062 -0.024432 0.994775
1757574296.537042141 -0.019962 0.010669 -0.135538 -0.002726 -0.097211 -0.023602 0.994980
1757574296.537042141 -0.014708 0.020574 -0.147905 0.004144 -0.097223 -0.024402 0.994955
1757574296.538265467 -0.014767 0.020432 -0.146967 0.003893 -0.097148 -0.024368 0.994964
1757574296.603582144 -0.026886 0.014159 -0.094797 -0.010731 -0.099034 -0.022986 0.994761
1757574296.603582144 -0.004908 0.029355 -0.144085 0.004350 -0.096122 -0.024215 0.995065
1757574296.604638338 -0.004958 0.029230 -0.143276 0.004114 -0.096153 -0.024193 0.995064
1757574296.633609772 -0.007785 0.025703 -0.121302 -0.001202 -0.098921 -0.023429 0.994819
1757574296.633609772 -0.007603 0.033636 -0.139165 0.003172 -0.094991 -0.024660 0.995168
1757574296.634746552 -0.007657 0.033501 -0.138296 0.002963 -0.095099 -0.024630 0.995159
1757574296.706568956 -0.017265 0.022451 -0.087265 -0.004270 -0.105376 -0.021304 0.994195
1757574296.706568956 -0.008970 0.037819 -0.141820 0.001329 -0.094983 -0.023559 0.995199
1757574296.708020449 -0.009039 0.037646 -0.140711 0.001183 -0.095191 -0.023492 0.995181
1757574296.732337952 -0.010693 0.034421 -0.122667 0.001265 -0.098383 -0.023487 0.994871
1757574296.732337952 -0.014176 0.039311 -0.146355 -0.000069 -0.095312 -0.023276 0.995175
1757574296.733593464 -0.014234 0.039162 -0.145396 -0.000065 -0.095477 -0.023276 0.995159
1757574296.804788351 -0.020086 0.029407 -0.093772 0.006691 -0.103465 -0.023207 0.994340
1757574296.804788351 -0.017451 0.041294 -0.152805 -0.001126 -0.096259 -0.023167 0.995086
1757574296.806151867 -0.017514 0.041133 -0.151763 -0.000997 -0.096412 -0.023166 0.995071
1757574296.836002827 -0.019071 0.037770 -0.129078 0.003636 -0.098566 -0.023098 0.994856
1757574296.836002827 -0.019526 0.037204 -0.157546 -0.000438 -0.097455 -0.023053 0.994973
1757574296.837335587 -0.019587 0.037047 -0.156526 -0.000231 -0.097551 -0.023050 0.994964
1757574296.912226677 -0.023511 0.036018 -0.098756 0.007158 -0.099831 -0.023174 0.994709
1757574296.912226677 -0.019417 0.019536 -0.142804 0.001915 -0.093675 -0.020875 0.995382
1757574296.914157391 -0.019505 0.019314 -0.141326 0.002106 -0.093733 -0.020879 0.995376
1757574296.943206787 -0.021225 0.018296 -0.119173 -0.002577 -0.096837 -0.023849 0.995011
1757574296.943206787 -0.016909 0.007232 -0.129065 0.005110 -0.091823 -0.017497 0.995609
1757574296.945103645 -0.016997 0.007018 -0.127614 0.004804 -0.092026 -0.017691 0.995588
1757574297.011008978 -0.020903 0.009286 -0.078275 -0.021325 -0.105323 -0.034898 0.993597
1757574297.011008978 -0.017059 -0.003492 -0.123495 0.006790 -0.090989 -0.013957 0.995731
1757574297.012237310 -0.017115 -0.003634 -0.122555 0.006304 -0.091240 -0.014278 0.995707
1757574297.037648916 -0.018032 -0.005607 -0.103285 -0.005941 -0.097494 -0.024216 0.994924
1757574297.037648916 -0.020518 0.001107 -0.127137 0.006451 -0.091532 -0.012781 0.995699
1757574297.038990498 -0.020579 0.000951 -0.126111 0.005806 -0.091864 -0.013306 0.995666
1757574297.111850500 -0.021072 -0.004969 -0.072101 -0.026058 -0.106263 -0.044048 0.993020
1757574297.111850500 -0.030776 0.009940 -0.148986 0.005401 -0.095512 -0.016072 0.995284
1757574297.113986254 -0.030871 0.009690 -0.147354 0.004469 -0.095935 -0.016977 0.995233
1757574297.147389650 -0.033612 0.007449 -0.122105 -0.006394 -0.095255 -0.024644 0.995127
1757574297.147389650 -0.022846 0.010395 -0.145529 0.005299 -0.095372 -0.016675 0.995288
1757574297.148742437 -0.022909 0.010238 -0.144494 0.004859 -0.095345 -0.016985 0.995288
1757574297.215685844 -0.033733 0.003043 -0.096902 -0.019452 -0.098032 -0.033866 0.994417
1757574297.215685844 -0.014267 0.010049 -0.145243 0.005012 -0.094530 -0.016097 0.995379
1757574297.216781378 -0.014319 0.009920 -0.144406 0.004614 -0.094575 -0.016374 0.995372
1757574297.247266531 -0.017249 0.005374 -0.122192 -0.002990 -0.097502 -0.024800 0.994922
1757574297.247266531 -0.016219 0.015893 -0.143292 0.001930 -0.093672 -0.016479 0.995465
1757574297.248487711 -0.016277 0.015747 -0.142359 0.001625 -0.093790 -0.016816 0.995449
1757574297.320013523 -0.027981 -0.001427 -0.092951 -0.000178 -0.103914 -0.034763 0.993979
1757574297.320013523 -0.015037 0.025759 -0.142094 -0.001239 -0.092885 -0.017223 0.995527
1757574297.321230173 -0.015095 0.025613 -0.141165 -0.001270 -0.093058 -0.017528 0.995506
1757574297.351645470 -0.018152 0.020917 -0.118200 0.002281 -0.098713 -0.023913 0.994826
1757574297.351645470 -0.017379 0.015630 -0.147662 -0.002759 -0.093343 -0.014195 0.995529
1757574297.353420019 -0.017465 0.015417 -0.146305 -0.002551 -0.093674 -0.014567 0.995493
1757574297.427779198 -0.023082 0.000750 -0.087970 0.008471 -0.103191 -0.039785 0.993829
1757574297.427779198 -0.026080 0.020642 -0.157564 -0.002549 -0.094787 -0.015996 0.995366
1757574297.429024458 -0.026137 0.020494 -0.156611 -0.002364 -0.094947 -0.016419 0.995344
1757574297.462747097 -0.026892 0.016168 -0.130321 0.001380 -0.096501 -0.024777 0.995023
1757574297.462747097 -0.032870 0.020110 -0.165327 -0.001933 -0.096354 -0.018117 0.995180
1757574297.464192867 -0.032934 0.019939 -0.164220 -0.001772 -0.096421 -0.018475 0.995168
1757574297.540250540 -0.038098 0.009877 -0.104132 0.002349 -0.093261 -0.031273 0.995148
1757574297.540250540 -0.032715 0.026243 -0.166232 -0.000063 -0.098849 -0.019877 0.994904
1757574297.541291952 -0.032763 0.026120 -0.165434 -0.000006 -0.098806 -0.020052 0.994905
1757574297.570482492 -0.034618 0.022605 -0.143022 -0.000349 -0.096080 -0.023466 0.995097
1757574297.570482492 -0.032400 0.025850 -0.164361 0.001186 -0.099019 -0.021282 0.994857
1757574297.571598530 -0.032452 0.025718 -0.163507 0.001173 -0.098914 -0.021412 0.994865
1757574297.644402742 -0.041233 0.016476 -0.108446 -0.004002 -0.093117 -0.026396 0.995297
1757574297.644402742 -0.029377 0.025788 -0.160848 0.002120 -0.098630 -0.022034 0.994878
1757574297.645617962 -0.029433 0.025644 -0.159919 0.002033 -0.098533 -0.022117 0.994886
1757574297.674658060 -0.031738 0.022053 -0.137871 -0.001130 -0.096894 -0.023515 0.995016
1757574297.674658060 -0.029611 0.025846 -0.159080 0.002717 -0.098235 -0.022591 0.994903
1757574297.675916433 -0.029670 0.025697 -0.158117 0.002580 -0.098164 -0.022652 0.994909
1757574297.749947786 -0.039182 0.015242 -0.102541 -0.007384 -0.096193 -0.024692 0.995029
1757574297.749947786 -0.024780 0.025153 -0.155223 0.003302 -0.097584 -0.022406 0.994970
1757574297.751945734 -0.024875 0.024916 -0.153695 0.003033 -0.097531 -0.022461 0.994974
1757574297.785146713 -0.027655 0.020530 -0.128389 -0.002308 -0.098038 -0.023711 0.994897
1757574297.785146713 -0.026544 0.025782 -0.156901 0.003641 -0.097752 -0.022310 0.994954
1757574297.786468506 -0.026606 0.025626 -0.155890 0.003429 -0.097773 -0.022360 0.994952
1757574297.851731539 -0.033180 0.015066 -0.105483 -0.007537 -0.098701 -0.024694 0.994782
1757574297.851731539 -0.031857 0.025747 -0.151995 0.003374 -0.095324 -0.022349 0.995190
1757574297.852952719 -0.031914 0.025602 -0.151060 0.003169 -0.095342 -0.022392 0.995188
1757574297.885591745 -0.034367 0.020829 -0.125743 -0.001700 -0.095580 -0.023546 0.995142
1757574297.885591745 -0.032077 0.025496 -0.151217 0.003138 -0.095106 -0.022368 0.995211
1757574297.887144804 -0.032150 0.025310 -0.150028 0.002906 -0.095117 -0.022423 0.995209
1757574297.958867788 -0.041635 0.012950 -0.094267 -0.006672 -0.096950 -0.024696 0.994960
1757574297.958867788 -0.025162 0.025268 -0.145995 0.002989 -0.094179 -0.021877 0.995310
1757574297.960173130 -0.025223 0.025113 -0.144996 0.002814 -0.094212 -0.021918 0.995307
1757574297.990752220 -0.028042 0.020848 -0.121607 -0.001040 -0.096591 -0.023359 0.995050
1757574297.990752220 -0.025868 0.021178 -0.144460 0.003003 -0.093878 -0.021147 0.995355
1757574297.991867781 -0.025920 0.021046 -0.143607 0.002862 -0.093965 -0.021199 0.995346
1757574298.061496973 -0.035052 0.009980 -0.091431 -0.006003 -0.100558 -0.026200 0.994568
1757574298.061496973 -0.021685 0.018450 -0.139812 0.003249 -0.093023 -0.020221 0.995453
1757574298.062666655 -0.021740 0.018311 -0.138917 0.003100 -0.093134 -0.020305 0.995442
1757574298.096043587 -0.024883 0.013805 -0.113764 -0.001648 -0.097890 -0.023829 0.994911
1757574298.096043587 -0.023755 0.016263 -0.142652 0.003346 -0.093598 -0.019736 0.995409
1757574298.098000765 -0.023849 0.016031 -0.141155 0.003067 -0.093877 -0.019942 0.995379
1757574298.172091722 -0.032330 0.003793 -0.085661 -0.007379 -0.102090 -0.028619 0.994336
1757574298.172091722 -0.012124 0.020665 -0.147174 0.003055 -0.094162 -0.019867 0.995354
1757574298.173207521 -0.012176 0.020532 -0.146321 0.002897 -0.094286 -0.019998 0.995340
1757574298.210078478 -0.015378 0.015244 -0.118567 -0.002366 -0.098392 -0.024369 0.994846
1757574298.210078478 -0.013018 0.019447 -0.149555 0.003061 -0.094685 -0.019869 0.995304
1757574298.211209059 -0.013070 0.019313 -0.148690 0.002900 -0.094811 -0.020003 0.995290
1757574298.279052496 -0.020635 0.007971 -0.099072 -0.007407 -0.100743 -0.027989 0.994491
1757574298.279052496 -0.014753 0.020288 -0.151538 0.003768 -0.095148 -0.020148 0.995252
1757574298.280154943 -0.014804 0.020157 -0.150695 0.003601 -0.095244 -0.020278 0.995241
1757574298.310933590 -0.017121 0.015695 -0.127592 -0.002207 -0.097381 -0.023632 0.994964
1757574298.310933590 -0.017822 0.019656 -0.154253 0.003840 -0.095605 -0.020254 0.995206
1757574298.312017918 -0.017872 0.019527 -0.153423 0.003635 -0.095680 -0.020372 0.995197
1757574298.386144400 -0.026042 0.005168 -0.099390 -0.010691 -0.099287 -0.028255 0.994600
1757574298.386144400 -0.021693 0.028140 -0.159862 0.003250 -0.096564 -0.021883 0.995081
1757574298.387151241 -0.021739 0.028020 -0.159092 0.003055 -0.096613 -0.021991 0.995074
1757574298.410936832 -0.023210 0.024475 -0.141114 -0.001039 -0.096609 -0.023390 0.995047
1757574298.410936832 -0.025783 0.029128 -0.161535 0.002805 -0.096768 -0.022857 0.995041
1757574298.411887884 -0.025827 0.029015 -0.160808 0.002641 -0.096768 -0.022913 0.995040
1757574298.482792616 -0.033806 0.014261 -0.108511 -0.007558 -0.096277 -0.024125 0.995033
1757574298.482792616 -0.033589 0.029127 -0.158838 0.002667 -0.096716 -0.023212 0.995038
1757574298.484091043 -0.033649 0.028972 -0.157845 0.002481 -0.096707 -0.023234 0.995039
1757574298.514689445 -0.036012 0.024124 -0.134935 -0.001488 -0.096408 -0.023104 0.995073
1757574298.514689445 -0.036521 0.026828 -0.160806 0.002278 -0.096985 -0.023138 0.995014
1757574298.515892267 -0.036577 0.026684 -0.159886 0.002122 -0.096973 -0.023133 0.995016
1757574298.586039782 -0.044344 0.011951 -0.108835 -0.006098 -0.094881 -0.023119 0.995201
1757574298.586039782 -0.037476 0.028890 -0.164316 0.002064 -0.097647 -0.023059 0.994952
1757574298.587100267 -0.037525 0.028763 -0.163505 0.001940 -0.097616 -0.023059 0.994955
1757574298.623947859 -0.040370 0.022646 -0.135868 -0.002444 -0.095203 -0.023145 0.995186
1757574298.623947859 -0.040634 0.028100 -0.166694 0.001764 -0.098026 -0.023065 0.994915
1757574298.625597715 -0.040711 0.027902 -0.165432 0.001568 -0.097918 -0.023069 0.994926
1757574298.695173979 -0.048601 0.012465 -0.114060 -0.005774 -0.092186 -0.023257 0.995453
1757574298.695173979 -0.037697 0.030114 -0.165147 0.001522 -0.097934 -0.023129 0.994923
1757574298.696348190 -0.037752 0.029974 -0.164249 0.001398 -0.097838 -0.023132 0.994933
1757574298.729983568 -0.040714 0.024206 -0.138880 -0.001852 -0.095461 -0.023212 0.995161
1757574298.729983568 -0.037528 0.028528 -0.164000 0.001155 -0.097758 -0.023157 0.994940
1757574298.731054783 -0.037578 0.028399 -0.163180 0.001051 -0.097683 -0.023160 0.994948
1757574298.801165342 -0.047193 0.011707 -0.110951 -0.004192 -0.093435 -0.023289 0.995344
1757574298.801165342 -0.029833 0.039400 -0.164083 0.001691 -0.099559 -0.023632 0.994750
1757574298.803352356 -0.029939 0.039134 -0.162411 0.001527 -0.099427 -0.023636 0.994763
1757574298.836031914 -0.032915 0.033250 -0.137748 -0.000262 -0.097367 -0.023583 0.994969
1757574298.836031914 -0.033375 0.038628 -0.167908 0.000700 -0.100168 -0.023838 0.994685
1757574298.837568045 -0.033448 0.038442 -0.166733 0.000616 -0.100071 -0.023836 0.994695
1757574298.913561344 -0.043667 0.018627 -0.109092 0.000025 -0.093086 -0.023230 0.995387
1757574298.913561344 -0.033005 0.043003 -0.170121 -0.000313 -0.100346 -0.024077 0.994661
1757574298.914611816 -0.033054 0.042877 -0.169317 -0.000321 -0.100249 -0.024069 0.994671
1757574298.941370726 -0.035301 0.038387 -0.148926 0.000446 -0.097628 -0.023666 0.994941
1757574298.941370726 -0.035133 0.039316 -0.172716 -0.000783 -0.100687 -0.024086 0.994626
1757574298.942321301 -0.035178 0.039202 -0.171989 -0.000756 -0.100594 -0.024071 0.994636
1757574299.010622263 -0.043882 0.024259 -0.120340 0.002588 -0.092362 -0.023022 0.995456
1757574299.010622263 -0.031421 0.040095 -0.171283 -0.000273 -0.100642 -0.024091 0.994631
1757574299.011579752 -0.031466 0.039981 -0.170551 -0.000226 -0.100526 -0.024077 0.994643
1757574299.041564465 -0.034156 0.035349 -0.147856 0.000560 -0.097308 -0.023604 0.994974
1757574299.041564465 -0.032466 0.037532 -0.170462 0.000630 -0.100985 -0.023975 0.994599
1757574299.043627739 -0.032566 0.037283 -0.168884 0.000684 -0.100763 -0.023942 0.994622
1757574299.109817743 -0.041206 0.024886 -0.119332 0.000440 -0.092576 -0.022938 0.995441
1757574299.109817743 -0.036105 0.029924 -0.175234 -0.000543 -0.099686 -0.023782 0.994735
1757574299.110863924 -0.036154 0.029799 -0.174433 -0.000547 -0.099556 -0.023766 0.994748
1757574299.144097090 -0.039231 0.024762 -0.149224 -0.001375 -0.095580 -0.023283 0.995148
1757574299.144097090 -0.035737 0.027456 -0.175058 -0.000349 -0.099021 -0.023880 0.994799
1757574299.145387650 -0.035797 0.027302 -0.174071 -0.000381 -0.098867 -0.023861 0.994814
1757574299.216295719 -0.046759 0.014187 -0.120725 -0.002864 -0.091698 -0.022265 0.995534
1757574299.216295719 -0.030927 0.028417 -0.172950 -0.000216 -0.098680 -0.023797 0.994835
1757574299.217701912 -0.030994 0.028249 -0.171874 -0.000265 -0.098538 -0.023765 0.994849
1757574299.250047445 -0.034106 0.023427 -0.147386 -0.001462 -0.095722 -0.023136 0.995138
1757574299.250047445 -0.034022 0.026856 -0.173616 0.000167 -0.098846 -0.023637 0.994822
1757574299.251896381 -0.034111 0.026635 -0.172202 0.000098 -0.098685 -0.023601 0.994839
1757574299.329837322 -0.045510 0.011615 -0.114116 -0.003708 -0.090889 -0.022444 0.995601
1757574299.329837322 -0.030746 0.029785 -0.172845 -0.000111 -0.098761 -0.023701 0.994829
1757574299.331679821 -0.030834 0.029565 -0.171436 -0.000201 -0.098576 -0.023674 0.994848
1757574299.365885019 -0.034092 0.024215 -0.145622 -0.001369 -0.095181 -0.023080 0.995191
1757574299.365885019 -0.033147 0.028543 -0.172450 -0.000123 -0.098467 -0.023618 0.994860
1757574299.367849588 -0.033241 0.028307 -0.170948 -0.000190 -0.098272 -0.023583 0.994880
1757574299.446096420 -0.045402 0.012850 -0.112925 -0.002341 -0.090819 -0.022422 0.995612
1757574299.446096420 -0.023304 0.032697 -0.178706 -0.000290 -0.099632 -0.023790 0.994740
1757574299.447795630 -0.023385 0.032494 -0.177407 -0.000336 -0.099471 -0.023765 0.994757
1757574299.477971792 -0.026100 0.028103 -0.154650 -0.001970 -0.096617 -0.023453 0.995043
1757574299.477971792 -0.025746 0.031264 -0.180605 -0.000070 -0.100133 -0.023901 0.994687
1757574299.478993893 -0.025794 0.031143 -0.179824 -0.000126 -0.100036 -0.023890 0.994697
1757574299.550174952 -0.035911 0.018410 -0.126785 -0.004586 -0.093147 -0.023131 0.995373
1757574299.550174952 -0.022620 0.032699 -0.178828 0.000045 -0.099901 -0.023880 0.994711
1757574299.552210569 -0.022718 0.032455 -0.177271 -0.000082 -0.099704 -0.023858 0.994731
1757574299.586734056 -0.026231 0.027248 -0.150804 -0.002309 -0.096632 -0.023593 0.995038
1757574299.586734056 -0.023585 0.031610 -0.179278 -0.000168 -0.099260 -0.023985 0.994772
1757574299.588157892 -0.023653 0.031440 -0.178188 -0.000260 -0.099133 -0.023974 0.994785
1757574299.657576799 -0.036140 0.018626 -0.123450 -0.004068 -0.095038 -0.023301 0.995193
1757574299.657576799 -0.019454 0.032458 -0.178878 -0.000372 -0.098743 -0.023853 0.994827
1757574299.658843994 -0.019515 0.032307 -0.177908 -0.000441 -0.098669 -0.023841 0.994835
1757574299.692541361 -0.023332 0.027175 -0.151657 -0.002055 -0.097174 -0.023789 0.994981
1757574299.692541361 -0.022202 0.032141 -0.179776 -0.001011 -0.098288 -0.023823 0.994872
1757574299.693606138 -0.022252 0.032014 -0.178961 -0.001062 -0.098241 -0.023821 0.994877
1757574299.760162830 -0.034134 0.018636 -0.127115 -0.002361 -0.096727 -0.023653 0.995027
1757574299.760162830 -0.023957 0.034727 -0.172915 -0.001148 -0.094633 -0.023782 0.995227
1757574299.762107849 -0.024053 0.034493 -0.171426 -0.001186 -0.094589 -0.023777 0.995232
1757574299.787014008 -0.026395 0.030611 -0.152413 -0.000392 -0.094830 -0.023702 0.995211
1757574299.787014008 -0.031178 0.031743 -0.173334 -0.001529 -0.094067 -0.023849 0.995279
1757574299.788084984 -0.031229 0.031615 -0.172515 -0.001494 -0.094078 -0.023846 0.995278
1757574299.859652519 -0.041209 0.018338 -0.118890 0.001719 -0.094277 -0.022774 0.995284
1757574299.859652519 -0.029557 0.033070 -0.173487 -0.001491 -0.094356 -0.023730 0.995255
1757574299.860841990 -0.029613 0.032928 -0.172578 -0.001437 -0.094359 -0.023712 0.995255
1757574299.887159586 -0.031958 0.029243 -0.152736 -0.000264 -0.094185 -0.023453 0.995278
1757574299.887159586 -0.032863 0.029486 -0.173022 -0.000947 -0.094104 -0.023558 0.995283
1757574299.889248848 -0.032965 0.029236 -0.171425 -0.000853 -0.094090 -0.023537 0.995285
1757574299.961138725 -0.044760 0.018071 -0.118867 -0.000099 -0.094231 -0.022405 0.995298
1757574299.961138725 -0.030388 0.037261 -0.168694 0.000082 -0.093117 -0.025708 0.995323
1757574299.962389708 -0.030448 0.037113 -0.167737 0.000095 -0.093120 -0.025688 0.995323
1757574299.992256403 -0.033362 0.033270 -0.145303 -0.000852 -0.094083 -0.022993 0.995298
1757574299.992256403 -0.036669 0.042601 -0.167447 0.000613 -0.092001 -0.028033 0.995364
1757574299.993392706 -0.036722 0.042467 -0.166578 0.000577 -0.092038 -0.027931 0.995364
1757574300.061728477 -0.047623 0.032381 -0.117242 -0.002749 -0.096551 -0.014971 0.995212
1757574300.061728477 -0.025272 0.054875 -0.162182 0.002969 -0.095512 -0.029701 0.994981
1757574300.062899828 -0.025328 0.054736 -0.161287 0.002911 -0.095590 -0.029479 0.994980
1757574300.097512484 -0.028744 0.050325 -0.135434 -0.000085 -0.098145 -0.019034 0.994990
1757574300.097512484 -0.031506 0.065683 -0.163478 0.003183 -0.095837 -0.033048 0.994843
1757574300.098849058 -0.031569 0.065525 -0.162456 0.003067 -0.095936 -0.032645 0.994847
1757574300.170541763 -0.041327 0.054673 -0.109907 -0.002762 -0.099651 -0.001128 0.995018
1757574300.170541763 -0.036674 0.083073 -0.166590 0.003034 -0.096334 -0.037754 0.994628
1757574300.172578812 -0.036772 0.082830 -0.165033 0.002868 -0.096440 -0.036859 0.994652
1757574300.207122087 -0.040096 0.078275 -0.139165 0.000554 -0.097314 -0.015248 0.995137
1757574300.207122087 -0.044733 0.096035 -0.168303 0.002705 -0.096137 -0.042451 0.994459
1757574300.208303928 -0.044788 0.095895 -0.167399 0.002626 -0.096168 -0.041712 0.994487
1757574300.280443430 -0.055810 0.085841 -0.115165 -0.000464 -0.097702 0.014883 0.995104
1757574300.280443430 -0.048094 0.103946 -0.170537 0.002578 -0.096488 -0.045292 0.994300
1757574300.282471418 -0.048192 0.103706 -0.168987 0.002490 -0.096536 -0.043702 0.994366
1757574300.312427282 -0.050930 0.100167 -0.146689 0.001427 -0.096560 -0.017692 0.995169
1757574300.312427282 -0.052754 0.105492 -0.172805 0.001983 -0.096435 -0.046042 0.994272
1757574300.314410210 -0.052849 0.105258 -0.171290 0.001913 -0.096438 -0.044321 0.994350
1757574300.389870405 -0.064040 0.095279 -0.113673 0.001633 -0.095547 0.022017 0.995180
1757574300.389870405 -0.051520 0.101267 -0.174129 0.001838 -0.098908 -0.044810 0.994085
1757574300.390905142 -0.051568 0.101145 -0.173337 0.001832 -0.098899 -0.043901 0.994127
1757574300.422261238 -0.054591 0.097696 -0.149332 0.003128 -0.099143 -0.017645 0.994912
1757574300.422261238 -0.051699 0.092113 -0.169507 0.000921 -0.097490 -0.041240 0.994381
1757574300.423514366 -0.051759 0.091966 -0.168548 0.000975 -0.097500 -0.040191 0.994423
1757574300.492299795 -0.062768 0.088268 -0.117069 0.005681 -0.102657 0.007106 0.994675
1757574300.492299795 -0.042205 0.062979 -0.152542 0.002982 -0.094743 -0.035054 0.994880
1757574300.493489981 -0.042261 0.062840 -0.151631 0.003066 -0.094835 -0.034236 0.994899
1757574300.526748419 -0.046011 0.061735 -0.127027 0.000809 -0.102045 -0.019842 0.994582
1757574300.526748419 -0.036541 0.028926 -0.136243 0.005777 -0.091889 -0.026504 0.995400
1757574300.527892113 -0.036595 0.028794 -0.135368 0.005702 -0.092139 -0.026009 0.995390
1757574300.606637239 -0.048417 0.036647 -0.080148 -0.014368 -0.120267 -0.017357 0.992486
1757574300.606637239 -0.031596 -0.003393 -0.126503 0.008473 -0.090679 -0.019630 0.995651
1757574300.607686281 -0.031645 -0.003514 -0.125701 0.008208 -0.091056 -0.019515 0.995621
1757574300.636867762 -0.033781 -0.004833 -0.104066 -0.003140 -0.103211 -0.022638 0.994397
1757574300.636867762 -0.032472 -0.004298 -0.131269 0.009692 -0.091451 -0.017448 0.995610
1757574300.638573885 -0.032552 -0.004492 -0.129966 0.009030 -0.092163 -0.017632 0.995547
1757574300.711030722 -0.040255 -0.003688 -0.077631 -0.024383 -0.118880 -0.029980 0.992156
1757574300.711030722 -0.022706 0.009261 -0.132285 0.010931 -0.092671 -0.020345 0.995429
1757574300.712270737 -0.022763 0.009117 -0.131337 0.010358 -0.093128 -0.020558 0.995388
1757574300.737411976 -0.024807 0.006360 -0.112478 -0.000333 -0.100804 -0.022684 0.994648
1757574300.737411976 -0.023765 0.025362 -0.134747 0.007208 -0.092188 -0.023788 0.995431
1757574300.739200115 -0.023851 0.025151 -0.133380 0.006445 -0.092732 -0.023937 0.995382
1757574300.811406612 -0.038968 0.010432 -0.079590 -0.009748 -0.116810 -0.019205 0.992921
1757574300.811406612 -0.014091 0.028574 -0.131489 0.004137 -0.091074 -0.022378 0.995584
1757574300.813182831 -0.014179 0.028360 -0.130130 0.003740 -0.091667 -0.022260 0.995534
1757574300.846708536 -0.017483 0.021727 -0.104531 0.000581 -0.104491 -0.022999 0.994260
1757574300.846708536 -0.017917 0.015964 -0.138066 0.000160 -0.091343 -0.016289 0.995686
1757574300.847687960 -0.017962 0.015846 -0.137317 0.000070 -0.091719 -0.016309 0.995651
1757574300.917615891 -0.024216 -0.004621 -0.083516 0.004239 -0.115866 -0.037775 0.992537
1757574300.917615891 -0.022904 0.032678 -0.147852 -0.002030 -0.092645 -0.020421 0.995488
1757574300.918665648 -0.022952 0.032551 -0.147049 -0.001968 -0.093009 -0.020743 0.995447
1757574300.945123911 -0.023399 0.027830 -0.126487 0.002179 -0.097499 -0.022558 0.994978
1757574300.945123911 -0.034403 0.033349 -0.166935 -0.003660 -0.096110 -0.023489 0.995087
1757574300.946416616 -0.034460 0.033193 -0.165945 -0.003458 -0.096330 -0.023577 0.995064
1757574301.013115644 -0.033171 0.017535 -0.113126 0.009456 -0.089830 -0.020463 0.995702
1757574301.013115644 -0.059696 0.039788 -0.161576 -0.001740 -0.099630 -0.023991 0.994734
1757574301.014367580 -0.059752 0.039637 -0.160618 -0.001498 -0.099508 -0.023932 0.994748
1757574301.043734074 -0.061062 0.035071 -0.138274 0.003622 -0.093390 -0.022332 0.995373
1757574301.043734074 -0.055567 0.035070 -0.161331 -0.000565 -0.099759 -0.023686 0.994729
1757574301.044924498 -0.055621 0.034928 -0.160420 -0.000358 -0.099511 -0.023621 0.994756
1757574301.115126848 -0.063156 0.023344 -0.109146 0.006802 -0.085642 -0.021199 0.996077
1757574301.115126848 -0.049962 0.032312 -0.157455 0.001379 -0.099194 -0.023296 0.994794
1757574301.117150307 -0.050057 0.032070 -0.155909 0.001586 -0.098795 -0.023225 0.994835
1757574301.151593447 -0.052977 0.027121 -0.130289 0.002159 -0.093099 -0.022581 0.995398
1757574301.151593447 -0.046138 0.028158 -0.154452 0.002979 -0.098326 -0.022835 0.994888
1757574301.152901649 -0.046199 0.028002 -0.153452 0.003001 -0.098110 -0.022810 0.994910
1757574301.226690531 -0.056459 0.015147 -0.099256 -0.001377 -0.089397 -0.022778 0.995735
1757574301.226690531 -0.038917 0.028146 -0.149889 0.003655 -0.097280 -0.022547 0.994995
1757574301.228026867 -0.038980 0.027987 -0.148867 0.003576 -0.097122 -0.022547 0.995011
1757574301.258486271 -0.041742 0.023441 -0.125696 0.000718 -0.095132 -0.022689 0.995206
1757574301.258486271 -0.037341 0.026989 -0.148902 0.003345 -0.096570 -0.022430 0.995068
1757574301.259652376 -0.037396 0.026850 -0.148010 0.003236 -0.096494 -0.022435 0.995075
1757574301.331591129 -0.047948 0.011657 -0.092376 -0.002639 -0.094007 -0.023100 0.995300
1757574301.331591129 -0.032825 0.030320 -0.150300 0.002401 -0.097051 -0.022697 0.995018
1757574301.333011150 -0.032892 0.030150 -0.149213 0.002285 -0.097002 -0.022710 0.995022
1757574301.364941597 -0.035794 0.024777 -0.124607 0.000894 -0.096299 -0.022950 0.995087
1757574301.364941597 -0.035998 0.029744 -0.153254 0.001576 -0.097390 -0.022933 0.994981
1757574301.367088795 -0.036102 0.029484 -0.151610 0.001483 -0.097343 -0.022950 0.994985
1757574301.439035177 -0.044891 0.013407 -0.096071 0.000063 -0.093353 -0.022957 0.995368
1757574301.439035177 -0.035131 0.032782 -0.155017 0.000948 -0.097691 -0.023171 0.994947
1757574301.440496922 -0.035199 0.032607 -0.153898 0.000919 -0.097610 -0.023172 0.994955
1757574301.476034641 -0.038219 0.026686 -0.126892 0.000870 -0.095044 -0.022959 0.995208
1757574301.476034641 -0.037437 0.030689 -0.157641 0.000509 -0.098216 -0.023170 0.994895
1757574301.477122068 -0.037488 0.030559 -0.156809 0.000507 -0.098138 -0.023164 0.994903
1757574301.548940659 -0.045018 0.015535 -0.103794 0.000836 -0.090256 -0.022864 0.995656
1757574301.548940659 -0.036206 0.031014 -0.158378 0.000730 -0.098408 -0.023301 0.994873
1757574301.550105810 -0.036260 0.030875 -0.157487 0.000735 -0.098280 -0.023297 0.994886
1757574301.579297066 -0.038571 0.026515 -0.135485 0.000413 -0.094815 -0.023096 0.995227
1757574301.579297066 -0.035701 0.027953 -0.158689 0.000916 -0.098575 -0.023377 0.994855
1757574301.580637693 -0.035764 0.027793 -0.157664 0.000902 -0.098415 -0.023368 0.994871
1757574301.650386810 -0.044470 0.014825 -0.105971 -0.000966 -0.089033 -0.022798 0.995767
1757574301.650386810 -0.036145 0.030563 -0.168197 -0.000129 -0.100301 -0.023427 0.994681
1757574301.651471853 -0.036196 0.030434 -0.167367 -0.000158 -0.100155 -0.023419 0.994696
1757574301.682037115 -0.039006 0.025921 -0.144320 -0.001157 -0.096830 -0.023280 0.995028
1757574301.682037115 -0.035929 0.029643 -0.168110 0.000037 -0.100050 -0.023452 0.994706
1757574301.683078051 -0.035978 0.029519 -0.167314 0.000003 -0.099937 -0.023447 0.994717
1757574301.752342939 -0.046799 0.017313 -0.115480 -0.003033 -0.094576 -0.023101 0.995245
1757574301.752342939 -0.029461 0.028954 -0.164204 0.000234 -0.099341 -0.023242 0.994782
1757574301.753412247 -0.029511 0.028826 -0.163386 0.000187 -0.099259 -0.023236 0.994790
1757574301.785345554 -0.032595 0.024279 -0.139162 -0.001528 -0.097821 -0.023301 0.994930
1757574301.785345554 -0.029554 0.026526 -0.163109 0.000397 -0.099104 -0.022977 0.994812
1757574301.786775589 -0.029622 0.026356 -0.162015 0.000321 -0.099040 -0.022980 0.994818
1757574301.854766846 -0.039424 0.014423 -0.110880 -0.003845 -0.097450 -0.023873 0.994947
1757574301.854766846 -0.026297 0.028260 -0.161708 0.000387 -0.098880 -0.023052 0.994832
1757574301.855966806 -0.026354 0.028118 -0.160791 0.000313 -0.098852 -0.023068 0.994835
1757574301.886615753 -0.028970 0.023651 -0.137621 -0.001464 -0.098593 -0.023365 0.994852
1757574301.886615753 -0.028567 0.026754 -0.165073 0.000406 -0.099446 -0.023189 0.994773
1757574301.887724876 -0.028619 0.026622 -0.164224 0.000342 -0.099436 -0.023200 0.994773
1757574301.957057714 -0.037467 0.014593 -0.112872 -0.003927 -0.097500 -0.023488 0.994951
1757574301.957057714 -0.028326 0.030304 -0.157546 0.001024 -0.095823 -0.022823 0.995136
1757574301.958297253 -0.028384 0.030156 -0.156598 0.000948 -0.095789 -0.022827 0.995139
1757574301.991556644 -0.031278 0.025431 -0.131473 -0.001427 -0.095131 -0.022960 0.995199
1757574301.991556644 -0.029027 0.027604 -0.158389 0.001336 -0.096140 -0.022607 0.995110
1757574301.992558956 -0.029073 0.027485 -0.157622 0.001265 -0.096120 -0.022611 0.995112
1757574302.056959629 -0.036593 0.016706 -0.109750 -0.003821 -0.094530 -0.023162 0.995245
1757574302.056959629 -0.026220 0.029336 -0.158750 0.001044 -0.096219 -0.022555 0.995104
1757574302.058072567 -0.026272 0.029203 -0.157899 0.000956 -0.096192 -0.022565 0.995107
1757574302.088300943 -0.028921 0.024894 -0.135089 -0.000898 -0.095618 -0.022852 0.995155
1757574302.088300943 -0.026539 0.027393 -0.159245 0.001169 -0.096327 -0.022390 0.995097
1757574302.089427471 -0.026592 0.027259 -0.158384 0.001099 -0.096305 -0.022401 0.995099
1757574302.157289505 -0.035271 0.016156 -0.107111 -0.002802 -0.095242 -0.022846 0.995188
1757574302.157289505 -0.024477 0.027975 -0.160079 0.001720 -0.096556 -0.022441 0.995073
1757574302.158373833 -0.024527 0.027847 -0.159249 0.001658 -0.096539 -0.022448 0.995075
1757574302.185389757 -0.026751 0.024211 -0.138624 -0.000539 -0.095928 -0.022619 0.995131
1757574302.185389757 -0.023648 0.026192 -0.156780 0.002414 -0.096137 -0.022894 0.995102
1757574302.186682701 -0.023709 0.026038 -0.155791 0.002309 -0.096108 -0.022902 0.995105
1757574302.264079571 -0.037396 0.013050 -0.096322 -0.005460 -0.097578 -0.021136 0.994988
1757574302.264079571 -0.026188 0.028231 -0.155073 0.002122 -0.094342 -0.023942 0.995250
1757574302.265769243 -0.026269 0.028030 -0.153780 0.001952 -0.094374 -0.023903 0.995248
1757574302.296052217 -0.029151 0.023664 -0.130622 -0.001033 -0.095777 -0.021049 0.995180
1757574302.296052217 -0.034661 0.033156 -0.154485 0.002227 -0.094087 -0.026537 0.995208
1757574302.297662020 -0.034738 0.032964 -0.153253 0.002069 -0.094161 -0.026385 0.995205
1757574302.366587877 -0.044609 0.021412 -0.100794 -0.004336 -0.097759 -0.011754 0.995131
1757574302.366587877 -0.037441 0.046156 -0.154945 0.002299 -0.094078 -0.030597 0.995092
1757574302.367703915 -0.037493 0.046023 -0.154091 0.002195 -0.094136 -0.030360 0.995094
1757574302.400622845 -0.040382 0.041446 -0.129152 -0.000681 -0.095961 -0.017787 0.995226
1757574302.400622845 -0.048046 0.055357 -0.158884 0.002417 -0.094750 -0.034801 0.994890
1757574302.401957750 -0.048108 0.055199 -0.157863 0.002300 -0.094824 -0.034292 0.994901
1757574302.478518248 -0.057472 0.042443 -0.100990 -0.003633 -0.096386 0.008129 0.995304
1757574302.478518248 -0.058762 0.068721 -0.163865 0.002074 -0.095710 -0.038513 0.994662
1757574302.480554581 -0.058858 0.068478 -0.162308 0.001915 -0.095754 -0.037385 0.994701
1757574302.510515928 -0.061138 0.064129 -0.139578 0.000427 -0.095083 -0.016862 0.995326
1757574302.510515928 -0.065805 0.071745 -0.168483 0.001930 -0.096501 -0.039863 0.994532
1757574302.511971712 -0.065873 0.071572 -0.167370 0.001857 -0.096469 -0.038866 0.994575
1757574302.588500261 -0.076464 0.059410 -0.111001 -0.001529 -0.091767 0.016846 0.995637
1757574302.588500261 -0.056063 0.069811 -0.173723 0.001589 -0.098603 -0.039009 0.994361
1757574302.590180397 -0.056143 0.069611 -0.172439 0.001512 -0.098503 -0.037787 0.994418
1757574302.620378256 -0.059119 0.065753 -0.149599 0.000179 -0.096127 -0.016802 0.995227
1757574302.620378256 -0.057582 0.068951 -0.171469 0.001397 -0.098328 -0.038882 0.994393
1757574302.621809483 -0.057650 0.068781 -0.170375 0.001334 -0.098216 -0.037888 0.994443
1757574302.693919897 -0.073685 0.059738 -0.116752 -0.000311 -0.095051 0.012195 0.995398
1757574302.693919897 -0.054274 0.073822 -0.164510 0.001341 -0.096856 -0.041216 0.994444
1757574302.695317507 -0.054342 0.073657 -0.163442 0.001311 -0.096798 -0.040246 0.994489
1757574302.723389626 -0.057475 0.070315 -0.142235 0.001095 -0.097794 -0.018172 0.995040
1757574302.723389626 -0.059586 0.075600 -0.163276 0.001041 -0.096108 -0.042134 0.994478
1757574302.724683046 -0.059648 0.075447 -0.162287 0.001032 -0.096155 -0.041117 0.994516
1757574302.794026613 -0.072563 0.067529 -0.110258 0.001398 -0.100689 0.014642 0.994809
1757574302.794026613 -0.052753 0.071986 -0.161310 0.000157 -0.095782 -0.040864 0.994563
1757574302.795367479 -0.052817 0.071828 -0.160285 0.000165 -0.095872 -0.039787 0.994598
1757574302.823750734 -0.055525 0.068323 -0.138398 0.001380 -0.098032 -0.018282 0.995014
1757574302.823750734 -0.055167 0.070107 -0.160704 -0.001078 -0.095293 -0.039343 0.994671
1757574302.824901342 -0.055221 0.069971 -0.159823 -0.001028 -0.095380 -0.038471 0.994697
1757574302.891551018 -0.065665 0.062749 -0.108432 0.005379 -0.102491 0.007260 0.994693
1757574302.891551018 -0.040461 0.064959 -0.155016 -0.000878 -0.095199 -0.037025 0.994769
1757574302.892646790 -0.040512 0.064830 -0.154178 -0.000772 -0.095317 -0.036274 0.994786
1757574302.927014351 -0.044115 0.061634 -0.127761 0.004218 -0.101349 -0.017686 0.994685
1757574302.927014351 -0.026951 0.045953 -0.141474 -0.000356 -0.093208 -0.030985 0.995164
1757574302.928518772 -0.027023 0.045777 -0.140323 -0.000134 -0.093472 -0.030172 0.995165
1757574303.002346754 -0.039935 0.049248 -0.086000 0.006821 -0.115403 -0.009937 0.993246
1757574303.002346754 -0.023195 0.017573 -0.136784 0.001100 -0.092787 -0.022858 0.995423
1757574303.003864765 -0.023268 0.017398 -0.135623 0.001247 -0.093238 -0.022443 0.995390
1757574303.037225723 -0.025700 0.016752 -0.110817 0.001246 -0.103441 -0.024033 0.994344
1757574303.037225723 -0.024428 -0.000590 -0.134041 0.003907 -0.092876 -0.016089 0.995540
1757574303.038902760 -0.024506 -0.000780 -0.132759 0.003910 -0.093389 -0.016170 0.995491
1757574303.111249447 -0.032888 0.007610 -0.081944 -0.008717 -0.115876 -0.036720 0.992546
1757574303.111249447 -0.014559 -0.017549 -0.118464 0.008071 -0.091062 -0.013065 0.995727
1757574303.113068819 -0.014645 -0.017754 -0.117075 0.007754 -0.091628 -0.013583 0.995670
1757574303.141123295 -0.017446 -0.018407 -0.096563 -0.004440 -0.103978 -0.024291 0.994273
1757574303.141123295 -0.008366 -0.011537 -0.108298 0.010772 -0.088874 -0.014485 0.995879
1757574303.142262459 -0.008420 -0.011667 -0.107428 0.010275 -0.089374 -0.014920 0.995833
1757574303.213173628 -0.022883 -0.012246 -0.059654 -0.029550 -0.128209 -0.036316 0.990641
1757574303.213173628 -0.008853 0.008776 -0.120483 0.012863 -0.087357 -0.017261 0.995944
1757574303.214764595 -0.008931 0.008592 -0.119269 0.011966 -0.088229 -0.017742 0.995870
1757574303.244353056 -0.012301 0.004812 -0.097927 -0.004128 -0.107423 -0.022826 0.993943
1757574303.244353056 -0.013023 0.021511 -0.123386 0.010582 -0.087005 -0.018888 0.995973
1757574303.245429754 -0.013074 0.021384 -0.122563 0.009996 -0.087704 -0.019071 0.995914
1757574303.319052219 -0.018912 -0.000459 -0.068786 -0.019377 -0.135008 -0.028829 0.990235
1757574303.319052219 -0.025357 0.035612 -0.129653 0.006789 -0.089939 -0.017498 0.995770
1757574303.320367336 -0.025418 0.035452 -0.128647 0.006266 -0.090788 -0.017671 0.995694
1757574303.348412752 -0.025790 0.029531 -0.106895 0.000935 -0.101961 -0.023525 0.994510
1757574303.348412752 -0.037953 0.037744 -0.137617 0.003379 -0.092890 -0.019521 0.995479
1757574303.349391937 -0.037996 0.037625 -0.136867 0.003193 -0.093280 -0.019724 0.995439
1757574303.418456078 -0.035094 0.014809 -0.082524 0.001651 -0.106378 -0.026500 0.993971
1757574303.418456078 -0.051825 0.047541 -0.150982 0.001516 -0.096702 -0.022684 0.995054
1757574303.419767380 -0.051883 0.047381 -0.149978 0.001487 -0.096951 -0.022812 0.995027
1757574303.454403639 -0.051662 0.040331 -0.123360 0.003028 -0.095301 -0.022226 0.995196
1757574303.454403639 -0.062678 0.044505 -0.161674 0.001430 -0.100685 -0.025593 0.994588
1757574303.456222057 -0.062756 0.044283 -0.160282 0.001511 -0.100599 -0.025561 0.994597
1757574303.530555487 -0.060506 0.024885 -0.104922 0.004745 -0.079872 -0.017091 0.996647
1757574303.530555487 -0.066532 0.035822 -0.164604 -0.001182 -0.103389 -0.026760 0.994280
1757574303.531899452 -0.066591 0.035660 -0.163576 -0.001123 -0.103015 -0.026607 0.994323
1757574303.564174652 -0.067380 0.030241 -0.139277 -0.000689 -0.087742 -0.021850 0.995903
1757574303.564174652 -0.067941 0.030298 -0.163222 -0.000633 -0.104878 -0.027178 0.994113
1757574303.565245628 -0.067989 0.030170 -0.162403 -0.000619 -0.104371 -0.027020 0.994171
1757574303.634297132 -0.074558 0.015985 -0.112534 -0.001133 -0.065823 -0.016260 0.997698
1757574303.634297132 -0.061824 0.031490 -0.161022 -0.000817 -0.104104 -0.027047 0.994198
1757574303.635689020 -0.061889 0.031323 -0.159958 -0.000827 -0.103329 -0.026831 0.994285
1757574303.669492722 -0.065910 0.026137 -0.134665 -0.000720 -0.086511 -0.021404 0.996021
1757574303.669492722 -0.054184 0.029175 -0.159605 -0.000941 -0.101948 -0.027037 0.994422
1757574303.670763254 -0.054245 0.029023 -0.158633 -0.000936 -0.101316 -0.026833 0.994492
1757574303.742651939 -0.074300 0.016009 -0.105009 0.000411 -0.075683 -0.014572 0.997025
1757574303.742651939 -0.047737 0.027846 -0.159374 -0.000205 -0.099830 -0.029172 0.994577
1757574303.743979454 -0.047803 0.027688 -0.158359 -0.000179 -0.099357 -0.028945 0.994631
1757574303.777470589 -0.053245 0.022719 -0.132700 -0.000583 -0.091924 -0.019295 0.995579
1757574303.777470589 -0.050798 0.025154 -0.158859 0.000310 -0.097314 -0.032082 0.994736
1757574303.779075623 -0.050879 0.024962 -0.157631 0.000292 -0.096959 -0.031619 0.994786
1757574303.851512671 -0.073385 0.010723 -0.101510 -0.001112 -0.091960 -0.001279 0.995761
1757574303.851512671 -0.038220 0.044163 -0.152856 0.003019 -0.096932 -0.034457 0.994690
1757574303.853181124 -0.038305 0.043963 -0.151579 0.002987 -0.096820 -0.033759 0.994725
1757574303.886236191 -0.043786 0.038388 -0.126565 0.000482 -0.099596 -0.015400 0.994909
1757574303.886236191 -0.044951 0.048102 -0.146232 0.003859 -0.095317 -0.037512 0.994732
1757574303.887776136 -0.045028 0.047917 -0.145054 0.003743 -0.095448 -0.036657 0.994752
1757574303.959159374 -0.062855 0.033626 -0.090869 -0.001767 -0.108151 0.011327 0.994068
1757574303.959159374 -0.045017 0.048733 -0.144040 0.004512 -0.094521 -0.040919 0.994671
1757574303.960222244 -0.045068 0.048607 -0.143227 0.004429 -0.094713 -0.040205 0.994683
1757574303.987629652 -0.048276 0.044844 -0.123059 0.001636 -0.100368 -0.018740 0.994773
1757574303.987629652 -0.051003 0.048368 -0.142933 0.003876 -0.093957 -0.042785 0.994649
1757574303.988725901 -0.051056 0.048238 -0.142096 0.003765 -0.094184 -0.041926 0.994664
1757574304.055792332 -0.064577 0.036387 -0.092514 -0.001145 -0.109937 0.014342 0.993834
1757574304.055792332 -0.049273 0.053016 -0.142004 0.002250 -0.093528 -0.042982 0.994686
1757574304.056929588 -0.049328 0.052881 -0.141134 0.002167 -0.093797 -0.042028 0.994702
1757574304.086414099 -0.052546 0.048865 -0.118836 0.001862 -0.101320 -0.017167 0.994704
1757574304.086414099 -0.052916 0.053498 -0.143147 -0.000504 -0.093332 -0.041996 0.994749
1757574304.087543726 -0.052970 0.053364 -0.142283 -0.000515 -0.093619 -0.041044 0.994762
1757574304.158989668 -0.061773 0.043784 -0.084890 0.007360 -0.111444 0.015393 0.993624
1757574304.158989668 -0.046050 0.048352 -0.151179 -0.002210 -0.093740 -0.037874 0.994874
1757574304.160062313 -0.046100 0.048225 -0.150358 -0.002091 -0.094009 -0.037026 0.994880
1757574304.188375711 -0.047599 0.045627 -0.128131 0.004088 -0.101703 -0.021642 0.994571
1757574304.188375711 -0.045627 0.037375 -0.150531 -0.001660 -0.093749 -0.028570 0.995184
1757574304.190374851 -0.045718 0.037143 -0.148999 -0.001219 -0.094289 -0.027484 0.995165
1757574304.265559196 -0.047324 0.043269 -0.090018 0.005362 -0.115898 -0.019445 0.993056
1757574304.265559196 -0.045399 0.021469 -0.149980 0.001283 -0.093937 -0.019424 0.995388
1757574304.266790628 -0.045454 0.021328 -0.149038 0.001393 -0.094291 -0.019293 0.995357
1757574304.301554918 -0.045708 0.021318 -0.121802 -0.001769 -0.103396 -0.028682 0.994225
1757574304.301554918 -0.042288 0.014983 -0.148481 0.003771 -0.094229 -0.011787 0.995474
1757574304.302585602 -0.042334 0.014865 -0.147692 0.003680 -0.094500 -0.012066 0.995445
1757574304.368083000 -0.040107 0.021900 -0.097228 -0.014659 -0.109284 -0.047251 0.992779
1757574304.368083000 -0.044390 0.006155 -0.148527 0.006463 -0.095241 -0.008543 0.995397
1757574304.369406462 -0.044448 0.006005 -0.147515 0.006094 -0.095541 -0.009255 0.995364
1757574304.402716398 -0.044719 0.006003 -0.123044 -0.009193 -0.100835 -0.030960 0.994379
1757574304.402716398 -0.048321 0.007400 -0.148899 0.008615 -0.096426 -0.008096 0.995270
1757574304.404667377 -0.048406 0.007182 -0.147409 0.007721 -0.096737 -0.009369 0.995236
1757574304.479461670 -0.048001 0.011475 -0.095932 -0.035481 -0.100378 -0.058192 0.992612
1757574304.479461670 -0.053532 0.011972 -0.145560 0.010475 -0.096493 -0.013275 0.995190
1757574304.481359005 -0.053616 0.011756 -0.144111 0.009378 -0.096583 -0.014514 0.995175
1757574304.516749144 -0.058879 0.010828 -0.118367 -0.015095 -0.097233 -0.028949 0.994726
1757574304.516749144 -0.049034 0.014862 -0.147787 0.013763 -0.094181 -0.015293 0.995342
1757574304.518668652 -0.049132 0.014644 -0.146322 0.012433 -0.094215 -0.016073 0.995345
1757574304.590762615 -0.062985 0.008643 -0.106874 -0.052233 -0.108196 -0.041671 0.991881
1757574304.590762615 -0.048671 0.018188 -0.142691 0.012224 -0.093159 -0.019237 0.995390
1757574304.592050552 -0.048733 0.018037 -0.141710 0.011067 -0.093409 -0.019694 0.995371
1757574304.628860235 -0.052062 0.009862 -0.116922 -0.015386 -0.101753 -0.025833 0.994355
1757574304.628860235 -0.057908 0.029436 -0.145657 0.008060 -0.093510 -0.023397 0.995311
1757574304.630905628 -0.058006 0.029183 -0.144101 0.006589 -0.093971 -0.023738 0.995270
1757574304.702591896 -0.065292 0.000168 -0.094360 -0.019098 -0.107959 -0.020965 0.993751
1757574304.702591896 -0.062855 0.042954 -0.146328 0.003870 -0.095341 -0.026312 0.995089
1757574304.703815222 -0.062912 0.042804 -0.145393 0.003431 -0.095579 -0.026264 0.995069
1757574304.736382008 -0.063879 0.033628 -0.120205 0.000263 -0.097535 -0.021453 0.995001
1757574304.736382008 -0.076256 0.044582 -0.148773 0.000172 -0.098282 -0.028298 0.994756
1757574304.737838030 -0.076322 0.044400 -0.147658 0.000029 -0.098369 -0.028083 0.994754
1757574304.809717655 -0.073398 0.009333 -0.088119 0.012132 -0.088884 -0.011713 0.995899
1757574304.809717655 -0.068275 0.033363 -0.148976 -0.003718 -0.100620 -0.029514 0.994480
1757574304.810751915 -0.068321 0.033236 -0.148183 -0.003544 -0.100483 -0.029279 0.994502
1757574304.841486692 -0.068465 0.025769 -0.123734 0.005037 -0.090001 -0.014942 0.995817
1757574304.841486692 -0.077207 0.017599 -0.150033 -0.005471 -0.102510 -0.034306 0.994125
1757574304.843198538 -0.077281 0.017386 -0.148721 -0.004992 -0.101928 -0.033508 0.994215
1757574304.913394690 -0.078060 -0.005105 -0.091928 0.017673 -0.069328 0.016675 0.997298
1757574304.913394690 -0.088442 0.014313 -0.152939 -0.006094 -0.103831 -0.037399 0.993873
1757574304.914701223 -0.088500 0.014154 -0.151939 -0.005672 -0.103228 -0.036465 0.993973
1757574304.945167065 -0.090117 0.008617 -0.128374 0.004297 -0.086832 -0.011553 0.996147
1757574304.945167065 -0.089323 0.008446 -0.153721 -0.006057 -0.104174 -0.037952 0.993816
1757574304.947437763 -0.089427 0.008169 -0.151983 -0.005314 -0.102956 -0.036096 0.994017
1757574305.019257545 -0.099122 -0.007962 -0.098578 0.017151 -0.063818 0.022489 0.997561
1757574305.019257545 -0.078920 0.010620 -0.154064 -0.006515 -0.103440 -0.037370 0.993912
1757574305.020300627 -0.078968 0.010495 -0.153267 -0.006188 -0.102875 -0.036521 0.994004
1757574305.049540520 -0.082499 0.006644 -0.131582 0.003531 -0.088993 -0.012326 0.995950
1757574305.049540520 -0.067366 0.011564 -0.156913 -0.006687 -0.101735 -0.034618 0.994187
1757574305.051068544 -0.067441 0.011383 -0.155745 -0.006180 -0.101010 -0.033355 0.994307
1757574305.128409624 -0.092206 0.001374 -0.097218 0.019419 -0.075388 0.017531 0.996811
1757574305.128409624 -0.049382 0.034333 -0.172744 -0.005590 -0.100900 -0.033563 0.994315
1757574305.130347729 -0.049483 0.034103 -0.171261 -0.004948 -0.100263 -0.032289 0.994425
1757574305.160045147 -0.054179 0.031161 -0.147941 0.004285 -0.094405 -0.020026 0.995323
1757574305.160045147 -0.044336 0.032881 -0.165957 -0.005570 -0.098028 -0.027747 0.994781
1757574305.161449194 -0.044407 0.032717 -0.164881 -0.005133 -0.097749 -0.027168 0.994827
1757574305.233825445 -0.066144 0.029673 -0.111362 0.016525 -0.102967 -0.016237 0.994415
1757574305.233825445 -0.017656 0.018671 -0.145810 -0.002678 -0.093858 -0.019103 0.995399
1757574305.235517502 -0.017743 0.018474 -0.144516 -0.002170 -0.093977 -0.018849 0.995394
1757574305.267374277 -0.021727 0.017463 -0.121056 0.000080 -0.105542 -0.026731 0.994056
1757574305.267374277 -0.008407 -0.005186 -0.133921 0.001624 -0.091414 -0.009175 0.995769
1757574305.269011021 -0.008487 -0.005373 -0.132671 0.001744 -0.092006 -0.009582 0.995711
1757574305.338238716 -0.015884 0.003338 -0.082899 -0.017483 -0.126664 -0.056536 0.990179
1757574305.338238716 -0.003147 -0.027053 -0.130698 0.006841 -0.091598 -0.002074 0.995770
1757574305.339451313 -0.003204 -0.027191 -0.129772 0.006508 -0.092208 -0.002901 0.995714
1757574305.372658968 -0.004137 -0.026839 -0.104815 -0.010629 -0.106635 -0.033401 0.993680
1757574305.372658968 -0.007963 -0.021325 -0.134969 0.009563 -0.093011 -0.002344 0.995616
1757574305.374033213 -0.008025 -0.021481 -0.133918 0.008855 -0.093608 -0.003609 0.995563
1757574305.448626041 -0.011383 -0.019378 -0.078437 -0.037153 -0.113429 -0.068105 0.990513
1757574305.448626041 0.000447 -0.001941 -0.138293 0.010333 -0.093728 -0.006862 0.995521
1757574305.450538158 0.000360 -0.002160 -0.136831 0.009151 -0.094238 -0.008519 0.995471
1757574305.478995562 -0.001501 -0.005736 -0.116089 -0.007504 -0.098419 -0.026099 0.994774
1757574305.478995562 -0.008685 0.012981 -0.137491 0.008082 -0.094240 -0.015434 0.995397
1757574305.480193377 -0.008740 0.012839 -0.136576 0.007380 -0.094413 -0.016174 0.995374
1757574305.553333998 -0.019139 -0.007690 -0.087194 -0.018864 -0.102668 -0.031311 0.994044
1757574305.553333998 -0.019653 0.027896 -0.138841 0.005210 -0.095325 -0.020222 0.995227
1757574305.554805040 -0.019723 0.027717 -0.137718 0.004682 -0.095490 -0.020527 0.995208
1757574305.584830761 -0.020478 0.021208 -0.115364 -0.001811 -0.096306 -0.022461 0.995097
1757574305.584830761 -0.037073 0.032865 -0.147199 0.002207 -0.098267 -0.022712 0.994898
1757574305.586890221 -0.037164 0.032609 -0.145626 0.001762 -0.098322 -0.022846 0.994891
1757574305.658832312 -0.030811 0.004544 -0.091703 -0.002168 -0.084049 -0.021701 0.996223
1757574305.658832312 -0.062139 0.041170 -0.157929 0.000036 -0.102584 -0.026596 0.994369
1757574305.659831762 -0.062183 0.041049 -0.157165 -0.000018 -0.102386 -0.026581 0.994390
1757574305.694246292 -0.061425 0.033126 -0.130646 0.001077 -0.086299 -0.021281 0.996041
1757574305.694246292 -0.079089 0.038071 -0.166775 -0.001807 -0.105756 -0.029564 0.993951
1757574305.695453405 -0.079141 0.037924 -0.165851 -0.001767 -0.105192 -0.029379 0.994016
1757574305.771488667 -0.077214 0.013223 -0.107971 0.007222 -0.054491 -0.009870 0.998439
1757574305.771488667 -0.095225 0.051560 -0.189403 -0.002702 -0.108232 -0.031495 0.993623
1757574305.773260832 -0.095303 0.051343 -0.188047 -0.002491 -0.107053 -0.031041 0.993765
1757574305.802780628 -0.097084 0.045599 -0.165863 0.002846 -0.084964 -0.022557 0.996125
1757574305.802780628 -0.096993 0.048018 -0.191330 -0.002942 -0.108300 -0.031562 0.993613
1757574305.803946972 -0.097047 0.047877 -0.190438 -0.002731 -0.107428 -0.031227 0.993719
1757574305.878497124 -0.111400 0.028007 -0.136793 0.011335 -0.054751 -0.010823 0.998377
1757574305.878497124 -0.081241 0.050312 -0.184868 -0.003708 -0.106724 -0.030113 0.993826
1757574305.879720449 -0.081299 0.050164 -0.183933 -0.003478 -0.105861 -0.029780 0.993929
1757574305.916532755 -0.087042 0.042931 -0.156942 0.004902 -0.084087 -0.021721 0.996210
1757574305.916532755 -0.068576 0.048121 -0.177662 -0.004934 -0.104013 -0.029257 0.994133
1757574305.917902708 -0.068644 0.047955 -0.176615 -0.004622 -0.103203 -0.028959 0.994228
1757574305.987334967 -0.090601 0.034600 -0.124618 0.015666 -0.077111 -0.015039 0.996786
1757574305.987334967 -0.049795 0.044695 -0.169328 -0.004204 -0.101555 -0.027285 0.994447
1757574305.989825010 -0.049932 0.044395 -0.167424 -0.003477 -0.100620 -0.026787 0.994558
1757574306.022769451 -0.057051 0.039974 -0.142683 0.005103 -0.094951 -0.022449 0.995216
1757574306.022769451 -0.037713 0.036872 -0.161710 -0.001610 -0.098440 -0.024076 0.994850
1757574306.024128675 -0.037783 0.036711 -0.160671 -0.001256 -0.098206 -0.023897 0.994878
1757574306.097553015 -0.066533 0.030353 -0.100414 0.008710 -0.099422 -0.023306 0.994734
1757574306.097553015 -0.025971 0.037408 -0.159827 0.000722 -0.097012 -0.023525 0.995005
1757574306.098687172 -0.026028 0.037275 -0.158958 0.000876 -0.097031 -0.023516 0.995003
1757574306.128887653 -0.031582 0.033685 -0.135337 0.003100 -0.103537 -0.024095 0.994329
1757574306.128887653 -0.031219 0.041225 -0.151849 0.000459 -0.093301 -0.025295 0.995317
1757574306.131059408 -0.031338 0.040968 -0.150185 0.000618 -0.093769 -0.025337 0.995271
1757574306.201026678 -0.052115 0.030605 -0.096036 0.005989 -0.120204 -0.020988 0.992509
1757574306.201026678 -0.027941 0.047318 -0.147649 -0.001594 -0.090029 -0.027273 0.995564
1757574306.202087402 -0.027993 0.047193 -0.146837 -0.001513 -0.090431 -0.027207 0.995530
1757574306.236191988 -0.032363 0.042500 -0.120959 0.003572 -0.106333 -0.022848 0.994062
1757574306.236191988 -0.036496 0.045853 -0.146954 -0.004308 -0.088019 -0.027703 0.995724
1757574306.237394810 -0.036554 0.045710 -0.146034 -0.004129 -0.088580 -0.027548 0.995679
1757574306.307029486 -0.045221 0.035767 -0.094200 0.014594 -0.124583 -0.018359 0.991932
1757574306.307029486 -0.033603 0.034007 -0.143748 -0.004680 -0.086863 -0.025422 0.995885
1757574306.308533907 -0.033673 0.033829 -0.142597 -0.004273 -0.087641 -0.025224 0.995824
1757574306.342269421 -0.035627 0.031448 -0.117748 0.004470 -0.106316 -0.023724 0.994039
1757574306.342269421 -0.025350 0.009362 -0.135876 -0.000713 -0.086924 -0.019026 0.996033
1757574306.343472719 -0.025405 0.009222 -0.134956 -0.000397 -0.087589 -0.018975 0.995976
1757574306.411958456 -0.027985 0.014972 -0.088055 0.000947 -0.126783 -0.035226 0.991304
1757574306.411958456 -0.024083 -0.007971 -0.125644 0.002350 -0.087577 -0.011472 0.996089
1757574306.413125038 -0.024136 -0.008104 -0.124753 0.002378 -0.088246 -0.011751 0.996027
1757574306.434911728 -0.024792 -0.009012 -0.108581 -0.002642 -0.100545 -0.022829 0.994667
1757574306.434911728 -0.025912 -0.010210 -0.127335 0.005188 -0.088862 -0.007479 0.996002
1757574306.436057329 -0.025963 -0.010341 -0.126459 0.004927 -0.089509 -0.008063 0.995941
1757574306.502782106 -0.024187 -0.004740 -0.079939 -0.024061 -0.122195 -0.053571 0.990767
1757574306.502782106 -0.032811 -0.020186 -0.131562 0.007484 -0.090765 -0.005578 0.995829
1757574306.504162073 -0.032872 -0.020344 -0.130508 0.006887 -0.091444 -0.006522 0.995765
1757574306.538009882 -0.033280 -0.021370 -0.106015 -0.012535 -0.103939 -0.031836 0.993995
1757574306.538009882 -0.039662 -0.014852 -0.140806 0.008683 -0.093521 -0.006997 0.995555
1757574306.539178371 -0.039714 -0.014987 -0.139913 0.008015 -0.093952 -0.007874 0.995513
1757574306.610641479 -0.039983 -0.016355 -0.094276 -0.037531 -0.108884 -0.055824 0.991776
1757574306.610641479 -0.045679 0.000090 -0.149430 0.007311 -0.096182 -0.012315 0.995261
1757574306.612087727 -0.045744 -0.000078 -0.148327 0.006389 -0.096485 -0.013288 0.995225
1757574306.644553661 -0.046906 -0.004710 -0.124188 -0.008921 -0.095964 -0.026233 0.994999
1757574306.644553661 -0.050603 0.026308 -0.163475 0.003577 -0.098303 -0.020650 0.994936
1757574306.645846367 -0.050661 0.026154 -0.162487 0.002968 -0.098279 -0.021166 0.994929
1757574306.715688944 -0.057048 0.006338 -0.107691 -0.009502 -0.088540 -0.023405 0.995752
1757574306.715688944 -0.062426 0.042504 -0.162297 0.000915 -0.100024 -0.024772 0.994676
1757574306.716919184 -0.062483 0.042356 -0.161355 0.000696 -0.099852 -0.024813 0.994693
1757574306.743191004 -0.064200 0.036992 -0.141010 0.001322 -0.095629 -0.023039 0.995150
1757574306.743191004 -0.070497 0.043289 -0.161674 -0.001657 -0.101111 -0.026778 0.994513
1757574306.744243145 -0.070546 0.043161 -0.160869 -0.001631 -0.100942 -0.026707 0.994532
1757574306.815905571 -0.073340 0.019074 -0.103068 0.010950 -0.085056 -0.016596 0.996178
1757574306.815905571 -0.075823 0.049972 -0.164844 -0.003638 -0.103316 -0.024904 0.994330
1757574306.817055225 -0.075875 0.049833 -0.163964 -0.003437 -0.103061 -0.024742 0.994361
1757574306.847043037 -0.076684 0.043885 -0.140639 0.004283 -0.091889 -0.024004 0.995471
1757574306.847043037 -0.084005 0.044615 -0.165887 -0.003495 -0.104695 -0.025979 0.994159
1757574306.848100424 -0.084053 0.044487 -0.165078 -0.003223 -0.104302 -0.025952 0.994202
1757574306.918554306 -0.085241 0.026403 -0.111782 0.012276 -0.072457 -0.020121 0.997093
1757574306.918554306 -0.092612 0.043438 -0.167384 -0.002559 -0.105695 -0.027673 0.994010
1757574306.920384645 -0.092694 0.043215 -0.165984 -0.002155 -0.104871 -0.027521 0.994103
1757574306.952781677 -0.093642 0.037388 -0.141578 0.003439 -0.088256 -0.023081 0.995824
1757574306.952781677 -0.096935 0.041079 -0.167955 -0.002215 -0.106248 -0.028802 0.993920
1757574306.953886986 -0.096985 0.040947 -0.167110 -0.002024 -0.105682 -0.028650 0.993985
1757574307.032188177 -0.101569 0.021208 -0.109964 0.010689 -0.063167 -0.015301 0.997828
1757574307.032188177 -0.096613 0.049409 -0.199708 -0.003092 -0.105536 -0.029166 0.993983
1757574307.033296347 -0.096663 0.049276 -0.198861 -0.002912 -0.104935 -0.028978 0.994052
1757574307.064587355 -0.099058 0.043978 -0.175336 0.002244 -0.088819 -0.023280 0.995773
1757574307.064587355 -0.094781 0.044949 -0.196775 -0.003115 -0.104844 -0.028762 0.994068
1757574307.066771746 -0.094885 0.044684 -0.195106 -0.002755 -0.103720 -0.028365 0.994198
1757574307.135895491 -0.105202 0.027962 -0.144229 0.009719 -0.071831 -0.017042 0.997224
1757574307.135895491 -0.083242 0.044456 -0.189697 -0.003796 -0.103105 -0.025754 0.994330
1757574307.136887074 -0.083288 0.044338 -0.188938 -0.003618 -0.102647 -0.025592 0.994382
1757574307.163035154 -0.086183 0.040007 -0.169109 0.002050 -0.092870 -0.024350 0.995378
1757574307.163035154 -0.079027 0.043844 -0.182329 -0.003792 -0.101485 -0.025278 0.994509
1757574307.164348364 -0.079091 0.043686 -0.181324 -0.003507 -0.100994 -0.025216 0.994561
1757574307.229428291 -0.094135 0.028554 -0.132398 0.013933 -0.085555 -0.021938 0.995994
1757574307.229428291 -0.066193 0.045650 -0.170150 -0.004687 -0.099097 -0.024946 0.994754
1757574307.230603695 -0.066250 0.045509 -0.169250 -0.004372 -0.098818 -0.024888 0.994785
1757574307.264385939 -0.071278 0.039772 -0.143628 0.006596 -0.095427 -0.023092 0.995147
1757574307.264385939 -0.065491 0.041883 -0.164075 -0.005151 -0.097603 -0.024133 0.994919
1757574307.265605927 -0.065550 0.041737 -0.163141 -0.004755 -0.097480 -0.024069 0.994935
1757574307.339634180 -0.082182 0.032014 -0.104401 0.021654 -0.095612 -0.021536 0.994950
1757574307.339634180 -0.043129 0.039208 -0.167630 -0.003286 -0.097064 -0.023814 0.994988
1757574307.340967894 -0.043194 0.039050 -0.166608 -0.002810 -0.097031 -0.023769 0.994994
1757574307.369626999 -0.046833 0.036023 -0.144359 0.004793 -0.097732 -0.023139 0.994932
1757574307.369626999 -0.040188 0.036828 -0.159329 -0.001341 -0.095963 -0.023827 0.995099
1757574307.370776415 -0.040243 0.036693 -0.158449 -0.001037 -0.095991 -0.023802 0.995097
1757574307.445929766 -0.058181 0.031751 -0.100418 0.011062 -0.102611 -0.021752 0.994422
1757574307.445929766 -0.028313 0.032546 -0.146820 0.000148 -0.094244 -0.023728 0.995266
1757574307.447340012 -0.028382 0.032381 -0.145741 0.000375 -0.094369 -0.023690 0.995255
1757574307.479153395 -0.032285 0.028838 -0.122077 0.003530 -0.099738 -0.022862 0.994745
1757574307.479153395 -0.027703 0.034729 -0.138609 0.000339 -0.093260 -0.023923 0.995354
1757574307.480671406 -0.027777 0.034550 -0.137449 0.000489 -0.093516 -0.023884 0.995331
1757574307.548622608 -0.039672 0.025783 -0.090520 0.006341 -0.108931 -0.021827 0.993789
1757574307.548622608 -0.023295 0.035996 -0.132967 0.000613 -0.092538 -0.024032 0.995419
1757574307.549909592 -0.023357 0.035844 -0.131984 0.000724 -0.092830 -0.023993 0.995393
1757574307.579253197 -0.025920 0.032369 -0.110344 0.002796 -0.100376 -0.023027 0.994679
1757574307.579253197 -0.027684 0.036786 -0.136537 0.000890 -0.093118 -0.024460 0.995354
1757574307.581035852 -0.027769 0.036576 -0.135176 0.001015 -0.093577 -0.024401 0.995312
1757574307.654216766 -0.035662 0.028893 -0.082071 0.004683 -0.109904 -0.020733 0.993715
1757574307.654216766 -0.018352 0.032008 -0.138954 -0.000207 -0.091859 -0.024471 0.995471
1757574307.656218290 -0.018446 0.031773 -0.137425 -0.000107 -0.092306 -0.024371 0.995432
1757574307.690259218 -0.020669 0.028621 -0.111342 -0.000901 -0.097823 -0.022814 0.994942
1757574307.690259218 -0.018301 0.027754 -0.142977 0.001643 -0.093050 -0.024127 0.995368
1757574307.691518068 -0.018359 0.027606 -0.142014 0.001614 -0.093254 -0.024070 0.995350
1757574307.764300346 -0.027898 0.025346 -0.083602 -0.007764 -0.102102 -0.021710 0.994507
1757574307.764300346 -0.016240 0.021426 -0.144813 0.003519 -0.093845 -0.023443 0.995305
1757574307.765401840 -0.016291 0.021297 -0.143970 0.003377 -0.093979 -0.023408 0.995293
1757574307.795523643 -0.018929 0.018878 -0.120205 -0.003261 -0.097094 -0.023228 0.994999
1757574307.795523643 -0.018682 0.022324 -0.146846 0.004141 -0.094404 -0.023311 0.995252
1757574307.797551870 -0.018779 0.022090 -0.145291 0.003694 -0.094614 -0.023299 0.995234
1757574307.864507675 -0.026332 0.017477 -0.090437 -0.013521 -0.099938 -0.023312 0.994629
1757574307.864507675 -0.022325 0.019599 -0.153475 0.005727 -0.096354 -0.022769 0.995070
1757574307.865499258 -0.022371 0.019482 -0.152716 0.005472 -0.096433 -0.022770 0.995064
1757574307.897698641 -0.024994 0.016049 -0.128477 -0.004720 -0.096410 -0.023484 0.995053
1757574307.897698641 -0.020677 0.020031 -0.149190 0.006519 -0.095834 -0.022532 0.995121
1757574307.899472237 -0.020760 0.019823 -0.147835 0.005957 -0.095833 -0.022571 0.995124
1757574307.972870111 -0.033517 0.011164 -0.097317 -0.020930 -0.097974 -0.024909 0.994657
1757574307.972870111 -0.013493 0.018881 -0.144294 0.008329 -0.096424 -0.021798 0.995067
1757574307.973972797 -0.013546 0.018751 -0.143452 0.007926 -0.096457 -0.021833 0.995066
1757574308.005649328 -0.017420 0.014785 -0.120404 -0.004725 -0.099128 -0.023591 0.994784
1757574308.005649328 -0.011557 0.017223 -0.140897 0.008756 -0.095528 -0.021230 0.995162
1757574308.007642746 -0.011656 0.016987 -0.139376 0.007960 -0.095697 -0.021340 0.995150
1757574308.078658819 -0.027658 0.005519 -0.089083 -0.020570 -0.105908 -0.026681 0.993805
1757574308.078658819 -0.003669 0.022751 -0.135564 0.007752 -0.094281 -0.021594 0.995281
1757574308.080391645 -0.003755 0.022545 -0.134240 0.007055 -0.094531 -0.021723 0.995260
1757574308.110037327 -0.007456 0.017916 -0.112093 -0.003079 -0.100601 -0.023470 0.994645
1757574308.110037327 -0.007504 0.024137 -0.136191 0.006431 -0.093874 -0.022040 0.995319
1757574308.111169338 -0.007558 0.024002 -0.135326 0.006044 -0.094106 -0.022106 0.995298
1757574308.180540800 -0.021551 0.009517 -0.083607 -0.012857 -0.109692 -0.024771 0.993574
1757574308.180540800 -0.005552 0.031512 -0.136760 0.005092 -0.093793 -0.022944 0.995314
1757574308.182034731 -0.005625 0.031333 -0.135617 0.004685 -0.094129 -0.023001 0.995283
1757574308.215960741 -0.009894 0.025946 -0.109730 -0.002105 -0.101813 -0.023338 0.994528
1757574308.215960741 -0.009230 0.037962 -0.136922 0.003348 -0.093382 -0.026340 0.995276
1757574308.217078924 -0.009283 0.037829 -0.136067 0.003123 -0.093635 -0.026351 0.995253
1757574308.289972067 -0.022641 0.022731 -0.080906 -0.004888 -0.112270 -0.016525 0.993528
1757574308.289972067 -0.022826 0.047634 -0.145207 -0.000491 -0.093613 -0.030454 0.995143
1757574308.291233301 -0.022886 0.047483 -0.144243 -0.000631 -0.093935 -0.030282 0.995117
1757574308.320925474 -0.025443 0.042895 -0.121701 0.000204 -0.100998 -0.021887 0.994646
1757574308.320925474 -0.036930 0.048255 -0.153006 -0.004184 -0.095083 -0.029086 0.995036
1757574308.322272778 -0.036994 0.048094 -0.151976 -0.004146 -0.095402 -0.028704 0.995016
1757574308.398104906 -0.043466 0.031988 -0.094742 0.012199 -0.106082 -0.014634 0.994175
1757574308.398104906 -0.036620 0.048154 -0.154912 -0.007333 -0.095648 -0.025023 0.995074
1757574308.399226665 -0.036672 0.048020 -0.154054 -0.007091 -0.095805 -0.024814 0.995066
1757574308.430045843 -0.038762 0.044241 -0.130886 0.003387 -0.099277 -0.023996 0.994765
1757574308.430045843 -0.037130 0.039777 -0.152014 -0.006263 -0.095567 -0.024680 0.995097
1757574308.432221174 -0.037232 0.039519 -0.150352 -0.005524 -0.095812 -0.024623 0.995080
1757574308.503028154 -0.045797 0.040033 -0.100231 0.013021 -0.104670 -0.022198 0.994174
1757574308.503028154 -0.029172 0.027655 -0.145780 -0.001323 -0.095012 -0.023929 0.995188
1757574308.504196882 -0.029227 0.027520 -0.144887 -0.001017 -0.095159 -0.023890 0.995175
1757574308.531637430 -0.031110 0.026552 -0.124190 0.000503 -0.099512 -0.023545 0.994758
1757574308.531637430 -0.025939 0.023439 -0.141431 0.003906 -0.094681 -0.022503 0.995246
1757574308.532983303 -0.026002 0.023285 -0.140402 0.003981 -0.094894 -0.022487 0.995225
1757574308.609437227 -0.031998 0.033413 -0.081522 -0.010223 -0.108730 -0.026313 0.993670
1757574308.609437227 -0.026811 0.011919 -0.145578 0.006658 -0.093710 -0.020457 0.995367
1757574308.610595226 -0.026864 0.011787 -0.144691 0.006443 -0.093920 -0.020515 0.995347
1757574308.642456532 -0.028581 0.011031 -0.120376 -0.005759 -0.099495 -0.025332 0.994699
1757574308.642456532 -0.020610 0.014885 -0.141151 0.010688 -0.092302 -0.021224 0.995447
1757574308.643661499 -0.020666 0.014747 -0.140229 0.010226 -0.092512 -0.021406 0.995429
1757574308.713129282 -0.036526 0.007444 -0.089450 -0.030911 -0.109530 -0.029298 0.993071
1757574308.713129282 -0.009033 0.021919 -0.134217 0.007892 -0.090430 -0.017524 0.995717
1757574308.714550495 -0.009103 0.021752 -0.133130 0.007052 -0.090783 -0.017683 0.995689
1757574308.747162580 -0.011816 0.017929 -0.107893 -0.004934 -0.101940 -0.026663 0.994421
1757574308.747162580 -0.020382 0.023246 -0.139621 0.004949 -0.091990 -0.012685 0.995667
1757574308.748368263 -0.020438 0.023104 -0.138698 0.004508 -0.092406 -0.013017 0.995626
1757574308.823430538 -0.021388 0.018478 -0.081538 -0.015618 -0.108949 -0.046426 0.992840
1757574308.823430538 -0.031944 0.021224 -0.146790 0.004659 -0.094987 -0.009966 0.995418
1757574308.824973345 -0.032013 0.021043 -0.145610 0.004248 -0.095330 -0.010654 0.995380
1757574308.855428696 -0.033317 0.018154 -0.122955 -0.005015 -0.096800 -0.026878 0.994928
1757574308.855428696 -0.036647 0.024248 -0.150458 0.003760 -0.096868 -0.011211 0.995227
1757574308.857262135 -0.036731 0.024034 -0.149057 0.003204 -0.096957 -0.012189 0.995209
1757574308.924329519 -0.045284 0.013873 -0.101790 -0.013356 -0.093374 -0.042927 0.994616
1757574308.924329519 -0.030512 0.032815 -0.156380 0.002732 -0.097362 -0.015534 0.995124
1757574308.925430059 -0.030563 0.032684 -0.155539 0.002460 -0.097304 -0.016039 0.995122
1757574308.960059404 -0.035179 0.027276 -0.130541 -0.003005 -0.096613 -0.024867 0.995007
1757574308.960059404 -0.033773 0.033567 -0.156045 0.001108 -0.095695 -0.020085 0.995207
1757574308.961313725 -0.033834 0.033417 -0.155087 0.000909 -0.095670 -0.020404 0.995204
1757574309.035475254 -0.050033 0.018448 -0.102027 -0.003696 -0.103696 -0.025844 0.994266
1757574309.035475254 -0.043675 0.036173 -0.156346 -0.001888 -0.095959 -0.023007 0.995118
1757574309.037317038 -0.043766 0.035952 -0.154939 -0.002003 -0.096158 -0.023141 0.995095
1757574309.067687035 -0.044991 0.030943 -0.131383 -0.000709 -0.098127 -0.022281 0.994924
1757574309.067687035 -0.064636 0.035756 -0.158837 -0.005169 -0.099137 -0.024527 0.994758
1757574309.068891764 -0.064690 0.035612 -0.157914 -0.005118 -0.099215 -0.024492 0.994751
1757574309.143737078 -0.065200 0.017641 -0.098774 0.003819 -0.085659 -0.020023 0.996116
1757574309.143737078 -0.082477 0.036246 -0.160817 -0.006675 -0.101568 -0.027306 0.994431
1757574309.144873857 -0.082528 0.036109 -0.159947 -0.006539 -0.101363 -0.027238 0.994455
1757574309.177697420 -0.083942 0.030594 -0.135411 -0.002579 -0.090452 -0.022018 0.995654
1757574309.177697420 -0.088164 0.033333 -0.160578 -0.005017 -0.102130 -0.030661 0.994286
1757574309.178881884 -0.088217 0.033191 -0.159672 -0.004873 -0.101737 -0.030472 0.994333
1757574309.250942707 -0.094943 0.019753 -0.109402 -0.000675 -0.075564 -0.010181 0.997089
1757574309.250942707 -0.081378 0.035308 -0.177578 -0.004296 -0.102999 -0.032963 0.994126
1757574309.252120733 -0.081432 0.035168 -0.176678 -0.004227 -0.102573 -0.032631 0.994181
1757574309.285708427 -0.084785 0.030470 -0.151755 -0.005481 -0.091813 -0.021069 0.995538
1757574309.285708427 -0.073347 0.033710 -0.178978 -0.001524 -0.102147 -0.031995 0.994253
1757574309.287425518 -0.073429 0.033505 -0.177666 -0.001588 -0.101599 -0.031403 0.994328
1757574309.358253241 -0.088552 0.021269 -0.125978 -0.009401 -0.084452 -0.011154 0.996321
1757574309.358253241 -0.051798 0.037472 -0.179227 -0.000371 -0.100576 -0.028403 0.994524
1757574309.359509230 -0.051859 0.037322 -0.178267 -0.000510 -0.100273 -0.028043 0.994565
1757574309.391860485 -0.056117 0.032224 -0.153974 -0.005024 -0.093850 -0.023831 0.995288
1757574309.391860485 -0.048192 0.036972 -0.178361 -0.001210 -0.100509 -0.025816 0.994600
1757574309.393517733 -0.048274 0.036773 -0.177095 -0.001442 -0.100181 -0.025600 0.994639
1757574309.467027426 -0.065106 0.031929 -0.118351 -0.008386 -0.084511 -0.022660 0.996130
1757574309.467027426 -0.028476 0.033983 -0.177442 0.002461 -0.096972 -0.024521 0.994982
1757574309.468106270 -0.028528 0.033856 -0.176616 0.002359 -0.096743 -0.024477 0.995006
1757574309.501229048 -0.034883 0.029246 -0.151177 -0.005241 -0.097478 -0.024306 0.994927
1757574309.501229048 -0.025669 0.037609 -0.169177 0.003673 -0.095349 -0.024865 0.995127
1757574309.502470016 -0.025732 0.037462 -0.168227 0.003388 -0.095376 -0.024859 0.995125
1757574309.573283672 -0.045914 0.019925 -0.116474 -0.011736 -0.103990 -0.021744 0.994271
1757574309.573283672 -0.033474 0.039826 -0.149102 0.004604 -0.094215 -0.025092 0.995225
1757574309.574776411 -0.033549 0.039646 -0.147961 0.004285 -0.094397 -0.025026 0.995211
1757574309.607156277 -0.038148 0.033421 -0.124164 -0.000117 -0.098827 -0.022752 0.994845
1757574309.607156277 -0.040918 0.039025 -0.148320 0.002005 -0.094285 -0.024756 0.995235
1757574309.609404564 -0.041033 0.038749 -0.146604 0.001700 -0.094593 -0.024597 0.995211
1757574309.678666353 -0.056531 0.018980 -0.099321 0.001201 -0.101482 -0.020691 0.994621
1757574309.678666353 -0.036233 0.044036 -0.146895 -0.001419 -0.094585 -0.023707 0.995233
1757574309.679901838 -0.036293 0.043887 -0.145952 -0.001428 -0.094708 -0.023637 0.995223
1757574309.712045908 -0.040534 0.037200 -0.122783 0.004452 -0.097374 -0.023186 0.994968
1757574309.712045908 -0.043043 0.046875 -0.150196 -0.006895 -0.095390 -0.022530 0.995161
1757574309.713589191 -0.043119 0.046687 -0.149019 -0.006613 -0.095517 -0.022508 0.995151
1757574309.783707142 -0.056241 0.022510 -0.104570 0.024540 -0.097416 -0.024129 0.994649
1757574309.783707142 -0.057350 0.043315 -0.158737 -0.005519 -0.098047 -0.025979 0.994827
1757574309.784790993 -0.057401 0.043184 -0.157910 -0.005037 -0.098079 -0.026003 0.994826
1757574309.815383911 -0.058888 0.041656 -0.131938 0.003515 -0.092064 -0.022906 0.995483
1757574309.815383911 -0.068088 0.028783 -0.168180 -0.000586 -0.099273 -0.028246 0.994659
1757574309.816900969 -0.068156 0.028610 -0.167013 -0.000161 -0.098977 -0.028090 0.994693
1757574309.887441874 -0.069838 0.030977 -0.094712 -0.000244 -0.081523 -0.015331 0.996554
1757574309.887441874 -0.062141 0.031422 -0.178081 0.001634 -0.099631 -0.024982 0.994709
1757574309.888419628 -0.062185 0.031308 -0.177330 0.001632 -0.099390 -0.024805 0.994738
1757574309.919734478 -0.063210 0.028739 -0.150307 -0.000302 -0.092832 -0.023984 0.995393
1757574309.919734478 -0.062321 0.033176 -0.173858 0.004804 -0.099915 -0.024758 0.994676
1757574309.920801401 -0.062369 0.033051 -0.173039 0.004738 -0.099692 -0.024729 0.994700
1757574309.995759487 -0.055519 0.029293 -0.097074 -0.010941 -0.082241 -0.022813 0.996291
1757574309.995759487 -0.069329 0.031293 -0.180218 0.006589 -0.101339 -0.025099 0.994513
1757574309.996862650 -0.069377 0.031164 -0.179370 0.006358 -0.101083 -0.025071 0.994542
1757574310.028571606 -0.069113 0.027886 -0.152934 -0.002944 -0.090721 -0.023943 0.995584
1757574310.028571606 -0.068056 0.033097 -0.177558 0.005249 -0.101946 -0.022969 0.994511
1757574310.029693127 -0.068105 0.032965 -0.176697 0.004920 -0.101581 -0.022930 0.994551
1757574310.102412939 -0.066770 0.021009 -0.120863 -0.012109 -0.076138 -0.026992 0.996658
1757574310.102412939 -0.067290 0.035777 -0.176402 0.002242 -0.102132 -0.019789 0.994572
1757574310.103507757 -0.067338 0.035647 -0.175564 0.001984 -0.101750 -0.019851 0.994610
1757574310.139510155 -0.068264 0.029874 -0.149912 -0.000934 -0.089575 -0.025912 0.995642
1757574310.139510155 -0.062069 0.035787 -0.172799 -0.001885 -0.101270 -0.016698 0.994717
1757574310.140921116 -0.062132 0.035618 -0.171723 -0.002001 -0.100794 -0.016938 0.994761
1757574310.217556238 -0.064447 0.020693 -0.128297 0.004557 -0.078561 -0.037064 0.996210
1757574310.217556238 -0.061390 0.030976 -0.186938 -0.006111 -0.099950 -0.017024 0.994828
1757574310.218600988 -0.061437 0.030852 -0.186141 -0.006022 -0.099648 -0.017300 0.994854
1757574310.250919104 -0.063958 0.026645 -0.164320 0.000264 -0.093587 -0.025533 0.995284
1757574310.250919104 -0.047956 0.026512 -0.172949 -0.005287 -0.097296 -0.017007 0.995096
1757574310.252706289 -0.048040 0.026300 -0.171589 -0.004941 -0.096960 -0.017463 0.995123
1757574310.324498415 -0.061104 0.020301 -0.128869 0.009082 -0.096523 -0.034564 0.994689
1757574310.324498415 -0.032044 0.022069 -0.151997 -0.002452 -0.093993 -0.017782 0.995411
1757574310.325997591 -0.032116 0.021893 -0.150855 -0.002160 -0.093984 -0.018141 0.995406
1757574310.356467485 -0.035763 0.019436 -0.129050 0.001654 -0.099158 -0.023973 0.994781
1757574310.356467485 -0.026524 0.022288 -0.142228 0.001161 -0.092336 -0.019594 0.995534
1757574310.358818293 -0.026643 0.022017 -0.140437 0.001454 -0.092734 -0.020046 0.995488
1757574310.432895184 -0.043390 0.020493 -0.086778 0.003432 -0.112051 -0.028306 0.993293
1757574310.432895184 -0.021697 0.023040 -0.136155 0.003311 -0.091578 -0.021375 0.995563
1757574310.434653521 -0.021784 0.022836 -0.134811 0.003357 -0.092036 -0.021572 0.995516
1757574310.465825081 -0.025563 0.020101 -0.110975 0.002200 -0.101213 -0.023231 0.994591
1757574310.465825081 -0.029721 0.028875 -0.138201 0.002589 -0.092388 -0.022235 0.995471
1757574310.467147589 -0.029785 0.028721 -0.137189 0.002540 -0.092777 -0.022306 0.995434
1757574310.532935858 -0.041866 0.021685 -0.085937 0.003212 -0.108168 -0.024356 0.993829
1757574310.532935858 -0.023805 0.034415 -0.156544 -0.000002 -0.093548 -0.022322 0.995365
1757574310.534063101 -0.023859 0.034282 -0.155681 0.000010 -0.093812 -0.022356 0.995339
1757574310.562389374 -0.027535 0.030423 -0.134297 0.002803 -0.100162 -0.023195 0.994697
1757574310.562389374 -0.022322 0.038583 -0.153736 -0.001527 -0.092903 -0.021445 0.995443
1757574310.563591957 -0.022380 0.038440 -0.152817 -0.001408 -0.093172 -0.021480 0.995417
1757574310.630155087 -0.035707 0.025360 -0.105506 0.009560 -0.114194 -0.025860 0.993076
1757574310.630155087 -0.019441 0.037548 -0.146740 0.000590 -0.092174 -0.021504 0.995511
1757574310.631353378 -0.019498 0.037404 -0.145825 0.000787 -0.092552 -0.021584 0.995474
1757574310.662645817 -0.021875 0.033395 -0.122276 0.003190 -0.103943 -0.023157 0.994309
1757574310.662645817 -0.026439 0.034514 -0.148367 0.003722 -0.093245 -0.022079 0.995391
1757574310.663848877 -0.026494 0.034371 -0.147447 0.003814 -0.093683 -0.022140 0.995349
1757574310.733700514 -0.028521 0.024740 -0.095604 0.000166 -0.114831 -0.024288 0.993088
1757574310.733700514 -0.034736 0.034700 -0.152596 0.004850 -0.094487 -0.022199 0.995267
1757574310.735099792 -0.034799 0.034534 -0.151526 0.004776 -0.094911 -0.022242 0.995226
1757574310.766111612 -0.035375 0.030129 -0.128338 0.001492 -0.101127 -0.023414 0.994597
1757574310.766111612 -0.043852 0.038308 -0.162722 0.005088 -0.096833 -0.023614 0.995007
1757574310.767393589 -0.043908 0.038156 -0.161742 0.004952 -0.097090 -0.023663 0.994982
1757574310.839753628 -0.041162 0.024610 -0.108675 -0.004358 -0.102240 -0.022733 0.994490
1757574310.839753628 -0.053973 0.043180 -0.165534 0.004481 -0.097885 -0.024613 0.994883
1757574310.840846539 -0.054021 0.043050 -0.164699 0.004341 -0.097963 -0.024600 0.994877
1757574310.877071857 -0.054434 0.037071 -0.137567 -0.000860 -0.094651 -0.023441 0.995234
1757574310.877071857 -0.059147 0.044805 -0.174816 0.002856 -0.100023 -0.023887 0.994694
1757574310.878828526 -0.059224 0.044593 -0.173473 0.002604 -0.099862 -0.023832 0.994712
1757574310.951072216 -0.061467 0.027462 -0.120884 -0.005300 -0.084717 -0.024267 0.996095
1757574310.951072216 -0.062161 0.049950 -0.180002 0.000840 -0.101268 -0.023471 0.994582
1757574310.952325821 -0.062218 0.049799 -0.179044 0.000703 -0.101005 -0.023480 0.994609
1757574310.985295534 -0.064354 0.044181 -0.154748 -0.001065 -0.092327 -0.024111 0.995436
1757574310.985295534 -0.062454 0.048702 -0.183675 -0.000941 -0.101785 -0.023228 0.994535
1757574310.986564159 -0.062513 0.048550 -0.182706 -0.001009 -0.101451 -0.023253 0.994568
1757574311.061546326 -0.073371 0.030231 -0.129234 -0.000574 -0.080101 -0.025152 0.996469
1757574311.061546326 -0.056629 0.051824 -0.182237 -0.002308 -0.101406 -0.023095 0.994574
1757574311.063117266 -0.056703 0.051635 -0.181037 -0.002299 -0.100959 -0.023136 0.994619
1757574311.094474077 -0.060377 0.046329 -0.157991 -0.000567 -0.092966 -0.023962 0.995381
1757574311.094474077 -0.051993 0.049563 -0.178101 -0.003458 -0.099574 -0.022877 0.994761
1757574311.095514536 -0.052043 0.049439 -0.177306 -0.003401 -0.099309 -0.022905 0.994787
1757574311.166258335 -0.071435 0.032625 -0.126680 0.004940 -0.089288 -0.024958 0.995681
1757574311.166258335 -0.047864 0.048506 -0.156683 -0.002798 -0.096450 -0.022082 0.995089
1757574311.168020010 -0.047953 0.048293 -0.155337 -0.002590 -0.096201 -0.022134 0.995112
1757574311.203388691 -0.054404 0.041611 -0.129234 0.004991 -0.096349 -0.023348 0.995061
1757574311.203388691 -0.048412 0.047159 -0.149515 -0.006001 -0.094337 -0.021875 0.995282
1757574311.204335451 -0.048458 0.047046 -0.148791 -0.005798 -0.094341 -0.021908 0.995282
1757574311.270758390 -0.066481 0.029251 -0.102026 0.018849 -0.102165 -0.023572 0.994310
1757574311.270758390 -0.046981 0.045050 -0.150773 -0.006899 -0.094390 -0.021460 0.995280
1757574311.271783113 -0.047031 0.044927 -0.149990 -0.006518 -0.094511 -0.021486 0.995271
1757574311.301385880 -0.049758 0.042776 -0.125362 0.005257 -0.097020 -0.022776 0.995008
1757574311.301385880 -0.055626 0.033673 -0.155821 -0.002425 -0.095177 -0.023651 0.995176
1757574311.302856445 -0.055696 0.033503 -0.154691 -0.001840 -0.095303 -0.023715 0.995164
1757574311.371320963 -0.062574 0.038470 -0.086304 0.009973 -0.098485 -0.020115 0.994885
1757574311.371320963 -0.050135 0.024877 -0.154715 0.002109 -0.095466 -0.022693 0.995172
1757574311.372277975 -0.050179 0.024766 -0.153980 0.002274 -0.095511 -0.022643 0.995168
1757574311.404531479 -0.051264 0.023262 -0.126438 0.003964 -0.097031 -0.023006 0.995008
1757574311.404531479 -0.052987 0.026006 -0.148993 0.005679 -0.095903 -0.022554 0.995119
1757574311.405681133 -0.053038 0.025873 -0.148110 0.005739 -0.095957 -0.022567 0.995113
1757574311.479306221 -0.047078 0.029146 -0.080904 -0.001739 -0.097587 -0.023627 0.994945
1757574311.479306221 -0.057262 0.021283 -0.151360 0.007878 -0.097474 -0.021542 0.994974
1757574311.480578661 -0.057317 0.021136 -0.150383 0.007749 -0.097502 -0.021561 0.994972
1757574311.514501333 -0.055906 0.019497 -0.122990 -0.001772 -0.094539 -0.024297 0.995223
1757574311.514501333 -0.056703 0.019261 -0.151787 0.009302 -0.098876 -0.017904 0.994895
1757574311.516758442 -0.056793 0.019004 -0.150054 0.008668 -0.098682 -0.018087 0.994917
1757574311.592018843 -0.048398 0.015659 -0.094021 -0.018722 -0.086459 -0.035714 0.995439
1757574311.592018843 -0.060310 0.020503 -0.154702 0.009231 -0.100136 -0.014749 0.994822
1757574311.593003750 -0.060353 0.020388 -0.153948 0.008872 -0.099978 -0.014980 0.994837
1757574311.623305321 -0.060261 0.016981 -0.132152 -0.001530 -0.093278 -0.025032 0.995324
1757574311.623305321 -0.056467 0.024784 -0.155150 0.008374 -0.100426 -0.013205 0.994822
1757574311.624730110 -0.056529 0.024616 -0.154063 0.007884 -0.100112 -0.013678 0.994851
1757574311.694960594 -0.054645 0.016173 -0.110847 -0.012133 -0.083614 -0.040108 0.995617
1757574311.694960594 -0.056147 0.027960 -0.154060 0.007279 -0.100331 -0.013846 0.994831
1757574311.695951939 -0.056191 0.027843 -0.153304 0.006996 -0.100100 -0.014219 0.994851
1757574311.727570057 -0.057241 0.024309 -0.131152 -0.000682 -0.092918 -0.025160 0.995356
1757574311.727570057 -0.051460 0.028660 -0.154965 0.007162 -0.099831 -0.016102 0.994848
1757574311.729637146 -0.051552 0.028417 -0.153392 0.006661 -0.099361 -0.016817 0.994887
1757574311.804163694 -0.058866 0.022296 -0.104380 -0.011325 -0.085296 -0.036020 0.995640
1757574311.804163694 -0.040208 0.025808 -0.166795 0.005233 -0.099392 -0.020054 0.994833
1757574311.805814266 -0.040285 0.025615 -0.165536 0.004836 -0.099081 -0.020479 0.994857
1757574311.838478088 -0.043509 0.021561 -0.141193 -0.001134 -0.093988 -0.024305 0.995276
1757574311.838478088 -0.036052 0.035941 -0.166091 0.002354 -0.097934 -0.022211 0.994942
1757574311.840302706 -0.036140 0.035725 -0.164696 0.002021 -0.097650 -0.022425 0.994966
1757574311.905023098 -0.050964 0.023623 -0.114793 -0.000534 -0.094853 -0.025715 0.995159
1757574311.905023098 -0.024813 0.040891 -0.156381 -0.000075 -0.095275 -0.022335 0.995200
1757574311.906051874 -0.024862 0.040768 -0.155593 -0.000116 -0.095231 -0.022388 0.995203
1757574311.938976049 -0.029651 0.035956 -0.129778 0.002331 -0.098627 -0.023654 0.994841
1757574311.938976049 -0.021222 0.034702 -0.150045 -0.001281 -0.093302 -0.019065 0.995454
1757574311.940059900 -0.021275 0.034573 -0.149215 -0.001200 -0.093414 -0.019106 0.995443
1757574312.013007164 -0.035586 0.016839 -0.088547 0.007767 -0.108130 -0.031678 0.993602
1757574312.013007164 -0.026500 0.045094 -0.155199 -0.002037 -0.093398 -0.022434 0.995374
1757574312.014440775 -0.026570 0.044921 -0.154100 -0.001861 -0.093689 -0.022681 0.995341
1757574312.043620825 -0.028441 0.040270 -0.131234 0.002739 -0.098457 -0.023376 0.994863
1757574312.043620825 -0.034128 0.042720 -0.159764 -0.002563 -0.094101 -0.023476 0.995283
1757574312.044674635 -0.034176 0.042594 -0.158957 -0.002397 -0.094273 -0.023501 0.995266
1757574312.111342192 -0.039210 0.030982 -0.107208 0.008190 -0.100399 -0.023825 0.994628
1757574312.111342192 -0.043113 0.047695 -0.157003 -0.000943 -0.097317 -0.023622 0.994973
1757574312.113485813 -0.043213 0.047438 -0.155363 -0.000603 -0.097514 -0.023632 0.994953
1757574312.144958258 -0.045119 0.043039 -0.131491 0.003519 -0.098761 -0.023385 0.994830
1757574312.144958258 -0.045571 0.046104 -0.158512 0.000244 -0.097993 -0.024259 0.994891
1757574312.146825075 -0.045657 0.045881 -0.157084 0.000489 -0.098067 -0.024244 0.994884
1757574312.221254349 -0.052536 0.034832 -0.101731 0.006846 -0.100970 -0.022054 0.994621
1757574312.221254349 -0.046306 0.045315 -0.161091 0.001071 -0.098498 -0.024920 0.994825
1757574312.222634315 -0.046370 0.045151 -0.160035 0.001189 -0.098552 -0.024879 0.994820
1757574312.253583193 -0.048262 0.041098 -0.136586 0.002718 -0.098694 -0.023448 0.994838
1757574312.253583193 -0.049009 0.044664 -0.165033 0.001538 -0.099202 -0.025201 0.994747
1757574312.254858494 -0.049068 0.044513 -0.164058 0.001601 -0.099208 -0.025142 0.994748
1757574312.328646660 -0.055187 0.033324 -0.109196 0.003485 -0.096601 -0.021283 0.995089
1757574312.328646660 -0.044975 0.043301 -0.163773 0.001916 -0.099174 -0.024529 0.994766
1757574312.329862595 -0.045031 0.043156 -0.162843 0.001947 -0.099131 -0.024465 0.994772
1757574312.363174677 -0.047740 0.038737 -0.137748 0.002220 -0.097984 -0.023600 0.994906
1757574312.363174677 -0.041737 0.042307 -0.160774 0.002343 -0.098775 -0.024150 0.994814
1757574312.364507437 -0.041799 0.042149 -0.159755 0.002354 -0.098729 -0.024116 0.994819
1757574312.435902834 -0.051814 0.031414 -0.106332 0.002373 -0.097630 -0.023201 0.994949
1757574312.435902834 -0.041815 0.045661 -0.168771 0.001373 -0.097881 -0.023230 0.994926
1757574312.437021255 -0.041868 0.045529 -0.167916 0.001373 -0.097864 -0.023216 0.994928
1757574312.470164061 -0.045062 0.041207 -0.142823 0.000948 -0.098686 -0.023851 0.994832
1757574312.470164061 -0.042408 0.043405 -0.168260 0.001954 -0.097694 -0.022806 0.994953
1757574312.471217632 -0.042457 0.043280 -0.167454 0.001941 -0.097720 -0.022826 0.994950
1757574312.543375254 -0.053504 0.033233 -0.112225 -0.000968 -0.100036 -0.025197 0.994664
1757574312.543375254 -0.038423 0.041595 -0.164813 0.002586 -0.097196 -0.022265 0.995013
1757574312.544532299 -0.038478 0.041458 -0.163928 0.002540 -0.097233 -0.022303 0.995008
1757574312.580383778 -0.042139 0.036583 -0.136359 0.000547 -0.099315 -0.024100 0.994764
1757574312.580383778 -0.035236 0.042615 -0.157896 0.003053 -0.095803 -0.022459 0.995142
1757574312.582296848 -0.035328 0.042387 -0.156432 0.002947 -0.095914 -0.022555 0.995130
1757574312.653167725 -0.046860 0.030922 -0.102742 -0.001403 -0.104892 -0.025481 0.994156
1757574312.653167725 -0.029530 0.042985 -0.152010 0.003700 -0.094552 -0.022692 0.995254
1757574312.654390335 -0.029588 0.042840 -0.151074 0.003625 -0.094707 -0.022743 0.995239
1757574312.681074619 -0.031771 0.039230 -0.130834 0.001666 -0.099446 -0.023577 0.994762
1757574312.681074619 -0.031951 0.042504 -0.152338 0.004102 -0.094266 -0.022704 0.995280
1757574312.683004141 -0.032044 0.042274 -0.150863 0.003960 -0.094609 -0.022765 0.995246
1757574312.760280848 -0.040261 0.028936 -0.093833 -0.002732 -0.108875 -0.025136 0.993734
1757574312.760280848 -0.035714 0.034084 -0.132904 0.003468 -0.093292 -0.022796 0.995372
1757574312.761779547 -0.035784 0.033906 -0.131759 0.003338 -0.093569 -0.022842 0.995345
1757574312.795697212 -0.037785 0.028713 -0.106317 0.000536 -0.098567 -0.023815 0.994845
1757574312.795697212 -0.040167 0.034297 -0.137014 0.002523 -0.093896 -0.022397 0.995327
1757574312.796857357 -0.040220 0.034159 -0.136127 0.002428 -0.094067 -0.022431 0.995310
1757574312.869509220 -0.044623 0.018562 -0.083322 -0.001858 -0.100499 -0.025711 0.994603
1757574312.869509220 -0.045078 0.040268 -0.141944 0.001504 -0.094683 -0.023562 0.995227
1757574312.870837688 -0.045139 0.040109 -0.140929 0.001426 -0.094801 -0.023622 0.995215
1757574312.906489849 -0.046739 0.034140 -0.114570 0.000711 -0.096083 -0.023513 0.995095
1757574312.906489849 -0.049807 0.038381 -0.148857 0.000340 -0.095560 -0.023350 0.995150
1757574312.908124447 -0.049881 0.038185 -0.147608 0.000308 -0.095618 -0.023345 0.995144
1757574312.983939886 -0.054803 0.022649 -0.092311 0.000815 -0.093494 -0.024045 0.995329
1757574312.983939886 -0.051294 0.040152 -0.153775 -0.000624 -0.096260 -0.023239 0.995085
1757574312.985238552 -0.051353 0.039997 -0.152782 -0.000615 -0.096223 -0.023251 0.995088
1757574313.018945694 -0.053602 0.034862 -0.127421 0.000248 -0.093718 -0.023682 0.995317
1757574313.018945694 -0.053744 0.040289 -0.158319 -0.001779 -0.096741 -0.023528 0.995030
1757574313.020162344 -0.053800 0.040144 -0.157388 -0.001748 -0.096650 -0.023544 0.995038
1757574313.096388578 -0.062591 0.025415 -0.100358 0.002869 -0.088405 -0.023600 0.995801
1757574313.096388578 -0.047871 0.046362 -0.172730 -0.003112 -0.098919 -0.023569 0.994811
1757574313.097518682 -0.047923 0.046228 -0.171866 -0.003044 -0.098797 -0.023570 0.994824
1757574313.129908800 -0.050676 0.041038 -0.147699 0.000610 -0.094540 -0.023459 0.995244
1757574313.129908800 -0.047967 0.043099 -0.175672 -0.001797 -0.099645 -0.023909 0.994734
1757574313.131026983 -0.048019 0.042965 -0.174817 -0.001671 -0.099498 -0.023905 0.994749
1757574313.205038309 -0.060493 0.036261 -0.114112 0.001362 -0.087336 -0.023111 0.995910
1757574313.205038309 -0.038852 0.035275 -0.171230 0.000453 -0.099057 -0.023731 0.994799
1757574313.206053495 -0.038900 0.035156 -0.170452 0.000495 -0.098891 -0.023720 0.994815
1757574313.237823963 -0.042670 0.032106 -0.145092 -0.000837 -0.094980 -0.023712 0.995196
1757574313.237823963 -0.031578 0.032661 -0.159296 0.002380 -0.097383 -0.023220 0.994973
1757574313.239087820 -0.031639 0.032513 -0.158328 0.002327 -0.097227 -0.023219 0.994989
1757574313.310976505 -0.048013 0.026699 -0.099408 -0.004862 -0.095291 -0.024834 0.995128
1757574313.310976505 -0.022951 0.031538 -0.150292 0.003562 -0.095864 -0.023384 0.995113
1757574313.312086582 -0.023005 0.031408 -0.149442 0.003451 -0.095834 -0.023409 0.995116
1757574313.346068144 -0.026858 0.027858 -0.122892 -0.000810 -0.097361 -0.023923 0.994961
1757574313.346068144 -0.026323 0.032312 -0.145003 0.003958 -0.095304 -0.023503 0.995163
1757574313.347239733 -0.026379 0.032175 -0.144106 0.003811 -0.095356 -0.023520 0.995158
1757574313.422204494 -0.037337 0.024915 -0.085390 -0.006554 -0.099953 -0.024707 0.994664
1757574313.422204494 -0.036956 0.034891 -0.166990 0.005000 -0.097784 -0.023030 0.994929
1757574313.423735857 -0.037029 0.034711 -0.165817 0.004789 -0.097878 -0.023055 0.994920
1757574313.461540699 -0.040151 0.030493 -0.137390 -0.000398 -0.099690 -0.023345 0.994745
1757574313.461540699 -0.037394 0.035048 -0.165074 0.004939 -0.097321 -0.022977 0.994976
1757574313.462625265 -0.037444 0.034920 -0.164245 0.004790 -0.097373 -0.022985 0.994971
1757574313.531085968 -0.046103 0.027546 -0.115848 -0.004529 -0.103114 -0.023920 0.994372
1757574313.531085968 -0.035389 0.034974 -0.161697 0.004999 -0.096940 -0.023132 0.995009
1757574313.532568932 -0.035458 0.034799 -0.160564 0.004797 -0.097065 -0.023152 0.994997
1757574313.563323021 -0.037708 0.031353 -0.137924 0.000346 -0.099984 -0.023399 0.994714
1757574313.563323021 -0.038037 0.035595 -0.164990 0.004564 -0.097175 -0.023282 0.994984
1757574313.564595699 -0.038096 0.035445 -0.164017 0.004380 -0.097296 -0.023292 0.994973
1757574313.635574579 -0.044652 0.027083 -0.113983 -0.005205 -0.102931 -0.023758 0.994391
1757574313.635574579 -0.040377 0.037787 -0.168918 0.003583 -0.097818 -0.023464 0.994921
1757574313.636855841 -0.040437 0.037636 -0.167939 0.003410 -0.097920 -0.023473 0.994912
1757574313.663512230 -0.042174 0.034408 -0.147916 0.000387 -0.099094 -0.023451 0.994802
1757574313.663512230 -0.041931 0.040133 -0.176413 0.002750 -0.098536 -0.023236 0.994858
1757574313.664546490 -0.041979 0.040010 -0.175622 0.002633 -0.098582 -0.023236 0.994854
1757574313.734882355 -0.049706 0.030988 -0.122368 -0.003812 -0.099078 -0.024268 0.994776
1757574313.734882355 -0.038679 0.033620 -0.158414 0.003319 -0.096854 -0.022655 0.995035
1757574313.736061573 -0.038733 0.033481 -0.157512 0.003211 -0.096863 -0.022672 0.995034
1757574313.766079187 -0.041114 0.029791 -0.134221 0.001092 -0.096022 -0.023623 0.995098
1757574313.766079187 -0.040843 0.034920 -0.161270 0.001890 -0.096797 -0.022624 0.995045
1757574313.767183065 -0.040895 0.034789 -0.160425 0.001812 -0.096766 -0.022659 0.995048
1757574313.839781523 -0.049216 0.024742 -0.101769 0.000051 -0.092235 -0.024893 0.995426
1757574313.839781523 -0.040790 0.040556 -0.166926 -0.000793 -0.096946 -0.022746 0.995029
1757574313.841275454 -0.040860 0.040379 -0.165781 -0.000829 -0.096853 -0.022793 0.995037
1757574313.865166903 -0.042654 0.037430 -0.147198 0.000643 -0.095216 -0.023370 0.995182
1757574313.865166903 -0.043201 0.042375 -0.168592 -0.002533 -0.096939 -0.022937 0.995023
1757574313.867004395 -0.043288 0.042157 -0.167184 -0.002420 -0.096813 -0.022982 0.995034
1757574313.940382481 -0.051652 0.034874 -0.109178 0.007344 -0.091702 -0.024107 0.995468
1757574313.940382481 -0.039691 0.035574 -0.167392 -0.000939 -0.097027 -0.022768 0.995021
1757574313.941515207 -0.039743 0.035441 -0.166525 -0.000788 -0.096948 -0.022785 0.995028
1757574313.971695900 -0.041865 0.033236 -0.143674 0.001435 -0.095058 -0.023304 0.995198
1757574313.971695900 -0.033014 0.025614 -0.156485 0.003036 -0.096558 -0.020679 0.995108
1757574313.972944736 -0.033072 0.025469 -0.155530 0.003128 -0.096479 -0.020700 0.995115
1757574314.045010567 -0.040180 0.028363 -0.104775 -0.004961 -0.095339 -0.028854 0.995014
1757574314.045010567 -0.043000 0.012773 -0.154723 0.005946 -0.097477 -0.017432 0.995067
1757574314.046116590 -0.043051 0.012645 -0.153878 0.005822 -0.097460 -0.017557 0.995068
1757574314.079247475 -0.045420 0.010916 -0.129816 -0.004142 -0.098748 -0.025136 0.994786
1757574314.079247475 -0.040158 0.013526 -0.151654 0.008803 -0.097187 -0.015701 0.995103
1757574314.080636263 -0.040223 0.013366 -0.150593 0.008385 -0.097241 -0.016019 0.995097
1757574314.148271799 -0.047217 0.012359 -0.103333 -0.017402 -0.101667 -0.035141 0.994045
1757574314.148271799 -0.033932 0.011111 -0.147985 0.011161 -0.097002 -0.015515 0.995101
1757574314.149584055 -0.033993 0.010959 -0.146983 0.010661 -0.097088 -0.015887 0.995092
1757574314.181985855 -0.037012 0.008378 -0.123113 -0.003875 -0.099837 -0.025245 0.994676
1757574314.181985855 -0.032482 0.017414 -0.145370 0.010761 -0.096229 -0.017742 0.995143
1757574314.184056520 -0.032582 0.017174 -0.143789 0.009831 -0.096404 -0.018340 0.995125
1757574314.254667759 -0.048614 0.010160 -0.093977 -0.018459 -0.106811 -0.032004 0.993593
1757574314.254667759 -0.019930 0.029849 -0.136244 0.008388 -0.093879 -0.019866 0.995350
1757574314.256014109 -0.019995 0.029690 -0.135215 0.007848 -0.094078 -0.020125 0.995330
1757574314.288247347 -0.024669 0.025480 -0.110929 -0.001065 -0.103644 -0.024033 0.994323
1757574314.288247347 -0.014702 0.033519 -0.131291 0.006103 -0.091707 -0.017900 0.995606
1757574314.289786339 -0.014779 0.033337 -0.130114 0.005678 -0.092165 -0.018085 0.995563
1757574314.369552851 -0.031443 0.014306 -0.069168 -0.009273 -0.124575 -0.035353 0.991537
1757574314.369552851 -0.014514 0.032868 -0.132625 0.002731 -0.091925 -0.016875 0.995619
1757574314.370643616 -0.014566 0.032737 -0.131790 0.002527 -0.092371 -0.017110 0.995574
1757574314.402107477 -0.016841 0.026628 -0.107129 0.001245 -0.104107 -0.024152 0.994272
1757574314.402107477 -0.039694 0.037437 -0.146641 -0.001105 -0.094080 -0.021858 0.995324
1757574314.403197527 -0.039744 0.037305 -0.145806 -0.001151 -0.094487 -0.022101 0.995280
1757574314.474489927 -0.035904 0.018622 -0.087601 0.005281 -0.103250 -0.023433 0.994365
1757574314.474489927 -0.058087 0.044172 -0.161194 -0.005295 -0.096386 -0.024309 0.995033
1757574314.475548983 -0.058133 0.044045 -0.160382 -0.005200 -0.096516 -0.024328 0.995020
1757574314.507148504 -0.059130 0.038678 -0.136353 -0.000067 -0.095268 -0.023248 0.995180
1757574314.507148504 -0.059462 0.042568 -0.166909 -0.006750 -0.097462 -0.025077 0.994900
1757574314.508178234 -0.059509 0.042445 -0.166121 -0.006583 -0.097421 -0.025042 0.994906
1757574314.575424910 -0.063012 0.029810 -0.117687 0.005544 -0.090540 -0.021787 0.995639
1757574314.575424910 -0.060408 0.039922 -0.171599 -0.006084 -0.098362 -0.024895 0.994821
1757574314.576453447 -0.060455 0.039800 -0.170813 -0.005898 -0.098257 -0.024845 0.994833
1757574314.605080605 -0.061950 0.035833 -0.149571 -0.001987 -0.093857 -0.023945 0.995296
1757574314.605080605 -0.061573 0.035808 -0.176282 -0.005185 -0.099166 -0.025034 0.994742
1757574314.606153011 -0.061622 0.035681 -0.175463 -0.005039 -0.099001 -0.025000 0.994760
1757574314.679170847 -0.067917 0.023449 -0.123614 0.000246 -0.084405 -0.022375 0.996180
1757574314.679170847 -0.065129 0.033197 -0.183596 -0.004606 -0.100252 -0.023665 0.994670
1757574314.680759668 -0.065202 0.033007 -0.182382 -0.004491 -0.099935 -0.023608 0.994704
1757574314.717571259 -0.068170 0.027322 -0.154892 -0.003436 -0.091712 -0.023672 0.995498
1757574314.717571259 -0.063918 0.032219 -0.184046 -0.003996 -0.100145 -0.023449 0.994688
1757574314.719162226 -0.063993 0.032029 -0.182830 -0.003950 -0.099790 -0.023452 0.994724
1757574314.788364887 -0.074043 0.018127 -0.130387 -0.002873 -0.085651 -0.023558 0.996042
1757574314.788364887 -0.059638 0.033300 -0.183022 -0.004109 -0.099723 -0.023323 0.994733
1757574314.789515972 -0.059692 0.033163 -0.182141 -0.004091 -0.099488 -0.023325 0.994757
1757574314.818355322 -0.062400 0.028477 -0.159908 -0.003420 -0.094430 -0.023351 0.995252
1757574314.818355322 -0.059372 0.033343 -0.182132 -0.004610 -0.099145 -0.023377 0.994788
1757574314.819436312 -0.059423 0.033213 -0.181304 -0.004585 -0.098955 -0.023378 0.994807
1757574314.891171217 -0.071644 0.016382 -0.125143 -0.000673 -0.089324 -0.023179 0.995733
1757574314.891171217 -0.055134 0.037415 -0.182508 -0.005760 -0.098727 -0.023334 0.994824
1757574314.892357349 -0.055190 0.037273 -0.181600 -0.005695 -0.098568 -0.023331 0.994840
1757574314.927369833 -0.059007 0.031048 -0.154532 -0.002319 -0.095029 -0.023109 0.995204
1757574314.927369833 -0.057638 0.037187 -0.184463 -0.006656 -0.098782 -0.023436 0.994811
1757574314.928505898 -0.057692 0.037050 -0.183593 -0.006546 -0.098667 -0.023429 0.994823
1757574315.002890348 -0.070098 0.019058 -0.126682 0.002753 -0.091271 -0.022630 0.995565
1757574315.002890348 -0.055038 0.038105 -0.171598 -0.006492 -0.097413 -0.023750 0.994939
1757574315.003993273 -0.055090 0.037973 -0.170755 -0.006354 -0.097303 -0.023739 0.994951
1757574315.040966272 -0.059210 0.031532 -0.142696 -0.000904 -0.094474 -0.023262 0.995255
1757574315.040966272 -0.054944 0.038479 -0.171478 -0.007406 -0.097046 -0.023765 0.994969
1757574315.042376280 -0.055012 0.038310 -0.170399 -0.007198 -0.096938 -0.023747 0.994981
1757574315.114354372 -0.068282 0.021752 -0.118073 0.006715 -0.093745 -0.022710 0.995315
1757574315.114354372 -0.051375 0.038862 -0.172443 -0.006839 -0.097285 -0.023759 0.994949
1757574315.115488291 -0.051429 0.038726 -0.171576 -0.006620 -0.097235 -0.023743 0.994956
1757574315.151845455 -0.055405 0.033751 -0.143914 -0.000844 -0.095489 -0.023225 0.995159
1757574315.151845455 -0.051301 0.035454 -0.172433 -0.005440 -0.097226 -0.023800 0.994963
1757574315.153636217 -0.051387 0.035241 -0.171063 -0.005155 -0.097140 -0.023774 0.994973
1757574315.222379684 -0.063573 0.026290 -0.119369 0.002200 -0.095438 -0.022967 0.995168
1757574315.222379684 -0.044972 0.025777 -0.165797 -0.002094 -0.096641 -0.023898 0.995030
1757574315.223956347 -0.045048 0.025591 -0.164591 -0.001925 -0.096602 -0.023880 0.995035
1757574315.256380796 -0.048627 0.023206 -0.139102 -0.004960 -0.098086 -0.023730 0.994883
1757574315.256380796 -0.039383 0.011863 -0.160579 0.002787 -0.096148 -0.023300 0.995090
1757574315.257933378 -0.039457 0.011683 -0.159390 0.002642 -0.096220 -0.023293 0.995084
1757574315.334591389 -0.052965 0.010076 -0.097506 -0.019949 -0.102653 -0.025605 0.994187
1757574315.334591389 -0.039328 0.019617 -0.174181 0.003452 -0.098246 -0.023149 0.994887
1757574315.335913897 -0.039391 0.019463 -0.173169 0.003062 -0.098357 -0.023190 0.994876
1757574315.368979692 -0.042289 0.015502 -0.147540 -0.007028 -0.099981 -0.024006 0.994675
1757574315.368979692 -0.042964 0.029740 -0.178937 0.001643 -0.098741 -0.023414 0.994836
1757574315.370313644 -0.043026 0.029582 -0.177916 0.001236 -0.098807 -0.023447 0.994830
1757574315.434796810 -0.050960 0.018240 -0.129526 -0.012228 -0.100336 -0.024753 0.994571
1757574315.434796810 -0.043143 0.039979 -0.180352 -0.001408 -0.098493 -0.023657 0.994856
1757574315.436033726 -0.043201 0.039832 -0.179406 -0.001666 -0.098522 -0.023682 0.994852
1757574315.465837955 -0.045608 0.035415 -0.157210 -0.004377 -0.099553 -0.023984 0.994734
1757574315.465837955 -0.045338 0.042289 -0.182215 -0.003356 -0.098245 -0.023862 0.994870
1757574315.468152523 -0.045449 0.042011 -0.180448 -0.003567 -0.098325 -0.023885 0.994861
1757574315.545424938 -0.055771 0.028887 -0.125729 -0.004085 -0.102364 -0.024036 0.994448
1757574315.545424938 -0.042453 0.045546 -0.182220 -0.004569 -0.097909 -0.024009 0.994895
1757574315.547248125 -0.042539 0.045329 -0.180827 -0.004581 -0.098004 -0.024013 0.994886
1757574315.579608202 -0.045138 0.041149 -0.156838 -0.003235 -0.100240 -0.023889 0.994671
1757574315.579608202 -0.040665 0.043203 -0.182421 -0.004551 -0.097480 -0.023783 0.994943
1757574315.581669331 -0.040763 0.042958 -0.180847 -0.004465 -0.097622 -0.023775 0.994929
1757574315.656832695 -0.050399 0.035032 -0.126832 -0.001241 -0.105570 -0.024161 0.994118
1757574315.656832695 -0.044015 0.027483 -0.161730 -0.002529 -0.096222 -0.023897 0.995070
1757574315.658389568 -0.044088 0.027299 -0.160540 -0.002462 -0.096387 -0.023905 0.995054
1757574315.693227291 -0.046928 0.024881 -0.134410 -0.007531 -0.099765 -0.024467 0.994682
1757574315.693227291 -0.044717 0.020168 -0.159912 0.000966 -0.096700 -0.023656 0.995032
1757574315.694505215 -0.044777 0.020020 -0.158935 0.000780 -0.096824 -0.023677 0.995020
1757574315.771317005 -0.053985 0.020250 -0.101369 -0.027304 -0.102012 -0.026443 0.994057
1757574315.771317005 -0.039903 0.013589 -0.158015 0.004999 -0.096773 -0.023371 0.995020
1757574315.772678614 -0.039967 0.013431 -0.156974 0.004502 -0.096866 -0.023421 0.995012
1757574315.805211306 -0.042864 0.010539 -0.132377 -0.011353 -0.099226 -0.024988 0.994686
1757574315.805211306 -0.038669 0.018187 -0.157410 0.006162 -0.096695 -0.023252 0.995023
1757574315.806448460 -0.038727 0.018042 -0.156463 0.005559 -0.096785 -0.023312 0.995017
1757574315.873995304 -0.048199 0.010076 -0.105536 -0.028774 -0.101582 -0.026946 0.994046
1757574315.873995304 -0.034478 0.023260 -0.156444 0.005443 -0.096436 -0.023253 0.995053
1757574315.876060009 -0.034578 0.023016 -0.154865 0.004393 -0.096584 -0.023364 0.995041
1757574315.912654638 -0.038389 0.018067 -0.126874 -0.013003 -0.099798 -0.025324 0.994600
1757574315.912654638 -0.038919 0.030312 -0.158756 0.002490 -0.096174 -0.023348 0.995088
1757574315.914606094 -0.039013 0.030080 -0.157263 0.001562 -0.096346 -0.023452 0.995070
1757574315.986841202 -0.049518 0.015726 -0.102475 -0.024811 -0.102907 -0.026726 0.994022
1757574315.986841202 -0.036886 0.034620 -0.163837 0.004044 -0.096921 -0.023008 0.995018
1757574315.988081932 -0.036945 0.034472 -0.162888 0.003591 -0.097034 -0.023064 0.995007
1757574316.017008543 -0.039218 0.029788 -0.140905 -0.002817 -0.098889 -0.023987 0.994805
1757574316.017008543 -0.042334 0.034976 -0.165771 0.001802 -0.096952 -0.023335 0.995014
1757574316.019386530 -0.042448 0.034688 -0.163953 0.001275 -0.097104 -0.023411 0.994998
1757574316.094046116 -0.053438 0.019055 -0.107860 -0.007261 -0.102496 -0.024753 0.994399
1757574316.094046116 -0.046896 0.039150 -0.173142 -0.002056 -0.097476 -0.023590 0.994956
1757574316.095298290 -0.046955 0.039001 -0.172184 -0.002200 -0.097567 -0.023612 0.994946
1757574316.127030611 -0.049373 0.034243 -0.147913 -0.003013 -0.098233 -0.023938 0.994871
1757574316.127030611 -0.059433 0.039067 -0.182931 -0.005624 -0.098532 -0.023875 0.994832
1757574316.128195286 -0.059488 0.038928 -0.182040 -0.005653 -0.098557 -0.023887 0.994829
1757574316.197486162 -0.065616 0.026276 -0.127746 -0.000004 -0.095331 -0.023984 0.995157
1757574316.197486162 -0.063665 0.039730 -0.188038 -0.007828 -0.098855 -0.023869 0.994785
1757574316.198760748 -0.063723 0.039579 -0.187062 -0.007724 -0.098796 -0.023871 0.994791
1757574316.229064465 -0.065797 0.035722 -0.163579 -0.003204 -0.096914 -0.023649 0.995007
1757574316.229064465 -0.061991 0.034247 -0.186336 -0.006707 -0.098610 -0.023361 0.994829
1757574316.230385780 -0.062052 0.034090 -0.185325 -0.006510 -0.098528 -0.023351 0.994839
1757574316.299967766 -0.068770 0.031250 -0.133202 0.000238 -0.096142 -0.024754 0.995060
1757574316.299967766 -0.037418 0.025666 -0.184866 -0.003255 -0.098776 -0.020143 0.994900
1757574316.301043749 -0.037468 0.025540 -0.184043 -0.003150 -0.098739 -0.020164 0.994904
1757574316.333899021 -0.039894 0.023639 -0.159639 -0.005758 -0.100752 -0.026199 0.994550
1757574316.333899021 -0.015143 0.015227 -0.172547 0.001754 -0.097607 -0.016029 0.995094
1757574316.335048437 -0.015197 0.015094 -0.171669 0.001663 -0.097677 -0.016240 0.995084
1757574316.408046007 -0.021545 0.014424 -0.119579 -0.016126 -0.110178 -0.041955 0.992895
1757574316.408046007 -0.000009 0.008911 -0.163664 0.004820 -0.096952 -0.012166 0.995203
1757574316.409655333 -0.000083 0.008725 -0.162434 0.004428 -0.097229 -0.012734 0.995171
1757574316.441312075 -0.001823 0.006144 -0.138730 -0.005429 -0.103990 -0.027486 0.994184
1757574316.441312075 0.000844 0.011156 -0.163318 0.005521 -0.097063 -0.010330 0.995209
1757574316.442543030 0.000788 0.011012 -0.162377 0.005138 -0.097327 -0.010904 0.995180
1757574316.511294603 -0.002274 0.006265 -0.110256 -0.017295 -0.108921 -0.047190 0.992779
1757574316.511294603 -0.008369 0.013487 -0.168380 0.004053 -0.098243 -0.010716 0.995097
1757574316.512483120 -0.008423 0.013348 -0.167471 0.003666 -0.098446 -0.011344 0.995071
1757574316.541697741 -0.009894 0.010068 -0.145108 -0.004119 -0.100713 -0.026145 0.994563
1757574316.541697741 -0.019018 0.019409 -0.174644 0.002089 -0.099522 -0.012586 0.994954
1757574316.543028116 -0.019079 0.019252 -0.173626 0.001735 -0.099626 -0.013261 0.994935
1757574316.617050171 -0.026414 0.008835 -0.117348 -0.010975 -0.099063 -0.043776 0.994057
1757574316.617050171 -0.017182 0.025949 -0.175945 -0.000184 -0.098241 -0.016886 0.995019
1757574316.618449211 -0.017247 0.025783 -0.174875 -0.000425 -0.098231 -0.017463 0.995010
1757574316.653441429 -0.020528 0.020577 -0.148484 -0.002234 -0.096627 -0.025873 0.994982
1757574316.653441429 -0.037762 0.032185 -0.184635 -0.006301 -0.097471 -0.022321 0.994968
1757574316.654767990 -0.037825 0.032027 -0.183620 -0.006369 -0.097411 -0.022640 0.994966
1757574316.729021311 -0.050683 0.013951 -0.127668 0.005750 -0.096491 -0.024098 0.995025
1757574316.729021311 -0.046914 0.037387 -0.192607 -0.010922 -0.096883 -0.025078 0.994920
1757574316.730741739 -0.046997 0.037179 -0.191291 -0.010641 -0.096862 -0.025112 0.994924
1757574316.764558315 -0.049790 0.031881 -0.165374 -0.001142 -0.097223 -0.022753 0.995002
1757574316.764558315 -0.048365 0.037174 -0.195850 -0.011496 -0.097312 -0.023425 0.994912
1757574316.766203165 -0.048442 0.036977 -0.194591 -0.011034 -0.097329 -0.023310 0.994918
1757574316.834860086 -0.050339 0.021066 -0.137786 0.006863 -0.095232 -0.025768 0.995098
1757574316.834860086 -0.071563 0.042243 -0.205836 -0.010577 -0.099191 -0.027396 0.994635
1757574316.836482048 -0.071636 0.042047 -0.204593 -0.010154 -0.099144 -0.027454 0.994643
1757574316.868006706 -0.072682 0.037578 -0.180530 -0.003917 -0.093079 -0.023783 0.995367
1757574316.868006706 -0.079875 0.042697 -0.211209 -0.009022 -0.101115 -0.028187 0.994434
1757574316.869186878 -0.079928 0.042557 -0.210307 -0.008788 -0.100888 -0.028049 0.994463
1757574316.940577745 -0.082555 0.031442 -0.157620 -0.000972 -0.077801 -0.020201 0.996764
1757574316.940577745 -0.076252 0.048591 -0.206056 -0.007153 -0.101631 -0.027607 0.994413
1757574316.942234039 -0.076327 0.048394 -0.204790 -0.006973 -0.101096 -0.027424 0.994474
1757574316.978675842 -0.078798 0.043222 -0.177721 -0.005979 -0.088946 -0.024054 0.995728
1757574316.978675842 -0.069156 0.046507 -0.199165 -0.004706 -0.101000 -0.027032 0.994508
1757574316.980519533 -0.069242 0.046288 -0.197757 -0.004656 -0.100386 -0.026860 0.994575
1757574317.051960468 -0.078202 0.033048 -0.145371 -0.006415 -0.080270 -0.021591 0.996519
1757574317.051960468 -0.057699 0.045333 -0.192900 -0.003331 -0.099951 -0.026107 0.994644
1757574317.053026676 -0.057748 0.045207 -0.192085 -0.003358 -0.099651 -0.026028 0.994676
1757574317.085001230 -0.060639 0.040127 -0.167691 -0.004729 -0.092415 -0.024337 0.995412
1757574317.085001230 -0.054541 0.044120 -0.188133 -0.003331 -0.098961 -0.025376 0.994762
1757574317.086001635 -0.054587 0.044000 -0.187367 -0.003374 -0.098734 -0.025323 0.994786
1757574317.157675982 -0.066008 0.027481 -0.131659 -0.004781 -0.087124 -0.023298 0.995914
1757574317.157675982 -0.049945 0.046562 -0.187062 -0.003872 -0.098584 -0.025115 0.994804
1757574317.158875704 -0.050002 0.046418 -0.186144 -0.003896 -0.098390 -0.025081 0.994824
1757574317.191957235 -0.053043 0.040646 -0.160412 -0.003920 -0.093629 -0.024363 0.995301
1757574317.191957235 -0.054284 0.045683 -0.186432 -0.004908 -0.098522 -0.025147 0.994805
1757574317.193066359 -0.054336 0.045550 -0.185583 -0.004909 -0.098362 -0.025123 0.994821
1757574317.262879372 -0.063218 0.028913 -0.130949 -0.002629 -0.087611 -0.023695 0.995869
1757574317.262879372 -0.052795 0.051971 -0.211267 -0.007083 -0.102692 -0.025432 0.994363
1757574317.264208794 -0.052858 0.051811 -0.210249 -0.007040 -0.102488 -0.025405 0.994385
1757574317.294358253 -0.055251 0.046083 -0.187155 -0.002955 -0.097220 -0.024686 0.994952
1757574317.294358253 -0.057895 0.054493 -0.219646 -0.010176 -0.103547 -0.025652 0.994242
1757574317.295990229 -0.057972 0.054295 -0.218397 -0.009955 -0.103262 -0.025614 0.994275
1757574317.371373653 -0.066812 0.031672 -0.162233 0.008544 -0.087612 -0.023844 0.995833
1757574317.371373653 -0.053337 0.055147 -0.215098 -0.009711 -0.103185 -0.025429 0.994290
1757574317.372472525 -0.053388 0.055015 -0.214258 -0.009442 -0.102957 -0.025403 0.994317
1757574317.402297258 -0.056144 0.050506 -0.191699 -0.002476 -0.097546 -0.024805 0.994919
1757574317.402297258 -0.049344 0.049447 -0.209126 -0.007756 -0.102234 -0.025215 0.994410
1757574317.403282881 -0.049390 0.049330 -0.208373 -0.007526 -0.102056 -0.025195 0.994431
1757574317.468127728 -0.059723 0.040792 -0.160751 0.001320 -0.094246 -0.024487 0.995247
1757574317.468127728 -0.042544 0.039953 -0.204321 -0.002925 -0.102052 -0.024830 0.994465
1757574317.469209671 -0.042595 0.039825 -0.203494 -0.002777 -0.101922 -0.024818 0.994479
1757574317.499234915 -0.045379 0.036235 -0.180930 -0.002678 -0.098709 -0.024839 0.994803
1757574317.499234915 -0.041765 0.038276 -0.200421 -0.000477 -0.101686 -0.024613 0.994512
1757574317.500426054 -0.041821 0.038135 -0.199510 -0.000473 -0.101558 -0.024613 0.994525
1757574317.575327635 -0.053940 0.026927 -0.145200 -0.006295 -0.095409 -0.025359 0.995095
1757574317.575327635 -0.054259 0.035650 -0.188055 0.001569 -0.101881 -0.023427 0.994520
1757574317.576883316 -0.054334 0.035466 -0.186866 0.001448 -0.101753 -0.023442 0.994532
1757574317.607477188 -0.057376 0.031174 -0.163914 -0.002320 -0.100158 -0.023994 0.994679
1757574317.607477188 -0.055800 0.035746 -0.186198 0.002058 -0.101445 -0.023262 0.994567
1757574317.608991146 -0.055872 0.035566 -0.185041 0.001871 -0.101366 -0.023289 0.994575
1757574317.685383081 -0.068786 0.020608 -0.129152 -0.007944 -0.099188 -0.025010 0.994723
1757574317.685383081 -0.052154 0.041296 -0.184229 0.001319 -0.101013 -0.023218 0.994613
1757574317.686640739 -0.052214 0.041146 -0.183268 0.001157 -0.100977 -0.023246 0.994616
1757574317.714149475 -0.054722 0.036992 -0.162485 -0.001670 -0.100676 -0.023882 0.994631
1757574317.714149475 -0.055575 0.041318 -0.185044 0.000481 -0.100880 -0.023184 0.994628
1757574317.715778589 -0.055653 0.041123 -0.183799 0.000313 -0.100862 -0.023221 0.994629
1757574317.783935070 -0.065384 0.027365 -0.132857 -0.004151 -0.100653 -0.024795 0.994604
1757574317.783935070 -0.052118 0.043777 -0.182822 -0.000082 -0.100459 -0.022999 0.994675
1757574317.785339594 -0.052184 0.043609 -0.181747 -0.000174 -0.100455 -0.023032 0.994675
1757574317.813816547 -0.054773 0.039401 -0.160148 -0.001269 -0.100947 -0.023762 0.994607
1757574317.813816547 -0.052747 0.041012 -0.182083 0.000430 -0.100316 -0.022815 0.994694
1757574317.815417051 -0.052823 0.040821 -0.180859 0.000368 -0.100344 -0.022856 0.994690
1757574317.884523392 -0.063121 0.029325 -0.128180 -0.003539 -0.102079 -0.024926 0.994458
1757574317.884523392 -0.050774 0.036159 -0.180240 -0.001357 -0.097491 -0.023730 0.994953
1757574317.885728836 -0.050831 0.036016 -0.179318 -0.001426 -0.097521 -0.023766 0.994949
1757574317.919038057 -0.054010 0.031270 -0.153904 -0.004192 -0.099210 -0.023198 0.994787
1757574317.919038057 -0.048405 0.039421 -0.176551 -0.000743 -0.096849 -0.025695 0.994967
1757574317.920294762 -0.048465 0.039272 -0.175590 -0.000847 -0.096913 -0.025674 0.994961
1757574317.986886501 -0.057482 0.028387 -0.125534 -0.007686 -0.101999 -0.019511 0.994564
1757574317.986886501 -0.047995 0.045593 -0.174537 0.000142 -0.096552 -0.028784 0.994912
1757574317.988093615 -0.048051 0.045449 -0.173613 0.000018 -0.096644 -0.028672 0.994906
1757574318.017529011 -0.050587 0.041485 -0.151231 -0.003750 -0.099306 -0.022391 0.994798
1757574318.017529011 -0.049032 0.051391 -0.173057 0.000767 -0.096167 -0.031337 0.994872
1757574318.018562078 -0.049080 0.051268 -0.172267 0.000635 -0.096260 -0.031117 0.994869
1757574318.089891195 -0.062734 0.040863 -0.118372 -0.009657 -0.103888 -0.009223 0.994499
1757574318.089891195 -0.048870 0.058893 -0.175647 0.001100 -0.096673 -0.033466 0.994753
1757574318.091201782 -0.048933 0.058738 -0.174644 0.000910 -0.096814 -0.033064 0.994753
1757574318.124293327 -0.051875 0.054374 -0.149481 -0.004379 -0.099580 -0.020644 0.994806
1757574318.124293327 -0.056215 0.065886 -0.179376 0.000932 -0.097039 -0.035511 0.994646
1757574318.126253366 -0.056309 0.065653 -0.177877 0.000619 -0.097203 -0.034776 0.994657
1757574318.202182055 -0.067230 0.054625 -0.120847 -0.011366 -0.101770 -0.000627 0.994743
1757574318.202182055 -0.072594 0.062320 -0.184340 0.002272 -0.100221 -0.035839 0.994317
1757574318.203196526 -0.072641 0.062200 -0.183564 0.002111 -0.100283 -0.035384 0.994327
1757574318.234910727 -0.075512 0.058118 -0.159468 -0.002879 -0.101354 -0.019172 0.994661
1757574318.234910727 -0.079545 0.067068 -0.188628 0.002168 -0.100768 -0.037121 0.994215
1757574318.236246347 -0.079608 0.066910 -0.187607 0.001958 -0.100814 -0.036438 0.994236
1757574318.309454918 -0.090978 0.056518 -0.132752 -0.009627 -0.102122 0.004817 0.994714
1757574318.309454918 -0.080330 0.071540 -0.188409 0.002087 -0.100401 -0.038909 0.994184
1757574318.310648203 -0.080386 0.071399 -0.187496 0.001898 -0.100423 -0.038236 0.994208
1757574318.345311403 -0.084267 0.067043 -0.161282 -0.003372 -0.102049 -0.016361 0.994639
1757574318.345311403 -0.083488 0.073657 -0.189362 0.002222 -0.100400 -0.039841 0.994147
1757574318.346712828 -0.083555 0.073491 -0.188291 0.002009 -0.100467 -0.038957 0.994175
1757574318.414512873 -0.094815 0.064752 -0.137044 -0.009017 -0.103788 0.005926 0.994541
1757574318.414512873 -0.081632 0.074555 -0.188145 0.002154 -0.100053 -0.040126 0.994170
1757574318.415821075 -0.081695 0.074400 -0.187144 0.001942 -0.100119 -0.039260 0.994199
1757574318.449199915 -0.085453 0.070140 -0.161935 -0.003299 -0.102571 -0.016747 0.994579
1757574318.449199915 -0.084360 0.077955 -0.187099 0.001902 -0.099618 -0.040015 0.994219
1757574318.451790571 -0.084490 0.077647 -0.185119 0.001496 -0.099810 -0.038268 0.994269
1757574318.525967121 -0.099372 0.066427 -0.130290 -0.008224 -0.107775 0.011545 0.994074
1757574318.525967121 -0.073547 0.081611 -0.184653 0.001784 -0.099214 -0.040906 0.994223
1757574318.527086973 -0.073601 0.081479 -0.183797 0.001637 -0.099337 -0.040155 0.994242
1757574318.551278114 -0.075931 0.078312 -0.165640 -0.000339 -0.102804 -0.023969 0.994413
1757574318.551278114 -0.078609 0.082169 -0.183690 0.001221 -0.098810 -0.041758 0.994229
1757574318.552396774 -0.078662 0.082037 -0.182835 0.001130 -0.098970 -0.041010 0.994244
1757574318.617435932 -0.088831 0.072541 -0.135928 -0.001780 -0.110194 0.004878 0.993897
1757574318.617435932 -0.075183 0.081748 -0.182139 0.000748 -0.098745 -0.041224 0.994258
1757574318.618632078 -0.075240 0.081606 -0.181224 0.000695 -0.098953 -0.040380 0.994272
1757574318.652708292 -0.078773 0.077383 -0.156022 -0.000170 -0.104930 -0.017081 0.994333
1757574318.652708292 -0.075202 0.078060 -0.181483 0.000628 -0.098549 -0.039988 0.994328
1757574318.654494286 -0.075289 0.077849 -0.180119 0.000584 -0.098863 -0.038768 0.994345
1757574318.728933096 -0.088265 0.068442 -0.124655 -0.000034 -0.113687 0.008592 0.993479
1757574318.728933096 -0.073051 0.077544 -0.182442 -0.001447 -0.098376 -0.037981 0.994423
1757574318.730061769 -0.073104 0.077410 -0.181579 -0.001456 -0.098601 -0.037263 0.994428
1757574318.761402845 -0.076039 0.073276 -0.157690 0.000962 -0.105245 -0.019336 0.994258
1757574318.761402845 -0.076347 0.075230 -0.183481 -0.003448 -0.097911 -0.035564 0.994554
1757574318.762593031 -0.076403 0.075089 -0.182571 -0.003355 -0.098162 -0.034883 0.994553
1757574318.834167004 -0.085881 0.065857 -0.129287 0.008768 -0.114929 -0.000807 0.993335
1757574318.834167004 -0.062512 0.064161 -0.182196 -0.003459 -0.097788 -0.031610 0.994699
1757574318.836220264 -0.062611 0.063918 -0.180627 -0.003109 -0.098270 -0.030633 0.994683
1757574318.864077568 -0.064781 0.061593 -0.159774 0.001557 -0.106445 -0.023738 0.994034
1757574318.864077568 -0.050331 0.043898 -0.173075 -0.002195 -0.096278 -0.024762 0.995044
1757574318.865448236 -0.050395 0.043739 -0.172027 -0.001962 -0.096680 -0.024423 0.995014
1757574318.936282635 -0.058316 0.052001 -0.122338 -0.005417 -0.124126 -0.027766 0.991863
1757574318.936282635 -0.026443 0.012802 -0.155047 0.004085 -0.094641 -0.016888 0.995360
1757574318.937334538 -0.026491 0.012682 -0.154243 0.004036 -0.095049 -0.016941 0.995320
1757574318.970941544 -0.028965 0.013135 -0.129444 -0.007932 -0.111202 -0.028136 0.993368
1757574318.970941544 -0.012128 0.001682 -0.146174 0.011496 -0.094197 -0.011770 0.995418
1757574318.972534895 -0.012203 0.001503 -0.144956 0.010933 -0.094963 -0.012307 0.995345
1757574319.046984673 -0.020162 0.009447 -0.093486 -0.035994 -0.132259 -0.049894 0.989304
1757574319.046984673 -0.014529 0.001371 -0.145364 0.014274 -0.094961 -0.011592 0.995311
1757574319.048163652 -0.014584 0.001236 -0.144464 0.013531 -0.095554 -0.012191 0.995258
1757574319.076988459 -0.016689 -0.001192 -0.123359 -0.006690 -0.108594 -0.026471 0.993711
1757574319.076988459 -0.021611 0.016851 -0.146013 0.012964 -0.095470 -0.014217 0.995246
1757574319.078185320 -0.021667 0.016711 -0.145099 0.012123 -0.096011 -0.014810 0.995196
1757574319.152719259 -0.032955 0.005090 -0.095283 -0.031395 -0.127953 -0.042479 0.990373
1757574319.152719259 -0.012618 0.040382 -0.156027 0.010798 -0.094342 -0.016325 0.995347
1757574319.155405521 -0.012750 0.040061 -0.153980 0.009226 -0.095499 -0.017320 0.995236
1757574319.186796904 -0.014285 0.033603 -0.130546 -0.003522 -0.106519 -0.026080 0.993962
1757574319.186796904 -0.031426 0.050285 -0.162846 0.006612 -0.096926 -0.018749 0.995093
1757574319.188449860 -0.031501 0.050082 -0.161582 0.005940 -0.097507 -0.019210 0.995032
1757574319.255870342 -0.028690 0.024727 -0.109490 -0.003454 -0.104942 -0.031043 0.993988
1757574319.255870342 -0.055145 0.054328 -0.170407 0.000920 -0.099889 -0.022674 0.994740
1757574319.257506847 -0.055216 0.054125 -0.169155 0.000692 -0.100070 -0.022961 0.994715
1757574319.294811726 -0.054945 0.045038 -0.140074 0.001482 -0.095226 -0.023420 0.995179
1757574319.294811726 -0.080103 0.049868 -0.178346 -0.003106 -0.102681 -0.026372 0.994360
1757574319.296078920 -0.080158 0.049714 -0.177376 -0.003079 -0.102517 -0.026388 0.994376
1757574319.368417978 -0.078193 0.028803 -0.121500 0.002771 -0.078205 -0.018802 0.996756
1757574319.368417978 -0.101576 0.051133 -0.186733 -0.006221 -0.104823 -0.028673 0.994058
1757574319.369628429 -0.101630 0.050987 -0.185807 -0.006123 -0.104416 -0.028548 0.994105
1757574319.403650522 -0.102743 0.044259 -0.160274 -0.001901 -0.087428 -0.023023 0.995903
1757574319.403650522 -0.114258 0.046192 -0.192631 -0.007899 -0.105834 -0.031353 0.993858
1757574319.404723644 -0.114306 0.046063 -0.191811 -0.007765 -0.105298 -0.031180 0.993921
1757574319.478162527 -0.121603 0.026217 -0.136038 0.003255 -0.063803 -0.011854 0.997887
1757574319.478162527 -0.123552 0.045895 -0.209651 -0.010892 -0.105690 -0.030667 0.993866
1757574319.479585648 -0.123619 0.045723 -0.208562 -0.010679 -0.104886 -0.030296 0.993965
1757574319.514388323 -0.127509 0.039068 -0.181846 -0.004601 -0.086185 -0.021406 0.996039
1757574319.514388323 -0.111220 0.043339 -0.208768 -0.012459 -0.104369 -0.028050 0.994065
1757574319.515678406 -0.111282 0.043183 -0.207780 -0.012235 -0.103676 -0.027722 0.994149
1757574319.589659691 -0.131530 0.024114 -0.150838 0.006066 -0.072945 -0.016725 0.997177
1757574319.589659691 -0.092183 0.040639 -0.206621 -0.010844 -0.102808 -0.026429 0.994291
1757574319.590860605 -0.092242 0.040494 -0.205702 -0.010547 -0.102310 -0.026250 0.994350
1757574319.624505520 -0.097232 0.036573 -0.178815 -0.003170 -0.092290 -0.022630 0.995470
1757574319.624505520 -0.087880 0.035211 -0.206385 -0.008162 -0.101810 -0.025458 0.994445
1757574319.625649452 -0.087935 0.035076 -0.205508 -0.007911 -0.101470 -0.025335 0.994484
1757574319.695698261 -0.108317 0.030153 -0.148754 -0.000692 -0.087990 -0.020872 0.995902
1757574319.695698261 -0.070537 0.030777 -0.204276 -0.003562 -0.100756 -0.024685 0.994599
1757574319.697206020 -0.070613 0.030600 -0.203121 -0.003406 -0.100466 -0.024588 0.994631
1757574319.732731104 -0.076618 0.027057 -0.175265 -0.004098 -0.096838 -0.023144 0.995023
1757574319.732731104 -0.068590 0.034540 -0.200911 -0.000916 -0.099395 -0.025444 0.994722
1757574319.734101534 -0.068659 0.034379 -0.199861 -0.000943 -0.099255 -0.025388 0.994738
1757574319.803636312 -0.088238 0.023829 -0.148573 -0.005438 -0.101531 -0.020159 0.994613
1757574319.803636312 -0.060900 0.045671 -0.166102 0.002115 -0.097021 -0.026953 0.994915
1757574319.805149555 -0.060976 0.045492 -0.164945 0.002017 -0.097071 -0.026839 0.994913
1757574319.836922169 -0.065579 0.040707 -0.141403 0.000001 -0.101812 -0.022213 0.994556
1757574319.836922169 -0.060790 0.049098 -0.157411 0.002945 -0.095238 -0.027919 0.995059
1757574319.838354826 -0.060861 0.048926 -0.156317 0.002854 -0.095452 -0.027710 0.995044
1757574319.907481909 -0.074926 0.035932 -0.107009 -0.001437 -0.112834 -0.015850 0.993486
1757574319.907481909 -0.059029 0.052021 -0.155236 0.002239 -0.094628 -0.028348 0.995107
1757574319.908942461 -0.059100 0.051847 -0.154120 0.002148 -0.094995 -0.028098 0.995079
1757574319.942992687 -0.062560 0.046543 -0.128707 0.003212 -0.104597 -0.021692 0.994273
1757574319.942992687 -0.065087 0.053300 -0.160496 -0.001680 -0.094499 -0.028637 0.995112
1757574319.944741726 -0.065171 0.053090 -0.159159 -0.001626 -0.094992 -0.028306 0.995074
1757574320.012447119 -0.071675 0.041815 -0.107718 0.011222 -0.113328 -0.015828 0.993368
1757574320.012447119 -0.068829 0.051447 -0.166716 -0.006393 -0.094619 -0.026433 0.995142
1757574320.013517380 -0.068878 0.051320 -0.165897 -0.006189 -0.094908 -0.026234 0.995121
1757574320.045365095 -0.070451 0.047837 -0.141637 0.004833 -0.102873 -0.023283 0.994410
1757574320.045365095 -0.065298 0.039417 -0.170542 -0.004165 -0.095647 -0.023570 0.995127
1757574320.046926737 -0.065369 0.039233 -0.169347 -0.003624 -0.096037 -0.023426 0.995095
1757574320.114861727 -0.066755 0.044842 -0.118847 0.010047 -0.108155 -0.025430 0.993758
1757574320.114861727 -0.046416 0.018987 -0.167169 -0.001028 -0.096024 -0.017874 0.995218
1757574320.115955353 -0.046465 0.018861 -0.166333 -0.000806 -0.096218 -0.017907 0.995199
1757574320.148665190 -0.047991 0.019282 -0.141713 -0.004883 -0.104782 -0.027650 0.994099
1757574320.148665190 -0.026452 0.009935 -0.157991 0.005924 -0.095020 -0.012592 0.995378
1757574320.149740696 -0.026501 0.009812 -0.157168 0.005791 -0.095300 -0.012914 0.995348
1757574320.219403744 -0.030358 0.020510 -0.105546 -0.024747 -0.118134 -0.047753 0.991540
1757574320.219403744 -0.009790 0.002322 -0.154716 0.012430 -0.094870 -0.008690 0.995374
1757574320.220796108 -0.009853 0.002165 -0.153652 0.011821 -0.095327 -0.009389 0.995332
1757574320.249932766 -0.011134 0.001655 -0.131648 -0.007037 -0.104417 -0.027914 0.994117
1757574320.249932766 -0.008145 0.007904 -0.156398 0.014493 -0.095663 -0.007256 0.995282
1757574320.252202988 -0.008248 0.007652 -0.154663 0.013026 -0.096374 -0.008703 0.995222
1757574320.322684526 -0.011844 0.009317 -0.102522 -0.038474 -0.112537 -0.056323 0.991304
1757574320.322684526 -0.014684 0.013213 -0.158506 0.013277 -0.096921 -0.008954 0.995163
1757574320.323967457 -0.014743 0.013065 -0.157525 0.012340 -0.097219 -0.009823 0.995138
1757574320.351948023 -0.016329 0.009777 -0.137122 -0.007006 -0.101405 -0.026286 0.994473
1757574320.351948023 -0.021531 0.026189 -0.158435 0.010664 -0.097650 -0.014909 0.995052
1757574320.353693724 -0.021612 0.025982 -0.157103 0.009456 -0.097908 -0.015936 0.995023
1757574320.429909229 -0.041249 0.015557 -0.110021 -0.029620 -0.104948 -0.038456 0.993292
1757574320.429909229 -0.025600 0.034159 -0.165929 0.010171 -0.095922 -0.019842 0.995139
1757574320.431098461 -0.025658 0.034018 -0.165021 0.009560 -0.096031 -0.020193 0.995128
1757574320.462241650 -0.028786 0.027735 -0.143152 -0.003046 -0.102208 -0.023428 0.994482
1757574320.462241650 -0.042867 0.044836 -0.167846 0.006254 -0.095720 -0.023185 0.995119
1757574320.463410616 -0.042922 0.044695 -0.166954 0.005780 -0.095952 -0.023306 0.995096
1757574320.539690733 -0.044141 0.013408 -0.112349 -0.010670 -0.110140 -0.022468 0.993605
1757574320.539690733 -0.054811 0.055142 -0.163874 0.002803 -0.097694 -0.023205 0.994942
1757574320.541139841 -0.054876 0.054963 -0.162767 0.002490 -0.097964 -0.023189 0.994917
1757574320.574870110 -0.054085 0.046016 -0.136580 0.002461 -0.094223 -0.023220 0.995277
1757574320.574870110 -0.074963 0.049761 -0.165916 -0.002474 -0.099886 -0.026655 0.994639
1757574320.576379299 -0.075028 0.049573 -0.164760 -0.002475 -0.099718 -0.026657 0.994655
1757574320.649884462 -0.067544 0.021198 -0.106436 0.009406 -0.072888 -0.015522 0.997175
1757574320.649884462 -0.095848 0.051300 -0.171639 -0.009210 -0.101892 -0.028443 0.994346
1757574320.651420355 -0.095913 0.051110 -0.170463 -0.008961 -0.101331 -0.028214 0.994412
1757574320.682260036 -0.096162 0.044484 -0.146839 -0.000211 -0.084199 -0.021558 0.996216
1757574320.682260036 -0.123856 0.043482 -0.195609 -0.015649 -0.102669 -0.029305 0.994161
1757574320.683290482 -0.123902 0.043358 -0.194820 -0.015357 -0.102096 -0.029086 0.994231
1757574320.748117685 -0.128415 0.027877 -0.146253 0.003539 -0.060270 -0.009637 0.998129
1757574320.748117685 -0.138697 0.045825 -0.203797 -0.014439 -0.102875 -0.033321 0.994031
1757574320.749500513 -0.138760 0.045659 -0.202739 -0.014033 -0.101987 -0.032905 0.994142
1757574320.775816441 -0.140991 0.041977 -0.183013 -0.008040 -0.086250 -0.020755 0.996025
1757574320.775816441 -0.142268 0.043152 -0.206893 -0.011827 -0.102212 -0.035711 0.994051
1757574320.777104378 -0.142329 0.042999 -0.205908 -0.011532 -0.101445 -0.035115 0.994154
1757574320.849294186 -0.159202 0.029754 -0.150668 -0.000817 -0.066342 0.005362 0.997782
1757574320.849294186 -0.135087 0.046744 -0.208672 -0.009274 -0.101377 -0.036583 0.994132
1757574320.850547552 -0.135148 0.046595 -0.207713 -0.009087 -0.100772 -0.035879 0.994221
1757574320.885093689 -0.140035 0.040936 -0.181547 -0.004671 -0.087825 -0.015733 0.996001
1757574320.885093689 -0.135093 0.049112 -0.209785 -0.007223 -0.100735 -0.036852 0.994204
1757574320.886737823 -0.135174 0.048915 -0.208528 -0.007012 -0.100122 -0.035893 0.994303
1757574320.964781284 -0.157158 0.032134 -0.148288 0.000761 -0.079610 0.009313 0.996782
1757574320.964781284 -0.111562 0.050935 -0.194327 -0.004785 -0.100198 -0.034369 0.994362
1757574320.966430426 -0.111644 0.050737 -0.193065 -0.004621 -0.099769 -0.033413 0.994439
1757574320.999020100 -0.117126 0.045620 -0.167931 -0.002114 -0.096085 -0.015874 0.995244
1757574320.999020100 -0.106675 0.048210 -0.186358 -0.003946 -0.098669 -0.032823 0.994571
1757574321.000173807 -0.106732 0.048073 -0.185475 -0.003856 -0.098540 -0.032203 0.994604
1757574321.069549322 -0.126812 0.033456 -0.132020 0.002771 -0.100609 0.001178 0.994922
1757574321.069549322 -0.092973 0.044864 -0.178717 -0.004348 -0.097304 -0.031147 0.994758
1757574321.070977211 -0.093044 0.044693 -0.177624 -0.004211 -0.097347 -0.030460 0.994775
1757574321.103601694 -0.098162 0.039423 -0.152432 0.000379 -0.101699 -0.016714 0.994675
1757574321.103601694 -0.091241 0.039203 -0.174148 -0.005271 -0.096257 -0.028929 0.994922
1757574321.105150461 -0.091319 0.039017 -0.172962 -0.005052 -0.096463 -0.028276 0.994922
1757574321.178061962 -0.109040 0.026748 -0.117317 0.008605 -0.110541 -0.005070 0.993821
1757574321.178061962 -0.080518 0.037716 -0.169220 -0.006671 -0.095196 -0.027139 0.995066
1757574321.179424763 -0.080585 0.037554 -0.168177 -0.006415 -0.095459 -0.026705 0.995054
1757574321.213447094 -0.084955 0.032905 -0.142290 0.001937 -0.104103 -0.018191 0.994398
1757574321.213447094 -0.061804 0.045639 -0.183157 -0.007875 -0.097393 -0.025957 0.994876
1757574321.215196133 -0.061890 0.045431 -0.181819 -0.007446 -0.097836 -0.025518 0.994847
1757574321.292357206 -0.073333 0.037666 -0.125713 0.016885 -0.123463 -0.017417 0.992053
1757574321.292357206 -0.054159 0.035743 -0.174801 -0.005947 -0.096244 -0.021849 0.995100
1757574321.293953419 -0.054234 0.035555 -0.173581 -0.005441 -0.096774 -0.021684 0.995055
1757574321.325040817 -0.056890 0.034454 -0.150741 -0.000111 -0.110667 -0.025576 0.993528
1757574321.325040817 -0.041744 0.009229 -0.165953 -0.002429 -0.094678 -0.013838 0.995409
1757574321.326270342 -0.041802 0.009087 -0.165014 -0.002214 -0.095226 -0.013994 0.995355
1757574321.398292542 -0.045264 0.018388 -0.112675 -0.011386 -0.132667 -0.050686 0.989798
1757574321.398292542 -0.030582 -0.009305 -0.162571 0.003854 -0.094200 -0.005512 0.995531
1757574321.399420261 -0.030634 -0.009434 -0.161709 0.003715 -0.094787 -0.006090 0.995472
1757574321.433675528 -0.031338 -0.008816 -0.135814 -0.010737 -0.112762 -0.034266 0.992973
1757574321.433675528 -0.027493 -0.014745 -0.166214 0.009382 -0.095529 -0.001221 0.995382
1757574321.434929848 -0.027549 -0.014887 -0.165254 0.008857 -0.096187 -0.002257 0.995321
1757574321.511543274 -0.025523 -0.003331 -0.107028 -0.039422 -0.128221 -0.075742 0.988063
1757574321.511543274 -0.015365 0.002038 -0.162751 0.011235 -0.094819 -0.001306 0.995430
1757574321.512834072 -0.015422 0.001891 -0.161763 0.010420 -0.095364 -0.002546 0.995385
1757574321.545724869 -0.016046 0.000652 -0.137213 -0.014621 -0.104420 -0.034036 0.993843
1757574321.545724869 -0.019928 0.015535 -0.163555 0.011330 -0.096122 -0.004616 0.995294
1757574321.547138929 -0.019990 0.015372 -0.162475 0.010254 -0.096511 -0.005971 0.995261
1757574321.614386797 -0.021090 0.009453 -0.118353 -0.041520 -0.106419 -0.060621 0.991603
1757574321.614386797 -0.027206 0.021107 -0.164062 0.009249 -0.098108 -0.009657 0.995086
1757574321.615436316 -0.027253 0.020983 -0.163261 0.008441 -0.098265 -0.010512 0.995069
1757574321.644814968 -0.028450 0.016121 -0.142208 -0.009390 -0.098265 -0.026104 0.994774
1757574321.644814968 -0.036700 0.030219 -0.168083 0.005489 -0.099704 -0.017729 0.994844
1757574321.646008015 -0.036754 0.030076 -0.167173 0.004766 -0.099701 -0.018363 0.994837
1757574321.717554092 -0.042679 0.009310 -0.116160 -0.018710 -0.092339 -0.031122 0.995065
1757574321.717554092 -0.046357 0.047826 -0.170985 0.000487 -0.100043 -0.023626 0.994702
1757574321.719007492 -0.046424 0.047649 -0.169875 0.000011 -0.099893 -0.023886 0.994711
1757574321.753542185 -0.047717 0.039243 -0.144186 -0.004596 -0.095301 -0.023051 0.995171
1757574321.753542185 -0.079148 0.043939 -0.173380 -0.004276 -0.098776 -0.024114 0.994808
1757574321.755339861 -0.079228 0.043716 -0.172007 -0.004516 -0.098537 -0.024071 0.994832
1757574321.828009844 -0.074982 0.014942 -0.115718 0.000480 -0.074628 -0.024266 0.996916
1757574321.828009844 -0.109172 0.046173 -0.178322 -0.010816 -0.099876 -0.027049 0.994573
1757574321.829615593 -0.109242 0.045975 -0.177093 -0.010704 -0.099349 -0.027057 0.994627
1757574321.860195398 -0.109243 0.039091 -0.153404 -0.004642 -0.084869 -0.022620 0.996125
1757574321.860195398 -0.123242 0.041882 -0.179078 -0.013749 -0.101003 -0.029564 0.994352
1757574321.861446142 -0.123297 0.041730 -0.178121 -0.013500 -0.100412 -0.029384 0.994420
1757574321.931518078 -0.123136 0.021362 -0.124545 0.004352 -0.059411 -0.012243 0.998149
1757574321.931518078 -0.133723 0.040357 -0.180959 -0.013565 -0.101548 -0.031680 0.994234
1757574321.932752132 -0.133778 0.040208 -0.180015 -0.013249 -0.100828 -0.031379 0.994321
1757574321.969656229 -0.135712 0.033093 -0.152174 -0.004437 -0.077959 -0.020029 0.996745
1757574321.969656229 -0.131188 0.036760 -0.179376 -0.012603 -0.101117 -0.031810 0.994286
1757574321.971262693 -0.131261 0.036565 -0.178148 -0.012219 -0.100123 -0.031316 0.994407
1757574322.048128366 -0.144092 0.017885 -0.120391 0.004993 -0.057790 -0.007449 0.998288
1757574322.048128366 -0.115431 0.047698 -0.217214 -0.013728 -0.102626 -0.030231 0.994166
1757574322.049454212 -0.115494 0.047539 -0.216200 -0.013433 -0.101897 -0.029820 0.994257
1757574322.084910631 -0.119866 0.042370 -0.188564 -0.004091 -0.084235 -0.021183 0.996212
1757574322.084910631 -0.117162 0.045347 -0.218044 -0.012333 -0.102255 -0.030261 0.994221
1757574322.086085320 -0.117218 0.045208 -0.217145 -0.012024 -0.101671 -0.029974 0.994294
1757574322.154833078 -0.134003 0.038984 -0.162339 0.002318 -0.071291 -0.012412 0.997376
1757574322.154833078 -0.106266 0.034421 -0.213438 -0.007851 -0.101319 -0.029310 0.994391
1757574322.155941725 -0.106320 0.034290 -0.212589 -0.007620 -0.100831 -0.029025 0.994451
1757574322.181579351 -0.109657 0.031965 -0.192368 -0.005255 -0.091462 -0.023200 0.995524
1757574322.181579351 -0.105094 0.036276 -0.203817 -0.006932 -0.099555 -0.029425 0.994573
1757574322.182774305 -0.105152 0.036136 -0.202902 -0.006821 -0.099119 -0.029153 0.994625
1757574322.254559994 -0.124952 0.028399 -0.145920 0.001051 -0.084978 -0.011974 0.996310
1757574322.254559994 -0.092550 0.035221 -0.188522 -0.007873 -0.096884 -0.028273 0.994863
1757574322.256231546 -0.092635 0.035024 -0.187242 -0.007689 -0.096555 -0.027874 0.994908
1757574322.293517113 -0.098174 0.030361 -0.159099 0.000844 -0.097061 -0.019547 0.995086
1757574322.293517113 -0.071216 0.037681 -0.188595 -0.005606 -0.098421 -0.024868 0.994818
1757574322.294979811 -0.071288 0.037508 -0.187476 -0.005271 -0.098441 -0.024541 0.994826
1757574322.367472887 -0.087062 0.039403 -0.138424 0.006078 -0.115154 -0.021891 0.993088
1757574322.367472887 -0.051616 0.014653 -0.168425 -0.003252 -0.094812 -0.019193 0.995305
1757574322.369297028 -0.051706 0.014444 -0.167033 -0.002964 -0.095232 -0.019129 0.995267
1757574322.399047613 -0.054469 0.013645 -0.145460 -0.006055 -0.107294 -0.025561 0.993880
1757574322.399047613 -0.043809 0.001955 -0.159275 0.003391 -0.092877 -0.013687 0.995578
1757574322.400022745 -0.043855 0.001842 -0.158530 0.003291 -0.093272 -0.013900 0.995538
1757574322.474951506 -0.051037 0.009581 -0.107785 -0.023495 -0.129208 -0.045009 0.990317
1757574322.474951506 -0.042466 -0.009166 -0.162107 0.008574 -0.093549 -0.011942 0.995506
1757574322.476741791 -0.042549 -0.009368 -0.160741 0.007935 -0.094409 -0.012691 0.995421
1757574322.508736610 -0.044389 -0.010532 -0.137294 -0.008904 -0.107590 -0.027463 0.993776
1757574322.508736610 -0.044565 0.001098 -0.168131 0.009833 -0.095260 -0.014403 0.995300
1757574322.509739161 -0.044610 0.000982 -0.167365 0.009305 -0.095672 -0.014867 0.995258
1757574322.580889225 -0.051129 -0.003726 -0.117687 -0.031244 -0.116872 -0.040461 0.991830
1757574322.580889225 -0.038213 0.025594 -0.158150 0.008987 -0.095051 -0.019854 0.995234
1757574322.581884146 -0.038258 0.025478 -0.157389 0.008418 -0.095347 -0.020212 0.995203
1757574322.614888191 -0.040594 0.020237 -0.132660 -0.003096 -0.100146 -0.024753 0.994660
1757574322.614888191 -0.050976 0.038527 -0.158065 0.003978 -0.095366 -0.024394 0.995135
1757574322.616011143 -0.051028 0.038393 -0.157207 0.003585 -0.095529 -0.024548 0.995117
1757574322.690675974 -0.061089 0.016665 -0.102064 -0.005512 -0.103354 -0.022995 0.994364
1757574322.690675974 -0.051963 0.043211 -0.159011 -0.001428 -0.095509 -0.023447 0.995151
1757574322.692189932 -0.052034 0.043027 -0.157854 -0.001612 -0.095667 -0.023415 0.995137
1757574322.723645687 -0.053297 0.036382 -0.133553 -0.000926 -0.096512 -0.023952 0.995043
1757574322.723645687 -0.059404 0.042061 -0.163894 -0.005411 -0.097213 -0.020406 0.995040
1757574322.724648714 -0.059450 0.041940 -0.163126 -0.005389 -0.097240 -0.020423 0.995037
1757574322.796671152 -0.059718 0.018339 -0.106780 0.007453 -0.086734 -0.029950 0.995753
1757574322.796671152 -0.078736 0.050476 -0.171834 -0.010005 -0.098343 -0.023588 0.994823
1757574322.797760963 -0.078784 0.050344 -0.171000 -0.009811 -0.098185 -0.023733 0.994837
1757574322.828343391 -0.079627 0.044075 -0.147489 -0.001278 -0.090559 -0.023564 0.995611
1757574322.828343391 -0.077652 0.055902 -0.188240 -0.012107 -0.099976 -0.025910 0.994579
1757574322.829743624 -0.077715 0.055731 -0.187169 -0.011715 -0.099628 -0.025902 0.994619
1757574322.896883488 -0.077165 0.039219 -0.136805 0.008477 -0.074449 -0.021957 0.996947
1757574322.896883488 -0.086911 0.053398 -0.197678 -0.013680 -0.101103 -0.027266 0.994408
1757574322.898322105 -0.086975 0.053225 -0.196577 -0.013246 -0.100565 -0.027182 0.994471
1757574322.927672863 -0.087970 0.048515 -0.174681 -0.005064 -0.086930 -0.024388 0.995903
1757574322.927672863 -0.085721 0.045950 -0.197173 -0.012803 -0.101467 -0.026740 0.994397
1757574322.928921938 -0.085777 0.045800 -0.196218 -0.012455 -0.100887 -0.026620 0.994464
1757574323.000818014 -0.091864 0.032967 -0.145882 0.001939 -0.065153 -0.022296 0.997624
1757574323.000818014 -0.076751 0.042086 -0.193383 -0.010914 -0.100778 -0.026002 0.994509
1757574323.001889467 -0.076800 0.041959 -0.192564 -0.010699 -0.100246 -0.025937 0.994567
1757574323.034368515 -0.080121 0.037144 -0.168364 -0.005700 -0.085944 -0.024602 0.995980
1757574323.034368515 -0.069895 0.040091 -0.186463 -0.009492 -0.099384 -0.025359 0.994681
1757574323.036194801 -0.069984 0.039873 -0.185067 -0.009212 -0.098580 -0.025283 0.994765
1757574323.111470938 -0.087903 0.028553 -0.128370 -0.000789 -0.074734 -0.023357 0.996930
1757574323.111470938 -0.040750 0.030111 -0.202730 -0.006131 -0.102747 -0.023603 0.994409
1757574323.113589525 -0.040858 0.029859 -0.201109 -0.005895 -0.102076 -0.023546 0.994480
1757574323.148825645 -0.047374 0.026202 -0.173579 -0.006418 -0.097359 -0.024268 0.994933
1757574323.148825645 -0.037912 0.029734 -0.192068 -0.004641 -0.099887 -0.022888 0.994725
1757574323.150062084 -0.037973 0.029588 -0.191121 -0.004660 -0.099722 -0.022913 0.994741
1757574323.223743200 -0.059440 0.014128 -0.133002 -0.007105 -0.101400 -0.025307 0.994498
1757574323.223743200 -0.033002 0.036237 -0.182148 -0.005467 -0.097631 -0.022797 0.994947
1757574323.225019217 -0.033065 0.036084 -0.181172 -0.005509 -0.097660 -0.022838 0.994943
1757574323.257157803 -0.037459 0.030107 -0.156360 -0.003726 -0.101763 -0.023641 0.994521
1757574323.257157803 -0.041458 0.038753 -0.178260 -0.007556 -0.096539 -0.023146 0.995031
1757574323.258306980 -0.041514 0.038615 -0.177381 -0.007492 -0.096685 -0.023175 0.995017
1757574323.327015638 -0.054143 0.020273 -0.125331 0.003705 -0.108061 -0.023893 0.993850
1757574323.327015638 -0.042220 0.045141 -0.177989 -0.010304 -0.096090 -0.023810 0.995035
1757574323.328216076 -0.042278 0.044997 -0.177070 -0.010108 -0.096289 -0.023822 0.995017
1757574323.360713005 -0.045531 0.039134 -0.152573 -0.001929 -0.101659 -0.023598 0.994538
1757574323.360713005 -0.046800 0.050514 -0.171096 -0.012812 -0.094463 -0.024901 0.995134
1757574323.362533092 -0.046888 0.050294 -0.169705 -0.012354 -0.094765 -0.024888 0.995112
1757574323.432682514 -0.058687 0.033461 -0.121467 0.009726 -0.104699 -0.023952 0.994168
1757574323.432682514 -0.044859 0.051287 -0.171189 -0.012446 -0.094697 -0.025528 0.995101
1757574323.433701277 -0.044907 0.051165 -0.170411 -0.012125 -0.094842 -0.025515 0.995091
1757574323.466096401 -0.048004 0.047712 -0.145807 -0.004308 -0.098366 -0.024751 0.994833
1757574323.466096401 -0.046380 0.041629 -0.172226 -0.009159 -0.095519 -0.025327 0.995063
1757574323.468236923 -0.046484 0.041379 -0.170589 -0.008642 -0.095752 -0.025277 0.995047
1757574323.539659977 -0.058135 0.037606 -0.115806 -0.000533 -0.101277 -0.024036 0.994568
1757574323.539659977 -0.038215 0.034789 -0.165210 -0.004975 -0.095315 -0.024990 0.995121
1757574323.540886402 -0.038273 0.034646 -0.164271 -0.004836 -0.095410 -0.024969 0.995113
1757574323.574395895 -0.041989 0.031768 -0.138901 -0.005113 -0.099065 -0.024691 0.994761
1757574323.574395895 -0.038206 0.033397 -0.161237 -0.001725 -0.095259 -0.024828 0.995141
1757574323.575696707 -0.038268 0.033245 -0.160242 -0.001736 -0.095401 -0.024817 0.995128
1757574323.647626877 -0.048749 0.028625 -0.105814 -0.009778 -0.103420 -0.024569 0.994286
1757574323.647626877 -0.049375 0.024571 -0.159846 0.000488 -0.097113 -0.023611 0.994993
1757574323.648848534 -0.049433 0.024427 -0.158911 0.000352 -0.097250 -0.023607 0.994980
1757574323.683099270 -0.052435 0.020672 -0.132883 -0.004518 -0.100249 -0.023865 0.994666
1757574323.683099270 -0.052911 0.028159 -0.160693 0.001199 -0.097472 -0.023547 0.994959
1757574323.684759855 -0.052989 0.027964 -0.159423 0.000963 -0.097618 -0.023560 0.994945
1757574323.758789778 -0.062948 0.018623 -0.104289 -0.008323 -0.103895 -0.023562 0.994274
1757574323.758789778 -0.050877 0.030925 -0.160020 0.001000 -0.097421 -0.023773 0.994959
1757574323.761347532 -0.051001 0.030622 -0.158065 0.000679 -0.097638 -0.023773 0.994938
1757574323.798023224 -0.054505 0.026053 -0.130493 -0.002848 -0.100912 -0.023405 0.994616
1757574323.798023224 -0.052515 0.032231 -0.162099 0.000424 -0.097459 -0.023592 0.994960
1757574323.799452543 -0.052582 0.032062 -0.161006 0.000286 -0.097587 -0.023578 0.994948
1757574323.872688293 -0.061773 0.022451 -0.105715 -0.004459 -0.104462 -0.023391 0.994244
1757574323.872688293 -0.052544 0.033430 -0.163547 -0.000573 -0.097868 -0.023449 0.994923
1757574323.874034405 -0.052607 0.033271 -0.162517 -0.000661 -0.097995 -0.023445 0.994910
1757574323.913092852 -0.055860 0.028537 -0.132832 -0.001296 -0.100017 -0.023581 0.994705
1757574323.913092852 -0.050486 0.042774 -0.178921 -0.003413 -0.098398 -0.024082 0.994850
1757574323.914349318 -0.050544 0.042626 -0.177960 -0.003433 -0.098463 -0.024086 0.994843
1757574323.991427660 -0.058364 0.034103 -0.117727 -0.000132 -0.100150 -0.024207 0.994678
1757574323.991427660 -0.050383 0.044541 -0.185831 -0.005249 -0.099248 -0.024113 0.994757
1757574323.992966413 -0.050455 0.044359 -0.184653 -0.005183 -0.099282 -0.024115 0.994754
1757574324.021125793 -0.052049 0.041475 -0.162899 -0.002240 -0.098688 -0.024297 0.994819
1757574324.021125793 -0.052304 0.038328 -0.186011 -0.004033 -0.099736 -0.024069 0.994715
1757574324.022081614 -0.052347 0.038215 -0.185279 -0.003933 -0.099716 -0.024076 0.994717
1757574324.096477985 -0.058232 0.039799 -0.129972 -0.001633 -0.097406 -0.024885 0.994932
1757574324.096477985 -0.054783 0.026959 -0.175541 -0.004384 -0.097460 -0.020323 0.995022
1757574324.098350286 -0.054870 0.026744 -0.174109 -0.004327 -0.097401 -0.020343 0.995028
1757574324.127722025 -0.057946 0.025666 -0.153048 -0.011204 -0.103280 -0.028135 0.994191
1757574324.127722025 -0.048118 0.012119 -0.158103 0.000520 -0.094219 -0.012634 0.995471
1757574324.129577637 -0.048209 0.011909 -0.156689 0.000086 -0.094593 -0.013127 0.995430
1757574324.202109098 -0.066441 0.013717 -0.111808 -0.035724 -0.128018 -0.058765 0.989385
1757574324.202109098 -0.038419 -0.002944 -0.132463 0.005131 -0.091294 -0.004357 0.995801
1757574324.203211784 -0.038473 -0.003072 -0.131621 0.004589 -0.091808 -0.005053 0.995753
1757574324.234103441 -0.043191 -0.006397 -0.109677 -0.014155 -0.111815 -0.035005 0.993011
1757574324.234103441 -0.033916 -0.001509 -0.122949 0.005869 -0.088283 0.001118 0.996078
1757574324.235947132 -0.034010 -0.001726 -0.121543 0.004751 -0.089487 -0.000668 0.995976
1757574324.312224627 -0.059835 -0.015904 -0.067005 -0.038918 -0.152760 -0.088568 0.983517
1757574324.312224627 -0.025706 0.001098 -0.111314 0.008054 -0.084209 0.002559 0.996412
1757574324.313298702 -0.025759 0.000970 -0.110492 0.007434 -0.085109 0.001319 0.996343
1757574324.346488237 -0.031557 -0.004490 -0.086041 -0.012856 -0.122299 -0.038087 0.991679
1757574324.346488237 -0.031911 0.014842 -0.117996 0.008084 -0.086333 -0.003725 0.996227
1757574324.347703695 -0.031971 0.014696 -0.117067 0.007336 -0.087695 -0.005170 0.996107
1757574324.414011478 -0.023695 -0.007336 -0.061274 -0.024197 -0.145194 -0.057901 0.987411
1757574324.414011478 -0.053303 0.027146 -0.130670 0.006689 -0.091446 -0.012194 0.995713
1757574324.415670633 -0.053371 0.026941 -0.129397 0.005894 -0.092889 -0.013517 0.995567
1757574324.449894190 -0.050654 0.017936 -0.102177 -0.003423 -0.102985 -0.023991 0.994388
1757574324.449894190 -0.065428 0.040708 -0.158326 0.003171 -0.095582 -0.021690 0.995180
1757574324.451962709 -0.065508 0.040447 -0.156740 0.002605 -0.096189 -0.022323 0.995109
1757574324.525885582 -0.051014 0.012003 -0.099869 -0.005416 -0.085595 -0.021363 0.996086
1757574324.525885582 -0.093627 0.046182 -0.163163 -0.002037 -0.098935 -0.026301 0.994744
1757574324.527779579 -0.093702 0.045946 -0.161713 -0.002242 -0.098663 -0.026278 0.994771
1757574324.557582140 -0.093535 0.039949 -0.139674 -0.003738 -0.086456 -0.023241 0.995977
1757574324.557582140 -0.091966 0.039810 -0.166560 -0.003268 -0.100579 -0.027688 0.994538
1757574324.558864594 -0.092022 0.039655 -0.165580 -0.003332 -0.100054 -0.027559 0.994595
1757574324.636639833 -0.093870 0.018253 -0.112942 -0.007475 -0.061303 -0.017435 0.997939
1757574324.636639833 -0.095410 0.043169 -0.169186 -0.002292 -0.100981 -0.029052 0.994461
1757574324.637807369 -0.095463 0.043029 -0.168295 -0.002354 -0.100400 -0.028900 0.994525
1757574324.671656132 -0.097292 0.037006 -0.143773 -0.005352 -0.083794 -0.023203 0.996199
1757574324.671656132 -0.093777 0.041822 -0.170895 -0.000756 -0.101193 -0.029847 0.994419
1757574324.672930717 -0.093835 0.041669 -0.169921 -0.000869 -0.100569 -0.029631 0.994488
1757574324.744033337 -0.102465 0.022970 -0.119023 -0.010489 -0.066832 -0.016376 0.997575
1757574324.744033337 -0.113408 0.038786 -0.170594 -0.001374 -0.100615 -0.028274 0.994523
1757574324.745255709 -0.113465 0.038638 -0.169660 -0.001540 -0.100036 -0.028047 0.994587
1757574324.772356510 -0.115823 0.033515 -0.149411 -0.004454 -0.088213 -0.023421 0.995816
1757574324.772356510 -0.112381 0.034171 -0.168374 -0.001853 -0.100005 -0.027115 0.994616
1757574324.773596764 -0.112440 0.034021 -0.167426 -0.001987 -0.099465 -0.026904 0.994675
1757574324.838784695 -0.124604 0.014891 -0.120347 -0.007166 -0.073939 -0.019245 0.997051
1757574324.838784695 -0.094940 0.037390 -0.163887 -0.002836 -0.099400 -0.023834 0.994758
1757574324.839863539 -0.094992 0.037259 -0.163062 -0.002923 -0.098978 -0.023708 0.994803
1757574324.872689009 -0.099131 0.030226 -0.138658 -0.004084 -0.087888 -0.022795 0.995861
1757574324.872689009 -0.085523 0.034328 -0.160828 -0.003586 -0.099005 -0.021851 0.994841
1757574324.874146223 -0.085594 0.034150 -0.159714 -0.003639 -0.098513 -0.021811 0.994890
1757574324.951099873 -0.105580 0.007069 -0.106765 -0.002888 -0.076737 -0.024445 0.996747
1757574324.951099873 -0.074721 0.035285 -0.160042 -0.006603 -0.098511 -0.020272 0.994908
1757574324.952312708 -0.074780 0.035138 -0.159116 -0.006591 -0.098168 -0.020315 0.994941
1757574324.981944799 -0.078111 0.028798 -0.137661 -0.003901 -0.090403 -0.022185 0.995650
1757574324.981944799 -0.075498 0.018909 -0.179652 -0.008525 -0.099211 -0.020486 0.994819
1757574324.983172655 -0.075557 0.018759 -0.178715 -0.008414 -0.098890 -0.020564 0.994850
1757574325.055593252 -0.090745 -0.006052 -0.132531 0.007146 -0.081524 -0.023950 0.996358
1757574325.055593252 -0.075874 0.023832 -0.180482 -0.012853 -0.097997 -0.020976 0.994883
1757574325.056797028 -0.075932 0.023685 -0.179563 -0.012594 -0.097710 -0.021034 0.994913
1757574325.089582443 -0.080213 0.015946 -0.156532 0.000754 -0.092651 -0.021762 0.995461
1757574325.089582443 -0.084590 0.024948 -0.180697 -0.016090 -0.095189 -0.024148 0.995036
1757574325.091013908 -0.084660 0.024772 -0.179605 -0.015506 -0.094971 -0.024182 0.995066
1757574325.160072803 -0.103302 0.002017 -0.139063 0.021336 -0.095497 -0.016113 0.995071
1757574325.160072803 -0.081103 0.029856 -0.179712 -0.020237 -0.093789 -0.024001 0.995097
1757574325.161499739 -0.081174 0.029681 -0.178625 -0.019475 -0.093801 -0.023835 0.995115
1757574325.191231966 -0.084805 0.023384 -0.158517 -0.000910 -0.095442 -0.020718 0.995219
1757574325.191231966 -0.083107 0.026488 -0.176878 -0.022861 -0.091455 -0.023958 0.995258
1757574325.192211866 -0.083154 0.026370 -0.176131 -0.022249 -0.091509 -0.023857 0.995270
1757574325.260517597 -0.100281 0.003730 -0.139787 0.028779 -0.105449 -0.016715 0.993868
1757574325.260517597 -0.043828 0.050702 -0.171572 -0.020720 -0.091998 -0.022424 0.995291
1757574325.261547089 -0.043877 0.050577 -0.170787 -0.019951 -0.092209 -0.022316 0.995290
1757574325.293693066 -0.048656 0.047892 -0.146682 0.002946 -0.106184 -0.024764 0.994034
1757574325.293693066 -0.044787 0.041143 -0.179088 -0.014277 -0.094425 -0.027183 0.995058
1757574325.295724630 -0.044892 0.040908 -0.177535 -0.012834 -0.095315 -0.027340 0.994989
1757574325.367699146 -0.032022 0.063260 -0.096504 0.001103 -0.115052 -0.011826 0.993288
1757574325.367699146 -0.053343 0.027784 -0.180117 -0.004609 -0.095369 -0.032354 0.994905
1757574325.369086027 -0.053399 0.027631 -0.179046 -0.004343 -0.095754 -0.032058 0.994879
1757574325.398333788 -0.054945 0.029216 -0.153003 -0.009721 -0.105445 -0.019811 0.994180
1757574325.398333788 -0.031299 0.034989 -0.165609 0.001481 -0.094678 -0.032510 0.994976
1757574325.399889946 -0.031371 0.034818 -0.164409 0.001195 -0.095198 -0.031862 0.994948
1757574325.467738628 -0.043626 0.043676 -0.099441 -0.022057 -0.121916 -0.007107 0.992270
1757574325.467738628 -0.017875 0.031530 -0.156002 0.003969 -0.093550 -0.029696 0.995164
1757574325.469073296 -0.017939 0.031379 -0.154977 0.003514 -0.094080 -0.029210 0.995130
1757574325.504816532 -0.021442 0.029514 -0.125634 -0.008502 -0.111954 -0.021936 0.993435
1757574325.504816532 -0.035512 0.030419 -0.150925 0.004403 -0.092256 -0.027837 0.995336
1757574325.506424904 -0.035589 0.030233 -0.149691 0.003864 -0.093062 -0.027510 0.995273
1757574325.576533794 -0.038696 0.024608 -0.097426 -0.011129 -0.126357 -0.016265 0.991789
1757574325.576533794 -0.043541 0.036499 -0.153558 0.003087 -0.093085 -0.026455 0.995302
1757574325.577759743 -0.043597 0.036355 -0.152621 0.002826 -0.093668 -0.026259 0.995253
1757574325.608390331 -0.043515 0.031742 -0.130284 0.002001 -0.105921 -0.023009 0.994106
1757574325.608390331 -0.050240 0.043868 -0.156758 0.001755 -0.094606 -0.024634 0.995208
1757574325.609933853 -0.050307 0.043683 -0.155579 0.001714 -0.095224 -0.024469 0.995154
1757574325.675480843 -0.042923 0.029431 -0.112345 0.007485 -0.115940 -0.023190 0.992957
1757574325.675480843 -0.054945 0.046775 -0.157464 -0.000098 -0.095070 -0.023835 0.995185
1757574325.677665234 -0.055033 0.046510 -0.155800 0.000094 -0.095761 -0.023792 0.995120
1757574325.710069895 -0.056477 0.043460 -0.133931 0.004915 -0.105100 -0.023887 0.994163
1757574325.710069895 -0.050990 0.042588 -0.161692 -0.001780 -0.096214 -0.022563 0.995103
1757574325.711986065 -0.051078 0.042365 -0.160235 -0.001494 -0.096767 -0.022568 0.995050
1757574325.783893347 -0.049322 0.034831 -0.112025 0.013052 -0.111439 -0.026308 0.993337
1757574325.783893347 -0.058372 0.034369 -0.182358 -0.002757 -0.096314 -0.023319 0.995074
1757574325.785908461 -0.058459 0.034131 -0.180821 -0.002350 -0.096726 -0.023423 0.995033
1757574325.815759897 -0.059258 0.031385 -0.159446 0.002103 -0.104322 -0.023144 0.994272
1757574325.815759897 -0.059009 0.035764 -0.185504 -0.003002 -0.096183 -0.023265 0.995087
1757574325.816833496 -0.059057 0.035638 -0.184684 -0.002841 -0.096457 -0.023255 0.995061
1757574325.887285233 -0.052386 0.022229 -0.127657 0.008632 -0.114939 -0.023081 0.993067
1757574325.887285233 -0.061725 0.041536 -0.187974 -0.003931 -0.096104 -0.021853 0.995124
1757574325.888489723 -0.061777 0.041392 -0.187051 -0.003734 -0.096420 -0.021850 0.995094
1757574325.915678263 -0.062672 0.038535 -0.166511 0.002118 -0.103983 -0.023388 0.994302
1757574325.915678263 -0.056009 0.037102 -0.186433 -0.003903 -0.095511 -0.021108 0.995197
1757574325.916892529 -0.056064 0.036960 -0.185505 -0.003642 -0.095849 -0.021177 0.995164
1757574325.983097076 -0.055813 0.032761 -0.135421 0.010371 -0.117897 -0.026399 0.992621
1757574325.983097076 -0.057761 0.035092 -0.187823 -0.003695 -0.095393 -0.020227 0.995227
1757574325.984717369 -0.057832 0.034903 -0.186583 -0.003351 -0.095933 -0.020355 0.995174
1757574326.018228769 -0.057993 0.032095 -0.160921 0.003377 -0.107541 -0.024201 0.993900
1757574326.018228769 -0.061583 0.041528 -0.179193 -0.003784 -0.093222 -0.019614 0.995445
1757574326.019908428 -0.061656 0.041332 -0.177908 -0.003447 -0.093804 -0.019808 0.995388
1757574326.094103336 -0.056512 0.037424 -0.120538 0.011420 -0.116340 -0.031731 0.992637
1757574326.094103336 -0.063011 0.042688 -0.176530 -0.003551 -0.094355 -0.018661 0.995357
1757574326.095223904 -0.063060 0.042557 -0.175672 -0.003326 -0.094696 -0.018841 0.995322
1757574326.124705791 -0.062748 0.039970 -0.152942 0.001986 -0.100816 -0.024814 0.994594
1757574326.124705791 -0.060903 0.047193 -0.175181 -0.003101 -0.095213 -0.016706 0.995312
1757574326.126683235 -0.060986 0.046964 -0.173668 -0.002744 -0.095623 -0.017107 0.995267
1757574326.200973988 -0.057612 0.043369 -0.117089 0.008312 -0.106115 -0.039361 0.993540
1757574326.200973988 -0.060298 0.047060 -0.170653 -0.002939 -0.096908 -0.015658 0.995166
1757574326.202672243 -0.060372 0.046862 -0.169354 -0.002685 -0.097149 -0.016167 0.995135
1757574326.239601374 -0.058806 0.044170 -0.140300 0.002369 -0.097575 -0.028606 0.994814
1757574326.239601374 -0.061073 0.041592 -0.167641 -0.002822 -0.099151 -0.018277 0.994901
1757574326.241022825 -0.061133 0.041426 -0.166553 -0.002627 -0.099168 -0.018756 0.994890
1757574326.317205906 -0.048777 0.040434 -0.100356 0.007388 -0.088420 -0.031856 0.995546
1757574326.317205906 -0.066294 0.036600 -0.145623 -0.001453 -0.098430 -0.020977 0.994922
1757574326.318374872 -0.066343 0.036464 -0.144727 -0.001299 -0.098265 -0.021178 0.994934
1757574326.356863737 -0.066211 0.034424 -0.112258 0.003551 -0.091445 -0.024362 0.995506
1757574326.356863737 -0.061818 0.037519 -0.146320 -0.000948 -0.098135 -0.021226 0.994946
1757574326.357918739 -0.061864 0.037396 -0.145511 -0.000815 -0.097948 -0.021313 0.994963
1757574326.431870699 -0.059669 0.040090 -0.076305 0.006605 -0.086065 -0.027870 0.995878
1757574326.431870699 -0.063279 0.029639 -0.147543 0.000166 -0.098260 -0.022703 0.994902
1757574326.433536291 -0.063351 0.029448 -0.146262 0.000334 -0.097993 -0.022851 0.994925
1757574326.468116999 -0.063591 0.028537 -0.116683 0.001846 -0.092179 -0.023349 0.995467
1757574326.468116999 -0.063231 0.019812 -0.141663 0.002097 -0.099334 -0.026137 0.994709
1757574326.469715357 -0.063301 0.019630 -0.140434 0.002167 -0.099065 -0.026160 0.994735
1757574326.536208630 -0.058812 0.024519 -0.078659 -0.000998 -0.083012 -0.014709 0.996439
1757574326.536208630 -0.064779 0.013655 -0.144436 0.003711 -0.099474 -0.031856 0.994523
1757574326.537272215 -0.064825 0.013533 -0.143619 0.003662 -0.099218 -0.031672 0.994555
1757574326.568847656 -0.065386 0.012528 -0.117853 -0.000249 -0.092051 -0.016115 0.995624
1757574326.568847656 -0.053383 0.023248 -0.130547 0.002497 -0.098877 -0.038169 0.994364
1757574326.569900990 -0.053430 0.023127 -0.129739 0.002368 -0.098637 -0.037651 0.994408
1757574326.636246443 -0.051167 0.027703 -0.074896 -0.011454 -0.083140 0.011668 0.996404
1757574326.636246443 -0.052342 0.011472 -0.129284 0.005193 -0.098680 -0.042260 0.994208
1757574326.637275934 -0.052387 0.011354 -0.128495 0.004979 -0.098443 -0.041495 0.994265
1757574326.672699928 -0.052737 0.011487 -0.101216 -0.008944 -0.091003 -0.009802 0.995762
1757574326.672699928 -0.047341 0.005051 -0.125810 0.008577 -0.098704 -0.043366 0.994135
1757574326.675241709 -0.047450 0.004772 -0.123865 0.007579 -0.098181 -0.041092 0.994291
1757574326.746986866 -0.047024 0.011053 -0.073109 -0.038752 -0.083072 0.023625 0.995510
1757574326.746986866 -0.045988 0.003135 -0.124338 0.012717 -0.097889 -0.042509 0.994208
1757574326.748250484 -0.046044 0.002990 -0.123373 0.011901 -0.097634 -0.041369 0.994291
1757574326.779025316 -0.048463 0.000585 -0.102468 -0.016189 -0.092991 -0.017724 0.995378
1757574326.779025316 -0.041331 0.016014 -0.125175 0.014413 -0.096372 -0.038486 0.994497
1757574326.780381203 -0.041395 0.015856 -0.124143 0.013177 -0.096176 -0.037443 0.994573
1757574326.853887320 -0.057329 0.002381 -0.093162 -0.058612 -0.092245 -0.004666 0.993999
1757574326.853887320 -0.046417 0.030705 -0.147509 0.014859 -0.097602 -0.028951 0.994693
1757574326.854988575 -0.046470 0.030574 -0.146672 0.013782 -0.097557 -0.028463 0.994727
1757574326.885334492 -0.049437 0.025556 -0.126767 -0.013260 -0.096633 -0.030790 0.994755
1757574326.885334492 -0.047077 0.042905 -0.156811 0.011276 -0.097394 -0.020688 0.994967
1757574326.887124300 -0.047163 0.042689 -0.155452 0.009681 -0.097354 -0.020826 0.994985
1757574326.956650734 -0.058835 0.022540 -0.112950 -0.042153 -0.096102 -0.047574 0.993340
1757574326.956650734 -0.040167 0.056843 -0.158299 0.008865 -0.096848 -0.015708 0.995136
1757574326.957906961 -0.040227 0.056691 -0.157341 0.007928 -0.096833 -0.016192 0.995137
1757574326.992647409 -0.045020 0.047677 -0.132212 -0.008981 -0.098323 -0.034941 0.994500
1757574326.992647409 -0.039756 0.060767 -0.165558 0.002938 -0.096241 -0.013985 0.995256
1757574326.994287729 -0.039838 0.060563 -0.164305 0.002139 -0.096318 -0.014870 0.995237
1757574327.064991951 -0.058204 0.027140 -0.113274 -0.009449 -0.102873 -0.052056 0.993286
1757574327.064991951 -0.039238 0.071642 -0.173524 -0.001847 -0.095210 -0.015359 0.995337
1757574327.065968990 -0.039286 0.071522 -0.172777 -0.002008 -0.095303 -0.015873 0.995320
1757574327.096200466 -0.044058 0.062918 -0.150567 0.003061 -0.100693 -0.026948 0.994548
1757574327.096200466 -0.034857 0.054804 -0.168066 -0.006948 -0.094792 -0.019101 0.995290
1757574327.097486496 -0.034922 0.054644 -0.167083 -0.006734 -0.095025 -0.019571 0.995260
1757574327.171446562 -0.056261 0.016441 -0.120615 0.029963 -0.118249 -0.028819 0.992113
1757574327.171446562 -0.047808 0.052484 -0.166936 -0.011760 -0.097470 -0.021207 0.994943
1757574327.172689915 -0.047869 0.052330 -0.165987 -0.011144 -0.097864 -0.021359 0.994908
1757574327.204655409 -0.046780 0.049172 -0.139079 0.008439 -0.096928 -0.023303 0.994983
1757574327.204655409 -0.065589 0.034051 -0.170391 -0.010475 -0.100806 -0.022325 0.994600
1757574327.205777168 -0.065636 0.033920 -0.169530 -0.009788 -0.100775 -0.022391 0.994609
1757574327.279425859 -0.063490 0.041318 -0.096547 0.016629 -0.073573 -0.026295 0.996804
1757574327.279425859 -0.067805 0.025552 -0.175508 -0.008179 -0.101994 -0.022284 0.994502
1757574327.281255007 -0.067885 0.025346 -0.174099 -0.007523 -0.101319 -0.022380 0.994574
1757574327.314610004 -0.069229 0.026037 -0.145308 -0.005766 -0.085267 -0.025751 0.996009
1757574327.314610004 -0.068114 0.026893 -0.174247 -0.002789 -0.101801 -0.022527 0.994546
1757574327.315768242 -0.068167 0.026762 -0.173357 -0.002727 -0.101244 -0.022641 0.994600
1757574327.386260271 -0.077822 0.035411 -0.108776 -0.012390 -0.072203 -0.028669 0.996901
1757574327.386260271 -0.054502 0.024274 -0.168971 -0.000539 -0.100989 -0.023377 0.994613
1757574327.387641907 -0.054568 0.024117 -0.167910 -0.000728 -0.100420 -0.023494 0.994667
1757574327.420187235 -0.057571 0.023063 -0.141818 -0.006703 -0.091260 -0.025362 0.995482
1757574327.420187235 -0.055608 0.028178 -0.166205 0.000192 -0.099926 -0.023605 0.994715
1757574327.421442270 -0.055667 0.028034 -0.165243 -0.000038 -0.099572 -0.023676 0.994749
1757574327.492201090 -0.062681 0.028815 -0.112158 -0.014194 -0.084614 -0.027192 0.995942
1757574327.492201090 -0.054381 0.028194 -0.163256 -0.000386 -0.098686 -0.023938 0.994831
1757574327.493674040 -0.054450 0.028024 -0.162129 -0.000680 -0.098375 -0.024011 0.994859
1757574327.526528120 -0.056934 0.025098 -0.139077 -0.005327 -0.094853 -0.024849 0.995167
1757574327.526528120 -0.054799 0.031750 -0.161480 -0.001528 -0.097648 -0.024098 0.994928
1757574327.528279066 -0.054881 0.031545 -0.160146 -0.001776 -0.097460 -0.024143 0.994945
1757574327.603459358 -0.062406 0.024261 -0.119062 -0.008162 -0.094486 -0.024765 0.995185
1757574327.603459358 -0.052614 0.033389 -0.160371 -0.002493 -0.097190 -0.024240 0.994967
1757574327.605464935 -0.052708 0.033153 -0.158848 -0.002663 -0.097111 -0.024256 0.994974
1757574327.640398979 -0.055340 0.029064 -0.135949 -0.004558 -0.097350 -0.024050 0.994949
1757574327.640398979 -0.056894 0.031447 -0.170803 -0.002906 -0.097100 -0.023874 0.994984
1757574327.641543627 -0.056947 0.031312 -0.169931 -0.002968 -0.097108 -0.023867 0.994983
1757574327.714888334 -0.062842 0.018795 -0.123645 -0.002921 -0.100428 -0.023367 0.994666
1757574327.714888334 -0.062566 0.035452 -0.174777 -0.004195 -0.098170 -0.023761 0.994877
1757574327.716353655 -0.062634 0.035278 -0.173660 -0.004194 -0.098236 -0.023751 0.994871
1757574327.746904135 -0.064266 0.031392 -0.150935 -0.002204 -0.097091 -0.023322 0.995000
1757574327.746904135 -0.062118 0.032825 -0.180101 -0.004522 -0.098480 -0.023785 0.994844
1757574327.748338223 -0.062183 0.032656 -0.179005 -0.004429 -0.098426 -0.023765 0.994851
1757574327.825752735 -0.077325 0.024372 -0.117108 0.000408 -0.094853 -0.022680 0.995233
1757574327.825752735 -0.057205 0.027959 -0.183616 -0.004085 -0.098520 -0.023975 0.994838
1757574327.827038050 -0.057267 0.027808 -0.182632 -0.004005 -0.098460 -0.023957 0.994844
1757574327.859371901 -0.060899 0.024212 -0.156418 -0.002895 -0.096896 -0.023210 0.995020
1757574327.859371901 -0.062301 0.027637 -0.187846 -0.003922 -0.099121 -0.024309 0.994771
1757574327.860905409 -0.062375 0.027457 -0.186670 -0.003870 -0.099047 -0.024273 0.994779
1757574327.933073521 -0.073380 0.019384 -0.122018 -0.001936 -0.092714 -0.021944 0.995449
1757574327.933073521 -0.055644 0.036775 -0.159319 -0.001603 -0.097946 -0.025161 0.994872
1757574327.934645653 -0.055719 0.036590 -0.158112 -0.001560 -0.097808 -0.025110 0.994887
1757574327.965550661 -0.058445 0.032850 -0.133034 -0.000517 -0.093970 -0.023292 0.995302
1757574327.965550661 -0.057179 0.037057 -0.156056 -0.001966 -0.097930 -0.025311 0.994869
1757574327.967153788 -0.057255 0.036868 -0.154826 -0.001912 -0.097731 -0.025217 0.994892
1757574328.041665316 -0.066594 0.027665 -0.096342 0.001404 -0.088057 -0.020309 0.995907
1757574328.041665316 -0.055373 0.036849 -0.154731 -0.002121 -0.097519 -0.025362 0.994908
1757574328.042801142 -0.055426 0.036715 -0.153861 -0.002070 -0.097372 -0.025288 0.994925
1757574328.079437971 -0.058170 0.032419 -0.126988 -0.000223 -0.093758 -0.022789 0.995334
1757574328.079437971 -0.057105 0.036855 -0.152408 -0.002128 -0.097223 -0.025573 0.994932
1757574328.080741882 -0.057165 0.036701 -0.151412 -0.002062 -0.097094 -0.025484 0.994947
1757574328.154282093 -0.062055 0.028352 -0.101261 0.001432 -0.091118 -0.019910 0.995640
1757574328.154282093 -0.058105 0.037007 -0.150134 -0.001926 -0.097469 -0.026257 0.994890
1757574328.155419827 -0.058157 0.036873 -0.149265 -0.001872 -0.097377 -0.026171 0.994902
1757574328.186577082 -0.059627 0.033354 -0.126479 -0.000685 -0.094077 -0.022990 0.995299
1757574328.186577082 -0.061224 0.039437 -0.179312 -0.002624 -0.099764 -0.027063 0.994640
1757574328.188729763 -0.061322 0.039184 -0.177670 -0.002542 -0.099536 -0.026843 0.994669
1757574328.261297941 -0.066126 0.032560 -0.125864 -0.001524 -0.089926 -0.017676 0.995790
1757574328.261297941 -0.063166 0.037760 -0.181929 -0.001714 -0.100606 -0.027687 0.994540
1757574328.262460709 -0.063219 0.037624 -0.181040 -0.001698 -0.100452 -0.027540 0.994559
1757574328.292941093 -0.065151 0.034575 -0.157826 -0.003014 -0.094926 -0.023395 0.995205
1757574328.292941093 -0.063598 0.038511 -0.182843 -0.001355 -0.100767 -0.027747 0.994522
1757574328.294058561 -0.063650 0.038380 -0.181988 -0.001403 -0.100564 -0.027595 0.994547
1757574328.364892721 -0.071734 0.032576 -0.126020 -0.006520 -0.086930 -0.018268 0.996026
1757574328.364892721 -0.060049 0.036686 -0.181257 -0.000452 -0.100607 -0.027751 0.994539
1757574328.366249800 -0.060112 0.036527 -0.180218 -0.000550 -0.100346 -0.027572 0.994570
1757574328.401034594 -0.063185 0.033036 -0.152797 -0.004425 -0.094132 -0.023222 0.995279
1757574328.401034594 -0.060786 0.037288 -0.180095 -0.000195 -0.100398 -0.027492 0.994567
1757574328.402486086 -0.060854 0.037118 -0.178983 -0.000356 -0.100139 -0.027310 0.994599
1757574328.476627111 -0.071392 0.029211 -0.119426 -0.009016 -0.087868 -0.018737 0.995915
1757574328.476627111 -0.051972 0.036706 -0.184606 -0.000233 -0.100468 -0.026561 0.994586
1757574328.477770090 -0.052025 0.036571 -0.183730 -0.000366 -0.100279 -0.026429 0.994608
1757574328.507332802 -0.054670 0.032916 -0.160929 -0.003030 -0.096510 -0.023776 0.995043
1757574328.507332802 -0.052356 0.039378 -0.182035 -0.001015 -0.099661 -0.026288 0.994674
1757574328.508380651 -0.052405 0.039254 -0.181234 -0.001110 -0.099527 -0.026194 0.994689
1757574328.580513954 -0.063489 0.028341 -0.128248 -0.004256 -0.093768 -0.019898 0.995386
1757574328.580513954 -0.047719 0.041093 -0.175893 -0.001853 -0.098210 -0.026903 0.994800
1757574328.581673145 -0.047773 0.040956 -0.175006 -0.001903 -0.098117 -0.026802 0.994812
1757574328.616543055 -0.051347 0.036077 -0.149428 -0.002053 -0.098516 -0.022399 0.994881
1757574328.616543055 -0.046699 0.042560 -0.172003 -0.002195 -0.096913 -0.028404 0.994885
1757574328.618124247 -0.046775 0.042371 -0.170795 -0.002201 -0.096931 -0.028204 0.994889
1757574328.694911718 -0.059712 0.029102 -0.117659 -0.000703 -0.104016 -0.013659 0.994482
1757574328.694911718 -0.042705 0.046500 -0.167066 -0.002142 -0.095759 -0.030604 0.994932
1757574328.696193933 -0.042766 0.046348 -0.166087 -0.002117 -0.095878 -0.030361 0.994928
1757574328.733922958 -0.046606 0.040938 -0.138310 -0.001335 -0.101616 -0.019806 0.994626
1757574328.733922958 -0.052602 0.042850 -0.157157 -0.002898 -0.093637 -0.032363 0.995076
1757574328.735435009 -0.052674 0.042670 -0.156002 -0.002866 -0.093867 -0.031940 0.995068
1757574328.804582596 -0.062091 0.030997 -0.106067 -0.002291 -0.107701 -0.004772 0.994169
1757574328.804582596 -0.053717 0.046161 -0.155903 -0.002656 -0.092784 -0.035500 0.995050
1757574328.805583954 -0.053764 0.046042 -0.155137 -0.002648 -0.092985 -0.035107 0.995045
1757574328.835074663 -0.056246 0.041831 -0.132958 -0.003041 -0.099604 -0.019571 0.994830
1757574328.835074663 -0.054055 0.044908 -0.157283 -0.002014 -0.092670 -0.038961 0.994932
1757574328.836085320 -0.054102 0.044788 -0.156510 -0.002028 -0.092898 -0.038429 0.994932
1757574328.908281326 -0.065061 0.031724 -0.101362 -0.004792 -0.109505 0.008699 0.993937
1757574328.908281326 -0.053898 0.046671 -0.158635 -0.001086 -0.092897 -0.042138 0.994783
1757574328.909775019 -0.053969 0.046493 -0.157493 -0.001145 -0.093244 -0.041164 0.994791
1757574328.941832781 -0.057017 0.041771 -0.132786 -0.003582 -0.100149 -0.016618 0.994827
1757574328.941832781 -0.055572 0.043726 -0.164272 -0.000536 -0.094149 -0.041719 0.994683
1757574328.943208218 -0.055637 0.043562 -0.163220 -0.000642 -0.094447 -0.040667 0.994699
1757574329.022222281 -0.066324 0.031147 -0.096187 -0.009679 -0.104899 0.015688 0.994312
1757574329.022222281 -0.057869 0.037959 -0.169052 0.000968 -0.096304 -0.039284 0.994576
1757574329.023359776 -0.057923 0.037824 -0.168180 0.000837 -0.096458 -0.038474 0.994593
1757574329.055887938 -0.060246 0.033121 -0.141917 -0.001062 -0.096760 -0.019733 0.995112
1757574329.055887938 -0.066067 0.038678 -0.175786 -0.000240 -0.098479 -0.035731 0.994497
1757574329.057001829 -0.066118 0.038545 -0.174933 -0.000306 -0.098489 -0.035089 0.994519
1757574329.131251335 -0.071763 0.026928 -0.114374 0.003408 -0.089533 -0.003895 0.995970
1757574329.131251335 -0.067823 0.045012 -0.184406 -0.004286 -0.099563 -0.032742 0.994483
1757574329.132652044 -0.067887 0.044846 -0.183333 -0.004217 -0.099393 -0.032155 0.994520
1757574329.167355537 -0.070070 0.039591 -0.155681 0.004716 -0.093040 -0.021240 0.995425
1757574329.167355537 -0.066750 0.048930 -0.187985 -0.007448 -0.099485 -0.028164 0.994613
1757574329.169517279 -0.066850 0.048670 -0.186327 -0.006893 -0.099085 -0.027486 0.994675
1757574329.245077848 -0.073044 0.042375 -0.125903 0.022365 -0.086236 -0.017735 0.995866
1757574329.245077848 -0.063242 0.040624 -0.186714 -0.007825 -0.098983 -0.023255 0.994787
1757574329.246465206 -0.063306 0.040461 -0.185652 -0.007289 -0.098746 -0.023076 0.994818
1757574329.282929420 -0.065042 0.040130 -0.158661 0.001740 -0.093773 -0.025473 0.995266
1757574329.282929420 -0.068504 0.034441 -0.179591 -0.004899 -0.099980 -0.019569 0.994785
1757574329.285188198 -0.068607 0.034189 -0.177866 -0.004340 -0.099670 -0.019716 0.994816
1757574329.356711388 -0.071636 0.043768 -0.128421 -0.004990 -0.091170 -0.035248 0.995199
1757574329.356711388 -0.071275 0.020517 -0.174129 -0.001558 -0.099886 -0.017189 0.994849
1757574329.358458996 -0.071355 0.020321 -0.172794 -0.001574 -0.099677 -0.017568 0.994863
1757574329.391005278 -0.072915 0.020654 -0.149773 -0.010836 -0.096512 -0.027609 0.994890
1757574329.391005278 -0.070340 0.018550 -0.168893 0.002344 -0.099513 -0.016786 0.994892
1757574329.393110514 -0.070436 0.018317 -0.167289 0.001745 -0.099307 -0.017435 0.994903
1757574329.470186710 -0.078144 0.025135 -0.116841 -0.035237 -0.094089 -0.042225 0.994044
1757574329.470186710 -0.063825 0.010855 -0.158472 0.006555 -0.097999 -0.018990 0.994984
1757574329.471388102 -0.063881 0.010717 -0.157555 0.005978 -0.097917 -0.019376 0.994988
1757574329.505920172 -0.068157 0.010323 -0.133543 -0.015999 -0.098956 -0.027053 0.994595
1757574329.505920172 -0.055349 0.015083 -0.150293 0.007981 -0.095015 -0.020414 0.995235
1757574329.507271051 -0.055414 0.014929 -0.149263 0.007120 -0.095055 -0.020712 0.995231
1757574329.582579613 -0.074535 0.011705 -0.099277 -0.043007 -0.109801 -0.034178 0.992434
1757574329.582579613 -0.034507 0.012864 -0.137048 0.010339 -0.092230 -0.018972 0.995503
1757574329.584128380 -0.034584 0.012683 -0.135866 0.009308 -0.092538 -0.019248 0.995480
1757574329.618275881 -0.042145 0.007885 -0.112224 -0.020447 -0.112557 -0.027534 0.993053
1757574329.618275881 -0.025847 0.017740 -0.125211 0.013336 -0.087818 -0.016886 0.995904
1757574329.619875193 -0.025932 0.017549 -0.123992 0.011943 -0.088761 -0.017273 0.995832
1757574329.692070246 -0.047199 -0.004857 -0.071599 -0.055564 -0.152293 -0.040230 0.985952
1757574329.692070246 -0.027309 0.029884 -0.126340 0.011235 -0.088302 -0.014460 0.995925
1757574329.693563938 -0.027384 0.029702 -0.125198 0.009841 -0.089631 -0.014936 0.995814
1757574329.732455015 -0.028088 0.018415 -0.094276 -0.020505 -0.117684 -0.031006 0.992355
1757574329.732455015 -0.043615 0.035939 -0.134916 0.008756 -0.092751 -0.015965 0.995523
1757574329.733867168 -0.043677 0.035764 -0.133834 0.007655 -0.093772 -0.016552 0.995427
1757574329.806633949 -0.033896 0.002503 -0.074842 -0.026228 -0.113677 -0.037987 0.992445
1757574329.806633949 -0.065718 0.047787 -0.150957 0.005220 -0.098142 -0.021864 0.994918
1757574329.808321238 -0.065788 0.047575 -0.149664 0.004434 -0.098603 -0.022364 0.994866
1757574329.844605923 -0.063761 0.036116 -0.120339 -0.002164 -0.092435 -0.021552 0.995483
1757574329.844605923 -0.083075 0.050421 -0.168859 -0.000293 -0.100970 -0.027913 0.994498
1757574329.845929623 -0.083130 0.050256 -0.167844 -0.000533 -0.100743 -0.027885 0.994521
1757574329.920297623 -0.082250 0.018388 -0.109914 0.000190 -0.070011 -0.009700 0.997499
1757574329.920297623 -0.099634 0.052220 -0.171152 -0.004638 -0.102304 -0.032934 0.994197
1757574329.921519995 -0.099689 0.052070 -0.170217 -0.004624 -0.101799 -0.032638 0.994259
1757574329.952196836 -0.101412 0.045453 -0.147247 -0.001526 -0.086681 -0.020026 0.996034
1757574329.952196836 -0.107586 0.044064 -0.172605 -0.005883 -0.102357 -0.035997 0.994079
1757574329.953519106 -0.107647 0.043903 -0.171594 -0.005747 -0.101706 -0.035454 0.994166
1757574330.027308941 -0.120727 0.023347 -0.120872 0.004176 -0.069078 0.003516 0.997596
1757574330.027308941 -0.102916 0.049035 -0.174721 -0.004700 -0.101552 -0.035945 0.994170
1757574330.028401852 -0.102968 0.048903 -0.173886 -0.004553 -0.101071 -0.035368 0.994240
1757574330.060391903 -0.107507 0.043614 -0.150764 -0.001115 -0.091346 -0.019656 0.995625
1757574330.060391903 -0.098000 0.051481 -0.180661 -0.002427 -0.100376 -0.034926 0.994333
1757574330.061726332 -0.098065 0.051321 -0.179643 -0.002283 -0.099972 -0.034270 0.994397
1757574330.134097338 -0.118250 0.037301 -0.132205 0.000547 -0.089822 -0.003939 0.995950
1757574330.134097338 -0.076101 0.050879 -0.157889 0.000330 -0.097631 -0.031406 0.994727
1757574330.135246038 -0.076158 0.050742 -0.157012 0.000376 -0.097472 -0.030924 0.994758
1757574330.169577360 -0.081927 0.045442 -0.132560 -0.000752 -0.097838 -0.022395 0.994950
1757574330.169577360 -0.059336 0.049401 -0.151699 0.003025 -0.096413 -0.027320 0.994962
1757574330.171501637 -0.059436 0.049170 -0.150232 0.002963 -0.096435 -0.026842 0.994973
1757574330.243753433 -0.080659 0.033224 -0.101975 -0.004147 -0.105400 -0.022011 0.994178
1757574330.243753433 -0.037097 0.049314 -0.146687 0.004598 -0.095569 -0.022688 0.995154
1757574330.245425224 -0.037182 0.049112 -0.145412 0.004434 -0.095777 -0.022576 0.995137
1757574330.280899525 -0.042908 0.042616 -0.119813 -0.000200 -0.102362 -0.026009 0.994407
1757574330.280899525 -0.031639 0.047883 -0.144512 0.004827 -0.095377 -0.020352 0.995221
1757574330.282322884 -0.031710 0.047712 -0.143425 0.004642 -0.095642 -0.020490 0.995194
1757574330.351746798 -0.047575 0.028358 -0.096120 -0.003577 -0.108486 -0.032496 0.993560
1757574330.351746798 -0.037997 0.051162 -0.145325 0.002497 -0.095442 -0.020131 0.995228
1757574330.353121519 -0.038064 0.050995 -0.144275 0.002335 -0.095698 -0.020368 0.995199
1757574330.379871368 -0.041071 0.045688 -0.124846 0.001089 -0.100032 -0.024740 0.994676
1757574330.379871368 -0.042305 0.048599 -0.164345 -0.000008 -0.096132 -0.021013 0.995147
1757574330.381473541 -0.042383 0.048402 -0.163123 -0.000082 -0.096392 -0.021274 0.995116
1757574330.454106569 -0.054365 0.021792 -0.114894 0.004808 -0.102938 -0.029561 0.994237
1757574330.454106569 -0.047919 0.051235 -0.165764 -0.003497 -0.096674 -0.022295 0.995060
1757574330.456168175 -0.048019 0.050977 -0.164192 -0.003359 -0.096860 -0.022530 0.995037
1757574330.486178160 -0.051490 0.044227 -0.142867 0.002421 -0.097614 -0.023895 0.994935
1757574330.486178160 -0.049537 0.045801 -0.166249 -0.006395 -0.096475 -0.023084 0.995047
1757574330.487414837 -0.049596 0.045650 -0.165305 -0.006157 -0.096507 -0.023140 0.995044
1757574330.559165716 -0.066294 0.022950 -0.121155 0.014960 -0.100198 -0.024155 0.994562
1757574330.559165716 -0.040809 0.050514 -0.165051 -0.009448 -0.095364 -0.022057 0.995153
1757574330.560256004 -0.040861 0.050382 -0.164219 -0.009127 -0.095421 -0.022073 0.995150
1757574330.589193106 -0.044744 0.044728 -0.144449 0.002137 -0.100479 -0.022947 0.994672
1757574330.589193106 -0.032842 0.048954 -0.163516 -0.011880 -0.093454 -0.020477 0.995342
1757574330.590548992 -0.032909 0.048789 -0.162484 -0.011352 -0.093691 -0.020518 0.995325
1757574330.661008835 -0.053356 0.026069 -0.125658 0.027157 -0.120876 -0.026360 0.991946
1757574330.661008835 -0.023647 0.032651 -0.161488 -0.012021 -0.091750 -0.024470 0.995409
1757574330.662578583 -0.023727 0.032458 -0.160295 -0.011166 -0.092361 -0.024602 0.995359
1757574330.693180084 -0.025738 0.031318 -0.134787 -0.000702 -0.105957 -0.020167 0.994166
1757574330.693180084 -0.030207 0.020876 -0.164095 -0.007491 -0.090775 -0.023315 0.995570
1757574330.694485664 -0.030267 0.020727 -0.163092 -0.007044 -0.091356 -0.023129 0.995525
1757574330.760637522 -0.029062 0.024558 -0.092536 0.000112 -0.124738 -0.023147 0.991920
1757574330.760637522 -0.040120 0.018522 -0.165323 -0.004186 -0.090336 -0.024080 0.995611
1757574330.761806726 -0.040172 0.018388 -0.164422 -0.004060 -0.090927 -0.024082 0.995558
1757574330.792037010 -0.039044 0.016765 -0.136557 -0.003446 -0.106870 -0.022857 0.994004
1757574330.792037010 -0.039311 0.024313 -0.161943 -0.005006 -0.090536 -0.022951 0.995616
1757574330.793262959 -0.039363 0.024171 -0.160998 -0.004980 -0.091183 -0.022901 0.995558
1757574330.863577366 -0.022010 0.023915 -0.080816 -0.000078 -0.125330 -0.024411 0.991815
1757574330.863577366 -0.056470 0.023372 -0.168328 -0.006461 -0.093049 -0.022339 0.995390
1757574330.864715338 -0.056516 0.023239 -0.167450 -0.006381 -0.093603 -0.022362 0.995338
1757574330.899166107 -0.051778 0.021177 -0.135907 -0.002906 -0.101141 -0.024150 0.994575
1757574330.899166107 -0.069519 0.020006 -0.160379 -0.005949 -0.095543 -0.021658 0.995172
1757574330.900499582 -0.069571 0.019851 -0.159351 -0.005814 -0.095835 -0.021727 0.995143
1757574330.972477198 -0.053437 0.047286 -0.136273 -0.010843 -0.088516 -0.028114 0.995619
1757574330.972477198 -0.064057 0.016010 -0.137145 -0.007308 -0.099261 -0.022369 0.994783
1757574330.974800587 -0.064143 0.015773 -0.135401 -0.007470 -0.099025 -0.022576 0.994801
1757574331.005686045 -0.061847 0.012045 -0.111310 -0.000235 -0.087343 -0.023951 0.995890
1757574331.005686045 -0.066032 0.037846 -0.138032 -0.009274 -0.101724 -0.021410 0.994539
1757574331.007206202 -0.066093 0.037664 -0.136866 -0.008918 -0.101150 -0.021478 0.994599
1757574331.081034899 -0.055702 0.032876 -0.082111 0.013146 -0.058611 -0.027466 0.997816
1757574331.081034899 -0.064510 0.040275 -0.136304 -0.008109 -0.102866 -0.019675 0.994468
1757574331.083323002 -0.064601 0.040009 -0.134555 -0.007428 -0.101550 -0.019859 0.994604
1757574331.119222641 -0.064379 0.038221 -0.110183 -0.000213 -0.078652 -0.027003 0.996536
1757574331.119222641 -0.056727 0.036383 -0.137968 -0.004720 -0.102469 -0.017932 0.994563
1757574331.120548725 -0.056785 0.036229 -0.136958 -0.004455 -0.101623 -0.018193 0.994647
1757574331.199198246 -0.064108 0.046702 -0.109589 -0.005331 -0.056663 -0.041932 0.997498
1757574331.199198246 -0.045556 0.042674 -0.153625 -0.002572 -0.102635 -0.017666 0.994559
1757574331.200341940 -0.045609 0.042543 -0.152756 -0.002584 -0.101982 -0.018010 0.994620
1757574331.234091520 -0.048893 0.038548 -0.130946 -0.002265 -0.088245 -0.029130 0.995670
1757574331.234091520 -0.043291 0.053967 -0.162530 -0.002486 -0.101418 -0.017698 0.994683
1757574331.235372066 -0.043351 0.053815 -0.161555 -0.002474 -0.100897 -0.018120 0.994729
1757574331.310533524 -0.056622 0.040063 -0.117210 0.003320 -0.079749 -0.041701 0.995937
1757574331.310533524 -0.038037 0.058609 -0.164111 -0.003391 -0.100196 -0.017503 0.994808
1757574331.312013388 -0.038108 0.058432 -0.162984 -0.003278 -0.099781 -0.017968 0.994842
1757574331.349049807 -0.042678 0.052483 -0.136748 0.002919 -0.093605 -0.029629 0.995164
1757574331.349049807 -0.036545 0.055758 -0.169930 -0.004208 -0.098095 -0.017598 0.995013
1757574331.350456238 -0.036613 0.055590 -0.168857 -0.003974 -0.097861 -0.018042 0.995029
1757574331.423490763 -0.054154 0.044011 -0.119078 0.010627 -0.097953 -0.039894 0.994334
1757574331.423490763 -0.035774 0.050562 -0.175824 -0.004917 -0.097912 -0.019809 0.994986
1757574331.424696922 -0.035833 0.050419 -0.174902 -0.004676 -0.097915 -0.020170 0.994979
1757574331.465046406 -0.039844 0.045868 -0.144308 0.003790 -0.098600 -0.026795 0.994759
1757574331.465046406 -0.047406 0.038606 -0.161592 -0.005131 -0.096273 -0.023081 0.995074
1757574331.466876507 -0.047493 0.038391 -0.160192 -0.004748 -0.096305 -0.023382 0.995066
1757574331.533544779 -0.053077 0.037276 -0.108064 0.002466 -0.098149 -0.022996 0.994903
1757574331.533544779 -0.051895 0.028319 -0.162900 -0.002972 -0.096875 -0.023480 0.995015
1757574331.534832478 -0.051955 0.028169 -0.161915 -0.002832 -0.096911 -0.023473 0.995012
1757574331.571612597 -0.053643 0.026998 -0.133060 -0.004239 -0.096702 -0.024038 0.995014
1757574331.571612597 -0.059286 0.025076 -0.170155 -0.001567 -0.098864 -0.023406 0.994824
1757574331.573082209 -0.059353 0.024907 -0.169029 -0.001624 -0.098855 -0.023429 0.994825
1757574331.647586823 -0.058817 0.029236 -0.107454 -0.010910 -0.090203 -0.024938 0.995551
1757574331.647586823 -0.064041 0.020676 -0.174628 -0.000719 -0.100198 -0.023471 0.994690
1757574331.649000883 -0.064104 0.020513 -0.173544 -0.000896 -0.100034 -0.023500 0.994706
1757574331.681727886 -0.065177 0.019535 -0.147648 -0.006862 -0.094084 -0.024152 0.995248
1757574331.681727886 -0.063084 0.020900 -0.178536 0.000183 -0.100839 -0.023368 0.994628
1757574331.683115721 -0.063146 0.020741 -0.177473 -0.000070 -0.100587 -0.023395 0.994653
1757574331.752944708 -0.066618 0.026181 -0.122464 -0.018500 -0.087209 -0.025032 0.995704
1757574331.752944708 -0.057414 0.017635 -0.157144 0.000298 -0.098505 -0.023872 0.994850
1757574331.754306316 -0.057476 0.017479 -0.156102 -0.000061 -0.098244 -0.023903 0.994875
1757574331.789552450 -0.059278 0.017219 -0.129026 -0.014157 -0.091605 -0.025055 0.995379
1757574331.789552450 -0.057621 0.018201 -0.153452 0.002653 -0.098310 -0.023637 0.994872
1757574331.791275501 -0.057700 0.018006 -0.152134 0.001964 -0.097987 -0.023692 0.994904
1757574331.862344265 -0.062739 0.023999 -0.099843 -0.037935 -0.084517 -0.026988 0.995334
1757574331.862344265 -0.056663 0.013208 -0.151993 0.005965 -0.098816 -0.023348 0.994814
1757574331.863622427 -0.056722 0.013062 -0.151015 0.005247 -0.098576 -0.023407 0.994840
1757574331.902463436 -0.059307 0.012106 -0.122748 -0.022821 -0.090455 -0.025749 0.995306
1757574331.902463436 -0.057926 0.014539 -0.150624 0.008831 -0.099580 -0.023250 0.994719
1757574331.903483868 -0.057973 0.014420 -0.149844 0.008093 -0.099368 -0.023312 0.994745
1757574331.975390673 -0.065204 0.013521 -0.103417 -0.054003 -0.081213 -0.028305 0.994830
1757574331.975390673 -0.057535 0.020838 -0.148343 0.009551 -0.099376 -0.026234 0.994658
1757574331.977121830 -0.057615 0.020638 -0.147023 0.008057 -0.098939 -0.026355 0.994712
1757574332.016843081 -0.061067 0.013765 -0.119742 -0.026760 -0.090032 -0.023467 0.995303
1757574332.016843081 -0.059887 0.045804 -0.164398 0.010419 -0.100131 -0.031039 0.994435
1757574332.018320799 -0.059956 0.045626 -0.163271 0.009125 -0.099796 -0.030933 0.994485
1757574332.092632055 -0.071832 0.014305 -0.112958 -0.028033 -0.088909 -0.013264 0.995557
1757574332.092632055 -0.051098 0.060993 -0.156778 0.007079 -0.098428 -0.027409 0.994741
1757574332.094439030 -0.051185 0.060766 -0.155399 0.006175 -0.098167 -0.026980 0.994785
1757574332.125725031 -0.054443 0.051713 -0.130826 0.005149 -0.098215 -0.024715 0.994845
1757574332.125725031 -0.062867 0.061457 -0.167901 -0.002184 -0.099395 -0.025316 0.994724
1757574332.127079010 -0.062932 0.061288 -0.166863 -0.002229 -0.099397 -0.025218 0.994726
1757574332.202877283 -0.069469 0.035507 -0.103445 0.019063 -0.091309 -0.023899 0.995353
1757574332.202877283 -0.067556 0.062658 -0.174696 -0.006314 -0.100203 -0.024935 0.994634
1757574332.204489946 -0.067630 0.062461 -0.173460 -0.005861 -0.100032 -0.024907 0.994655
1757574332.240702152 -0.070458 0.056205 -0.144129 0.008357 -0.094384 -0.024217 0.995206
1757574332.240702152 -0.071187 0.053237 -0.177275 -0.008212 -0.100308 -0.024538 0.994620
1757574332.241961956 -0.071245 0.053087 -0.176310 -0.007717 -0.100112 -0.024514 0.994644
1757574332.317540884 -0.081026 0.042580 -0.113593 0.020206 -0.086698 -0.023513 0.995752
1757574332.317540884 -0.066798 0.045538 -0.205335 -0.011918 -0.101790 -0.024358 0.994436
1757574332.319087744 -0.066871 0.045355 -0.204149 -0.011346 -0.101517 -0.024338 0.994471
1757574332.349301577 -0.069086 0.042060 -0.180849 -0.002907 -0.096034 -0.024196 0.995080
1757574332.349301577 -0.064863 0.038906 -0.203581 -0.010550 -0.101382 -0.023935 0.994504
1757574332.350751877 -0.064931 0.038735 -0.202471 -0.010145 -0.101119 -0.023928 0.994535
1757574332.425063133 -0.071732 0.032671 -0.148544 0.002457 -0.088739 -0.024863 0.995741
1757574332.425063133 -0.058441 0.033508 -0.195901 -0.007478 -0.100306 -0.023854 0.994643
1757574332.426513433 -0.058508 0.033338 -0.194792 -0.007232 -0.100065 -0.023872 0.994668
1757574332.461513281 -0.061356 0.030026 -0.169236 -0.005451 -0.096349 -0.024348 0.995035
1757574332.461513281 -0.053506 0.032043 -0.189598 -0.003716 -0.099250 -0.023702 0.994773
1757574332.463314533 -0.053591 0.031832 -0.188223 -0.003624 -0.099058 -0.023726 0.994792
1757574332.539394140 -0.062895 0.026528 -0.135973 -0.008959 -0.095274 -0.025244 0.995091
1757574332.539394140 -0.047283 0.028349 -0.184802 -0.001042 -0.098556 -0.023586 0.994851
1757574332.540691137 -0.047343 0.028197 -0.183811 -0.001133 -0.098491 -0.023612 0.994857
1757574332.572072506 -0.049750 0.024743 -0.160283 -0.006141 -0.097664 -0.024459 0.994900
1757574332.572072506 -0.042816 0.035648 -0.183461 0.003367 -0.099417 -0.023446 0.994764
1757574332.573849916 -0.042900 0.035439 -0.182102 0.003084 -0.099370 -0.023494 0.994768
1757574332.649810076 -0.052852 0.024122 -0.124176 -0.010482 -0.097945 -0.025690 0.994805
1757574332.649810076 -0.039896 0.040468 -0.181665 0.003343 -0.099476 -0.023522 0.994756
1757574332.651595592 -0.039981 0.040256 -0.180299 0.003024 -0.099443 -0.023573 0.994759
1757574332.685690880 -0.043079 0.035033 -0.153796 -0.001290 -0.098868 -0.024445 0.994799
1757574332.685690880 -0.041136 0.043580 -0.185951 0.000923 -0.099947 -0.023801 0.994708
1757574332.686930656 -0.041194 0.043432 -0.185002 0.000766 -0.099926 -0.023833 0.994709
1757574332.759703636 -0.049834 0.027919 -0.126547 -0.002161 -0.095752 -0.025180 0.995084
1757574332.759703636 -0.040444 0.048143 -0.188812 -0.001345 -0.100381 -0.023974 0.994659
1757574332.761045933 -0.040506 0.047982 -0.187784 -0.001399 -0.100304 -0.023999 0.994666
1757574332.792647362 -0.043164 0.042951 -0.163109 -0.000472 -0.097780 -0.024377 0.994909
1757574332.792647362 -0.039845 0.047511 -0.188814 -0.002734 -0.100162 -0.024152 0.994674
1757574332.793802738 -0.039899 0.047374 -0.187929 -0.002700 -0.100070 -0.024166 0.994683
1757574332.867404938 -0.051964 0.032832 -0.130794 0.003265 -0.096504 -0.024494 0.995026
1757574332.867404938 -0.050289 0.039989 -0.175893 -0.005140 -0.098098 -0.023804 0.994879
1757574332.868660688 -0.050348 0.039839 -0.174932 -0.005038 -0.098037 -0.023810 0.994885
1757574332.896237850 -0.052974 0.035892 -0.154013 -0.002241 -0.098619 -0.023692 0.994841
1757574332.896237850 -0.051599 0.037783 -0.172772 -0.004988 -0.097428 -0.023885 0.994943
1757574332.897930384 -0.051681 0.037581 -0.171477 -0.004817 -0.097464 -0.023878 0.994941
1757574332.972594023 -0.062623 0.024662 -0.117125 0.002424 -0.101609 -0.023295 0.994549
1757574332.972594023 -0.047394 0.039120 -0.169629 -0.003841 -0.096939 -0.023911 0.994996
1757574332.974064589 -0.047463 0.038945 -0.168505 -0.003698 -0.097021 -0.023899 0.994988
1757574333.000403404 -0.049558 0.035344 -0.148819 -0.001809 -0.099164 -0.023675 0.994788
1757574333.000403404 -0.048213 0.038904 -0.167304 -0.003116 -0.096049 -0.023988 0.995083
1757574333.001479864 -0.048263 0.038776 -0.166481 -0.003039 -0.096137 -0.023979 0.995075
1757574333.074780703 -0.059065 0.026734 -0.113260 0.000559 -0.105415 -0.023183 0.994158
1757574333.074780703 -0.043783 0.040598 -0.164431 -0.002187 -0.095573 -0.023862 0.995134
1757574333.076027155 -0.043842 0.040450 -0.163478 -0.002125 -0.095731 -0.023849 0.995119
1757574333.107597113 -0.046498 0.036451 -0.139184 -0.001138 -0.100390 -0.023627 0.994667
1757574333.107597113 -0.046326 0.038517 -0.158271 -0.002239 -0.097298 -0.023679 0.994971
1757574333.109349966 -0.046409 0.038309 -0.156929 -0.002184 -0.097557 -0.023666 0.994946
1757574333.180674314 -0.056583 0.028054 -0.100850 -0.001300 -0.106083 -0.023211 0.994086
1757574333.180674314 -0.045844 0.037845 -0.161107 -0.002670 -0.097883 -0.023578 0.994915
1757574333.182250023 -0.045919 0.037658 -0.159901 -0.002650 -0.098071 -0.023568 0.994897
1757574333.219321251 -0.049290 0.032849 -0.131205 -0.002082 -0.101062 -0.023409 0.994602
1757574333.219321251 -0.048409 0.037055 -0.161548 -0.003186 -0.098039 -0.023642 0.994897
1757574333.220471859 -0.048462 0.036919 -0.160668 -0.003169 -0.098132 -0.023637 0.994888
1757574333.294533014 -0.058343 0.026547 -0.103790 -0.001198 -0.102666 -0.023066 0.994448
1757574333.294533014 -0.047845 0.035983 -0.161930 -0.002983 -0.098190 -0.023497 0.994886
1757574333.296389341 -0.047934 0.035763 -0.160510 -0.002933 -0.098304 -0.023483 0.994875
1757574333.330173969 -0.050837 0.031762 -0.134775 -0.002684 -0.099686 -0.023452 0.994739
1757574333.330173969 -0.050153 0.033944 -0.159920 -0.002726 -0.097980 -0.023645 0.994904
1757574333.331849813 -0.050233 0.033746 -0.158638 -0.002714 -0.098048 -0.023643 0.994897
1757574333.404756546 -0.059561 0.025110 -0.104970 -0.003591 -0.101008 -0.023241 0.994608
1757574333.404756546 -0.042159 0.041139 -0.153953 0.000899 -0.097036 -0.024068 0.994989
1757574333.406481743 -0.042240 0.040935 -0.152634 0.000878 -0.097107 -0.024059 0.994983
1757574333.437647581 -0.044902 0.037211 -0.129357 0.000087 -0.099042 -0.023797 0.994799
1757574333.437647581 -0.044593 0.040736 -0.152944 0.001520 -0.097066 -0.024221 0.994982
1757574333.439307690 -0.044672 0.040540 -0.151675 0.001478 -0.097170 -0.024207 0.994972
1757574333.515891314 -0.053725 0.031231 -0.095756 -0.001556 -0.100295 -0.023681 0.994675
1757574333.515891314 -0.046778 0.039264 -0.155128 0.001946 -0.097795 -0.024157 0.994911
1757574333.517003536 -0.046830 0.039132 -0.154278 0.001902 -0.097841 -0.024149 0.994907
1757574333.554590940 -0.049771 0.034831 -0.125797 -0.000510 -0.097469 -0.024114 0.994946
1757574333.554590940 -0.050167 0.039211 -0.157257 0.002401 -0.098277 -0.024106 0.994864
1757574333.556212664 -0.050243 0.039020 -0.156017 0.002297 -0.098261 -0.024104 0.994866
1757574333.629559994 -0.059223 0.030633 -0.101264 -0.003710 -0.095472 -0.024444 0.995125
1757574333.629559994 -0.048645 0.039163 -0.156519 0.002682 -0.098349 -0.024139 0.994856
1757574333.630911350 -0.048708 0.039003 -0.155486 0.002571 -0.098297 -0.024145 0.994861
1757574333.662209034 -0.051473 0.035307 -0.131672 -0.000303 -0.096899 -0.024313 0.994997
1757574333.662209034 -0.044386 0.038638 -0.165772 0.002312 -0.099180 -0.024366 0.994768
1757574333.663265705 -0.044436 0.038514 -0.164963 0.002215 -0.099133 -0.024372 0.994773
1757574333.733967066 -0.055016 0.030129 -0.110354 -0.004524 -0.096276 -0.024586 0.995041
1757574333.733967066 -0.041092 0.038707 -0.164301 0.002350 -0.098937 -0.024345 0.994793
1757574333.735029459 -0.041142 0.038582 -0.163488 0.002249 -0.098894 -0.024349 0.994797
1757574333.769215822 -0.044536 0.034441 -0.137337 -0.000959 -0.098017 -0.024475 0.994883
1757574333.769215822 -0.043522 0.038892 -0.163183 0.002358 -0.098884 -0.024292 0.994800
1757574333.770251274 -0.043571 0.038770 -0.162391 0.002261 -0.098857 -0.024296 0.994802
1757574333.838209391 -0.053274 0.030100 -0.110769 -0.003856 -0.097379 -0.024487 0.994939
1757574333.838209391 -0.041797 0.040178 -0.162617 0.001796 -0.098901 -0.024244 0.994800
1757574333.839835167 -0.041875 0.039986 -0.161374 0.001649 -0.098865 -0.024249 0.994804
1757574333.877918482 -0.045640 0.035104 -0.132634 -0.000934 -0.098111 -0.024370 0.994877
1757574333.877918482 -0.043375 0.040444 -0.162350 0.001849 -0.099044 -0.024255 0.994786
1757574333.879646063 -0.043457 0.040239 -0.161029 0.001732 -0.099009 -0.024261 0.994789
1757574333.954239845 -0.054157 0.031164 -0.105072 -0.003393 -0.097301 -0.024435 0.994949
1757574333.954239845 -0.047450 0.033936 -0.159176 -0.000874 -0.097761 -0.023918 0.994922
1757574333.955559015 -0.047512 0.033780 -0.158167 -0.000964 -0.097731 -0.023922 0.994925
1757574333.986517668 -0.050192 0.030187 -0.134750 -0.003418 -0.097042 -0.024034 0.994984
1757574333.986517668 -0.051294 0.030987 -0.159827 -0.000548 -0.097923 -0.023687 0.994912
1757574333.987539053 -0.051342 0.030867 -0.159046 -0.000629 -0.097900 -0.023691 0.994914
1757574334.052024603 -0.059277 0.024136 -0.110620 -0.007399 -0.096209 -0.024158 0.995040
1757574334.052024603 -0.050447 0.030820 -0.160502 -0.000514 -0.098208 -0.023634 0.994885
1757574334.053029299 -0.050494 0.030702 -0.159733 -0.000619 -0.098182 -0.023641 0.994887
1757574334.087488651 -0.053471 0.026588 -0.133679 -0.004122 -0.096983 -0.023808 0.994993
1757574334.087488651 -0.051255 0.030667 -0.159993 -0.000266 -0.097988 -0.023465 0.994911
1757574334.088593960 -0.051306 0.030537 -0.159148 -0.000378 -0.097950 -0.023470 0.994914
1757574334.163860559 -0.062222 0.021953 -0.103211 -0.008374 -0.096744 -0.024140 0.994981
1757574334.163860559 -0.047936 0.029986 -0.159131 -0.000111 -0.097862 -0.023394 0.994925
1757574334.164993763 -0.047989 0.029852 -0.158264 -0.000231 -0.097844 -0.023404 0.994927
1757574334.200174570 -0.051216 0.025710 -0.131706 -0.003895 -0.097655 -0.023700 0.994930
1757574334.200174570 -0.048181 0.024250 -0.168461 -0.003440 -0.096809 -0.023531 0.995019
1757574334.201581478 -0.048247 0.024084 -0.167385 -0.003586 -0.096801 -0.023542 0.995019
1757574334.269343615 -0.057496 0.016528 -0.116016 -0.010947 -0.097236 -0.024270 0.994905
1757574334.269343615 -0.046821 0.023099 -0.173081 -0.003957 -0.097333 -0.023549 0.994965
1757574334.270383120 -0.046869 0.022977 -0.172286 -0.004070 -0.097340 -0.023560 0.994964
1757574334.298232794 -0.049076 0.019702 -0.150958 -0.006835 -0.096695 -0.023795 0.995006
1757574334.298232794 -0.049064 0.022481 -0.175226 -0.004000 -0.097549 -0.023428 0.994947
1757574334.300020933 -0.049149 0.022270 -0.173858 -0.004177 -0.097508 -0.023444 0.994950
1757574334.370431423 -0.058950 0.014122 -0.120223 -0.011016 -0.095411 -0.024389 0.995078
1757574334.370431423 -0.046400 0.022753 -0.175858 -0.004461 -0.097515 -0.023439 0.994948
1757574334.371540546 -0.046452 0.022622 -0.175009 -0.004569 -0.097482 -0.023454 0.994950
1757574334.405056477 -0.049505 0.018603 -0.149541 -0.007441 -0.096640 -0.023824 0.995006
1757574334.405056477 -0.048316 0.023681 -0.177839 -0.004763 -0.097702 -0.023392 0.994929
1757574334.406085014 -0.048364 0.023560 -0.177052 -0.004851 -0.097676 -0.023403 0.994931
1757574334.479998827 -0.058362 0.014049 -0.122075 -0.009737 -0.095269 -0.024239 0.995109
1757574334.479998827 -0.046115 0.022784 -0.182032 -0.004517 -0.097607 -0.023321 0.994942
1757574334.482360125 -0.046229 0.022504 -0.180227 -0.004673 -0.097530 -0.023347 0.994948
1757574334.519327879 -0.049761 0.017883 -0.152495 -0.006499 -0.096553 -0.023856 0.995021
1757574334.519327879 -0.046472 0.022499 -0.184219 -0.004787 -0.097702 -0.023207 0.994934
1757574334.520543814 -0.046529 0.022356 -0.183289 -0.004847 -0.097670 -0.023224 0.994936
1757574334.594527483 -0.057234 0.013216 -0.127156 -0.008546 -0.095578 -0.024356 0.995087
1757574334.594527483 -0.044150 0.021926 -0.186831 -0.004768 -0.097935 -0.023088 0.994914
1757574334.596147060 -0.044227 0.021735 -0.185592 -0.004849 -0.097889 -0.023112 0.994917
1757574334.630939722 -0.047544 0.017511 -0.158971 -0.006785 -0.096661 -0.023707 0.995012
1757574334.630939722 -0.044168 0.022764 -0.187399 -0.004626 -0.097905 -0.023053 0.994918
1757574334.632279158 -0.044232 0.022606 -0.186374 -0.004701 -0.097858 -0.023076 0.994922
1757574334.705432892 -0.054941 0.012864 -0.131913 -0.008679 -0.096002 -0.024299 0.995047
1757574334.705432892 -0.038480 0.024037 -0.186175 -0.004908 -0.097537 -0.022999 0.994954
1757574334.707527876 -0.038581 0.023789 -0.184573 -0.005022 -0.097484 -0.023034 0.994958
1757574334.740267992 -0.041563 0.019421 -0.160169 -0.006354 -0.097618 -0.023636 0.994923
1757574334.740267992 -0.049896 0.022056 -0.173970 -0.005929 -0.095478 -0.022922 0.995150
1757574334.741518736 -0.049954 0.021908 -0.173014 -0.005980 -0.095483 -0.022944 0.995149
1757574334.809697628 -0.057800 0.011382 -0.123575 -0.008111 -0.097076 -0.024289 0.994948
1757574334.809697628 -0.047919 0.022983 -0.171470 -0.006076 -0.094846 -0.023050 0.995207
1757574334.811295509 -0.047994 0.022793 -0.170249 -0.006126 -0.094883 -0.023081 0.995202
1757574334.842360258 -0.050417 0.018545 -0.146987 -0.006908 -0.096460 -0.023506 0.995035
1757574334.842360258 -0.048135 0.021766 -0.174182 -0.006143 -0.095039 -0.023048 0.995188
1757574334.843589783 -0.048192 0.021620 -0.173242 -0.006174 -0.095101 -0.023064 0.995181
1757574334.915987492 -0.056311 0.009917 -0.118113 -0.007783 -0.097763 -0.024216 0.994885
1757574334.915987492 -0.047708 0.024110 -0.176599 -0.006795 -0.095494 -0.023090 0.995139
1757574334.917175055 -0.047763 0.023969 -0.175690 -0.006821 -0.095538 -0.023109 0.995134
1757574334.948064804 -0.050064 0.019516 -0.151997 -0.006938 -0.095997 -0.023545 0.995079
1757574334.948064804 -0.049164 0.024182 -0.179555 -0.007701 -0.096048 -0.023240 0.995076
1757574334.949153423 -0.049215 0.024052 -0.178722 -0.007705 -0.096064 -0.023255 0.995074
1757574335.021540403 -0.057930 0.010464 -0.122444 -0.005517 -0.095055 -0.024084 0.995165
1757574335.021540403 -0.044206 0.028124 -0.181381 -0.006763 -0.098002 -0.022947 0.994899
1757574335.022828102 -0.044266 0.027970 -0.180396 -0.006724 -0.097984 -0.022962 0.994900
1757574335.056743145 -0.046953 0.022718 -0.154448 -0.004671 -0.096621 -0.023207 0.995040
1757574335.056743145 -0.044886 0.027533 -0.181245 -0.007020 -0.098137 -0.023074 0.994881
1757574335.058579445 -0.044973 0.027313 -0.179840 -0.006909 -0.098063 -0.023087 0.994888
1757574335.127559185 -0.053484 0.014830 -0.128103 -0.001920 -0.095466 -0.023258 0.995159
1757574335.127559185 -0.040856 0.028020 -0.179157 -0.006613 -0.097703 -0.023143 0.994925
1757574335.129004955 -0.040924 0.027848 -0.178051 -0.006509 -0.097648 -0.023147 0.994930
1757574335.163967371 -0.044239 0.022700 -0.151837 -0.004401 -0.097271 -0.023153 0.994979
1757574335.163967371 -0.040464 0.026372 -0.176260 -0.005730 -0.097153 -0.023156 0.994984
1757574335.166214466 -0.040573 0.026103 -0.174543 -0.005595 -0.097129 -0.023157 0.994987
1757574335.233655214 -0.050052 0.015311 -0.124837 -0.002721 -0.099235 -0.023061 0.994793
1757574335.233655214 -0.037003 0.026489 -0.176347 -0.005025 -0.097081 -0.023244 0.994992
1757574335.234925032 -0.037063 0.026338 -0.175376 -0.004970 -0.097121 -0.023243 0.994989
1757574335.271736145 -0.040331 0.021180 -0.147516 -0.003980 -0.098446 -0.023180 0.994864
1757574335.271736145 -0.045194 0.021019 -0.164351 -0.005907 -0.097142 -0.023207 0.994982
1757574335.272708416 -0.045239 0.020904 -0.163608 -0.005881 -0.097177 -0.023205 0.994979
1757574335.338317156 -0.053150 0.012524 -0.112557 -0.006063 -0.098720 -0.022905 0.994833
1757574335.338317156 -0.044874 0.019944 -0.165334 -0.004975 -0.097460 -0.023093 0.994959
1757574335.339348316 -0.044922 0.019822 -0.164545 -0.004978 -0.097484 -0.023089 0.994957
1757574335.373336792 -0.048152 0.015529 -0.138224 -0.005950 -0.097995 -0.023140 0.994900
1757574335.373336792 -0.045655 0.020180 -0.168682 -0.004854 -0.097910 -0.023238 0.994912
1757574335.374599457 -0.045715 0.020030 -0.167715 -0.004890 -0.097929 -0.023240 0.994910
1757574335.447921276 -0.056044 0.009946 -0.109639 -0.006909 -0.097878 -0.023134 0.994906
1757574335.447921276 -0.044749 0.020768 -0.173196 -0.005062 -0.098433 -0.023258 0.994859
1757574335.449806213 -0.044839 0.020545 -0.171752 -0.005114 -0.098432 -0.023255 0.994859
1757574335.489073277 -0.048600 0.015528 -0.141415 -0.005911 -0.097595 -0.023218 0.994938
1757574335.489073277 -0.045016 0.020362 -0.174786 -0.004801 -0.098783 -0.023285 0.994825
1757574335.490407467 -0.045078 0.020204 -0.173765 -0.004828 -0.098754 -0.023284 0.994828
1757574335.561665773 -0.054943 0.011160 -0.118967 -0.006673 -0.096610 -0.023244 0.995029
1757574335.561665773 -0.049811 0.024518 -0.163695 -0.001927 -0.098555 -0.023184 0.994860
1757574335.562810898 -0.049865 0.024383 -0.162819 -0.001956 -0.098521 -0.023184 0.994863
1757574335.592669487 -0.052568 0.020890 -0.139958 -0.003296 -0.097964 -0.023126 0.994916
1757574335.592669487 -0.051630 0.023768 -0.164123 -0.001078 -0.098674 -0.023158 0.994850
1757574335.593933105 -0.051690 0.023618 -0.163156 -0.001135 -0.098650 -0.023156 0.994852
1757574335.664669752 -0.061787 0.015877 -0.109258 -0.006054 -0.097179 -0.023105 0.994980
1757574335.664669752 -0.048796 0.023485 -0.163824 -0.000172 -0.098631 -0.023178 0.994854
1757574335.666665554 -0.048892 0.023249 -0.162297 -0.000311 -0.098590 -0.023177 0.994858
1757574335.692260981 -0.051074 0.020353 -0.142807 -0.002703 -0.098266 -0.023167 0.994887
1757574335.692260981 -0.051362 0.023434 -0.162977 0.000661 -0.098514 -0.023129 0.994867
1757574335.693435431 -0.051418 0.023295 -0.162078 0.000551 -0.098499 -0.023129 0.994868
1757574335.764839649 -0.061130 0.015918 -0.108845 -0.007952 -0.098397 -0.023177 0.994845
1757574335.764839649 -0.049787 0.024391 -0.161337 0.001432 -0.098597 -0.023004 0.994860
1757574335.765917540 -0.049838 0.024264 -0.160512 0.001303 -0.098596 -0.023004 0.994861
1757574335.801357269 -0.052902 0.020339 -0.133831 -0.003656 -0.098580 -0.023114 0.994854
1757574335.801357269 -0.044918 0.021199 -0.168605 -0.000750 -0.098434 -0.023412 0.994868
1757574335.802890539 -0.044991 0.021018 -0.167433 -0.000965 -0.098433 -0.023416 0.994868
1757574335.872684717 -0.053174 0.013757 -0.116132 -0.011817 -0.097648 -0.023825 0.994866
1757574335.872684717 -0.043086 0.020496 -0.167710 0.000026 -0.098389 -0.023293 0.994875
1757574335.873735428 -0.043135 0.020372 -0.166907 -0.000137 -0.098377 -0.023299 0.994876
1757574335.904872417 -0.045811 0.017018 -0.143394 -0.005957 -0.098194 -0.023570 0.994870
1757574335.904872417 -0.044032 0.021201 -0.166692 0.000517 -0.098164 -0.023190 0.994900
1757574335.907030106 -0.044136 0.020948 -0.165043 0.000114 -0.098151 -0.023209 0.994901
1757574335.978657961 -0.053349 0.013127 -0.112453 -0.013836 -0.098474 -0.024006 0.994754
1757574335.978657961 -0.041838 0.022442 -0.166681 0.000620 -0.098140 -0.023210 0.994902
1757574335.979629993 -0.041883 0.022327 -0.165937 0.000430 -0.098144 -0.023221 0.994901
1757574336.009772539 -0.044255 0.018840 -0.143178 -0.005610 -0.098138 -0.023515 0.994879
1757574336.009772539 -0.043862 0.022707 -0.167493 0.000450 -0.098097 -0.023095 0.994909
1757574336.010921955 -0.043916 0.022571 -0.166614 0.000220 -0.098097 -0.023107 0.994909
1757574336.082693338 -0.052585 0.014192 -0.113286 -0.013709 -0.097843 -0.024147 0.994814
1757574336.082693338 -0.041642 0.029344 -0.168796 0.002993 -0.098451 -0.023005 0.994871
1757574336.083765268 -0.041692 0.029217 -0.167976 0.002785 -0.098447 -0.023021 0.994872
1757574336.111545086 -0.043790 0.025879 -0.146932 -0.002242 -0.097554 -0.023440 0.994952
1757574336.111545086 -0.042769 0.031066 -0.169086 0.003013 -0.098040 -0.023036 0.994911
1757574336.113178253 -0.042846 0.030873 -0.167837 0.002717 -0.097988 -0.023060 0.994917
1757574336.190619230 -0.055059 0.021338 -0.110017 -0.010250 -0.097043 -0.024264 0.994932
1757574336.190619230 -0.037530 0.031416 -0.167259 0.002615 -0.097555 -0.023064 0.994959
1757574336.191786766 -0.037585 0.031278 -0.166366 0.002420 -0.097541 -0.023082 0.994961
1757574336.222369909 -0.040371 0.027584 -0.143114 -0.002283 -0.097620 -0.023555 0.994942
1757574336.222369909 -0.041146 0.032385 -0.166107 0.002260 -0.097284 -0.023116 0.994986
1757574336.223349571 -0.041192 0.032269 -0.165358 0.002109 -0.097286 -0.023132 0.994985
1757574336.292457104 -0.051004 0.023140 -0.112725 -0.007153 -0.097636 -0.024230 0.994902
1757574336.292457104 -0.041367 0.034053 -0.166623 0.000720 -0.097187 -0.023190 0.994996
1757574336.293572187 -0.041419 0.033921 -0.165770 0.000570 -0.097193 -0.023208 0.994995
1757574336.328075647 -0.044595 0.029316 -0.139559 -0.002613 -0.096911 -0.023697 0.995007
1757574336.328075647 -0.051744 0.029916 -0.171675 0.000281 -0.097903 -0.023021 0.994930
1757574336.329335451 -0.051803 0.029767 -0.170711 0.000165 -0.097893 -0.023039 0.994930
1757574336.406954527 -0.064164 0.017562 -0.112033 -0.004178 -0.097417 -0.023970 0.994946
1757574336.406954527 -0.052972 0.030465 -0.169825 -0.000304 -0.097889 -0.023001 0.994931
1757574336.408172131 -0.053030 0.030320 -0.168894 -0.000372 -0.097882 -0.023015 0.994932
1757574336.441855192 -0.056301 0.025833 -0.143202 -0.001484 -0.097439 -0.023357 0.994966
1757574336.441855192 -0.056838 0.029746 -0.167799 -0.000615 -0.097378 -0.023062 0.994980
1757574336.443624735 -0.056923 0.029536 -0.166445 -0.000674 -0.097354 -0.023080 0.994982
1757574336.517704248 -0.069195 0.018805 -0.110591 -0.002053 -0.098005 -0.023702 0.994902
