# .PCD v0.7 - Point Cloud Data file format
VERSION 0.7
FIELDS x y z intensity
SIZE 4 4 4 4
TYPE F F F F
COUNT 1 1 1 1
WIDTH 6671
HEIGHT 1
VIEWPOINT 0 0 0 1 0 0 0
POINTS 6671
DATA ascii
-2.9570222 -2.8568928 0.27521187 1.0
-2.9056482 -2.9104772 0.28345299 1.0
-2.8166337 -2.998795 0.29726785 1.0
-2.7724202 -3.0414135 0.30388224 1.0
-2.6655715 -3.1406858 0.3192561 1.0
-2.5422316 -3.2484579 0.33602649 1.0
-2.4310496 -3.3389459 0.35038406 1.0
-2.3414965 -3.398541 0.36212492 1.0
-2.255527 -3.4494717 0.3732658 1.0
-2.1940989 -3.495285 0.38019982 1.0
-2.1380243 -3.5355155 0.38634858 1.0
-4.0002775 1.3536768 -0.26075998 1.0
-4.0228143 1.2491291 -0.24807248 1.0
-4.0408378 1.1571028 -0.23686676 1.0
-4.0601845 1.041708 -0.22268015 1.0
-4.0755844 0.93377298 -0.20929863 1.0
-4.0860233 0.84419316 -0.19809513 1.0
-4.0959911 0.74063504 -0.18505614 1.0
-4.1033006 0.63626385 -0.17180108 1.0
-4.107975 0.53578323 -0.15894178 1.0
-4.1098676 0.46497595 -0.1498218 1.0
-4.1104183 0.3621034 -0.1364803 1.0
0.45835534 -4.2303948 0.56609195 1.0
0.5552997 -4.2334867 0.56809914 1.0
0.66132319 -4.2170916 0.57223082 1.0
0.74448544 -4.2056727 0.57470399 1.0
0.79063129 -3.4807765 0.65689206 1.0
0.81658119 -3.4813836 0.65692002 1.0
1.0611724 -4.1598139 0.58101046 1.0
1.1511254 -4.1435189 0.58217829 1.0
1.2641001 -4.1019011 0.58535504 1.0
1.3398126 -4.1132083 0.58287549 1.0
1.4507446 -4.094244 0.58250493 1.0
1.5348408 -4.0727115 0.5825547 1.0
-4.1083179 0.25437915 -0.12255283 1.0
-4.1028447 0.14099349 -0.10805413 1.0
-4.0946288 0.024631649 -0.092587188 1.0
-4.085135 -0.066818275 -0.080158286 1.0
-4.0791669 -0.11239078 -0.073764332 1.0
-4.0680161 -0.18805504 -0.063106105 1.0
-4.0578856 -0.25342095 -0.054036207 1.0
-4.0379238 -0.37236398 -0.037689231 1.0
-4.030869 -0.4520472 -0.028887089 1.0
-4.0229368 -0.55723041 -0.018148994 1.0
-6.1054544 -0.15763992 -0.16391727 1.0
-6.1107311 -0.25889912 -0.15401509 1.0
-6.0936651 -0.36967799 -0.13893628 1.0
-6.0725446 -0.46108779 -0.12533531 1.0
-6.0623236 -0.56465489 -0.112916 1.0
-6.0565381 -0.65767068 -0.1026495 1.0
-6.0580363 -0.72555965 -0.096426986 1.0
-6.0590363 -0.86171806 -0.083903983 1.0
-6.0521221 -0.96301645 -0.073375382 1.0
-6.041512 -1.0582114 -0.062913306 1.0
6.1612716 -2.5175512 0.58469206 1.0
6.1976867 -2.4115579 0.57549489 1.0
6.2288289 -2.3157821 0.56711316 1.0
6.2583375 -2.2196512 0.55862987 1.0
6.2899432 -2.1246221 0.54974097 1.0
6.3345046 -2.0109186 0.53802997 1.0
6.3654504 -1.9041237 0.52790594 1.0
6.3859529 -1.8232734 0.52035594 1.0
6.4054656 -1.7422523 0.51275444 1.0
-4.8376274 1.5959977 -0.33440638 1.0
-4.847971 1.5358793 -0.32656103 1.0
-4.8481526 1.4188222 -0.32070351 1.0
-4.8718948 1.3478644 -0.31416869 1.0
-4.8795147 1.3182569 -0.29789525 1.0
-4.903337 1.2426038 -0.30761084 1.0
-4.8937316 1.1885233 -0.28060162 1.0
-4.8998213 1.1331288 -0.27343357 1.0
-4.9092526 1.0408784 -0.26156202 1.0
-4.9156051 0.93912262 -0.2479018 1.0
-4.921339 0.74513322 -0.22143506 1.0
-4.5235682 -4.1301723 0.35460863 1.0
-4.4339471 -4.2302704 0.3695823 1.0
-4.3320961 -4.3342323 0.3860229 1.0
-4.2683592 -4.3971281 0.39604759 1.0
-3.1353476 -3.3969672 0.57236344 1.0
-3.1112895 -3.5619273 0.56730092 1.0
-3.102006 -3.5778778 0.5686332 1.0
-3.0011079 -3.6898391 0.58280247 1.0
-2.9222767 -3.831358 0.59272039 1.0
-3.1626048 -4.1967254 0.5565995 1.0
-3.6318638 -4.8689909 0.48634896 1.0
-3.5851412 -4.9544382 0.49188024 1.0
-4.2890387 -1.0446066 -0.11254722 1.0
-4.3079019 -1.1352526 -0.10685357 1.0
-4.3307347 -1.2411908 -0.10083312 1.0
-4.3493633 -1.3399413 -0.094993293 1.0
-4.3622956 -1.4755795 -0.084626339 1.0
-4.3695178 -1.575896 -0.07691209 1.0
-4.3730969 -1.6395301 -0.071998589 1.0
-4.3767157 -1.7270325 -0.06521593 1.0
-4.3781719 -1.7799268 -0.061101194 1.0
-4.3793826 -1.8687212 -0.05416904 1.0
-4.378901 -1.9672945 -0.046436824 1.0
-0.23514326 -3.5878956 0.47062108 1.0
-0.13078824 -3.6044958 0.47534242 1.0
-0.048900571 -3.6094527 0.47967651 1.0
0.049155947 -3.6171303 0.48402837 1.0
0.15655741 -3.6227338 0.48842448 1.0
0.27416381 -4.2290015 0.56046599 1.0
0.3244493 -4.0722809 0.580194 1.0
0.36830989 -4.0599332 0.58302587 1.0
0.40221909 -4.2254071 0.56510872 1.0
5.903079 -1.5346252 0.14461665 1.0
5.8674068 -1.4447211 0.13685608 1.0
5.8313103 -1.3560836 0.12918614 1.0
5.8104978 -1.3060081 0.12484445 1.0
5.7855849 -1.2444459 0.11933618 1.0
5.7573724 -1.1500354 0.1093995 1.0
5.7320576 -1.06839 0.10077746 1.0
5.7158585 -1.0218115 0.096033782 1.0
5.6830583 -0.95102847 0.089828365 1.0
5.6381941 -0.86811692 0.083335645 1.0
5.6198945 -0.83322674 0.080476508 1.0
5.5918508 -0.75554806 0.072256006 1.0
6.4129333 -1.709789 0.50969684 1.0
6.432384 -1.623228 0.50144458 1.0
6.4607453 -1.5163949 0.49050543 1.0
6.4870248 -1.4166931 0.48004454 1.0
6.4996023 -1.3667005 0.4747763 1.0
6.5206456 -1.3378102 0.47009981 1.0
6.5594668 -1.2217984 0.45635906 1.0
6.5833049 -1.1286536 0.44593483 1.0
6.6021481 -1.0324901 0.43559724 1.0
6.6226392 -0.91783875 0.42319694 1.0
-3.1365969 -4.4008093 0.24465293 1.0
-2.9093821 -4.0958309 0.28105912 1.0
-2.7376258 -4.0398831 0.30573162 1.0
-2.7454736 -4.1580868 0.30257088 1.0
-3.135798 -5.0704522 0.23332453 1.0
-3.1026251 -5.1405234 0.23615697 1.0
-3.0799673 -5.187264 0.23803733 1.0
-3.0302982 -5.2515335 0.24279322 1.0
-2.9661202 -5.2874994 0.24986048 1.0
-2.9370892 -5.2998595 0.2530756 1.0
-2.7423685 -5.0306816 0.28329352 1.0
-2.7191572 -5.0997701 0.2842029 1.0
-2.8410854 -5.4713168 0.25988922 1.0
-2.7971442 -5.5044045 0.26399857 1.0
-2.7256498 -5.5558453 0.27050078 1.0
-3.6855209 -1.8054714 0.12587005 1.0
-3.6446779 -1.8883333 0.13679436 1.0
-3.6068733 -1.9612335 0.14647302 1.0
-3.5613971 -2.044589 0.15762122 1.0
-3.5143421 -2.1270707 0.16872664 1.0
-3.4313743 -2.2580936 0.18674332 1.0
-3.3555517 -2.369349 0.20273313 1.0
-3.324264 -2.4131689 0.20908284 1.0
-3.2295265 -2.5391378 0.22751017 1.0
-3.1378865 -2.6528349 0.24436536 1.0
-3.0957947 -2.7027786 0.25183612 1.0
-3.0588024 -2.745275 0.25823563 1.0
-2.9937172 -2.8176038 0.26920488 1.0
-3.1662893 -3.4631329 1.0841063 1.0
-3.1402073 -3.558208 1.0936557 1.0
-3.0838947 -3.5685766 1.0988938 1.0
-2.6542759 -3.5630186 1.131554 1.0
-2.5963945 -3.6246524 1.140578 1.0
-2.6437464 -3.9527144 1.1616069 1.0
-2.6277497 -4.0549498 1.1703572 1.0
-2.6279223 -4.1852779 1.1799507 1.0
-2.6276667 -4.2521596 1.1848766 1.0
-2.6357327 -4.3679342 1.1927676 1.0
-2.6403894 -4.6498666 1.2127717 1.0
-2.6474056 -4.7588425 1.2201462 1.0
-2.6420116 -4.8700137 1.2285231 1.0
-2.6531169 -4.9719462 1.2350633 1.0
-5.8279524 -1.9366683 0.044360403 1.0
-5.7949219 -2.0323739 0.056768015 1.0
-5.7759037 -2.085309 0.063663043 1.0
-5.7524004 -2.1485705 0.071936339 1.0
-5.7039299 -2.2745509 0.088404477 1.0
-5.6830401 -2.3267717 0.095245466 1.0
-5.6308837 -2.4512732 0.11165752 1.0
-5.6039038 -2.5131404 0.1198592 1.0
-5.5761795 -2.5746753 0.12805541 1.0
-5.5572987 -2.6155198 0.13351655 1.0
-5.5039029 -2.7271411 0.14851935 1.0
-5.4789543 -2.7775493 0.1553309 1.0
-2.036947 -3.6052072 0.39711019 1.0
-1.9403976 -3.6680875 0.40696967 1.0
-1.9012855 -3.6925287 0.41084629 1.0
-1.838764 -3.7303452 0.4169006 1.0
-1.6157993 -3.8247209 0.44006297 1.0
-1.5571542 -3.8438044 0.44609261 1.0
-1.0618889 -3.3894858 0.55226213 1.0
-1.1512967 -3.8408003 0.49672794 1.0
-1.1520349 -3.9564962 0.48495546 1.0
-1.1050873 -3.9832182 0.48747191 1.0
-1.0378585 -4.0224385 0.49069533 1.0
-0.95852941 -4.0493059 0.49618503 1.0
-3.4123645 -0.54876208 0.0088619525 1.0
-3.4006152 -0.6429655 0.018375121 1.0
-3.3880832 -0.72719902 0.026952341 1.0
-3.361444 -0.8736006 0.04203001 1.0
-3.3491867 -0.93194646 0.048096217 1.0
-3.3331113 -0.99615049 0.055221431 1.0
-3.2911603 -1.1260935 0.07140556 1.0
-3.2704573 -1.1841749 0.078783847 1.0
-3.2501171 -1.2472192 0.085862979 1.0
-3.2177613 -1.3398663 0.096352182 1.0
-3.1896398 -1.4158077 0.10496042 1.0
4.3774714 -4.8240938 0.78048682 1.0
4.4380107 -4.7742333 0.77705759 1.0
4.4808965 -4.7381945 0.77454567 1.0
4.540369 -4.6870799 0.77093166 1.0
4.6660066 -4.5921698 0.76277375 1.0
4.7637177 -4.4995022 0.75603032 1.0
4.8454533 -4.4226079 0.75003701 1.0
4.9111185 -4.3613143 0.7450192 1.0
4.9605412 -4.3154254 0.74108595 1.0
5.0498099 -4.204215 0.73352176 1.0
5.0922265 -4.1468143 0.72971779 1.0
5.1252098 -4.1012192 0.72665572 1.0
-4.9420543 -3.5246305 0.32426295 1.0
-4.9181747 -3.5602419 0.28033987 1.0
-4.8973031 -3.6138837 0.28511226 1.0
-4.8701177 -3.6631303 0.29076219 1.0
-4.8481035 -3.7024324 0.29527476 1.0
-4.8308358 -3.7405016 0.32587972 1.0
-4.8330994 -3.8025136 0.3569611 1.0
-4.7538729 -3.8414593 0.31349993 1.0
-4.7064214 -3.9037473 0.32229722 1.0
-4.6651258 -3.9566808 0.32980701 1.0
-4.5737591 -4.069943 0.34598085 1.0
-2.6360457 -5.6214333 0.27827445 1.0
-1.5938841 -3.3553262 0.46003312 1.0
-1.5634044 -3.4281645 0.46052366 1.0
-1.4626582 -3.4199088 0.47033474 1.0
-1.358669 -3.3271353 0.48311073 1.0
-1.2398274 -3.4040594 0.49004555 1.0
-1.1635431 -3.4195671 0.49531528 1.0
-1.0102315 -3.2556696 0.51320738 1.0
-0.85483253 -3.3346226 0.51948702 1.0
-0.8138119 -3.7293463 0.50383419 1.0
-0.723548 -3.7281353 0.5083074 1.0
-0.79781806 -4.9464355 0.4482314 1.0
-0.76299709 -4.958663 0.44915742 1.0
-1.9521735 2.1828201 0.055381432 1.0
-1.9628136 2.067358 0.084574856 1.0
-1.9764907 1.9854881 0.10347731 1.0
-2.026773 1.949306 0.1018028 1.0
-2.1491873 1.9509095 0.073760137 1.0
-2.2311099 1.9554334 0.053888559 1.0
-2.300926 1.9698304 0.03420379 1.0
-2.9752162 2.3593874 -0.22031705 1.0
-3.0310457 2.3288062 -0.22577569 1.0
-3.0752485 2.2573581 -0.21868949 1.0
-3.0830073 2.2049503 -0.20787261 1.0
-3.1055565 2.1457219 -0.19916369 1.0
2.4573226 -3.0082626 0.48205772 1.0
2.5225196 -2.9763007 0.47778517 1.0
2.5783734 -2.9473131 0.47393894 1.0
2.658633 -2.9035881 0.46817249 1.0
2.7106125 -2.8706255 0.4646166 1.0
2.7596462 -2.8245862 0.46229982 1.0
2.8635962 -2.72966 0.45623919 1.0
2.9178734 -2.6798863 0.4526026 1.0
2.9619844 -2.6388681 0.44934556 1.0
5.3451185 -1.2220051 0.40176913 1.0
5.3693318 -1.1209638 0.39189312 1.0
5.392571 -1.0242575 0.38169232 1.0
5.4045291 -0.97134584 0.37608325 1.0
5.4254389 -0.88337499 0.36632958 1.0
5.4416184 -0.82205909 0.35909483 1.0
5.4863987 -0.60624564 0.33434999 1.0
5.493444 -0.52791137 0.32634637 1.0
5.4985099 -0.44179925 0.31770703 1.0
-4.0138278 -0.65015131 -0.0085739484 1.0
-4.0004306 -0.7581436 0.0026771664 1.0
-3.9848723 -0.86288399 0.013697497 1.0
-3.9702575 -0.94613177 0.022551341 1.0
-3.9457722 -1.0586323 0.035272371 1.0
-3.9256117 -1.1487954 0.045053188 1.0
-3.9170101 -1.2025611 0.049805097 1.0
-3.888191 -1.3065648 0.061659358 1.0
-3.8681576 -1.3647929 0.06902267 1.0
-3.8351679 -1.4551752 0.080520295 1.0
-3.8145103 -1.5090839 0.087413557 1.0
-3.7709556 -1.6160148 0.10118008 1.0
-3.7117739 -1.7497622 0.11856902 1.0
5.8756785 -5.6025538 1.1538982 1.0
5.8697724 -5.4759235 1.1390115 1.0
5.8726358 -5.3992338 1.1296737 1.0
5.8765812 -5.3244786 1.1204854 1.0
5.883357 -5.1010613 1.0930358 1.0
5.8566375 -5.0033293 1.0822884 1.0
5.9543962 -4.9392266 1.0698688 1.0
6.0694051 -4.9430714 1.0649477 1.0
6.163496 -4.9463592 1.0608981 1.0
6.2242064 -4.9400721 1.0572165 1.0
6.2619967 -4.9333968 1.0545681 1.0
6.3393016 -4.9392066 1.0515686 1.0
6.4336185 -4.9389009 1.0469511 1.0
6.8081527 -4.9418516 1.0288593 1.0
2.9617484 2.3207285 -0.069708459 1.0
2.874491 2.3722696 -0.075518928 1.0
2.2588086 2.0344455 0.061039101 1.0
2.1419735 2.0232255 0.073293179 1.0
2.0792923 2.0219641 0.078560747 1.0
1.3741399 1.9148176 0.15871587 1.0
1.9245031 2.5390222 -0.048857305 1.0
1.0159433 1.9106683 0.18182068 1.0
0.97187322 1.9136562 0.18336587 1.0
0.95512909 1.9748346 0.16672514 1.0
0.6656698 1.8827759 0.20682558 1.0
-4.3781414 -2.0123556 -0.04289132 1.0
-4.3759489 -2.0848932 -0.037164487 1.0
-4.3694105 -2.1559305 -0.030784665 1.0
-4.362031 -2.2657764 -0.02191755 1.0
-4.3565922 -2.3400052 -0.016088223 1.0
-4.3471627 -2.4427381 -0.0079762805 1.0
-4.3308625 -2.5838897 0.0032470981 1.0
-4.3194561 -2.6659856 0.0098195672 1.0
-4.3055534 -2.7547834 0.016965058 1.0
-4.2864766 -2.8630764 0.025728606 1.0
-4.2688046 -2.9526122 0.033018343 1.0
-5.4012012 -2.9272866 0.175723 1.0
-5.3737459 -2.9763608 0.18261535 1.0
-5.3244987 -3.0413482 0.19388171 1.0
-5.2828727 -3.1054296 0.20364793 1.0
-5.2546239 -3.1538997 0.2103444 1.0
-5.2086105 -3.2309728 0.22103512 1.0
-5.1793437 -3.2788403 0.22770175 1.0
-5.1360712 -3.3309247 0.23682597 1.0
-5.0287652 -3.3666806 0.25641814 1.0
-4.9764881 -3.3846066 0.26589802 1.0
-4.9293709 -3.4323494 0.27522123 1.0
-3.1238921 2.0608594 -0.18365532 1.0
-3.2020047 1.9688582 -0.18163115 1.0
-3.7364902 2.1042256 -0.34407106 1.0
-3.7658298 2.0136685 -0.33161703 1.0
-3.7777679 1.984545 -0.32834262 1.0
-3.8124356 1.9222696 -0.3238681 1.0
-3.8559124 1.846348 -0.3190147 1.0
-3.8805149 1.7882098 -0.31332728 1.0
-3.8960898 1.7379364 -0.30715656 1.0
-3.9170654 1.6673816 -0.2984688 1.0
-3.9356012 1.6072227 -0.29147115 1.0
-3.9611275 1.5246246 -0.28224286 1.0
-3.9829743 1.4410239 -0.27222201 1.0
3.019716 -3.4031129 0.54259974 1.0
3.0856919 -3.3486145 0.53929019 1.0
3.1467333 -3.2963779 0.53602642 1.0
3.2374244 -3.2151976 0.53078038 1.0
3.297523 -3.1543312 0.52727348 1.0
3.3482914 -3.1064787 0.523817 1.0
3.4329989 -3.0268831 0.51752961 1.0
3.6041777 -2.8581254 0.50299186 1.0
3.6571114 -2.8013959 0.49805224 1.0
3.749191 -2.6963646 0.48897451 1.0
3.7939348 -2.6360679 0.48444849 1.0
3.8694732 -2.5392747 0.47605449 1.0
-6.0424089 -1.1560637 -0.0546932 1.0
-5.9952178 -1.3763971 -0.027442185 1.0
-5.9848447 -1.4202505 -0.021980213 1.0
-5.9687052 -1.4858965 -0.013780091 1.0
-5.9474015 -1.5617999 -0.0039347662 1.0
-5.9182882 -1.658859 0.0087937806 1.0
-5.8911443 -1.7447083 0.020107545 1.0
-5.856214 -1.8514395 0.033719782 1.0
5.8550406 -3.1135881 0.64070237 1.0
5.9016614 -3.0501852 0.63389546 1.0
5.9433603 -2.9966249 0.62778199 1.0
5.9924636 -2.9212978 0.61996543 1.0
6.0190802 -2.8719127 0.61530632 1.0
6.0482874 -2.8112154 0.60980994 1.0
6.090755 -2.7070339 0.6009295 1.0
6.1268678 -2.612534 0.59286237 1.0
-2.2306364 -4.2886319 0.1876594 1.0
-2.1958456 -4.3143067 0.19045964 1.0
-2.1196933 -4.3689942 0.19632739 1.0
-1.9511998 -4.480772 0.20844914 1.0
-1.9139149 -4.5035691 0.21097973 1.0
-1.6954273 -3.9601035 0.27169037 1.0
-1.6495028 -3.9656458 0.27611423 1.0
-1.6926222 -4.2547388 0.2514157 1.0
-1.6331085 -4.2518687 0.25754449 1.0
-2.5655835 2.0370781 0.70530641 1.0
-3.2199984 1.9943939 0.76335615 1.0
-3.4568238 2.0099933 0.78193951 1.0
-3.5749984 2.0159764 0.79156846 1.0
-3.6147261 2.0149665 0.79519993 1.0
-4.043951 1.9823077 0.83798218 1.0
-5.3591967 2.4511552 0.89732218 1.0
-5.3819723 2.0878649 0.94900793 1.0
-5.3875661 2.0407796 0.95617312 1.0
-6.3629093 2.3066723 1.0120869 1.0
-6.3603892 2.2366927 1.0218621 1.0
-6.3326435 2.1366417 1.0336362 1.0
-6.321003 2.0540552 1.0445675 1.0
-3.1215048 -3.3596265 1.9017563 1.0
2.7751479 -5.7796264 0.82940984 1.0
2.8165371 -5.7623315 0.82899499 1.0
2.8680704 -5.7402349 0.82841372 1.0
2.95015 -5.7040257 0.8273713 1.0
2.3384492 -4.0997634 0.88990486 1.0
2.2763515 -3.7939637 0.90724677 1.0
2.5903616 -3.8248458 0.88799226 1.0
2.4510322 -3.4277513 0.88832426 1.0
2.7641666 -3.3789313 0.85797739 1.0
3.2786527 -4.0532265 0.85177225 1.0
3.2738068 -4.0463676 0.85212952 1.0
4.0587468 -5.0715075 0.79625452 1.0
4.09374 -5.0433536 0.79473042 1.0
4.1666951 -4.9912109 0.79130709 1.0
4.2633801 -4.9146519 0.78655815 1.0
4.3163228 -4.8732119 0.78380764 1.0
1.9289764 1.594929 -0.19248657 1.0
1.8905708 1.627766 -0.19562618 1.0
1.7591913 1.7348955 -0.20641972 1.0
1.7098763 1.775627 -0.21131456 1.0
1.6703534 1.8081692 -0.21558441 1.0
1.5860295 1.8730795 -0.2239393 1.0
1.5452766 1.9011627 -0.22715001 1.0
1.4753591 1.942697 -0.23077548 1.0
1.4575421 1.8679465 -0.19879508 1.0
1.3544928 1.8989302 -0.14646704 1.0
1.2998054 1.8928432 -0.18134461 1.0
6.0659194 2.0946069 1.6518005 1.0
6.0747161 2.141634 1.6485718 1.0
5.7583494 2.0783024 1.6126664 1.0
5.141324 1.8961875 1.5480886 1.0
5.148829 1.9646795 1.5428138 1.0
5.1560102 2.0624936 1.5349268 1.0
5.1622829 2.1549246 1.5275319 1.0
5.1674495 2.2220395 1.5223138 1.0
0.92300713 1.9824725 1.0477698 1.0
0.86094987 1.9718574 1.0434871 1.0
0.86135942 2.6535394 1.0196959 1.0
0.76580691 2.6583161 1.0132728 1.0
0.54772109 1.9711437 1.0225705 1.0
-4.2470512 -3.051939 0.041183058 1.0
-4.2211895 -3.1577611 0.049992375 1.0
-4.2008672 -3.2348659 0.056440812 1.0
-4.1791983 -3.3120685 0.062923715 1.0
-4.1648388 -3.3603551 0.066994779 1.0
-4.1347389 -3.4569614 0.075167127 1.0
-4.1123266 -3.5245624 0.080918729 1.0
-4.0849471 -3.6013105 0.087593898 1.0
-4.066967 -3.6491592 0.091788895 1.0
-4.0255523 -3.7543108 0.10103513 1.0
-3.9979601 -3.8211241 0.10692862 1.0
3.5767319 -1.8335416 0.38567218 1.0
3.6355324 -1.7320334 0.37629077 1.0
3.6801422 -1.6379161 0.36867177 1.0
3.7382679 -1.5238229 0.35800385 1.0
3.7777429 -1.4399685 0.35011795 1.0
3.8100688 -1.3673462 0.343014 1.0
3.8238256 -1.3348082 0.33980635 1.0
3.8819263 -1.1892478 0.32517681 1.0
3.9065905 -1.1207056 0.31827337 1.0
3.919482 -1.0831245 0.31446669 1.0
3.934799 -1.03705 0.30973154 1.0
3.976665 -0.90678328 0.29585835 1.0
3.98578 -0.87494856 0.2925086 1.0
4.0130014 -0.77254295 0.28168696 1.0
5.4822102 1.3611383 0.091724634 1.0
5.4594584 1.4503528 0.08074633 1.0
5.4376836 1.5588547 0.066076577 1.0
5.4215269 1.6595963 0.051452421 1.0
5.4143901 1.6959985 0.046263196 1.0
5.4058132 1.7409718 0.040343083 1.0
5.3745422 1.8695999 0.022775473 1.0
5.1419101 1.7733235 0.073917486 1.0
5.3371792 1.9522675 0.012825569 1.0
4.9034371 1.9120002 0.083687425 1.0
5.2910452 2.0833519 -0.0046340451 1.0
5.2808685 2.1092303 -0.0080115153 1.0
4.2233057 1.7727646 0.20833787 1.0
4.180706 1.8030688 0.20864144 1.0
4.1860099 1.8448763 0.19978808 1.0
3.7340999 1.7924016 0.27392787 1.0
3.6875336 1.7926503 0.28037569 1.0
-3.3505306 -3.5719039 1.0814533 1.0
-2.9572721 -3.537118 1.1041362 1.0
-2.8383205 -3.4875848 1.1047132 1.0
-2.7605121 -3.5825484 1.118786 1.0
-2.6628537 -3.6768332 1.1358905 1.0
-2.6615343 -3.7273815 1.140484 1.0
-2.661761 -4.0473371 1.1834346 1.0
-2.6630049 -4.2914519 1.215981 1.0
-2.671814 -4.935071 1.3009692 1.0
-2.6809518 -5.0527806 1.3161168 1.0
-2.6776171 -5.1461258 1.3285674 1.0
-2.6871138 -5.2454605 1.3412522 1.0
-4.4344082 -9.3367825 1.8063872 1.0
-4.3545971 -9.3360233 1.8096193 1.0
-4.1181707 -8.9580231 1.7697551 1.0
-4.2371202 -9.3384256 1.8147949 1.0
-4.2001147 -9.3439827 1.8170412 1.0
-4.0894408 -9.1669855 1.7983501 1.0
-4.1560059 -9.5285587 1.8430233 1.0
-4.1075525 -9.4062376 1.8289648 1.0
-4.1183777 -9.635623 1.8585548 1.0
1.5890167 -4.0577984 0.58248103 1.0
1.6772853 -4.0319304 0.58218271 1.0
1.7601706 -4.0057969 0.58169347 1.0
1.8931874 -3.9600706 0.58047861 1.0
2.0582614 -3.8972669 0.57810348 1.0
2.1620271 -3.8533139 0.57623637 1.0
2.2478168 -3.8214326 0.5758844 1.0
2.3679881 -3.7906413 0.56705469 1.0
2.3848989 -3.7599666 0.56990808 1.0
2.5436571 -3.6957562 0.56338972 1.0
2.8527801 -3.5446634 0.54844236 1.0
2.9366918 -3.4741282 0.54547739 1.0
2.9892776 -3.4273362 0.54377025 1.0
5.1643 -4.0462384 0.72292382 1.0
5.2605543 -3.9054978 0.71315277 1.0
5.3025632 -3.8420005 0.70866311 1.0
5.3453574 -3.7765508 0.70390737 1.0
5.3900709 -3.7127991 0.69886529 1.0
5.4820948 -3.5878773 0.68905741 1.0
5.5101299 -3.5533547 0.68576479 1.0
5.545403 -3.4966772 0.68121469 1.0
5.5892668 -3.4460747 0.67594403 1.0
5.6326447 -3.3949454 0.670578 1.0
5.6849484 -3.3317404 0.66391665 1.0
5.7318778 -3.2736778 0.65777338 1.0
5.8009491 -3.1853302 0.64837605 1.0
5.8145814 -3.1674922 0.64647192 1.0
7.8369317 -3.5027158 0.7648744 1.0
7.88732 -3.4301662 0.75678378 1.0
7.9099579 -3.3764601 0.75177819 1.0
7.9368567 -3.3247721 0.74653703 1.0
7.9526119 -3.267941 0.74172682 1.0
7.974122 -3.2032313 0.73591411 1.0
8.0058374 -3.1325219 0.72890306 1.0
8.0208101 -3.0915146 0.72504085 1.0
8.0579414 -3.0125556 0.71690714 1.0
8.0953264 -2.9493492 0.70975739 1.0
8.1235695 -2.8979595 0.70403713 1.0
8.160881 -2.803122 0.69447029 1.0
8.2285442 -2.6108716 0.67522264 1.0
-0.23824529 -4.9868984 0.63821203 1.0
-0.13985026 -4.9978228 0.64290696 1.0
-0.046629567 -5.0067663 0.64711672 1.0
0.057551946 -5.0149541 0.65158874 1.0
0.15661643 -5.0196238 0.65476304 1.0
0.25318065 -3.5834901 0.91492265 1.0
0.38828155 -3.4843206 0.91437024 1.0
0.50014991 -3.6556439 0.91058809 1.0
0.79131061 -3.7149901 0.91499084 1.0
0.78046405 -3.4291172 0.9266699 1.0
-0.28537405 -7.221386 1.6696955 1.0
-0.25584567 -8.9449158 1.8896486 1.0
0.68163145 -3.6194093 1.3492941 1.0
0.70942712 -3.6166153 1.349763 1.0
0.89018381 -3.5983231 1.3687996 1.0
1.0372474 -3.5689223 1.349813 1.0
1.0772119 -3.4841104 1.3530248 1.0
1.1569494 -3.543741 1.358188 1.0
3.2403936 -7.5082717 2.0451941 1.0
2.362576 -5.2970104 1.6692891 1.0
2.4384937 -5.2954545 1.6700625 1.0
1.9870539 -4.0591412 0.25472707 1.0
2.0376129 -4.0134134 0.25179896 1.0
2.080981 -3.9726429 0.24915646 1.0
2.1940272 -3.846823 0.24231091 1.0
2.2268679 -3.8173337 0.23975202 1.0
2.3135345 -3.7421312 0.23235281 1.0
2.3377256 -3.7200589 0.23019499 1.0
2.3972301 -3.6639519 0.22471862 1.0
2.4892201 -3.5712976 0.21570182 1.0
2.5373688 -3.519707 0.21069439 1.0
2.5930235 -3.4566989 0.20468363 1.0
2.6793611 -3.3319423 0.19513251 1.0
2.7312624 -3.2511232 0.18892208 1.0
2.7623742 -3.1796553 0.18534379 1.0
4.1462064 2.0612123 -0.11349414 1.0
4.1188178 2.0678911 -0.11245945 1.0
4.5837479 2.276639 -0.20466627 1.0
3.4632859 1.8848938 -0.00837008 1.0
3.3908067 1.9372693 -0.013971005 1.0
4.3734846 2.4203362 -0.2188478 1.0
4.2799244 2.4060256 -0.20686543 1.0
4.1936216 2.4418685 -0.20755512 1.0
4.1706486 2.5365846 -0.22825976 1.0
3.0193892 2.0249276 -0.0013589767 1.0
3.0002022 2.029377 -0.00074328738 1.0
2.8644707 2.0203617 0.013409166 1.0
3.0539539 2.2487874 -0.05950864 1.0
3.0080469 2.2917747 -0.066330373 1.0
-11.637338 0.3459774 1.0635384 1.0
-11.640304 0.033691619 1.1203212 1.0
-11.637151 -0.063882224 1.1380292 1.0
-11.634752 -0.16146758 1.1558119 1.0
-11.631813 -0.35684398 1.1916072 1.0
-11.626607 -0.39567256 1.1985976 1.0
-11.62237 -0.45411515 1.2092475 1.0
-11.92849 -1.2219018 1.361989 1.0
-11.681207 -1.2498196 1.3595227 1.0
-11.674008 -1.3487166 1.3779559 1.0
-11.676069 -1.4491193 1.3970056 1.0
-11.706893 -1.5141444 1.4102833 1.0
-3.7499888 -3.4536853 1.5906618 1.0
-3.6267581 -3.4503958 1.588212 1.0
-3.6170638 -3.5193231 1.603382 1.0
-3.4232869 -3.4950988 1.5955366 1.0
-3.3296564 -3.4758365 1.5901247 1.0
-3.2297626 -3.418998 1.5762726 1.0
-2.0467343 2.1158967 0.99091041 1.0
-2.1220999 2.1142037 0.99257207 1.0
-2.2228835 2.1302497 0.96627384 1.0
-2.3492868 2.1380959 0.99595195 1.0
-2.5149057 2.1975462 0.99567735 1.0
-2.5837884 2.2007961 0.9970938 1.0
-2.604399 2.1999688 0.99765176 1.0
-2.7724311 2.190423 1.0025382 1.0
-2.8495169 2.1982121 1.0039641 1.0
-2.9529319 2.1946235 1.0069693 1.0
-3.0854969 2.2185731 1.0087454 1.0
-3.1701283 2.2275033 1.0103958 1.0
-3.2618129 2.2307422 1.0127083 1.0
-3.3316572 2.2284093 1.0148677 1.0
-6.135179 1.5297627 -0.38907525 1.0
-6.1271849 1.4282486 -0.37325317 1.0
-6.1280742 1.3352503 -0.35968697 1.0
-6.1477041 1.222573 -0.34720752 1.0
-6.1598773 1.1319469 -0.33669779 1.0
-6.1613894 1.0170143 -0.32088444 1.0
-6.1658955 0.93725789 -0.31079751 1.0
-6.1696525 0.84613305 -0.29918525 1.0
6.5655117 -3.5100689 0.29839143 1.0
6.5662894 -3.4344995 0.2903218 1.0
6.5547404 -3.338124 0.28141132 1.0
6.5288258 -3.2355664 0.27343589 1.0
6.5036249 -3.1349876 0.26545796 1.0
6.4757986 -3.0346706 0.25769901 1.0
6.4474416 -2.9356778 0.25002399 1.0
6.4282708 -2.8703637 0.24495088 1.0
6.4137282 -2.8218138 0.2411738 1.0
6.3892212 -2.741616 0.23492467 1.0
6.3551164 -2.6446474 0.22787285 1.0
6.3241553 -2.5772357 0.22377595 1.0
6.310051 -2.5311849 0.2200487 1.0
-11.625615 -2.6173007 0.37580296 1.0
-11.629304 -2.7223001 0.39315146 1.0
-11.636485 -2.7868955 0.40344399 1.0
-7.1028247 -1.5878959 0.5320192 1.0
-6.9070244 -1.5833697 0.54545856 1.0
-11.657955 -3.0034111 0.43800431 1.0
-7.8013687 -1.9186997 0.53654957 1.0
-7.7164869 -1.9216657 0.54317605 1.0
-7.6249008 -1.9357914 0.5521304 1.0
-7.6141648 -1.9876969 0.56149679 1.0
-6.774724 -1.7977506 0.5905444 1.0
-7.0013084 -1.9383088 0.59741461 1.0
-6.7675781 -1.8983668 0.60760891 1.0
-6.8550582 -1.9991847 0.61786532 1.0
-6.9246993 -2.1434329 0.63644016 1.0
-6.9424191 -2.1889083 0.64257526 1.0
-11.591726 -4.0218816 0.60996348 1.0
-11.622208 -4.0781446 0.61691606 1.0
-6.8192234 -2.3012106 0.66169006 1.0
-6.821362 -2.377028 0.68156385 1.0
5.5557871 0.595011 0.19226713 1.0
5.5495315 0.66768652 0.18355845 1.0
5.5423312 0.74028242 0.17482978 1.0
5.5306878 0.84911996 0.16147737 1.0
5.523766 0.95871639 0.14683999 1.0
5.5193601 1.0227511 0.13814948 1.0
5.5151148 1.0746 0.13108607 1.0
5.499752 1.2614518 0.10482673 1.0
4.0015182 1.0540801 0.075988673 1.0
3.9789217 1.164237 0.060846526 1.0
3.9687297 1.2507364 0.046630684 1.0
3.9471385 1.3622772 0.029435052 1.0
3.9195237 1.4304128 0.021635165 1.0
3.9039075 1.467324 0.017391998 1.0
3.8686242 1.5465934 0.0082319742 1.0
3.8230412 1.6430607 -0.0029871007 1.0
3.7991877 1.6907271 -0.008566699 1.0
3.767113 1.7491591 -0.015140488 1.0
3.643975 1.8518348 -0.013551584 1.0
3.6191049 1.861438 -0.01069809 1.0
-2.6561852 -3.6650441 1.4795083 1.0
-2.6547046 -3.7198195 1.486848 1.0
-2.6713417 -3.835809 1.4989647 1.0
-2.6603849 -3.9626164 1.5199082 1.0
-2.6509085 -4.0460811 1.5335373 1.0
-2.648447 -4.1560674 1.5452443 1.0
-2.6673856 -4.742764 1.6229719 1.0
-2.6757421 -4.8541384 1.6655862 1.0
-2.671823 -4.9353728 1.6793077 1.0
-2.6652789 -5.0312738 1.7125942 1.0
-2.6773996 -5.107471 1.7081833 1.0
-4.7042961 -8.6902437 2.0769627 1.0
-1.4404813 -3.2243824 1.4650295 1.0
-1.3279992 -3.2087853 1.46725 1.0
-1.13631 -3.2680328 1.4827479 1.0
-0.98648769 -3.1378989 1.4710721 1.0
-0.88451922 -3.2820454 1.4947256 1.0
-0.80355358 -3.5908196 1.5399929 1.0
-0.70227879 -3.563339 1.5404572 1.0
-0.67724752 -3.6319163 1.5508376 1.0
-0.68889761 -4.0142469 1.602414 1.0
-0.68980706 -4.2264895 1.631292 1.0
6.1485729 -5.4291458 0.51541799 1.0
5.7900839 -5.0547037 0.52236193 1.0
5.876523 -5.0564303 0.51390576 1.0
6.1904583 -5.2328048 0.4961454 1.0
6.1544237 -5.1076741 0.48994488 1.0
6.1832323 -5.0569339 0.48296854 1.0
6.2417936 -5.0306644 0.47484604 1.0
6.464705 -5.1551509 0.46195775 1.0
6.6271191 -5.2473478 0.45266649 1.0
6.5558167 -5.1519232 0.45223448 1.0
6.6724358 -5.1482553 0.43972203 1.0
6.7299986 -5.0974579 0.42939124 1.0
6.7373443 -5.0272703 0.42263407 1.0
6.7458625 -4.939827 0.41419983 1.0
5.9657059 -4.2932801 0.44193339 1.0
6.0451288 -4.2854095 0.43263355 1.0
6.7327785 -4.7100544 0.39540419 1.0
0.29060289 1.860175 0.094830751 1.0
0.17680764 1.8619556 0.098396689 1.0
0.066885754 1.8725148 0.1290687 1.0
-0.051141199 2.0522587 0.02877727 1.0
-0.08640334 2.1491024 -0.008811241 1.0
-0.26604357 1.9637946 0.061104666 1.0
-0.3250252 2.1927421 -0.029445168 1.0
-0.47047395 2.270009 -0.064524114 1.0
-0.50949419 2.2708333 -0.066565841 1.0
-0.72798198 2.5231171 -0.17574787 1.0
-0.74632329 2.3569665 -0.11301503 1.0
-0.75766075 2.0582378 0.0007506765 1.0
-0.92092383 2.1860688 -0.060869694 1.0
-0.88693815 1.903983 0.048677392 1.0
4.1212335 0.062798187 0.19071697 1.0
4.1208878 0.13230345 0.18308963 1.0
4.1178837 0.23813099 0.17136335 1.0
4.1170092 0.25795722 0.16915233 1.0
4.1108155 0.3591719 0.15778492 1.0
4.1009865 0.47333521 0.14481142 1.0
4.090281 0.57394373 0.13324277 1.0
4.0796728 0.65666139 0.1238038 1.0
4.0623298 0.76539594 0.1109242 1.0
4.0459776 0.85419053 0.10033175 1.0
4.0224981 0.96401566 0.087119609 1.0
4.0164905 0.98974884 0.084006585 1.0
-5.4104075 0.53524435 -0.27014086 1.0
-5.448513 0.46558005 -0.26359475 1.0
-5.5174294 0.33207315 -0.25080064 1.0
-5.5597224 0.24739267 -0.24271056 1.0
-5.6231422 0.13614203 -0.23394299 1.0
-5.6646075 0.06386973 -0.22842325 1.0
-5.6905508 0.016051201 -0.22460189 1.0
-5.7255659 -0.054731958 -0.21844693 1.0
-5.7675509 -0.13010716 -0.21289448 1.0
-5.8060684 -0.18093207 -0.21110415 1.0
-5.8534203 -0.24290575 -0.20907542 1.0
-5.8928661 -0.29536346 -0.20731832 1.0
-5.9254074 -0.36098716 -0.20217884 1.0
-0.039078195 -8.9623938 0.60005224 1.0
0.16612235 -8.939743 0.60314316 1.0
-0.017430672 -3.8710263 0.66542357 1.0
0.4936268 -8.8686142 0.60667503 1.0
0.52443534 -8.8594732 0.60691619 1.0
0.093467422 -3.7518129 0.6675806 1.0
0.21722396 -3.6204972 0.80642945 1.0
0.47674263 -3.6055853 0.80497396 1.0
0.53677422 -3.6951857 0.80660439 1.0
0.73095083 -3.3967776 0.79567438 1.0
0.95031971 -3.6847148 0.79861385 1.0
1.1456628 -3.6358736 0.79136342 1.0
1.4667047 -3.6708684 0.78022325 1.0
3.1196134 -7.3575392 0.83931005 1.0
3.1826415 -7.3922124 0.83776975 1.0
8.6731462 -0.818964 0.48196316 1.0
8.6891823 -0.71799928 0.47031832 1.0
8.6955166 -0.61607057 0.45923182 1.0
8.6986542 -0.5284639 0.4497686 1.0
8.7111492 -0.45639569 0.44107541 1.0
8.7151623 -0.39819601 0.43450221 1.0
8.7195778 -0.32541108 0.42625833 1.0
8.7246895 -0.22345868 0.41466829 1.0
8.7286072 -0.12145897 0.40302542 1.0
8.7312088 -0.019423949 0.39132658 1.0
-1.3170451 -3.3058343 0.39022312 1.0
-1.2340864 -3.3301632 0.39905816 1.0
-1.0601401 -3.3918052 0.41471606 1.0
-0.91795397 -3.4435089 0.42548072 1.0
-0.87373716 -3.4564373 0.42896569 1.0
-0.7274549 -3.4947653 0.43996 1.0
-0.64637345 -3.5134511 0.4457458 1.0
-0.50908619 -3.5409381 0.45505765 1.0
-0.44446155 -3.5520792 0.45920312 1.0
-0.36279026 -3.5669563 0.4639124 1.0
-0.2960158 -3.5782731 0.46753424 1.0
7.0774808 -0.35797504 0.066866308 1.0
7.028873 -0.29070342 0.060275052 1.0
6.993989 -0.23794349 0.054712553 1.0
6.9519892 -0.14798392 0.043319546 1.0
6.8899808 -0.045864921 0.031709965 1.0
6.8349929 0.054277468 0.01955553 1.0
6.8146458 0.091404513 0.015000383 1.0
6.7538071 0.14113833 0.012336751 1.0
6.7059722 0.1900385 0.0084399031 1.0
6.6572709 0.26191333 0.00038471486 1.0
6.6233292 0.30933288 -0.0047885613 1.0
6.5886197 0.35619038 -0.0098293982 1.0
6.5361671 0.42574584 -0.017280161 1.0
6.5012522 0.4714438 -0.022188194 1.0
6.4406729 0.5504843 -0.030743169 1.0
2.5193133 -5.2941079 1.6709238 1.0
2.6166615 -5.2908068 1.6716639 1.0
2.4856162 -4.9032235 1.6060431 1.0
2.4905963 -4.8687263 1.6004163 1.0
2.459861 -4.7263989 1.5765364 1.0
2.455683 -4.6565723 1.5649571 1.0
2.483346 -4.5644264 1.550088 1.0
2.5260241 -4.5597878 1.549852 1.0
2.452369 -4.3195062 1.5092269 1.0
2.4462216 -4.2724833 1.501376 1.0
2.4398909 -4.1900454 1.4876629 1.0
2.4400847 -3.7836888 1.4034027 1.0
2.3355398 -3.5181582 1.3751146 1.0
2.3933713 -3.4597642 1.3660585 1.0
2.4886096 -3.3717012 1.3524384 1.0
2.5358131 -3.3539135 1.3499719 1.0
2.7391984 -3.3530505 1.3592119 1.0
3.0145209 -3.6782689 1.4089316 1.0
2.8789697 -3.4347413 1.3669215 1.0
2.9510577 -3.3874187 1.3597075 1.0
3.0726929 -3.4507 1.3700396 1.0
3.1354992 -3.4643705 1.3726436 1.0
3.2473347 -3.4689801 1.3755783 1.0
-4.3341813 0.73959184 -0.26675525 1.0
-4.3869386 0.65184987 -0.25988188 1.0
-4.4464631 0.54807556 -0.25167787 1.0
-4.508563 0.4271614 -0.24122833 1.0
-4.5442677 0.34335458 -0.23283219 1.0
-4.5701222 0.28075773 -0.22655685 1.0
-4.5929689 0.22851247 -0.22177632 1.0
-4.6406875 0.11490124 -0.21135475 1.0
-4.6653423 0.053281404 -0.20568576 1.0
-4.7013068 -0.040426891 -0.197044 1.0
-4.7430139 -0.15717047 -0.18616211 1.0
-4.7933564 -0.29840976 -0.17368402 1.0
-4.8367214 -0.38383996 -0.16934848 1.0
-4.8870983 -0.48854193 -0.16380259 1.0
-3.5525234 -2.3781745 0.0034069456 1.0
-3.5243132 -2.4665389 0.011276268 1.0
-3.4965203 -2.5474231 0.018566152 1.0
-3.4779649 -2.5988288 0.023217157 1.0
-3.4527221 -2.6647842 0.029213415 1.0
-3.4122856 -2.7580969 0.038265441 1.0
-3.3587832 -2.8828917 0.049353696 1.0
-3.3378453 -2.9294934 0.053420193 1.0
-3.2941682 -3.0223198 0.061565701 1.0
-3.2650802 -3.0805933 0.066717923 1.0
-3.2308314 -3.1457381 0.072517775 1.0
-3.1914899 -3.2177391 0.078962415 1.0
-3.1543922 -3.2819905 0.084759466 1.0
-3.1079333 -3.3583889 0.091706797 1.0
1.8737009 -5.7346592 0.38646981 1.0
1.9400086 -5.6944518 0.38398954 1.0
1.986774 -5.6648436 0.38214049 1.0
2.0606112 -5.6160831 0.37906083 1.0
2.1153116 -5.5785923 0.37667036 1.0
2.1736159 -5.5367489 0.37397236 1.0
2.2224591 -5.5007339 0.37163568 1.0
2.2691734 -5.4651203 0.36928251 1.0
2.3262863 -5.4184923 0.36635441 1.0
2.3639002 -5.3480577 0.36534721 1.0
2.3342087 -5.1873107 0.37179548 1.0
2.3539178 -5.1179571 0.37194335 1.0
2.3516791 -5.0822649 0.37300768 1.0
-3.1352682 -1.5441663 0.12024084 1.0
-3.0859814 -1.6456567 0.13317429 1.0
-3.0711281 -1.675359 0.13688132 1.0
-3.0331187 -1.7452716 0.145592 1.0
-2.9852903 -1.82489 0.15685286 1.0
-2.9783266 -1.8361831 0.15844026 1.0
-2.9189997 -1.9321214 0.17138842 1.0
-2.8596683 -2.022824 0.1837429 1.0
-2.7525303 -2.1718888 0.20461531 1.0
-2.6741002 -2.2705653 0.21892552 1.0
-2.6140461 -2.3413942 0.22932301 1.0
-2.5793114 -2.3815055 0.2352358 1.0
-2.5293345 -2.4364531 0.24341668 1.0
-2.4530101 -2.517632 0.25541523 1.0
-2.4165061 -2.5561678 0.2609266 1.0
-2.3458152 -2.6242275 0.27139303 1.0
-2.2750378 -2.6763384 0.28262296 1.0
-2.2214165 -2.7194481 0.29040331 1.0
-2.1603649 -2.765872 0.29911673 1.0
-2.1243513 -2.7948289 0.30393115 1.0
-1.987159 -2.9090364 0.32045665 1.0
-1.9349773 -2.9497528 0.32643172 1.0
-1.8927127 -2.9816954 0.33115336 1.0
-1.8660496 -3.0013497 0.33407551 1.0
-1.7663263 -3.0665278 0.34527227 1.0
-1.6404933 -3.1396832 0.35901779 1.0
-1.5131865 -3.2102988 0.3716799 1.0
-1.4406955 -3.2476857 0.37863043 1.0
-5.0640769 -3.3629136 1.3602656 1.0
-4.9506164 -3.3669894 1.3643603 1.0
-4.8656588 -3.3753531 1.3681195 1.0
-4.8736939 -3.448194 1.3772676 1.0
-4.8864875 -3.5529649 1.3904005 1.0
-4.8833098 -3.6479466 1.4027923 1.0
-4.8809991 -3.7453713 1.4154904 1.0
-4.8940897 -3.8565779 1.429498 1.0
-4.8991675 -3.9489472 1.4413334 1.0
-4.8899798 -4.0011964 1.4484242 1.0
3.0152178 -2.5880117 0.44525585 1.0
3.070648 -2.5325589 0.4407042 1.0
3.1186013 -2.4831595 0.43659905 1.0
3.1642747 -2.4342234 0.43246776 1.0
3.2566602 -2.3283005 0.42346507 1.0
3.3032534 -2.2712884 0.41875008 1.0
3.3516164 -2.2071619 0.41359845 1.0
3.3873422 -2.1559076 0.40967372 1.0
3.4697051 -2.0286903 0.39990556 1.0
3.5073228 -1.9655375 0.39516571 1.0
-4.0404119 1.8971745 -0.17543508 1.0
-4.319191 1.9443585 -0.22441947 1.0
-4.5335517 1.9172771 -0.24756505 1.0
-4.6559048 1.9117957 -0.26316562 1.0
-4.7424054 1.8996061 -0.27233896 1.0
-4.8112502 1.8977112 -0.28144467 1.0
-5.1282573 1.8966888 -0.32531366 1.0
-5.3074803 1.9077483 -0.35283089 1.0
-5.3388996 1.8692378 -0.34863335 1.0
-5.7287869 1.939238 -0.41892308 1.0
-5.7939157 1.8962196 -0.41857806 1.0
-5.8423009 1.8473387 -0.41467062 1.0
-5.8980289 1.7893301 -0.40988693 1.0
-6.1719518 0.72089106 -0.28298786 1.0
-6.1720672 0.6526593 -0.27410263 1.0
-6.1712427 0.57314163 -0.26369998 1.0
-6.1690812 0.51637763 -0.25606284 1.0
-6.1636553 0.43698084 -0.24503067 1.0
-6.1506839 0.34640321 -0.23128755 1.0
-6.1304283 0.23375559 -0.21364412 1.0
-6.1118617 0.13304062 -0.19805075 1.0
-6.0954299 0.029133549 -0.18278535 1.0
-6.0980825 -0.056591775 -0.17362466 1.0
-3.9465699 -3.9386454 0.11730819 1.0
-3.9007766 -4.0415301 0.12606885 1.0
-3.8696485 -4.1091733 0.13172263 1.0
-3.2387261 -3.4281013 0.23447333 1.0
-3.149601 -3.4444871 0.24920622 1.0
-3.2388175 -3.7403262 0.23463003 1.0
-3.210629 -3.8468945 0.23872931 1.0
-3.3267536 -4.2167015 0.21864939 1.0
-3.2161911 -4.1179223 0.23612699 1.0
-3.2668934 -4.260129 0.22728339 1.0
-3.2245808 -4.3309875 0.23280263 1.0
-3.1663985 -4.3781662 0.24069116 1.0
5.5274763 -0.33116809 0.30268514 1.0
5.5441742 -0.23545668 0.29060459 1.0
5.5548439 -0.1420404 0.27936506 1.0
5.5632968 -0.054417126 0.26876268 1.0
5.569634 0.071399085 0.25394577 1.0
5.5698142 0.17009267 0.24266908 1.0
5.5722203 0.26727375 0.2308376 1.0
5.5687351 0.35837674 0.22035328 1.0
5.5646544 0.45551321 0.20888431 1.0
2.2848001 -4.0711899 1.4039284 1.0
2.5435455 -3.7889473 1.3894588 1.0
2.471751 -3.4462583 1.3639534 1.0
5.940949 -6.5712748 1.6346486 1.0
6.0463309 -6.5765309 1.6359324 1.0
6.1508198 -6.5789628 1.6369598 1.0
6.2336693 -6.5786829 1.6375782 1.0
6.3232155 -6.5848103 1.6387179 1.0
5.8549976 -5.9893026 1.5892658 1.0
5.8557224 -5.818119 1.5759674 1.0
5.8628488 -5.7209129 1.568419 1.0
0.87739891 -3.7349494 0.91557819 1.0
0.98676586 -3.7188923 0.91761148 1.0
1.0815736 -3.6655047 0.92054921 1.0
1.297718 -3.4945753 0.92748982 1.0
1.4255059 -3.6219659 0.92213821 1.0
1.4856064 -3.6523948 0.92057598 1.0
2.2675841 -5.9571366 0.83120197 1.0
2.2893085 -5.9515042 0.83117318 1.0
2.354368 -5.9340649 0.83102101 1.0
2.4612434 -5.9000869 0.83073187 1.0
2.5456023 -5.869545 0.83041847 1.0
2.343435 -5.2055292 0.83624691 1.0
2.3377049 -5.1062698 0.81462598 1.0
2.3525403 -5.0664325 0.86061943 1.0
2.3704658 -5.0318465 0.8613655 1.0
2.4258747 -5.0386467 0.86000389 1.0
5.3567023 1.9714769 1.263006 1.0
5.2806721 1.9694164 1.2525573 1.0
5.1383672 1.9565227 1.2343434 1.0
5.043478 1.9572015 1.2208595 1.0
4.9360499 1.9625967 1.2049533 1.0
4.918745 2.0360341 1.1919849 1.0
4.9188704 2.1290662 1.1788172 1.0
4.9091468 2.2278776 1.1636537 1.0
4.9033661 2.3634181 1.1442367 1.0
4.90798 2.4430349 1.1341177 1.0
4.9073262 2.5493927 1.1198468 1.0
4.9158568 2.6311395 1.1102377 1.0
3.5535779 1.7933896 0.29880571 1.0
3.5050681 1.9033015 0.28268862 1.0
3.5080311 1.955148 0.27135673 1.0
3.4906416 2.1836278 0.22409517 1.0
3.4583471 2.2252691 0.21894357 1.0
3.3319151 2.2512629 0.22895838 1.0
2.4720111 2.1973579 0.34185138 1.0
2.1692119 1.9725857 0.43044987 1.0
2.1006989 1.9693154 0.43836498 1.0
2.3359067 2.3244369 0.3232778 1.0
2.2625296 2.3819408 0.31520399 1.0
2.0730114 2.2168858 0.37647745 1.0
2.0855355 2.4091613 0.32384691 1.0
1.6333611 1.9448192 0.48818555 1.0
1.610189 1.9328097 0.45195818 1.0
0.9125855 2.6571782 0.31008488 1.0
0.24755512 2.142266 0.46181267 1.0
0.22026569 2.2146785 0.41317412 1.0
0.20214987 2.2370183 0.42980102 1.0
0.041718267 2.2561219 0.41484755 1.0
0.075433314 2.1309605 0.45639104 1.0
-0.0054535489 2.2569001 0.41159597 1.0
-0.05272181 2.2012904 0.42571831 1.0
8.7327976 0.17010607 0.36946768 1.0
8.7318163 0.27215186 0.3576259 1.0
8.72964 0.37417471 0.34573948 1.0
8.7265596 0.47556451 0.3346324 1.0
8.7203207 0.57721788 0.32307881 1.0
8.7021875 0.66381276 0.3139562 1.0
8.6948881 0.76540929 0.30194029 1.0
8.6719131 0.86580777 0.29123265 1.0
8.6799898 0.96858752 0.27747884 1.0
2.2959845 -4.3902383 1.2448756 1.0
2.2956195 -4.3026662 1.2417448 1.0
2.4017851 -4.1655054 1.2371804 1.0
2.5275438 -3.4012632 1.2072296 1.0
2.7439744 -3.4044912 1.2058995 1.0
2.7736962 -3.4211595 1.2063732 1.0
2.83376 -3.3732634 1.2037147 1.0
3.3372808 -3.4807184 1.2024319 1.0
5.9520459 -6.5960121 1.3138278 1.0
6.0406299 -6.6056361 1.3129253 1.0
6.1248112 -6.6087189 1.3117341 1.0
5.6518469 -5.9014568 1.2844397 1.0
5.5307055 -5.4175768 1.2624794 1.0
5.6570144 -5.3888392 1.259027 1.0
5.6793208 -5.2830782 1.2529719 1.0
2.4045572 2.0688245 0.62065405 1.0
2.1488273 2.0188756 0.66051078 1.0
2.1115413 2.0151055 0.56546688 1.0
2.0553632 2.0170743 0.57863039 1.0
1.8997533 2.0570607 0.59003198 1.0
1.3901498 1.9560256 0.57371789 1.0
0.62119168 1.9021279 0.54009664 1.0
0.51192516 1.8986434 0.53557593 1.0
0.46766251 1.8998727 0.53347486 1.0
0.34564224 1.9025527 0.52803361 1.0
0.24447615 1.9049301 0.52380353 1.0
-0.14192304 1.9048587 0.51161259 1.0
-0.34219614 1.9102409 0.50645238 1.0
-0.62785435 1.9081129 0.5025456 1.0
-0.73435938 1.9188898 0.50024676 1.0
-0.94742805 1.9201622 0.49917233 1.0
-1.2575245 1.9259839 0.49909714 1.0
-1.4618098 1.9228337 0.50107455 1.0
-1.6319458 1.9152098 0.50399125 1.0
-1.7407234 1.919176 0.50485283 1.0
-2.7265818 -3.8450298 0.14040059 1.0
-2.6311398 -3.9344864 0.15109952 1.0
-2.5751598 -3.9909527 0.15679188 1.0
-2.53508 -4.0441961 0.15994215 1.0
-2.4850814 -4.1035161 0.16403814 1.0
-2.4407072 -4.1450386 0.16800429 1.0
-2.3696063 -4.1893988 0.17530029 1.0
-2.3195791 -4.2204661 0.18019643 1.0
2.8300929 -3.0246711 0.1765033 1.0
2.8664472 -2.941416 0.17113909 1.0
2.9032178 -2.8496985 0.16531537 1.0
2.9419236 -2.7516859 0.15862446 1.0
2.9828408 -2.6480191 0.15091367 1.0
3.010206 -2.5737724 0.1453497 1.0
5.5430217 1.4698802 -0.12100672 1.0
5.4800858 1.5292611 -0.12713587 1.0
5.3728633 1.6288463 -0.13746426 1.0
5.2732401 1.7474439 -0.15298979 1.0
5.1765165 1.8483454 -0.16532426 1.0
4.9118581 1.8844316 -0.14722586 1.0
4.9135842 1.9046123 -0.15186739 1.0
5.0333748 1.9622453 -0.17637351 1.0
5.0183077 1.97761 -0.17832126 1.0
4.9787498 2.0150909 -0.18283722 1.0
4.5268483 1.893582 -0.11173531 1.0
4.5841565 1.9595399 -0.13212655 1.0
4.6748714 1.9814526 -0.14582399 1.0
4.6725531 1.9997978 -0.14973553 1.0
4.1673431 1.8673478 -0.071093559 1.0
4.0616684 1.8720337 -0.062016752 1.0
4.0340619 1.9299845 -0.072625697 1.0
0.54443717 1.8771905 0.21305305 1.0
0.4702377 1.8705012 0.21748656 1.0
0.72909921 2.5955851 -0.0074041164 1.0
0.69100416 2.5983229 -0.0072163413 1.0
2.7630582e-05 1.8986803 0.21608129 1.0
-0.3174299 2.2010977 0.11797296 1.0
-0.51797408 2.1696486 0.12149956 1.0
-0.63091213 2.179338 0.11386234 1.0
-0.69359863 2.1538296 0.11882292 1.0
-1.0505714 2.5796938 -0.031223623 1.0
-0.97914565 2.1139064 0.11461875 1.0
-1.0217921 2.0962262 0.11707462 1.0
-1.0867077 2.1379945 0.099989079 1.0
-1.1245002 2.0640934 0.11936221 1.0
-1.4556112 2.4101951 -0.0092990529 1.0
-3.3017709 1.9993472 -0.3652786 1.0
-3.3976595 1.9242005 -0.36241433 1.0
-3.5338619 1.7876493 -0.35136217 1.0
-3.617023 1.6989625 -0.34409997 1.0
-3.7080743 1.5968075 -0.33565974 1.0
-3.7976243 1.4908471 -0.32682732 1.0
-3.8461509 1.4308125 -0.32178786 1.0
-3.9416702 1.3073423 -0.31134018 1.0
-3.9629812 1.2786118 -0.30886802 1.0
-4.0301471 1.1848153 -0.30072409 1.0
-4.0607901 1.1433005 -0.29751933 1.0
-4.1463323 1.0251993 -0.28866094 1.0
-4.2180634 0.92063618 -0.28073865 1.0
-4.2594986 0.8578518 -0.27592608 1.0
-4.3053765 0.78606606 -0.2703734 1.0
0.57478935 -3.6163006 0.49986631 1.0
0.66662693 -3.6112287 0.50162667 1.0
0.76877362 -3.6022425 0.50340581 1.0
0.87983441 -3.5892475 0.50500637 1.0
0.97101039 -3.5759006 0.50603378 1.0
1.0035102 -3.5706511 0.5063473 1.0
1.061888 -3.560369 0.50681949 1.0
1.261449 -3.5168626 0.50776654 1.0
1.3313168 -3.497478 0.50802964 1.0
1.4269242 -3.4720132 0.50762296 1.0
1.4459367 -3.4665039 0.50752109 1.0
1.544757 -3.4360464 0.50677067 1.0
1.2380515 -3.4857275 2.3399229 1.0
1.2831218 -3.5143425 2.3536141 1.0
0.92187452 2.0159168 1.2410147 1.0
0.82381415 2.0603805 1.2331854 1.0
0.76271814 2.0561934 1.2267562 1.0
0.63378829 2.0548184 1.2149509 1.0
0.59129637 2.0605438 1.2117964 1.0
0.58862901 2.1374831 1.216902 1.0
0.59006637 2.5103657 1.2429125 1.0
0.46097693 2.4232957 1.2278544 1.0
0.15117021 2.1028581 1.1897774 1.0
0.011786556 2.0750167 1.1841511 1.0
-6.7985191 -1.4515858 0.32445008 1.0
-6.8120103 -1.7170637 0.34733 1.0
-6.7455978 -1.738373 0.35778478 1.0
-6.8248076 -1.8406185 0.35730362 1.0
-6.7567458 -1.9274577 0.37396917 1.0
-6.7836661 -1.9894946 0.37625796 1.0
-6.9322348 -2.1326456 0.37053066 1.0
-6.8556166 -2.2596292 0.3915419 1.0
-6.8257871 -2.3187258 0.40049481 1.0
-10.99791 -3.9406204 0.021122802 1.0
-10.955478 -3.9915876 0.030849891 1.0
-10.912806 -4.0421886 0.040542744 1.0
-8.041276 -2.9993105 0.30804434 1.0
-7.96699 -3.0035744 0.31764212 1.0
-7.8223805 -2.9795945 0.33354923 1.0
6.3802371 0.62810361 -0.039175875 1.0
6.179121 0.84008437 -0.059135925 1.0
6.0969701 0.92132348 -0.066524222 1.0
5.9685125 1.0440001 -0.077550679 1.0
5.87954 1.1209534 -0.08379554 1.0
5.8079405 1.1895047 -0.090273671 1.0
5.7702641 1.2404895 -0.096784346 1.0
5.6790752 1.3383269 -0.10751437 1.0
4.4849439 -0.64852864 0.032536805 1.0
4.4478526 -0.56910002 0.02705721 1.0
4.4147396 -0.50268567 0.022684503 1.0
4.3981876 -0.46723345 0.020081673 1.0
4.3561068 -0.3555862 0.0098451246 1.0
4.3345485 -0.28063521 0.0015465327 1.0
4.3176403 -0.23090124 -0.0036277955 1.0
4.2840695 -0.156471 -0.010132936 1.0
4.2461514 -0.075009219 -0.017276259 1.0
4.140327 0.13765284 -0.036061745 1.0
4.1161952 0.18353878 -0.040141214 1.0
4.0863438 0.23878786 -0.045055024 1.0
2.407855 -4.2965508 1.1284629 1.0
2.3998854 -4.140563 1.112381 1.0
2.3911817 -3.8611395 1.0831869 1.0
2.5445552 -3.7818706 1.0704364 1.0
2.4281394 -3.4454875 1.0375373 1.0
2.5393357 -3.3802791 1.0268722 1.0
2.6431785 -3.434798 1.0294645 1.0
2.6571112 -3.3735578 1.0221913 1.0
2.7412615 -3.284229 1.0092183 1.0
2.8191159 -3.2626688 1.0039558 1.0
3.0534332 -3.4652345 1.0183049 1.0
3.1387608 -3.4938357 1.0258132 1.0
3.2556465 -3.4989998 1.0239505 1.0
6.2483492 -6.4766951 1.2415197 1.0
6.3359404 -6.4731879 1.2375627 1.0
6.4079947 -6.4762921 1.2349826 1.0
5.8730607 -5.8922234 1.188321 1.0
5.8641543 -5.777494 1.1751558 1.0
5.8664198 -5.6757975 1.1630049 1.0
2.2905111 -5.2146091 2.0945227 1.0
2.3137016 -5.1129441 2.0721223 1.0
2.3145316 -5.0170999 2.0500934 1.0
2.3062546 -4.9293313 2.02953 1.0
2.2870507 -4.8215332 2.003876 1.0
2.2885208 -4.7348223 1.9840167 1.0
2.2792342 -4.6085606 1.954602 1.0
2.3146544 -4.5702934 1.9474618 1.0
2.2715235 -4.3689876 1.8993202 1.0
2.2627561 -4.2755017 1.8775072 1.0
2.2646189 -4.2033038 1.8610814 1.0
2.2639606 -4.1650915 1.8523149 1.0
2.2580285 -4.0465474 1.824954 1.0
2.2530715 -3.91712 1.7951918 1.0
2.2546105 -3.8361897 1.7768302 1.0
2.3399546 -3.7308848 1.7571418 1.0
2.3561971 -3.4722018 1.6993953 1.0
2.9121964 -3.5257003 1.7246705 1.0
2.9245732 -3.4491575 1.7249026 1.0
3.0378909 -3.3538241 1.7101259 1.0
3.1166248 -3.3878992 1.7221851 1.0
3.2432034 -3.4648023 1.7373167 1.0
-4.9289427 -3.7710557 1.2389815 1.0
-4.9237328 -3.8667824 1.2553298 1.0
-4.9158387 -3.9619803 1.2716657 1.0
-4.9213357 -4.0566874 1.2874449 1.0
-4.9212518 -4.148037 1.3028364 1.0
-4.9166179 -4.2210875 1.315291 1.0
-8.1470947 -7.5683665 1.7689871 1.0
-8.0493784 -7.5522022 1.7695642 1.0
-8.0340414 -7.5912619 1.7766429 1.0
-7.9911003 -7.6297116 1.7845432 1.0
-7.9709024 -7.6917434 1.7956351 1.0
-5.356957 -5.1707678 1.4599977 1.0
-11.568951 -1.9629458 -0.1392784 1.0
-11.573501 -2.0243731 -0.12966144 1.0
-11.581352 -2.0664294 -0.12360679 1.0
-11.589075 -2.1085842 -0.11753507 1.0
-11.573299 -2.1660841 -0.10643086 1.0
-11.596595 -2.2526441 -0.094842799 1.0
-8.1797171 -1.5307138 0.15653165 1.0
-8.0317812 -1.5388122 0.1737859 1.0
-7.841013 -1.5489461 0.19595774 1.0
-7.74052 -1.5654383 0.20941676 1.0
-7.6676245 -1.5743567 0.21867879 1.0
-7.6027265 -1.5848256 0.2273223 1.0
-7.5025744 -1.5857569 0.23821449 1.0
-7.4301167 -1.5932558 0.24717805 1.0
-7.3482203 -1.597767 0.25666848 1.0
-7.2231016 -1.6028259 0.2708604 1.0
-7.1478424 -1.6204975 0.28170523 1.0
-6.8259888 -1.5382247 0.323028 1.0
-6.8377872 -1.6067963 0.32662395 1.0
-6.9123659 -1.6538031 0.31206897 1.0
-6.9221635 -1.7062761 0.31924576 1.0
-6.9119978 -1.8153681 0.33730847 1.0
1.3582836 -3.6201241 1.3515593 1.0
1.4518423 -3.6413465 1.3555356 1.0
2.8404388 -7.335001 1.637383 1.0
2.9393213 -7.3647528 1.6418411 1.0
2.2757227 -5.0636621 1.4712771 1.0
2.2722397 -4.9708443 1.4649382 1.0
2.2755277 -4.8192143 1.4547694 1.0
2.2688756 -4.6020536 1.4398968 1.0
2.2685015 -4.2394328 1.4151534 1.0
2.2687528 -4.1568742 1.4094956 1.0
2.3272839 -5.2074213 1.6923023 1.0
2.360224 -5.1509991 1.6878281 1.0
2.3568113 -5.0859966 1.6811296 1.0
2.3489115 -4.930378 1.6650977 1.0
2.3396163 -4.7779579 1.6493305 1.0
2.3765776 -4.5761652 1.6302456 1.0
2.4334991 -4.5914197 1.6338656 1.0
2.431546 -4.2630906 1.6004632 1.0
2.2641943 -3.7634993 1.5436734 1.0
2.4296474 -3.7588775 1.5490687 1.0
2.4342711 -3.4379261 1.5218103 1.0
2.5291986 -3.3913479 1.5149486 1.0
2.9336202 -3.5278513 1.5426595 1.0
3.0079012 -3.4123764 1.5337393 1.0
3.1457589 -3.4340563 1.5444738 1.0
3.2605686 -3.5009995 1.5512363 1.0
3.2785726 -3.4633923 1.55318 1.0
3.3168142 -3.4644299 1.5492716 1.0
5.9266853 -6.5431805 1.9540776 1.0
6.0318079 -6.5480456 1.9579813 1.0
6.1412325 -6.556097 1.9623445 1.0
6.2426157 -6.5528326 1.965257 1.0
-6.7639847 -2.1441321 -0.089847557 1.0
-6.779635 -2.2007744 -0.085306436 1.0
-6.7948995 -2.2578561 -0.080706552 1.0
-6.8233275 -2.3596427 -0.072838977 1.0
-6.844717 -2.4600666 -0.064101227 1.0
-6.8617144 -2.5468011 -0.056442387 1.0
-6.9137726 -2.6501827 -0.052822687 1.0
-6.9484978 -2.7475939 -0.047124133 1.0
-6.9681177 -2.8396358 -0.039653316 1.0
-6.9808497 -2.9014928 -0.034623854 1.0
-6.9932308 -2.9638536 -0.029544733 1.0
-7.0112562 -3.0581381 -0.021852167 1.0
6.2802277 -2.4525642 0.21434326 1.0
6.238009 -2.3440933 0.2064666 1.0
6.1954589 -2.2374432 0.19869901 1.0
6.1587229 -2.1475675 0.19213383 1.0
6.1279435 -2.0736814 0.18672378 1.0
6.1032104 -2.0152712 0.18243806 1.0
6.0746431 -1.9439842 0.17692195 1.0
6.0387492 -1.847096 0.16890836 1.0
5.998055 -1.750212 0.16137567 1.0
5.9232631 -1.5865828 0.14909308 1.0
-11.557084 -2.121259 0.60361487 1.0
-11.545375 -2.1831145 0.61143607 1.0
-6.7462478 -1.2461898 0.8004871 1.0
-6.6588378 -1.2910588 0.81102329 1.0
-6.6441708 -1.3893054 0.82316214 1.0
-6.6505313 -1.4885931 0.83409929 1.0
-6.6322665 -1.6037089 0.84833068 1.0
-6.8239098 -1.7737253 0.85585141 1.0
-6.8277683 -1.8954681 0.86940843 1.0
-6.68718 -2.0130303 0.89131832 1.0
-6.6901512 -2.0676229 0.89729166 1.0
-6.7622247 -2.0914783 0.8857854 1.0
-11.270436 -3.701962 0.80089962 1.0
-6.8016949 -2.2414026 0.91002452 1.0
-6.7507586 -2.2648945 0.91577828 1.0
-5.0233302 -3.4239078 0.70427263 1.0
-4.7819047 -3.3892739 0.72953814 1.0
-4.8319836 -3.5057471 0.73152596 1.0
-4.8587484 -3.6914232 0.74053615 1.0
-4.7873363 -3.7635524 0.75309575 1.0
-4.8649969 -3.882453 0.75192058 1.0
-4.8754759 -3.9941494 0.75768709 1.0
-4.8777914 -4.0710335 0.76214862 1.0
-5.5368681 -4.738122 0.73046023 1.0
-5.438715 -4.7408943 0.74130797 1.0
-5.2960482 -4.8068628 0.76060623 1.0
-5.273397 -4.8214793 0.7638883 1.0
-5.2682986 -4.852035 0.76620615 1.0
-5.3014503 -4.9178543 0.76646292 1.0
-5.3228307 -4.9734406 0.76737905 1.0
-3.383373 -3.2525401 0.87530494 1.0
-3.1600873 -3.2278757 0.89740008 1.0
-3.3294597 -3.498462 0.89457071 1.0
-2.8018544 -3.4580555 0.94551927 1.0
-2.5850339 -3.6410775 0.9753018 1.0
-2.6231384 -3.7491992 0.97672087 1.0
3.020674 -2.544034 0.14311069 1.0
3.0503402 -2.4547243 0.13634828 1.0
3.0764029 -2.370317 0.12991485 1.0
3.1076894 -2.2436726 0.12097026 1.0
3.116848 -2.1974058 0.11791907 1.0
3.130507 -2.1203249 0.11287051 1.0
3.1416886 -2.0373211 0.10777215 1.0
3.1683855 -1.7277036 0.088600568 1.0
3.1736701 -1.6764976 0.08473745 1.0
3.1904368 -1.5490772 0.073641382 1.0
3.1986198 -1.4643241 0.066345513 1.0
3.2072277 -1.3416923 0.055682193 1.0
3.207073 -1.1417587 0.039582569 1.0
3.2042222 -1.03198 0.030318948 1.0
3.1972656 -0.93632346 0.022631275 1.0
8.4930191 -1.7184339 0.58183557 1.0
8.5096731 -1.6476153 0.57423288 1.0
8.5188246 -1.6049346 0.56967819 1.0
8.5269365 -1.5174507 0.56111312 1.0
8.5389357 -1.4160848 0.55084705 1.0
8.5656109 -1.3177052 0.53950357 1.0
8.592762 -1.2191945 0.52796286 1.0
8.6089582 -1.1629225 0.52124727 1.0
8.6236334 -1.1062953 0.51456356 1.0
8.6492538 -1.0217576 0.50419289 1.0
-4.2726636 -8.9713421 2.1227639 1.0
-4.1610541 -8.9799232 2.1273105 1.0
-4.127399 -9.2738714 2.1765163 1.0
-1.6412625 -3.3668046 1.2759047 1.0
-1.5930179 -3.4357715 1.2885098 1.0
-1.525063 -3.3246896 1.2721449 1.0
-1.4781669 -3.3539536 1.2781992 1.0
-1.3952115 -3.2703869 1.2667266 1.0
-1.3965731 -3.3638563 1.2819889 1.0
-1.3727256 -3.4249527 1.2926127 1.0
-1.2497224 -3.3658984 1.2861521 1.0
-1.158217 -3.3782403 1.290509 1.0
-1.050436 -3.2292871 1.2688966 1.0
-0.95436096 -3.3598893 1.2925898 1.0
-0.89543706 -3.3769038 1.2967999 1.0
-1.6886982 -4.6170635 0.22591525 1.0
-1.6402494 -4.6357584 0.22910975 1.0
-1.2025306 -3.4513097 0.35593534 1.0
-1.0915241 -3.7542701 0.34171343 1.0
-0.97668242 -3.9551637 0.33395433 1.0
-0.92940032 -4.0561161 0.32888174 1.0
-0.96060926 -4.0862656 0.32457018 1.0
-0.74854875 -4.0732646 0.33758554 1.0
-0.8030079 -4.8089881 0.27503499 1.0
-0.73831242 -4.8442183 0.2751745 1.0
-0.65424454 -4.871438 0.27657223 1.0
-0.56445724 -4.8836403 0.27902785 1.0
-0.51500738 -4.8882871 0.28035453 1.0
2.7676494 0.565216 -0.10534271 1.0
2.7347357 0.62222445 -0.10978983 1.0
2.6892622 0.69727612 -0.11565544 1.0
2.5851281 0.85468221 -0.12791651 1.0
2.5472212 0.90831202 -0.1320585 1.0
2.5021198 0.96914637 -0.13677415 1.0
2.4825537 0.99473047 -0.13875771 1.0
2.409682 1.0860856 -0.14584292 1.0
2.2822893 1.2406963 -0.15967068 1.0
2.1675627 1.3669158 -0.17116065 1.0
2.1054437 1.4303094 -0.17699744 1.0
1.9844732 1.5452666 -0.18777288 1.0
-11.46053 -0.95361114 0.07350792 1.0
-11.467123 -1.0369875 0.082253382 1.0
-11.47455 -1.1206291 0.090923339 1.0
-6.8031664 -0.63691032 0.48399934 1.0
-6.7946644 -0.66091639 0.48748907 1.0
-11.470899 -1.7040029 0.15582146 1.0
-11.787632 -1.7990376 0.13600048 1.0
-11.748893 -1.8355985 0.14368197 1.0
-11.500972 -1.8565496 0.16958743 1.0
-11.480834 -1.9374857 0.18028995 1.0
-11.503828 -2.0265768 0.18773852 1.0
-11.519936 -2.1361752 0.19801554 1.0
-11.508164 -2.2405787 0.21033819 1.0
-7.0293307 -1.3455426 0.53978372 1.0
-6.7990088 -1.3996714 0.56738245 1.0
-6.8035855 -1.504895 0.57807201 1.0
-6.8008971 -1.5958872 0.58788288 1.0
-2.67048 -5.0531421 1.5059561 1.0
-4.9363594 -9.1193104 1.7489698 1.0
-4.8960867 -9.1237192 1.7515637 1.0
-1.5619941 -3.2217607 1.3223189 1.0
-1.4242699 -3.2519093 1.3326677 1.0
-1.2185034 -3.2883227 1.3470898 1.0
-1.1883322 -3.2856734 1.3483469 1.0
-1.0462192 -3.2576406 1.393293 1.0
-0.98592985 -3.1666834 1.3466079 1.0
-0.87642574 -3.2913439 1.3648199 1.0
-0.76106435 -3.3431456 1.375847 1.0
-1.031992 -5.1528463 1.5456229 1.0
-0.96246475 -5.1535568 1.54909 1.0
-0.86263645 -5.1495275 1.5535339 1.0
-1.4329114 -8.9022293 1.9048139 1.0
-3.2038665 -3.5357099 1.6021489 1.0
-2.9601412 -3.5232177 1.5970092 1.0
-2.8021915 -3.4845619 1.5869737 1.0
-2.7477405 -3.5330038 1.5975587 1.0
-2.6936932 -3.6286535 1.6189365 1.0
-2.6831393 -3.7215219 1.6400205 1.0
-2.6592381 -3.82618 1.6709197 1.0
-2.6408889 -4.0235591 1.7094092 1.0
-2.6588376 -4.1917572 1.7422249 1.0
-2.6546247 -4.3262076 1.7726516 1.0
-2.6668713 -4.7274089 1.8475916 1.0
-2.6725914 -4.8028469 1.862738 1.0
-2.6662202 -4.9076238 1.8779038 1.0
-2.6587429 -5.0172057 1.921309 1.0
-2.6539884 -5.1305785 1.9634504 1.0
-2.6552558 -5.1860499 1.9762633 1.0
-1.6666361 -3.3684027 1.5573031 1.0
-1.6408168 -3.4596264 1.5785625 1.0
-1.4405918 -3.3315811 1.5497254 1.0
4.0260201 -0.71891087 0.27596688 1.0
4.0492063 -0.61438632 0.2647256 1.0
4.0643911 -0.53637594 0.25628448 1.0
4.0778332 -0.44460347 0.24681984 1.0
4.0896254 -0.33594039 0.23578545 1.0
4.0981989 -0.25703761 0.22723493 1.0
4.1166835 -0.086066782 0.20720316 1.0
4.1191101 -0.038467892 0.2018622 1.0
-3.5999477 -3.4654212 1.2325317 1.0
-3.709265 -3.6432045 1.25868 1.0
-3.4425824 -3.5760601 1.2561659 1.0
-3.3708966 -3.5977848 1.2621075 1.0
-3.1924684 -3.5770483 1.2643707 1.0
-3.5881758 -4.5578775 1.4149171 1.0
-2.8445771 -3.5006921 1.2626399 1.0
-2.7484341 -3.5580108 1.275117 1.0
-2.6732481 -3.9776042 1.3468029 1.0
-2.6656797 -4.034574 1.3564349 1.0
-2.6610084 -4.2482352 1.3918263 1.0
-2.6627746 -4.3693371 1.4117405 1.0
-2.660104 -4.4456792 1.4243987 1.0
-2.6595492 -4.65762 1.4593216 1.0
-2.6627457 -5.1422024 1.5389416 1.0
8.6811991 1.0710728 0.26418614 1.0
8.6693048 1.1723831 0.25196984 1.0
8.6567822 1.2736173 0.23966812 1.0
8.6579123 1.3620253 0.22780074 1.0
8.6642733 1.4662726 0.21324414 1.0
8.6692619 1.5708144 0.19861233 1.0
8.6723852 1.6606652 0.1860045 1.0
8.6631174 1.8085492 0.16618124 1.0
8.6593094 1.8678814 0.15813972 1.0
0.62017787 -5.1744833 0.4563345 1.0
0.67524087 -4.0229177 0.50548011 1.0
0.75800687 -4.0129814 0.50331628 1.0
0.70020312 -3.5691111 0.52358347 1.0
1.1977324 -5.0063615 0.44676134 1.0
1.2384641 -5.0127945 0.44479766 1.0
1.5601929 -5.900939 0.39638951 1.0
1.6003633 -5.8820367 0.39527997 1.0
1.6203485 -5.8723907 0.39470848 1.0
1.1292038 -4.2198358 0.48004967 1.0
1.1269295 -4.1070542 0.48434666 1.0
1.1751496 -4.0532804 0.48384136 1.0
1.2275838 -4.0620394 0.48073378 1.0
-3.466064 2.2425931 1.0176308 1.0
-3.5721524 2.2130287 1.023096 1.0
-3.6412864 2.2138519 1.0250933 1.0
-3.9330554 2.3048911 1.026527 1.0
-3.9333117 2.2686052 1.0295055 1.0
-3.6699641 -3.2266555 1.7547426 1.0
-3.5817933 -3.1983781 1.7481579 1.0
-3.4269278 -3.3012335 1.7643193 1.0
-3.392772 -3.330662 1.7691921 1.0
-3.1857944 -3.337836 1.7677633 1.0
-3.2166176 -3.3691854 1.7739197 1.0
-3.0580087 -3.355149 1.7694632 1.0
-2.9537134 -3.3432994 1.7661531 1.0
-2.9771435 -3.395781 1.7567041 1.0
-2.7996352 -3.2601101 1.7490945 1.0
-2.7749145 -3.2815521 1.7528934 1.0
-2.6980166 -3.3301239 1.7614175 1.0
-2.6716135 -3.4264374 1.7794839 1.0
-2.6856575 -3.5895231 1.7947474 1.0
-2.6618013 -3.6859767 1.8289945 1.0
-2.648087 -3.8014617 1.8410031 1.0
1.6377257 -3.4051545 0.50575513 1.0
1.7154814 -3.3772614 0.50465679 1.0
1.7834682 -3.351398 0.5034765 1.0
1.8509809 -3.324224 0.50213027 1.0
1.9301968 -3.2906141 0.50034904 1.0
2.0784712 -3.2171447 0.49683994 1.0
2.1483459 -3.179358 0.49493325 1.0
2.1829636 -3.1598866 0.49390405 1.0
2.2515655 -3.1197808 0.49189308 1.0
2.3258948 -3.0763164 0.48932081 1.0
2.3724132 -3.0507045 0.48706558 1.0
-2.6271505 -4.2545366 0.99896246 1.0
-2.6181328 -4.4499969 1.0081519 1.0
-2.637598 -4.8248963 1.0220742 1.0
-2.6424506 -4.8943067 1.0244925 1.0
-2.6479754 -4.9871068 1.0277871 1.0
-2.6561964 -5.0871782 1.0311203 1.0
-2.6593118 -5.1583056 1.033705 1.0
-1.2347424 -3.2028251 1.0746374 1.0
-1.1028925 -3.241559 1.0861049 1.0
-0.77846122 -3.2671759 1.1101433 1.0
-0.744277 -3.3307929 1.1145246 1.0
-0.77820343 -3.6177707 1.1215833 1.0
-0.94635636 -5.1325998 1.1589351 1.0
-0.75862861 -5.1684375 1.1713572 1.0
-1.2198333 2.3522666 1.1432116 1.0
-1.2565355 2.1076186 1.1442988 1.0
-1.9391407 2.733856 1.178659 1.0
-1.9475737 2.6523032 1.1796097 1.0
-1.9543428 2.5024357 1.1812719 1.0
-1.9553628 2.4417892 1.1820244 1.0
-1.9602436 2.2485337 1.185155 1.0
-1.9682664 2.1739042 1.1871035 1.0
-2.0332963 2.158612 1.1920004 1.0
-2.1522167 2.1690376 1.2003801 1.0
-3.4320977 2.6720383 1.2847954 1.0
-3.2667637 -3.1293433 2.081425 1.0
-3.0879295 -3.1464002 2.0743902 1.0
2.3870788 2.1715398 -0.23054941 1.0
2.1324449 2.0066378 -0.14485046 1.0
1.9837949 1.9815364 -0.1167869 1.0
1.9131026 2.0699987 -0.13508604 1.0
1.9089453 2.1386576 -0.15637524 1.0
1.9038768 2.3291178 -0.21729538 1.0
1.4221985 1.8930087 -0.016378282 1.0
1.8936559 2.4543483 -0.25730649 1.0
1.8501712 2.5115719 -0.27135435 1.0
1.7905935 2.533186 -0.27194154 1.0
1.4406224 2.2571561 -0.14031298 1.0
1.6692671 2.586673 -0.27707157 1.0
0.98376769 1.8978858 0.030258797 1.0
1.0843995 2.4285064 -0.16650328 1.0
0.98211998 2.3651438 -0.13544481 1.0
0.97382569 2.4385564 -0.16137508 1.0
0.72808152 2.5068827 -0.17002174 1.0
0.6473074 2.5611989 -0.18591541 1.0
0.59651119 2.5750217 -0.18862274 1.0
6.7277498 -4.6524892 0.39079535 1.0
6.715147 -4.6079173 0.38815925 1.0
6.3525457 -4.3036742 0.40055647 1.0
6.4491329 -4.3028836 0.38976786 1.0
6.6735682 -4.403964 0.37408799 1.0
6.6588979 -4.3425484 0.37001011 1.0
6.6420755 -4.2464261 0.36286131 1.0
6.6281128 -4.1368246 0.35399756 1.0
6.6132555 -4.028389 0.34520704 1.0
6.6002297 -3.9388866 0.33793586 1.0
5.97685 -3.4973304 0.36636174 1.0
6.1061621 -3.5310872 0.35469764 1.0
6.3787003 -3.6632349 0.33618906 1.0
6.3622684 -3.6076715 0.33249024 1.0
6.343112 -3.5209036 0.32588023 1.0
6.3733826 -3.4780746 0.31788716 1.0
6.4270816 -3.4782991 0.31154063 1.0
0.2696102 -4.8533683 0.29371375 1.0
0.25791648 -4.3296113 0.33638185 1.0
0.27309015 -4.258409 0.34199044 1.0
0.29149809 -4.0399861 0.35939813 1.0
0.33829063 -4.0546126 0.35751826 1.0
0.37935472 -4.1823773 0.34657404 1.0
0.41171497 -4.2958083 0.33690897 1.0
0.43625695 -4.3007288 0.33603737 1.0
0.42910054 -4.106462 0.35165259 1.0
0.44661191 -4.0287991 0.35741967 1.0
0.51335657 -4.1509662 0.34613371 1.0
0.5412733 -4.1342659 0.34669751 1.0
0.66498238 -4.56042 0.30978242 1.0
0.77270091 -4.6390414 0.30018649 1.0
-5.8428764 -5.3880281 0.44789156 1.0
-5.7733421 -5.4020028 0.45752618 1.0
-3.6848238 -3.5437653 0.67040348 1.0
-3.4824891 -3.4399126 0.69342828 1.0
-3.4411471 -3.4800005 0.69998795 1.0
-3.1799629 -3.2771807 0.72743845 1.0
-3.3393493 -3.5795276 0.71584457 1.0
-3.2404954 -3.5930147 0.72861075 1.0
-3.1542795 -3.5917146 0.7392804 1.0
-2.7167151 -3.6096163 0.79239219 1.0
-2.6511328 -3.6072583 0.79998577 1.0
-2.6471207 -4.0194039 0.82158923 1.0
-2.6398852 -4.3194208 0.8350684 1.0
-2.6416798 -4.3966575 0.83810353 1.0
3.2531688 -3.4569244 1.5586728 1.0
7.0901484 2.1265705 0.67320848 1.0
7.1064749 2.1846628 0.66358685 1.0
6.8321838 2.2184708 0.64707226 1.0
6.5277314 2.1606028 0.64555955 1.0
5.6481757 1.9394867 0.65068978 1.0
5.5526795 1.93436 0.64792424 1.0
5.4579043 1.9287736 0.64526844 1.0
5.3657703 1.9232943 0.64269662 1.0
5.2436633 1.9185827 0.63884205 1.0
5.0659719 1.9159617 0.63249391 1.0
4.9258633 1.9318962 0.62433654 1.0
4.9196606 1.9890977 0.61407053 1.0
2.3125761 -4.8127933 0.78271371 1.0
2.3073123 -4.716619 0.77919924 1.0
2.3277862 -4.6722751 0.77634883 1.0
2.2805784 -4.4822717 0.77119446 1.0
2.2772379 -4.3983669 0.76793188 1.0
2.2703867 -4.310277 0.76465023 1.0
2.2680638 -4.2143955 0.76073509 1.0
2.2614291 -4.0965176 0.75606036 1.0
2.2547727 -3.9995246 0.75222075 1.0
2.2359591 -3.7895789 0.7439695 1.0
2.4559777 -3.7932169 0.72980249 1.0
2.4211066 -3.5669713 0.72094876 1.0
2.4318559 -3.5263407 0.71811271 1.0
2.4668093 -3.411715 0.70955724 1.0
2.7362666 -3.4439967 0.69069809 1.0
2.9134111 -3.4231582 0.67508954 1.0
3.0565448 -3.5098848 0.66839701 1.0
-6.9250655 -1.9161779 0.35149646 1.0
-6.8551307 -2.0358222 0.3771694 1.0
-6.8565106 -2.138303 0.39256379 1.0
-6.9134927 -2.2194982 0.38769883 1.0
-11.611465 -4.0634775 0.18622816 1.0
-11.602451 -4.1046376 0.1933271 1.0
-11.530959 -4.1214123 0.20326129 1.0
-11.434642 -4.1279407 0.21423109 1.0
-11.27329 -4.1297488 0.23122157 1.0
-11.274603 -4.2401929 0.24744605 1.0
-11.276178 -4.3292708 0.26042694 1.0
-6.9246774 -2.546138 0.44620815 1.0
-6.8951111 -2.5738893 0.45331421 1.0
-11.289472 -4.5360613 0.2893669 1.0
-11.287806 -4.6256065 0.30257747 1.0
-8.2010355 -3.299439 0.42532331 1.0
-8.1366911 -3.3029048 0.43238512 1.0
-8.0349703 -3.304827 0.44301575 1.0
-7.6980777 -3.3207526 0.47933501 1.0
-7.6368508 -3.3223054 0.48573384 1.0
-7.490407 -3.3122256 0.49904716 1.0
8.2605314 -2.5141492 0.66546881 1.0
8.2912016 -2.4170294 0.65562522 1.0
8.3258076 -2.3059342 0.64421821 1.0
8.3570786 -2.2090402 0.6340245 1.0
8.3871632 -2.111757 0.62373149 1.0
8.4079704 -2.0420549 0.61633199 1.0
8.4200811 -2.0001199 0.61186838 1.0
8.4430847 -1.9159095 0.60292178 1.0
-3.0373421 -3.453265 0.10211114 1.0
-2.9891596 -3.5161486 0.10888665 1.0
-2.9557812 -3.5717397 0.11293205 1.0
-2.911195 -3.6332192 0.11850456 1.0
-2.8726759 -3.6834202 0.12320751 1.0
-2.8220341 -3.7381582 0.12948985 1.0
-2.7758219 -3.7856512 0.13512219 1.0
0.84455216 2.0738389 1.3246223 1.0
0.76840377 2.0735645 1.3333421 1.0
0.60723388 2.0714412 1.2778211 1.0
0.5452224 2.4378006 1.3107785 1.0
0.41996834 2.4305964 1.3012868 1.0
0.34098437 2.4294982 1.2965255 1.0
0.15458933 2.4500113 1.2902148 1.0
-0.054677371 2.4495749 1.2849474 1.0
-0.98399925 2.3337114 1.3014115 1.0
-1.0498304 2.3642995 1.3080993 1.0
-1.2707272 2.1741374 1.2722616 1.0
-1.9748858 2.873347 1.4164196 1.0
-6.330359 -1.1541193 -0.15015696 1.0
-6.367022 -1.2290654 -0.14564362 1.0
-6.407588 -1.2838346 -0.14485969 1.0
-6.4539351 -1.3635139 -0.14157149 1.0
-6.5040908 -1.4800981 -0.13383698 1.0
-6.545404 -1.561524 -0.12968601 1.0
-6.5957894 -1.6707389 -0.12341735 1.0
-6.6322198 -1.7537243 -0.11846539 1.0
-6.6571879 -1.8099295 -0.11522397 1.0
-6.7230897 -1.8927882 -0.11559928 1.0
-6.7317924 -1.9574206 -0.10854965 1.0
-6.742373 -2.048223 -0.098500513 1.0
3.3089762 -3.4645588 1.3744544 1.0
7.3795114 2.0651743 0.41540393 1.0
7.0946283 2.0925152 0.40920824 1.0
6.621346 2.0770943 0.4101553 1.0
6.6023221 2.1100793 0.4039582 1.0
6.8298507 2.1967804 0.38879991 1.0
6.5439301 2.1448603 0.3972618 1.0
5.5735421 1.9120157 0.43649229 1.0
5.4553499 1.9110208 0.43618506 1.0
5.3531075 1.9028816 0.43727019 1.0
5.2689166 1.8992918 0.43758377 1.0
5.168685 1.9004942 0.43693632 1.0
5.0476594 1.8944931 0.43753877 1.0
4.9294224 1.9866358 0.41985425 1.0
4.5140781 1.8962548 0.43488958 1.0
4.4657774 1.8981569 0.43431953 1.0
4.3574367 1.8968812 0.43407249 1.0
4.3531485 2.0947936 0.39699811 1.0
8.0597801 1.4333377 -0.066790067 1.0
8.0222349 1.4863524 -0.074608833 1.0
7.9697514 1.5366062 -0.080931962 1.0
7.9174609 1.5863827 -0.087204508 1.0
7.8654313 1.6354989 -0.093407206 1.0
7.8142633 1.6842679 -0.099628463 1.0
7.7645736 1.7326262 -0.10590842 1.0
7.7150402 1.7805504 -0.1121423 1.0
7.6608539 1.8269132 -0.11779846 1.0
7.5983419 1.8710978 -0.12249856 1.0
7.5484748 1.9030672 -0.12561886 1.0
7.4784751 1.9442896 -0.12929516 1.0
7.3528395 1.9723486 -0.12669596 1.0
7.3278608 2.0080607 -0.13227597 1.0
7.2680902 2.0491357 -0.13669129 1.0
7.1959767 2.1138604 -0.14515214 1.0
-0.39840195 -4.8964748 0.28323635 1.0
-0.33707228 -4.8991094 0.28460306 1.0
-0.22306509 -4.9009514 0.28687146 1.0
-0.12658511 -4.8995008 0.28852275 1.0
-0.041858703 -4.8959885 0.28977352 1.0
0.022340531 -4.8919091 0.29059482 1.0
0.074363694 -4.8815722 0.29165599 1.0
0.10878104 -3.6154709 0.53274816 1.0
0.66389608 -3.5476902 0.38755128 1.0
1.1119672 -4.5264745 0.29366541 1.0
1.1414093 -4.5366073 0.29134244 1.0
1.2026435 -4.5334783 0.28812951 1.0
1.1523458 -4.3134904 0.30666617 1.0
1.1500208 -4.1984644 0.31492212 1.0
1.1574793 -4.144001 0.31828329 1.0
1.1807675 -4.0402694 0.32400954 1.0
1.4924966 -4.4093103 0.2775881 1.0
1.5439948 -4.3779726 0.27577496 1.0
1.6590819 -4.3025923 0.27133718 1.0
1.7838864 -4.2195368 0.26546973 1.0
1.8766739 -4.1538768 0.26057926 1.0
2.9740965 1.7320603 -0.19185832 1.0
2.8681688 1.8308598 -0.20228258 1.0
2.7730348 1.9152032 -0.21133336 1.0
2.6902165 1.979329 -0.21719189 1.0
2.6508884 2.0047286 -0.21871069 1.0
2.5685859 2.0584049 -0.22239316 1.0
2.4699991 2.1199131 -0.22655049 1.0
-0.94198394 -7.2160187 0.95675755 1.0
-0.83760983 -7.2243276 0.96298319 1.0
-0.73333311 -7.2317243 0.96902966 1.0
-0.64092034 -7.2278223 0.97430134 1.0
-0.34142765 -7.2346191 0.99030995 1.0
-0.33061516 -7.9383035 0.98650372 1.0
-0.30342618 -7.9551868 0.98775434 1.0
0.17111683 -3.5518615 1.0385594 1.0
0.30323583 -3.5757334 1.1768283 1.0
3.1780045 -0.76140136 0.0086509204 1.0
3.1667793 -0.65965647 -0.00043958379 1.0
3.1579952 -0.59247434 -0.0064513953 1.0
3.1191692 -0.38901785 -0.023691915 1.0
3.0924947 -0.28923029 -0.03134634 1.0
3.0587366 -0.18499096 -0.038668651 1.0
3.0225022 -0.037741471 -0.053234048 1.0
3.0169814 -0.020258078 -0.054776054 1.0
3.0037766 0.020243391 -0.05835532 1.0
2.9619703 0.13969356 -0.06895864 1.0
2.9303882 0.22333418 -0.076421589 1.0
2.8789735 0.34702054 -0.087508872 1.0
2.8476295 0.41689926 -0.093801662 1.0
2.8206432 0.46890765 -0.097843148 1.0
-6.8125162 -2.2165892 0.13540986 1.0
-7.5825429 -2.5268347 0.037844248 1.0
-7.5687394 -2.567981 0.043176714 1.0
-7.5404539 -2.6500492 0.053843006 1.0
-7.4865046 -2.7997589 0.073395379 1.0
-7.466115 -2.8539212 0.080504224 1.0
-7.4338365 -2.9501374 0.092399627 1.0
-7.3999619 -3.0457952 0.10435644 1.0
-7.3618283 -3.0924034 0.11346999 1.0
-7.316618 -3.1355906 0.1233812 1.0
-7.2724638 -3.1789708 0.13310504 1.0
-7.239264 -3.2269766 0.14139403 1.0
-6.9393029 -3.1504009 0.1823166 1.0
-6.880547 -3.1532969 0.19149041 1.0
3.1791446 -3.3878872 2.403995 1.0
3.2992489 -3.5126712 2.4534733 1.0
0.84060723 2.0443733 1.1278675 1.0
0.76701856 2.0430295 1.1409583 1.0
0.64983392 2.0423069 1.1104913 1.0
0.58772153 2.1955528 1.1530144 1.0
0.52277833 2.4209609 1.2131211 1.0
0.32585269 2.4118135 1.182143 1.0
0.29076588 2.404043 1.1428195 1.0
0.25109363 2.4044051 1.0968126 1.0
0.18787979 2.4255362 1.1390151 1.0
0.16141327 2.0915856 1.1259617 1.0
0.053062823 2.0748448 1.1218863 1.0
-0.083570868 2.0514846 1.1181347 1.0
-0.78582722 2.0952473 1.1248858 1.0
-1.2146915 2.5228639 1.1442986 1.0
-1.2226417 2.4389002 1.1439028 1.0
9.177681 0.54107249 0.026762256 1.0
9.0763693 0.63463604 0.016317023 1.0
9.0019588 0.69568652 0.010017483 1.0
8.9466743 0.74076623 0.0053589852 1.0
8.8917303 0.78538018 0.00074411917 1.0
8.8553295 0.81481791 -0.0023040632 1.0
8.8010664 0.85852158 -0.0068342038 1.0
8.7471313 0.90177989 -0.011322636 1.0
8.6715174 0.9582364 -0.016865598 1.0
8.5755987 1.0122235 -0.020602651 1.0
8.4965715 1.0663267 -0.025547408 1.0
8.4420328 1.121882 -0.032451883 1.0
8.399785 1.16291 -0.037446503 1.0
8.3431683 1.2170076 -0.044002067 1.0
8.274087 1.2689638 -0.0493454 1.0
8.1809196 1.3171133 -0.052373931 1.0
8.1054573 1.3663929 -0.056846619 1.0
-3.659497 0.72530288 -0.24589777 1.0
-3.791398 0.47747728 -0.22647116 1.0
-3.8704188 0.30732852 -0.21279261 1.0
-3.8919368 0.25747383 -0.20873637 1.0
-3.9308527 0.16242123 -0.20094064 1.0
-3.9679933 0.065495491 -0.19291614 1.0
-3.9822798 0.026148085 -0.18963505 1.0
-4.0143275 -0.066901833 -0.1818248 1.0
-4.0418968 -0.15241581 -0.1745915 1.0
-4.067327 -0.23693649 -0.16738847 1.0
-4.1013703 -0.36259907 -0.15651065 1.0
-4.1316805 -0.49766237 -0.14421135 1.0
-4.1359801 -0.51921433 -0.14220768 1.0
-4.1704826 -0.62429142 -0.13617794 1.0
-4.2046843 -0.73204589 -0.13026392 1.0
-4.2391915 -0.85012805 -0.12367985 1.0
-4.2567234 -0.91420507 -0.12007647 1.0
-7.0999312 -4.2213373 0.08403638 1.0
-6.182363 -3.6743441 0.17436825 1.0
-6.2036223 -3.7179663 0.17517635 1.0
-6.1783381 -3.7303169 0.18022008 1.0
-7.1964107 -4.473958 0.092799328 1.0
-7.2109704 -4.5364118 0.09631598 1.0
-5.5267901 -3.5562234 0.26359439 1.0
-5.500104 -3.7603033 0.28525481 1.0
-5.6941829 -3.9698448 0.27430737 1.0
-5.0430059 -3.5388041 0.33390164 1.0
-4.8383937 -3.5576684 0.36507666 1.0
-4.7966824 -3.9366028 0.39989293 1.0
-4.736577 -3.9959664 0.41242445 1.0
-4.8760109 -4.3618875 0.41928634 1.0
-4.8741889 -4.4400702 0.42486218 1.0
-0.64731365 -4.2539616 2.3106258 1.0
-0.62981492 -4.3828998 2.3473864 1.0
-0.17572507 -4.4786372 2.3878357 1.0
-0.075454853 -4.4979019 2.397203 1.0
-0.0083352933 -4.51056 2.4035861 1.0
0.42261627 -3.3636816 2.2346053 1.0
0.44638351 -3.2962439 2.2141922 1.0
0.75398111 -3.30248 2.2376258 1.0
0.81524533 -3.3236871 2.2493694 1.0
0.86420059 -3.3461847 2.2606208 1.0
-5.9600091 -0.47068354 -0.19023468 1.0
-5.9715676 -0.51206058 -0.18553968 1.0
-6.0001121 -0.56627887 -0.18188766 1.0
-6.0502062 -0.65494639 -0.17666987 1.0
-6.111465 -0.75769007 -0.17143032 1.0
-6.1588221 -0.83908045 -0.1672194 1.0
-6.1858997 -0.88632119 -0.16477245 1.0
-6.2265339 -0.95817387 -0.16104725 1.0
-6.2604046 -1.0187838 -0.15790212 1.0
-0.96127671 -3.3804233 1.0319698 1.0
-0.83741122 -3.3441525 1.0330203 1.0
-0.75748348 -3.6931119 1.0680283 1.0
-0.82064503 -4.8844256 1.1763034 1.0
-0.80425596 -4.9023418 1.1784506 1.0
-0.81115091 -5.2549925 1.2108281 1.0
-0.75636488 -5.2600703 1.212878 1.0
-0.73636007 -5.1775222 1.2058331 1.0
-0.83446705 -7.2687731 1.3959863 1.0
-0.78175145 -7.272881 1.3977922 1.0
-0.65962839 -7.759819 1.4458047 1.0
-0.60472471 -8.9736319 1.5588657 1.0
-0.5561595 -8.9728279 1.5599459 1.0
-0.48185599 -7.9581628 1.4683393 1.0
-0.44294655 -8.9720755 1.5624815 1.0
-0.37827715 -8.9711285 1.5638325 1.0
-0.23464015 -14.615635 2.0859389 1.0
-0.15661812 -18.918011 2.4831803 1.0
-0.052510913 -19.228352 2.5138118 1.0
0.049738757 -19.228268 2.5158174 1.0
-4.1970725 -9.126689 1.072156 1.0
-4.1445971 -9.0007057 1.0673645 1.0
-4.2033849 -9.3281813 1.0850765 1.0
-4.2064548 -9.4313288 1.0916784 1.0
-4.0929384 -9.2455807 1.0870413 1.0
-4.1222086 -9.464448 1.0994638 1.0
-4.1116509 -9.5872192 1.1081909 1.0
-1.6465185 -3.3712466 0.86375332 1.0
-1.609452 -3.5415795 0.87704337 1.0
-1.5218468 -3.3926861 0.8729099 1.0
-1.4635301 -3.3945353 0.87649208 1.0
-1.2507942 -3.2432728 0.89456385 1.0
-1.13315 -3.2979128 0.88844234 1.0
-1.1183695 -3.3458037 0.89206266 1.0
-1.044291 -3.2486522 0.8897894 1.0
-0.94537443 -3.3689148 0.90134937 1.0
-0.83600605 -3.4057727 0.9080261 1.0
-0.7175988 -3.7034612 0.92966485 1.0
-0.99545413 1.898209 0.43904108 1.0
-1.4780905 1.9169173 0.42993841 1.0
-2.5184441 2.6054037 0.30459923 1.0
-2.5574355 2.3080602 0.35429573 1.0
-2.5482504 2.1891077 0.37446839 1.0
-3.0167379 2.187782 0.37125221 1.0
-3.0406086 2.0975077 0.38067275 1.0
-3.0539849 1.9857805 0.40549609 1.0
-3.1046257 1.9698389 0.40790913 1.0
-3.239747 1.9881366 0.40393993 1.0
-3.398463 1.9310511 0.41282299 1.0
-3.6525805 1.9469981 0.40864098 1.0
-3.7315924 1.9416076 0.40913931 1.0
-3.8306999 1.9514216 0.40690595 1.0
-4.0536561 1.9612187 0.40402883 1.0
-5.3937778 2.4410055 0.31385887 1.0
-5.3720293 2.4007816 0.32095855 1.0
-6.7785645 -3.1352696 0.20589954 1.0
-6.9000168 -3.2235167 0.19305335 1.0
-7.1971326 -3.4298697 0.16097154 1.0
-7.1784015 -3.4849966 0.16729461 1.0
-7.1537323 -3.5534182 0.17527473 1.0
-7.0920587 -3.619091 0.18859929 1.0
-7.0500326 -3.6620591 0.19750355 1.0
-7.0022511 -3.7343149 0.20893387 1.0
-6.9669318 -3.8297396 0.21973436 1.0
-6.958447 -3.8910561 0.22448659 1.0
-6.1112018 -3.4692843 0.3264015 1.0
-6.1252017 -3.5218608 0.32724589 1.0
-6.8653979 -4.0203681 0.24541253 1.0
-6.9044423 -4.0941081 0.24366428 1.0
-5.6677799 -3.3805993 0.38689941 1.0
-5.5960355 -3.3651145 0.39658967 1.0
-5.4569573 -3.4883089 0.42321268 1.0
4.9006577 2.3304901 0.75162554 1.0
4.9025803 2.3828182 0.74333227 1.0
5.045681 2.494333 0.73553735 1.0
4.910511 2.4975364 0.72549838 1.0
4.9005785 2.5073054 0.72323519 1.0
4.9167252 2.6100605 0.70799166 1.0
3.1513968 1.8819746 0.70022023 1.0
4.5322251 2.5378783 0.70654637 1.0
4.4500651 2.5385966 0.68677175 1.0
4.3500466 2.5397418 0.67965716 1.0
4.3168159 2.6122594 0.66597521 1.0
4.3180742 2.6627462 0.65816402 1.0
3.0990331 2.0897336 0.66401464 1.0
3.2209582 2.3289802 0.63528544 1.0
2.7084351 2.0842192 0.63845021 1.0
2.6574562 2.0808725 0.63555777 1.0
2.542295 2.0438492 0.63353825 1.0
-2.6621232 -5.051589 1.2401388 1.0
-2.6808267 -5.1501002 1.2458855 1.0
-1.4481162 -3.2824366 1.1972929 1.0
-0.97645271 -3.1533198 1.2187705 1.0
-0.90686429 -3.2790046 1.2315586 1.0
-0.9010421 -3.3018413 1.2334533 1.0
-0.83778858 -3.6576874 1.2328768 1.0
-0.72649336 -3.627466 1.265484 1.0
-0.67899013 -3.9723454 1.2910061 1.0
-0.67685837 -4.2051129 1.3064908 1.0
-0.68047893 -4.2958064 1.3122728 1.0
-0.68893659 -4.5747399 1.3301828 1.0
-0.69177508 -4.674201 1.3365724 1.0
-0.69029981 -4.7556148 1.3420036 1.0
-0.6910063 -4.8510022 1.3482331 1.0
-0.69933283 -4.9893146 1.3568724 1.0
-0.70420831 -5.114553 1.3648334 1.0
-1.0574534 -7.1918445 1.4824096 1.0
-0.99128819 -7.1950932 1.486097 1.0
-0.8849594 -7.1955833 1.4916493 1.0
-0.80732745 -7.2080693 1.4964459 1.0
-0.76702839 -7.204102 1.4982364 1.0
-1.6704085 -3.3605161 1.1356571 1.0
-1.5235254 -3.3528247 1.1403849 1.0
-1.4011775 -3.3668904 1.1467521 1.0
-1.0647146 -3.2412155 1.1421785 1.0
-0.7151469 -3.7675426 1.2198632 1.0
-0.71599442 -3.9824665 1.2472553 1.0
-0.71261942 -4.0995464 1.2622753 1.0
-0.71245724 -4.2583184 1.2825248 1.0
-0.71222264 -4.4282107 1.304191 1.0
-0.71276504 -4.6200557 1.3286326 1.0
-0.71718448 -4.8725266 1.3606992 1.0
-0.71332508 -5.0463657 1.3829521 1.0
-0.83925182 -7.2095184 1.6554109 1.0
-0.78667861 -7.2144947 1.6573507 1.0
-0.7648502 -7.4963908 1.69379 1.0
-0.72118568 -7.4530535 1.6893286 1.0
-0.68065929 -7.460464 1.6912416 1.0
-0.62837368 -7.5098233 1.6987605 1.0
-0.54887325 -7.2121496 1.6627095 1.0
-0.45660797 -7.2124815 1.6648396 1.0
-4.8730822 -3.5937619 0.95340544 1.0
-4.8724432 -3.691113 0.96183252 1.0
-4.8772936 -3.7657728 0.96780854 1.0
-4.8764396 -3.8953502 0.97890234 1.0
-4.7834454 -3.85027 0.98294497 1.0
-4.8840723 -3.9902418 0.98627585 1.0
-4.8757668 -4.073586 0.99398273 1.0
-5.949759 -5.0196195 0.98324192 1.0
-5.834156 -4.9955397 0.99089187 1.0
-5.7617116 -4.9885893 0.99635267 1.0
-3.5637739 -3.194386 1.0301477 1.0
-5.5112357 -4.9874315 1.0170228 1.0
-5.4724555 -4.9888945 1.0203415 1.0
-3.7235744 -3.4618452 1.0389647 1.0
-3.2175696 -3.0897753 1.0500407 1.0
-3.1594954 -3.0921936 1.0549698 1.0
-3.122607 -3.1375387 1.061626 1.0
-3.3907816 -3.4767277 1.0672446 1.0
3.0390017 -3.349849 1.8825974 1.0
3.135252 -3.4013324 1.8891993 1.0
3.1879511 -3.4199424 1.8826203 1.0
3.2652755 -3.4775388 1.8980365 1.0
3.313483 -3.45716 1.8985931 1.0
7.5932937 1.978526 1.5933992 1.0
7.5828538 2.0160525 1.5883535 1.0
7.3076286 2.0515347 1.5575904 1.0
6.8440294 2.0031693 1.5173444 1.0
6.8105617 2.0303652 1.5112013 1.0
7.5930862 2.2885683 1.5604422 1.0
7.5809474 2.3123579 1.5567566 1.0
6.7060895 2.0851462 1.4952402 1.0
5.9079537 1.8740096 1.4395264 1.0
5.8288288 1.8714789 1.4320793 1.0
5.7518559 1.8690425 1.4248358 1.0
5.6443214 1.86676 1.414606 1.0
5.548368 1.867093 1.4052386 1.0
5.4844728 1.8667462 1.3990643 1.0
5.4196858 1.8656687 1.3928828 1.0
5.3534389 1.8636621 1.3866591 1.0
5.2633333 1.8628031 1.3780073 1.0
4.0258675 0.34741333 -0.054751448 1.0
3.9646814 0.45290759 -0.064351022 1.0
3.9007781 0.56035084 -0.074402496 1.0
3.7857816 0.74226975 -0.091637611 1.0
3.7294283 0.82679391 -0.099738531 1.0
3.7031901 0.86505705 -0.1034288 1.0
3.6512506 0.94045043 -0.11091849 1.0
3.6197567 0.99041235 -0.11658216 1.0
3.5980992 1.0416927 -0.12440987 1.0
3.5430498 1.1408125 -0.13768452 1.0
3.4611721 1.2314495 -0.14500232 1.0
3.4201121 1.2755394 -0.1485779 1.0
3.367028 1.3323135 -0.15340109 1.0
3.231441 1.4767386 -0.16665325 1.0
3.1323349 1.5764662 -0.17597239 1.0
3.0665774 1.6418128 -0.1824746 1.0
-3.4608574 1.9697264 0.91429985 1.0
-3.5640757 1.974381 0.92617142 1.0
-3.6290882 1.9790379 0.93350059 1.0
-3.6792154 1.9825181 0.93918496 1.0
-3.7649276 1.9882172 0.94897068 1.0
-3.8523273 1.9932858 0.95907605 1.0
-3.9739459 2.0205483 0.97089845 1.0
-4.0171876 2.0175405 0.97656655 1.0
-4.0587692 2.0133097 0.98219073 1.0
-4.1654816 2.0381186 0.992522 1.0
0.66161656 1.9401429 0.80545497 1.0
0.70946878 2.6583734 0.80621135 1.0
-0.51040024 2.6559231 0.74345183 1.0
-0.62580889 2.6534095 0.74363357 1.0
-0.84849608 2.6661346 0.74710661 1.0
-1.0532985 2.6709383 0.75347126 1.0
-1.1638179 2.6716967 0.75811493 1.0
-1.0391197 1.9991578 0.75274545 1.0
-8.7574682 -7.2208004 1.7418993 1.0
-8.6491156 -7.2366681 1.7474866 1.0
-5.7703495 -4.9301939 1.5407681 1.0
-5.6898561 -4.9341707 1.5439168 1.0
-5.5875406 -4.9360061 1.5475096 1.0
-3.6671472 -3.3181214 1.3992938 1.0
-3.5552008 -3.2670174 1.3963026 1.0
-3.5514896 -3.3127463 1.4024078 1.0
-3.42715 -3.3451817 1.410787 1.0
-3.3627453 -3.416404 1.4222916 1.0
-3.1755826 -3.3513353 1.42004 1.0
-3.1577625 -3.4441864 1.4328712 1.0
-3.0514622 -3.4754066 1.4406157 1.0
-2.8013532 -3.2649779 1.4214017 1.0
-2.7064967 -3.380029 1.4399049 1.0
-2.6975038 -3.4205906 1.4455943 1.0
2.2409348 -3.8955717 2.060833 1.0
2.2468255 -3.7586348 2.0338058 1.0
2.3222513 -3.6983562 2.0283272 1.0
2.3356731 -3.524358 1.9948057 1.0
2.3846455 -3.4876368 1.9919398 1.0
2.6333263 -3.3156371 1.9813889 1.0
2.7327044 -3.3280859 1.9934622 1.0
2.9466224 -3.4710522 2.0422518 1.0
3.0418 -3.3431466 2.0271966 1.0
3.1369531 -3.3873639 2.0453608 1.0
3.1869569 -3.4114215 2.0550811 1.0
3.2566047 -3.4592068 2.0713587 1.0
3.2899783 -3.4606359 2.0750773 1.0
3.3037515 -3.4509022 2.0746546 1.0
6.9886856 2.0172086 1.782015 1.0
6.9164219 2.0223527 1.7718538 1.0
6.8238759 2.0214069 1.7595859 1.0
6.7462211 2.0239809 1.7489703 1.0
6.6562152 2.0225163 1.7371063 1.0
6.5232339 2.0197201 1.719653 1.0
6.4130979 2.0452547 1.702538 1.0
6.2564092 2.0209198 1.6840309 1.0
6.2343459 2.0478582 1.6785361 1.0
6.1431131 2.0639968 1.6649028 1.0
-2.011914 2.8158267 1.4173651 1.0
-2.0228133 2.7836328 1.4170367 1.0
-2.0422328 2.6425982 1.4132566 1.0
-2.042999 2.6105592 1.4121166 1.0
-1.9770784 2.5133412 1.4013531 1.0
0.5972563 2.1311462 1.3495189 1.0
0.59448516 2.2142124 1.3607306 1.0
0.42774367 2.4392946 1.3790085 1.0
0.32820368 2.4294639 1.3715248 1.0
0.24605161 2.4249938 1.3667942 1.0
-0.17756163 2.3753688 1.3519217 1.0
-0.29512063 2.351335 1.3500881 1.0
-0.47689936 2.3407245 1.3542882 1.0
-1.5702964 2.8374026 1.4883107 1.0
-1.5578667 2.8021293 1.4839485 1.0
-1.5556427 2.6668794 1.4721719 1.0
-3.0640361 -3.3655419 1.9003776 1.0
-2.97947 -3.3611224 1.8947178 1.0
-2.7970054 -3.3807046 1.8913083 1.0
-2.7067895 -3.504009 1.9228644 1.0
-1.6777037 -3.388988 1.8541869 1.0
-1.5613884 -3.3778777 1.8485074 1.0
-1.3824532 -3.2461314 1.7869495 1.0
-1.3541648 -3.2725904 1.8131983 1.0
-1.2932671 -3.3032742 1.8218286 1.0
-1.1837287 -3.336482 1.83099 1.0
-0.94221061 -3.3469782 1.8026565 1.0
-0.8190496 -3.5948715 1.910265 1.0
-0.77062714 -3.607676 1.9145422 1.0
5.0063639 2.173346 1.3864727 1.0
4.9355106 2.1478651 1.3774608 1.0
5.1278815 2.2796495 1.393819 1.0
5.1871381 2.3334315 1.3971922 1.0
5.2311068 2.3714643 1.3999503 1.0
5.7358918 2.5866995 1.4597908 1.0
1.7793314 2.0998685 0.86784542 1.0
1.7858562 2.3310673 0.85198283 1.0
-0.81677729 -3.6192436 1.338201 1.0
-0.84308344 -5.2235026 1.5990781 1.0
-0.77448714 -5.2250271 1.6008997 1.0
-0.7564348 -5.1453333 1.5726304 1.0
-0.45950139 -8.9894953 2.2210879 1.0
-0.37743196 -8.9836826 2.2219069 1.0
-0.31858939 -7.3621473 1.9590596 1.0
-0.29184678 -7.4827504 1.9792726 1.0
-0.26271191 -8.9969883 2.226521 1.0
0.049725384 -3.7976882 1.386106 1.0
0.18665509 -3.5997572 1.4974905 1.0
0.55188715 -3.5704405 1.4857697 1.0
0.62062806 -3.5650547 1.5011729 1.0
0.74633056 -3.4917083 1.4898375 1.0
0.81177807 -3.5183079 1.4968179 1.0
0.96141553 -3.5241058 1.5019287 1.0
1.034158 -3.5169008 1.5024608 1.0
-3.360853 2.1940827 -0.12124178 1.0
-3.4136379 2.2056391 -0.13485827 1.0
-3.432961 2.1601243 -0.13481861 1.0
-3.3349516 1.9929463 -0.073448129 1.0
-3.4029851 2.0019376 -0.089925498 1.0
-3.8319612 2.0141919 -0.18543427 1.0
-3.937283 2.0422044 -0.21400751 1.0
-4.0384202 2.0314798 -0.23405223 1.0
-4.2044148 2.0265346 -0.26961285 1.0
-4.6524425 2.1861105 -0.39931342 1.0
-4.6670804 2.1514139 -0.39588425 1.0
-4.6850715 2.1079199 -0.39157215 1.0
-4.7190819 2.0209072 -0.38369113 1.0
-4.7532783 1.9282227 -0.37421021 1.0
-4.7899876 1.8231341 -0.36341316 1.0
-4.8099585 1.7375598 -0.35273117 1.0
-2.3267746 2.2835131 0.76412433 1.0
-2.4693031 2.2735462 0.77826822 1.0
-2.5545366 2.2807662 0.78600079 1.0
-2.5609043 2.2451532 0.78936243 1.0
-2.5467558 2.1096668 0.78294575 1.0
-2.5389807 2.0637414 0.8016597 1.0
-2.674046 2.1408763 0.83431834 1.0
-2.5147409 1.9593134 0.80792475 1.0
-2.6764507 2.0296354 0.81905282 1.0
-2.9289167 1.9738104 0.8519789 1.0
-3.7432241 2.4268584 0.9004705 1.0
-3.4884408 2.2240293 0.89129049 1.0
-3.5519869 2.2014389 0.90090489 1.0
-3.9088221 2.427568 0.91942608 1.0
-3.6928828 2.2843039 0.90885729 1.0
-3.6354539 2.2008154 0.91068643 1.0
-3.7506263 2.1891673 0.89978367 1.0
-4.0860968 2.3938987 0.94360369 1.0
-3.3630378 1.9793296 0.90164948 1.0
-0.69852799 -4.4164886 1.6568141 1.0
-0.70516068 -4.5267563 1.671561 1.0
-0.70770323 -4.6213717 1.6843497 1.0
-0.71888357 -4.7608361 1.7028849 1.0
-0.71710169 -4.8416152 1.7139739 1.0
-0.72355437 -4.9663281 1.730702 1.0
-1.1532553 -7.2483611 2.0234711 1.0
-1.1923869 -7.6668258 2.0788598 1.0
-0.88078588 -7.4990811 2.0694516 1.0
-0.84799576 -7.6529946 2.0918908 1.0
-0.79342508 -7.6669617 2.0961847 1.0
-0.72985065 -7.5103717 2.0775933 1.0
-0.66056079 -7.5091066 2.0804682 1.0
-0.56362945 -7.5058522 2.0843036 1.0
-0.50820011 -7.502234 2.0862658 1.0
-0.38905853 -7.1193175 2.039257 1.0
-0.36977917 -7.3372555 2.0698917 1.0
-7.5274119 -3.0379784 0.66561115 1.0
-7.2708311 -3.0550392 0.69082594 1.0
-7.1785445 -3.045922 0.69840139 1.0
-7.0095153 -3.0630138 0.71551102 1.0
-6.8254161 -3.0398397 0.73009646 1.0
-6.8616524 -3.299222 0.75068355 1.0
-6.8345032 -3.393996 0.762061 1.0
-6.7919822 -3.4500775 0.77115607 1.0
-6.8851891 -3.6256108 0.77910709 1.0
-6.9116607 -3.7205992 0.78552389 1.0
-6.145391 -3.3453312 0.81954473 1.0
-6.043714 -3.3611884 0.830091 1.0
-5.8183284 -3.3609614 0.85014701 1.0
-5.6544633 -3.3768132 0.86611521 1.0
-5.3295417 -3.3973215 0.89658058 1.0
-5.1491241 -3.4026713 0.91283643 1.0
-5.0538101 -3.4065363 0.92147887 1.0
-4.8567691 -3.4185464 0.93961519 1.0
-4.855876 -3.4853706 0.94550407 1.0
2.3441796 -5.2686229 2.1290319 1.0
2.4218459 -5.2682729 2.1340334 1.0
2.5287099 -5.2683458 2.1410899 1.0
2.625277 -5.2679605 2.1474586 1.0
2.7543745 -5.27248 2.1569335 1.0
2.5327585 -4.6324182 2.0343201 1.0
2.5508893 -4.6039386 2.0307856 1.0
2.6586604 -4.7442012 2.0617247 1.0
2.8339064 -5.0193868 2.1199429 1.0
2.2454102 -3.7443917 1.8988065 1.0
2.3272548 -3.7191274 1.8983638 1.0
2.4206662 -3.4476933 1.8287587 1.0
2.6383278 -3.3423793 1.8275117 1.0
2.7319272 -3.3598995 1.8374635 1.0
2.9460437 -3.5042779 1.8774139 1.0
2.9283919 -3.4067678 1.877637 1.0
-1.8245236 1.9215633 0.50571126 1.0
-1.9610375 1.9229515 0.50762326 1.0
-2.0041444 1.9243416 0.5081408 1.0
-2.2748096 1.9387019 0.51095766 1.0
-2.3726296 1.9472518 0.5116213 1.0
-4.3521471 2.4308193 0.48421896 1.0
-4.5444584 2.4235401 0.49029171 1.0
-4.6708808 2.4145818 0.49499702 1.0
-4.7115283 2.3841164 0.50086206 1.0
-4.1397829 2.0969009 0.53101987 1.0
-4.1422901 2.0172749 0.54368824 1.0
-4.2455902 1.9980302 0.54954755 1.0
-4.3815246 2.023433 0.54920506 1.0
-4.442378 2.0323076 0.54945505 1.0
-4.7925673 2.0884187 0.55013597 1.0
-4.8409548 2.0895371 0.55130315 1.0
-5.0203686 2.0759559 0.55852365 1.0
-5.1636214 2.0439653 0.56776756 1.0
0.69106519 -3.5875947 1.6036427 1.0
0.97889954 -3.5102992 1.6070232 1.0
1.0206947 -3.5152099 1.6097034 1.0
1.1235059 -3.4514506 1.6060394 1.0
1.2174369 -3.5004568 1.6172848 1.0
1.3237258 -3.5048482 1.6231258 1.0
1.3982222 -3.6180701 1.6421615 1.0
2.5341227 -7.2349205 2.1884913 1.0
2.622364 -7.2413664 2.1937833 1.0
2.7606924 -7.4952083 2.2350712 1.0
2.8717296 -7.7476263 2.2747986 1.0
2.9052367 -7.7551417 2.2775033 1.0
2.9361746 -7.7071548 2.2725761 1.0
2.8505199 -7.2704024 2.209208 1.0
2.895515 -7.272428 2.2117612 1.0
3.0434973 -7.6120744 2.2651596 1.0
2.2559826 -5.2893109 1.9113698 1.0
2.2765479 -5.1649461 1.8956208 1.0
2.2938488 -5.0105634 1.8756655 1.0
2.2962329 -4.934092 1.8654695 1.0
2.2776349 -4.6384792 1.7928073 1.0
4.5671043 1.8085455 0.49136183 1.0
4.5633459 1.8749521 0.48092568 1.0
4.2459798 1.8314788 0.51173592 1.0
4.1285033 1.8382587 0.51931244 1.0
4.0637884 1.8887132 0.51563734 1.0
3.7836311 1.8525634 0.5420115 1.0
3.5031416 1.9020596 0.55326289 1.0
3.5040181 2.032577 0.53012425 1.0
3.5289721 2.0913677 0.51792109 1.0
3.4924078 2.2684667 0.48805362 1.0
3.5104382 2.3436673 0.4729805 1.0
3.3338749 2.2933865 0.49352285 1.0
3.2685411 2.4087553 0.47634453 1.0
3.3506787 2.5923378 0.43558267 1.0
1.67137 1.9426535 0.64979643 1.0
1.6292045 1.9575639 0.64807904 1.0
0.62845123 1.9448253 0.63149983 1.0
0.45745459 1.9421754 0.64136398 1.0
2.2583888 -4.132081 1.7554435 1.0
2.2597756 -4.0140634 1.7396399 1.0
2.2561533 -3.9096863 1.7254165 1.0
2.3951542 -3.4828169 1.6755211 1.0
2.4339921 -3.445106 1.672561 1.0
3.3279872 -3.4563777 1.7232133 1.0
6.1549921 -6.706985 2.3112514 1.0
6.1585855 -6.6129074 2.2990425 1.0
6.3203893 -6.5086956 2.2944536 1.0
6.3963599 -6.5218072 2.3004849 1.0
7.580852 1.9633222 1.3220638 1.0
7.4062037 1.9605987 1.3114791 1.0
7.3857899 1.9946523 1.3063116 1.0
7.2168436 1.9778596 1.2976967 1.0
7.1447024 1.9847811 1.2924092 1.0
7.0874863 1.9951143 1.2876641 1.0
6.9403539 1.9812559 1.2800781 1.0
6.8397031 1.9909211 1.2727073 1.0
7.1013794 2.1249874 1.2737272 1.0
7.5853357 2.287555 1.2853411 1.0
-5.137197 -3.596339 0.98249352 1.0
-5.1044216 -3.597554 0.98472136 1.0
-4.9747105 -3.6013646 0.99335176 1.0
-4.7419434 -3.4875455 0.99099356 1.0
-4.9225698 -3.7794912 1.0225124 1.0
-4.9235973 -3.8516853 1.032946 1.0
-4.9174519 -3.9625268 1.0493809 1.0
-4.7390466 -4.0620484 1.0743551 1.0
-4.7307248 -4.2690983 1.104441 1.0
-5.5636597 -5.1945844 1.1878853 1.0
-4.7593293 -4.4432659 1.1275538 1.0
-5.3232675 -5.1868439 1.2005939 1.0
-5.270844 -5.1867747 1.2035657 1.0
-3.5944579 -3.4947069 1.0597612 1.0
-3.6263754 -3.557734 1.0668285 1.0
-3.4612396 -3.5659688 1.0771173 1.0
-1.3114562 2.3114803 0.78106934 1.0
-1.4571302 2.1824648 0.779742 1.0
-1.4547857 2.0633168 0.802688 1.0
-1.5184665 1.9512306 0.78986049 1.0
-1.6419935 1.955793 0.80185521 1.0
-2.2101998 2.3188965 0.8497895 1.0
-2.2173078 2.2442813 0.85373062 1.0
-2.111131 2.0564296 0.84975231 1.0
-2.0976944 1.9553821 0.85301995 1.0
-2.2656741 1.9646517 0.87348235 1.0
-2.312803 1.9692516 0.87924033 1.0
-2.4421368 1.9669939 0.89626497 1.0
-2.6350374 1.9790443 0.92146337 1.0
-2.8356068 1.9689375 0.950131 1.0
-3.0684683 2.0217199 0.97933346 1.0
-3.1295316 2.0261798 0.98781645 1.0
-0.67704684 -7.5351391 1.5243355 1.0
-0.54033172 -7.1803794 1.5080186 1.0
-0.33156392 -7.1807647 1.5181599 1.0
-0.45059633 -9.3408108 1.652635 1.0
-0.38601881 -8.9312897 1.6291285 1.0
-0.36987004 -9.1526546 1.644242 1.0
0.20125706 -3.5124936 1.4367716 1.0
0.47247919 -3.4196072 1.4393955 1.0
0.71054214 -3.6034553 1.4677991 1.0
0.85093343 -3.6315258 1.4764025 1.0
1.1329238 -3.4835625 1.4729348 1.0
1.2974694 -3.5055952 1.4816101 1.0
1.4461628 -3.6261225 1.499485 1.0
2.8159213 -7.9420419 1.986583 1.0
2.8611557 -7.9864516 1.992786 1.0
2.7859364 -7.551466 1.946092 1.0
2.844209 -7.6387367 1.9571054 1.0
2.7722056 -7.3246398 1.9227091 1.0
2.8337674 -7.3327274 1.9258591 1.0
2.9272146 -7.3460174 1.9307303 1.0
2.2664359 -5.3100753 1.7003911 1.0
-0.44207448 -8.8434238 2.2724428 1.0
-0.41067588 -9.0575409 2.3031068 1.0
-0.41287833 -9.5263481 2.3670671 1.0
-0.45990121 -10.670693 2.5213244 1.0
0.12091372 -3.678509 1.5919968 1.0
0.8914693 -3.4943094 1.7383219 1.0
1.0373746 -3.4808567 1.766549 1.0
1.1056223 -3.4446638 1.7418439 1.0
1.1770633 -3.5130665 1.7823186 1.0
1.2084742 -3.5008268 1.7733195 1.0
1.3012129 -3.5077333 1.7641585 1.0
1.3810394 -3.6165333 1.7875559 1.0
2.6306038 -7.8503504 2.5859494 1.0
2.7327871 -7.8804488 2.5973568 1.0
3.0574577 -7.9052401 2.6218941 1.0
3.05092 -7.7454872 2.5943575 1.0
3.0927792 -7.7749991 2.602037 1.0
2.2460663 -5.2712841 2.1231546 1.0
2.2583244 -5.2150702 2.104562 1.0
-7.1858053 -3.4910142 1.3113408 1.0
-7.1506758 -3.5058923 1.3142904 1.0
-6.9327354 -3.5393491 1.3251532 1.0
-6.9275284 -3.6490293 1.3392566 1.0
-6.144104 -3.287631 1.317184 1.0
-6.0830021 -3.2976022 1.3203241 1.0
-6.018744 -3.3053024 1.3232745 1.0
-5.9507785 -3.3102059 1.3259861 1.0
-5.8699017 -3.3071432 1.3280808 1.0
-5.8027167 -3.2969573 1.3288475 1.0
-5.7500072 -3.3087037 1.3319727 1.0
-5.666832 -3.3160355 1.3354775 1.0
-5.5525832 -3.3173714 1.3391834 1.0
-5.3598547 -3.3367374 1.3476516 1.0
-5.2819228 -3.3422723 1.3507912 1.0
-5.1661253 -3.3491311 1.3552924 1.0
-11.301948 -4.2623615 0.66923684 1.0
-6.9163294 -2.5090823 0.69609463 1.0
-11.327557 -4.5192318 0.70858461 1.0
-11.334088 -4.6126976 0.72303891 1.0
-11.325517 -4.6771646 0.73390281 1.0
-8.1410837 -3.2972882 0.73626059 1.0
-8.0492239 -3.3040507 0.74371964 1.0
-7.9726939 -3.3009021 0.74853265 1.0
-7.8315411 -3.2986398 0.75795549 1.0
-7.7812881 -3.3064895 0.76267171 1.0
-7.3907466 -3.3020229 0.788872 1.0
-7.1999593 -3.2960079 0.80099994 1.0
-7.1555924 -3.3031251 0.80514425 1.0
-7.0950069 -3.3014472 0.80901694 1.0
-6.8524795 -3.2025146 0.76571006 1.0
-6.97228 -3.6286893 0.86803162 1.0
-6.696918 -3.5274887 0.87089968 1.0
-6.7041054 -3.5918279 0.88029176 1.0
-6.710947 -3.6718683 0.89208794 1.0
-6.7236471 -3.881242 0.92314762 1.0
-6.0315304 -3.5910261 0.92451429 1.0
-5.8326221 -3.5838048 0.93634379 1.0
-5.3084493 -3.5927174 0.97119302 1.0
-2.5128503 2.0146861 -0.33508006 1.0
-2.5422652 1.8762188 -0.29486275 1.0
-2.6828914 1.8861665 -0.32832387 1.0
-2.7676687 1.853827 -0.3363651 1.0
-2.8132429 1.8155656 -0.33428037 1.0
-2.8672626 1.7652198 -0.33050039 1.0
-2.9122379 1.7167788 -0.32575446 1.0
-3.0427635 1.577677 -0.31396013 1.0
-3.1214628 1.5112892 -0.31317654 1.0
-3.2575226 1.3446518 -0.29906976 1.0
-3.2789919 1.3166163 -0.29666388 1.0
-3.3366482 1.2383332 -0.28989372 1.0
-3.4508755 1.0719616 -0.27535519 1.0
-3.5401762 0.9261629 -0.26208529 1.0
-3.5677629 0.87798077 -0.25762981 1.0
-3.5842342 0.8511827 -0.25552115 1.0
0.4493283 -3.591109 1.1829165 1.0
0.52816457 -3.5743704 1.1852884 1.0
0.76167816 -3.3192165 1.185477 1.0
0.81280339 -3.3250203 1.1871027 1.0
0.99503088 -3.6312578 1.2012273 1.0
1.0601773 -3.6092291 1.2021512 1.0
1.1895319 -3.6251175 1.2055067 1.0
1.2461857 -3.5517807 1.2116863 1.0
2.6944375 -7.3189621 1.3479637 1.0
2.767978 -7.3221502 1.3490785 1.0
2.935288 -7.6933389 1.3634661 1.0
2.8746917 -7.3786821 1.3523211 1.0
2.9416528 -7.3585372 1.3524662 1.0
2.2850997 -5.2890186 1.2758081 1.0
2.3171942 -5.2581778 1.2751082 1.0
2.3376124 -5.168427 1.27227 1.0
2.3355742 -5.0516667 1.2682612 1.0
2.337949 -4.9767184 1.2657076 1.0
2.3346221 -4.8637013 1.2617743 1.0
2.3529038 -4.6610775 1.2548271 1.0
2.3031669 -4.4740858 1.2478963 1.0
-5.6269584 -3.3480341 1.1035961 1.0
-5.5357842 -3.348594 1.1090869 1.0
-5.4750628 -3.3528876 1.113167 1.0
-5.2534699 -3.3641787 1.1275532 1.0
-5.0314651 -3.3800321 1.141889 1.0
-4.9214435 -3.3855429 1.148995 1.0
-4.6720338 -3.2775128 1.1520474 1.0
-4.8571515 -3.4480059 1.1595418 1.0
-4.8708472 -3.6785686 1.1835847 1.0
-4.6816335 -3.6735251 1.1941278 1.0
-4.6896591 -3.7642868 1.2033937 1.0
-4.6970053 -3.8272216 1.2097086 1.0
-4.7017884 -3.888967 1.2160393 1.0
-4.7016182 -3.9180114 1.219156 1.0
-5.9329076 -4.9724565 1.260288 1.0
-5.8539019 -4.9611502 1.2636707 1.0
-5.7620773 -4.9563303 1.2684855 1.0
-4.7857814 -4.2783537 1.2527308 1.0
2.2636373 -4.9944339 1.4095712 1.0
2.2560701 -4.7508316 1.3772677 1.0
2.2548153 -4.6616502 1.3654131 1.0
2.2403264 -4.4278674 1.3343079 1.0
2.2389765 -4.3469553 1.3235061 1.0
2.2364368 -4.1733618 1.3002813 1.0
2.2432868 -3.9568868 1.2711612 1.0
2.3372552 -3.7840512 1.247178 1.0
2.4828486 -3.8035121 1.2486634 1.0
2.341429 -3.5217636 1.2114613 1.0
2.4087546 -3.4496362 1.2009639 1.0
2.6334171 -3.3713832 1.1877432 1.0
3.0426416 -3.7397687 1.2339803 1.0
2.8983071 -3.45717 1.1963882 1.0
2.9182951 -3.4279807 1.1920389 1.0
3.0927637 -3.4430172 1.1917298 1.0
3.1303716 -3.47982 1.2001712 1.0
3.2586961 -3.4724624 1.1989965 1.0
6.2516356 -6.4521132 1.5700754 1.0
6.3630457 -6.4489412 1.5678556 1.0
6.4582362 -6.4511189 1.5666258 1.0
6.55481 -6.45331 1.565351 1.0
-2.6819057 -4.0679588 1.0101769 1.0
-2.6383734 -4.2067556 1.0116881 1.0
-2.6535079 -4.3921242 1.0450959 1.0
-2.6664782 -4.8970871 1.095232 1.0
-2.6559868 -4.9457445 1.1007011 1.0
-2.6586313 -5.0741787 1.1133617 1.0
-4.1813278 -9.0080996 1.4186366 1.0
-4.1291518 -8.9739132 1.4181207 1.0
-4.0864706 -8.9618044 1.4192544 1.0
-4.2216001 -9.3844185 1.453573 1.0
-4.0796623 -9.2252054 1.4455516 1.0
-4.1173615 -9.4168682 1.4623617 1.0
-4.1364484 -9.564765 1.4758561 1.0
-4.1365733 -9.6666384 1.4858319 1.0
-1.6222047 -3.3417189 0.99890196 1.0
-1.4919448 -3.3761318 1.0087667 1.0
-1.2162732 -3.1809232 1.0028571 1.0
-1.1637502 -3.2280178 1.0095938 1.0
-1.1304818 -3.3619354 1.0236336 1.0
-1.0330033 -3.2821307 1.0200154 1.0
-5.2437577 2.0438445 0.57007313 1.0
-5.3306236 2.0257752 0.5755074 1.0
-7.1332502 2.3092265 0.58141029 1.0
-6.317771 2.0005169 0.60850316 1.0
-7.1362548 2.182364 0.60255605 1.0
-7.1356611 2.1188426 0.61312842 1.0
-7.1515241 2.0345721 0.62769336 1.0
-7.2825909 2.0167725 0.63461727 1.0
-8.387228 2.0257893 0.66657811 1.0
-8.5414648 2.0143919 0.67317176 1.0
-11.603663 1.3998457 0.87464523 1.0
-11.721094 0.97621846 0.95321196 1.0
-11.69136 0.91542667 0.96308768 1.0
-11.670032 0.85535824 0.97311509 1.0
-11.660626 0.50252074 1.0360346 1.0
-11.66585 0.42436594 1.050284 1.0
-3.5347233 -3.3057566 1.2214416 1.0
-3.5545392 -3.3487582 1.224869 1.0
-3.4294639 -3.405591 1.2380729 1.0
-3.3400209 -3.4439759 1.2472425 1.0
-3.1889637 -3.3912482 1.2502747 1.0
-2.9617419 -3.451277 1.2694455 1.0
-2.7970235 -3.3404472 1.2670782 1.0
-2.7606776 -3.4729097 1.2757951 1.0
-2.6865098 -3.4781868 1.2876723 1.0
-2.624826 -3.5608418 1.2997204 1.0
-2.6366603 -3.7014582 1.3137099 1.0
-2.6521578 -3.7480507 1.3148226 1.0
-2.6357863 -3.8909352 1.3334506 1.0
-2.6405635 -4.1341615 1.365795 1.0
-2.6280239 -4.2141414 1.3673671 1.0
-2.6324601 -4.4652381 1.3930726 1.0
-2.6437428 -4.556859 1.4019183 1.0
-2.6525526 -4.7633958 1.4227322 1.0
-2.6537399 -4.8658061 1.4332123 1.0
-2.6562181 -4.9317455 1.4398645 1.0
-2.664433 -4.9434052 1.4833014 1.0
-0.18421037 1.9577535 0.49093601 1.0
-0.21500763 1.960263 0.52049649 1.0
-1.2310766 2.691366 0.1463906 1.0
-1.3348873 2.6310205 0.14856195 1.0
-1.3092265 2.40311 0.21596685 1.0
-1.4109093 2.4566674 0.18524057 1.0
-1.4405879 2.4129584 0.19256662 1.0
-1.6923289 2.1847813 0.21081127 1.0
-1.7191682 2.1277082 0.22066557 1.0
-1.86261 1.9896002 0.22861984 1.0
-1.8970909 1.9533859 0.1828026 1.0
-2.1126373 1.9687811 0.18518516 1.0
-2.3473387 2.061681 0.11689414 1.0
-2.3446286 1.9976746 0.13225088 1.0
-2.4169428 2.0116055 0.11447562 1.0
-2.4939351 2.0200891 0.096938081 1.0
-2.6200073 1.9955956 0.076638229 1.0
-2.7295549 1.9944222 0.054247614 1.0
-2.822593 1.9900262 0.035823889 1.0
4.469861 1.9046196 0.61170799 1.0
4.3845453 1.9023597 0.60885322 1.0
4.3366189 2.0022941 0.58957195 1.0
4.3373218 2.1208963 0.56891578 1.0
4.3360519 2.1757588 0.55931681 1.0
4.9045596 2.5143251 0.52186716 1.0
4.9096317 2.5802782 0.51060677 1.0
3.3045361 1.8978726 0.56880081 1.0
3.3078794 1.929173 0.56349981 1.0
4.4626274 2.5201106 0.5043025 1.0
4.3635802 2.5223029 0.50022811 1.0
4.1337552 2.4771926 0.49947214 1.0
4.0407739 2.4867957 0.49436134 1.0
3.077491 2.0678244 0.53096819 1.0
4.0253029 2.6305909 0.46899778 1.0
4.0287819 2.6711667 0.46214172 1.0
1.8952322 2.0466278 0.49188963 1.0
1.431632 1.9431946 0.4507874 1.0
0.40327331 1.8845338 0.47078168 1.0
-0.24347307 1.894383 0.45301083 1.0
-0.34596646 2.6187201 0.33287984 1.0
-0.95647728 1.9022954 0.43892926 1.0
7.3256583 2.1249721 0.96096325 1.0
7.0774589 2.1451359 0.93940389 1.0
7.0902896 2.1753216 0.93527359 1.0
7.1029835 2.2056148 0.93112022 1.0
6.7681065 2.1440971 0.91697878 1.0
6.5901184 2.122247 0.90764982 1.0
6.821032 2.2103219 0.90976185 1.0
6.5944538 2.1740601 0.89930892 1.0
6.8716464 2.2768786 0.90234011 1.0
5.6307664 1.9521676 0.86616111 1.0
5.4493418 1.9433531 0.8544414 1.0
5.1958709 1.9310116 0.83809972 1.0
5.0448451 1.9253837 0.8280946 1.0
4.919879 1.9455483 0.81573701 1.0
4.9151359 2.1227241 0.78635591 1.0
4.9041686 2.2195725 0.76981711 1.0
4.9027247 2.2800298 0.75991863 1.0
0.43205357 -3.498075 1.0719314 1.0
0.66188347 -3.2898421 1.0527227 1.0
0.72365463 -3.2710807 1.0508124 1.0
1.0554634 -3.5879152 1.0720686 1.0
1.1599567 -3.5845802 1.0722425 1.0
1.2361089 -3.5438414 1.0714977 1.0
1.3635535 -3.6448808 1.0741816 1.0
3.0853262 -7.3463416 1.4249101 1.0
3.3490741 -7.7175536 1.4579451 1.0
2.2768033 -5.2971439 1.2328672 1.0
2.3181424 -5.2342691 1.2259097 1.0
2.3608716 -5.1764865 1.2193782 1.0
2.3604438 -5.0794907 1.2096087 1.0
2.346849 -4.9821863 1.2000189 1.0
2.3377669 -4.8735385 1.1891804 1.0
2.3284826 -4.7675896 1.1785948 1.0
2.3174675 -4.6403227 1.165844 1.0
2.3877282 -4.6073313 1.1610212 1.0
2.4156222 -4.4987659 1.1492405 1.0
0.71836454 -3.4873114 1.865728 1.0
1.0428123 -3.4517426 1.8782821 1.0
1.217924 -3.4950421 1.8991929 1.0
1.3122035 -3.5050805 1.908011 1.0
2.2593749 -5.1969852 2.3265755 1.0
2.2866292 -5.1519337 2.3195043 1.0
2.2853234 -5.0035524 2.2891245 1.0
2.2777503 -4.8997984 2.2673726 1.0
2.2700179 -4.7988896 2.2462025 1.0
2.2674861 -4.6625748 2.2182658 1.0
2.28122 -4.5479298 2.1960962 1.0
2.298059 -4.5405431 2.1959779 1.0
2.2662935 -4.3710485 2.1590021 1.0
2.2646015 -4.299593 2.144393 1.0
2.262898 -4.2296729 2.1301045 1.0
2.2568579 -4.1307492 2.1096065 1.0
2.244029 -4.0200405 2.0861778 1.0
-4.8794565 -4.477921 0.42672023 1.0
-5.4601908 -5.1890616 0.39776114 1.0
-6.0596757 -5.8631721 0.36383086 1.0
-5.8307362 -5.6606722 0.38039753 1.0
-5.6822214 -5.5416903 0.39194134 1.0
-5.1042418 -4.9553456 0.4288128 1.0
-4.9272022 -4.9397297 0.45053154 1.0
-3.7882183 -3.7169733 0.51875192 1.0
-3.4893899 -3.6398935 0.55127722 1.0
-3.4201374 -3.72032 0.56426591 1.0
-3.2165296 -3.6943209 0.58681518 1.0
-3.1098471 -3.7195969 0.60035998 1.0
-2.8754983 -3.6546628 0.62313235 1.0
-2.8362989 -3.6734674 0.62827235 1.0
-2.6412942 -3.7827044 0.65361905 1.0
-2.6690121 -4.1566129 0.66673666 1.0
-2.663708 -4.2959871 0.67290628 1.0
-2.6536345 -4.5564961 0.68405998 1.0
-2.6568031 -4.9187627 0.69727719 1.0
1.9400673 2.0536273 0.794043 1.0
1.8851976 2.0587919 0.78702569 1.0
1.9296097 2.4974868 0.74932814 1.0
0.40355548 1.9290955 0.65260994 1.0
0.17578581 1.9158912 0.60371536 1.0
0.051057708 1.9259795 0.58903414 1.0
-0.016953226 2.1409314 0.61722678 1.0
-0.3744694 1.9407514 0.6190564 1.0
-0.45018169 2.0038145 0.60125512 1.0
-0.55615973 1.991383 0.59970307 1.0
-0.6146993 2.0005574 0.61070019 1.0
-0.73799652 2.0086739 0.60695928 1.0
-1.1239917 1.9858479 0.61214614 1.0
-1.3501545 1.9389226 0.62699449 1.0
-1.455573 1.9404782 0.64180326 1.0
-1.7956892 1.9373984 0.66115874 1.0
-2.244777 2.296885 0.65701407 1.0
-2.4365399 2.2756438 0.6718384 1.0
-2.5203147 2.2824574 0.67703068 1.0
3.1364827 -3.4951715 0.66067952 1.0
6.2757998 -6.8749695 0.60398835 1.0
6.4051967 -6.9663272 0.5985806 1.0
3.2390215 -3.4771636 0.65060657 1.0
3.2545042 -3.442209 0.6469574 1.0
6.7631569 -6.9962897 0.56882292 1.0
6.7510166 -6.9340515 0.56574476 1.0
5.7733121 -5.8447752 0.58084685 1.0
6.809617 -6.7973909 0.55110538 1.0
6.8019962 -6.7174878 0.54628569 1.0
6.7983174 -6.6185369 0.53972262 1.0
6.8025579 -6.5519819 0.53463763 1.0
6.1032424 -5.8343334 0.54951793 1.0
6.0814166 -5.7303901 0.54413962 1.0
6.1078691 -5.6322889 0.53448969 1.0
6.0896602 -5.5148792 0.52760077 1.0
-4.9212947 -3.8636382 0.81556648 1.0
-4.9190645 -3.992691 0.8314082 1.0
-4.8190937 -3.9883013 0.83945507 1.0
-4.9159126 -4.2011971 0.8566907 1.0
-5.8334403 -5.2179246 0.90019697 1.0
-5.731699 -5.2111239 0.90789324 1.0
-5.6589093 -5.2131863 0.91418481 1.0
-4.9039288 -4.4756923 0.89013273 1.0
-3.7130971 -3.3765588 0.85963577 1.0
-3.6107879 -3.3673413 0.86686099 1.0
-3.5673373 -3.4992318 0.88543534 1.0
-3.5998359 -3.5632288 0.8901512 1.0
-3.2927902 -3.2328594 0.87678379 1.0
-3.422507 -3.6506143 0.91371655 1.0
-3.3207371 -3.6192739 0.91793674 1.0
-3.27349 -3.6001186 0.91936558 1.0
-2.8374314 -3.5720682 0.94788033 1.0
-2.7670271 -3.6106131 0.95684564 1.0
-2.6968296 -3.6953723 0.97048515 1.0
-2.6515474 -3.8967149 0.98906392 1.0
1.7518622 2.469816 0.838193 1.0
0.50591207 1.9445553 0.72342193 1.0
0.48463064 1.9481065 0.72007233 1.0
0.2461533 1.9269912 0.70326424 1.0
0.15023816 1.9231777 0.69711137 1.0
0.019301921 1.9210949 0.68983513 1.0
-0.1212309 1.958997 0.68292707 1.0
-0.14233881 1.9896575 0.69549382 1.0
-0.25470567 2.0329239 0.69002438 1.0
-0.34889582 2.0178428 0.69019514 1.0
-0.37049702 1.9562987 0.67689639 1.0
-0.43833938 2.0253239 0.69964546 1.0
-0.54010916 2.027317 0.69581819 1.0
-0.66518825 1.9908719 0.67628694 1.0
-0.77185917 2.0005322 0.67793882 1.0
-1.0482938 1.9690588 0.68820453 1.0
-1.1539885 1.9642452 0.69346517 1.0
-1.2697686 1.9541599 0.70033932 1.0
-1.5410275 1.9410138 0.68324155 1.0
-2.2467561 2.2862813 0.75665194 1.0
-0.77493066 -5.1284714 1.9637949 1.0
-0.74781388 -5.0091085 1.9280109 1.0
-1.2245431 -7.4829445 2.3360033 1.0
-1.8107437 -10.810202 2.8868318 1.0
-1.1400924 -7.483892 2.3393688 1.0
-1.0836506 -7.4828095 2.3413503 1.0
-1.0011609 -7.49224 2.3461781 1.0
-0.87689143 -7.5019202 2.3527603 1.0
-0.67796898 -7.6885281 2.3930805 1.0
-0.5936721 -7.6949697 2.3977056 1.0
-0.50920093 -7.6990824 2.4019847 1.0
-0.40216157 -7.0490155 2.2941306 1.0
-0.78066039 -12.445511 3.2113023 1.0
-0.4356882 -9.0469398 2.6383111 1.0
-0.53118998 -10.692853 2.918936 1.0
-0.6244998 -12.466103 3.2216997 1.0
0.11308938 -3.6821914 1.7341104 1.0
0.32755828 -3.515615 1.8508615 1.0
0.34046784 -3.4432209 1.836329 1.0
0.40966511 -3.3400536 1.8181707 1.0
0.48333293 -3.4283991 1.840457 1.0
-3.0524662 -3.1584496 2.0751419 1.0
-3.0139644 -3.1671956 2.0749533 1.0
-2.8540201 -3.1675725 2.0658853 1.0
-2.7623312 -3.1958542 2.067755 1.0
-2.6651754 -3.4003015 2.1132507 1.0
-2.6391249 -3.568047 2.1540058 1.0
-2.6468008 -3.6757669 2.1815131 1.0
-1.6240232 -3.2339325 2.0316031 1.0
-1.6176845 -3.2513404 2.0360637 1.0
-1.2473587 -3.1733942 2.0081396 1.0
-1.1674217 -3.1732588 2.007149 1.0
-0.94926333 -3.1318288 1.9943129 1.0
-0.92435491 -3.1995208 2.0129111 1.0
-0.88101763 -3.2326515 2.0220723 1.0
-0.81419247 -3.3010054 2.0412192 1.0
-0.76400989 -3.3624387 2.0586209 1.0
-0.72922283 -3.483356 2.0926867 1.0
-5.6318793 -3.703094 0.40802148 1.0
-6.6556015 -4.4506984 0.2973021 1.0
-5.014925 -3.3742249 0.48067176 1.0
-4.9762535 -3.3746839 0.48623124 1.0
-4.7916479 -3.458955 0.51636332 1.0
-4.8209267 -3.5323303 0.54462975 1.0
-4.8380589 -3.6270223 0.55052435 1.0
-5.1055975 -3.8595335 0.48987368 1.0
-5.0473061 -3.8591406 0.4979775 1.0
-4.9515309 -3.8582153 0.51123095 1.0
-4.8899245 -3.8682044 0.52015924 1.0
-4.8370953 -3.833981 0.55086786 1.0
-4.709332 -3.8392117 0.54380691 1.0
-4.7038803 -3.9070005 0.54719675 1.0
-6.1305604 -5.1418004 0.4005194 1.0
-4.9062848 -4.1177754 0.57481027 1.0
-4.9059787 -4.2118711 0.53132558 1.0
-5.5750532 -4.8526993 0.46478632 1.0
-6.0196757 -5.2753563 0.4204303 1.0
-5.9995637 -5.2962022 0.42387277 1.0
-7.2041039 -0.52698618 0.17657809 1.0
-7.1823149 -0.56427717 0.18346775 1.0
-7.1527891 -0.63991839 0.1954796 1.0
-7.1851697 -0.69645846 0.19736087 1.0
-6.7703943 -0.72037876 0.25362524 1.0
-11.418715 -1.4663956 -0.26886463 1.0
-11.423876 -1.5504019 -0.26070881 1.0
-11.690748 -1.6761618 -0.282056 1.0
-11.443981 -1.6789048 -0.24991387 1.0
-11.44751 -1.7633976 -0.24163339 1.0
-7.7572641 -1.2832476 0.18467464 1.0
-7.6699481 -1.2955787 0.19716065 1.0
-7.5626211 -1.3034289 0.21175821 1.0
-7.4302497 -1.3055878 0.22899257 1.0
-7.2507915 -1.3246446 0.25395906 1.0
-7.1436868 -1.3430684 0.26954511 1.0
-7.0812869 -1.3701792 0.28024402 1.0
-7.0122957 -1.3818678 0.29024428 1.0
-6.781333 -1.3957011 0.32118231 1.0
0.11791625 -19.22735 2.5170472 1.0
0.22005787 -19.222424 2.5184567 1.0
0.32236302 -19.222795 2.5203812 1.0
0.37766272 -18.842487 2.4863918 1.0
0.44450217 -18.840935 2.4874361 1.0
0.62885803 -19.209206 2.524502 1.0
0.73122329 -19.208584 2.5261486 1.0
0.83328128 -19.201815 2.5271716 1.0
0.93558311 -19.198835 2.528506 1.0
0.11622896 -3.58219 1.2141644 1.0
0.49854732 -3.6178663 1.2237682 1.0
0.7146405 -3.6761839 1.2333139 1.0
0.87441164 -3.6610048 1.2325125 1.0
0.97724849 -3.5805652 1.2226552 1.0
1.00939 -3.5642719 1.2206854 1.0
1.1650913 -3.5744553 1.2225512 1.0
1.2006041 -3.5460553 1.2189226 1.0
3.0427046 -7.2836199 1.711151 1.0
3.1233664 -7.2864957 1.711503 1.0
2.2720261 -5.3102431 1.4513216 1.0
2.2689052 -5.251822 1.4436102 1.0
2.2635303 -5.1894431 1.4353743 1.0
0.42347234 2.0097148 1.0143526 1.0
0.35332453 2.0143297 1.0106021 1.0
0.26630411 2.0141926 1.0064732 1.0
0.19196701 2.0081007 1.0034257 1.0
-0.24512345 2.0512066 1.03083 1.0
-0.35110274 2.0572357 1.029214 1.0
-0.45884719 2.0568521 0.98388189 1.0
-0.54953974 2.0538428 0.98290324 1.0
-0.75854194 2.0616963 0.98109818 1.0
-1.134186 2.0987883 0.97976422 1.0
-1.3870825 2.1672504 0.97812784 1.0
-1.4506112 2.1633997 0.97898918 1.0
-1.9494166 2.5894783 0.96101791 1.0
-1.9503906 2.5256479 0.96467179 1.0
-1.958765 2.3054099 0.9778105 1.0
-1.9580282 2.2479393 0.9811756 1.0
-1.9780794 2.1140895 0.98966998 1.0
-7.3774738 -3.3170354 0.51106745 1.0
-7.3210216 -3.3188765 0.51698357 1.0
-7.2146111 -3.309649 0.52632695 1.0
-7.0611653 -3.319303 0.54297745 1.0
-6.8884969 -3.3597496 0.565723 1.0
-6.8908486 -3.6320858 0.60286367 1.0
-6.884336 -3.7001584 0.6127277 1.0
-6.9526134 -3.9524477 0.64007658 1.0
-6.1596384 -3.5930171 0.66803235 1.0
-6.0023961 -3.6034482 0.68430787 1.0
-5.814867 -3.5885141 0.69999176 1.0
-5.4466782 -3.6164088 0.73773581 1.0
-5.3421106 -3.6202219 0.74778706 1.0
-5.0369639 -3.6123044 0.77437407 1.0
-4.8695869 -3.5553083 0.78222334 1.0
-4.9146986 -3.620132 0.78624767 1.0
-4.9088159 -3.6699412 0.79292327 1.0
-4.9204597 -3.7354131 0.79995567 1.0
-2.6545725 -4.1172009 1.91233 1.0
-2.6588223 -4.2061129 1.9296476 1.0
-2.6582289 -4.409112 1.9742357 1.0
-2.6742189 -4.5475655 1.9964757 1.0
-2.6721227 -4.7158184 2.0296142 1.0
-2.6775794 -4.8242941 2.051013 1.0
-2.6709421 -4.9153376 2.0690596 1.0
-1.5716763 -3.2493439 1.7450386 1.0
-1.1894681 -3.2264519 1.7445722 1.0
-1.0911375 -3.2316103 1.7471271 1.0
-0.98604739 -3.1082509 1.7237701 1.0
-0.93325758 -3.1841338 1.7402445 1.0
-0.88489741 -3.3405545 1.7733067 1.0
-0.79754984 -3.3512521 1.7774622 1.0
-0.77275175 -3.517364 1.8123685 1.0
-0.70883858 -3.5274708 1.8161331 1.0
-0.69842184 -3.6496694 1.8417242 1.0
-0.70848531 -4.0278254 0.94864684 1.0
-0.70754522 -4.5164876 0.97674733 1.0
-0.7525025 -4.6509662 0.98047698 1.0
-0.69864535 -4.8108993 0.99391061 1.0
-0.69787234 -5.0230074 1.0060866 1.0
-0.8279652 -7.3046379 1.1327627 1.0
-0.74882597 -7.3081021 1.1352599 1.0
-0.65953547 -7.6432991 1.1568626 1.0
-0.33032003 -7.8077912 1.174198 1.0
-0.24785355 -7.2600789 1.144778 1.0
-0.14192699 -19.138872 1.8226151 1.0
-0.0742919 -19.160202 1.8251642 1.0
-0.0084882723 -19.035957 1.8193673 1.0
0.062747374 -19.278805 1.8345302 1.0
0.16457999 -16.64344 1.6863998 1.0
0.25269574 -16.640297 1.6877476 1.0
0.3412123 -16.647499 1.6896291 1.0
0.43026856 -16.666342 1.6921319 1.0
0.54782093 -17.290092 1.7294903 1.0
0.66614866 -16.665323 1.6955754 1.0
0.72534555 -16.667994 1.6965435 1.0
0.068896197 -3.8146834 0.95364434 1.0
0.080675401 -3.6276562 0.94303989 1.0
-8.0523281 -2.9873247 0.91729939 1.0
-7.9414096 -2.9940982 0.92481619 1.0
-7.8471961 -2.9899492 0.93009126 1.0
-7.7077436 -2.9993558 0.93963099 1.0
-7.6434622 -3.0055673 0.94423503 1.0
-7.5719638 -3.0083854 0.94889772 1.0
-7.4519196 -3.0063334 0.95596629 1.0
-7.3614888 -3.0156081 0.96249336 1.0
-7.2254248 -3.0198498 0.97122592 1.0
-7.1860313 -3.0647132 0.97860104 1.0
-7.1990314 -3.1326222 0.98535347 1.0
-7.2029867 -3.2707651 1.0004252 1.0
-7.4016662 -3.5491064 1.019201 1.0
-7.3341641 -3.5489604 1.0232561 1.0
-6.6438766 -3.359302 1.0439278 1.0
-6.6600642 -3.4805725 1.056291 1.0
-6.0370259 -3.3300333 1.0771359 1.0
-5.9991093 -3.3375781 1.0802314 1.0
-5.7073288 -3.3398166 1.097908 1.0
8.6547184 2.0480547 0.13285741 1.0
7.5702624 1.8643112 0.24671125 1.0
7.4952536 1.8736167 0.2513974 1.0
7.3723745 1.8712782 0.26160777 1.0
7.2811699 1.8755721 0.26830015 1.0
7.1765628 1.8885678 0.27478001 1.0
7.0483508 1.8947964 0.28411832 1.0
6.9525485 1.8955841 0.2916497 1.0
6.8429518 1.9042432 0.29910254 1.0
6.9802876 2.0013428 0.27375761 1.0
7.0506577 2.0576227 0.25976738 1.0
5.7815695 1.7849337 0.40102789 1.0
5.6330094 1.7827356 0.41304383 1.0
5.5610561 1.7815506 0.41886935 1.0
5.4308238 1.7818238 0.42902115 1.0
5.291945 1.7776046 0.44050491 1.0
4.8383985 1.7936304 0.47306681 1.0
4.7649765 1.7943023 0.47858092 1.0
-1.3612341 1.9992437 0.11926977 1.0
-1.4398516 1.89174 0.14322424 1.0
-1.4825928 1.8931795 0.13876268 1.0
-2.1524909 2.1017511 0.010997701 1.0
-2.4551706 2.1527364 -0.037000474 1.0
-2.3677835 1.8688796 0.048385445 1.0
-2.3831208 1.8687494 0.046572771 1.0
-2.5638764 1.8929201 0.018295441 1.0
-2.6279089 1.8886037 0.011502499 1.0
-2.7528157 1.8853358 -0.0032522595 1.0
-3.5162725 2.2045531 -0.18053773 1.0
-3.1483641 1.8853317 -0.053839155 1.0
-3.5677249 2.066294 -0.15298979 1.0
-3.6271744 2.0454164 -0.15567443 1.0
-3.4989567 1.8850058 -0.099817321 1.0
-3.6056037 1.8944255 -0.11627049 1.0
-3.7355285 1.8828986 -0.13089694 1.0
-3.9046524 1.8919601 -0.15582496 1.0
-3.9840233 1.888423 -0.1657303 1.0
-0.9698472 -7.1798425 1.7532424 1.0
-0.86320072 -7.1789112 1.7582207 1.0
-0.77301276 -7.1972518 1.7643402 1.0
-0.88977414 -9.2709284 1.9677444 1.0
-0.84007621 -9.27876 1.9708618 1.0
-0.77358794 -9.2870483 1.9748033 1.0
-0.59167397 -7.6930046 1.8227897 1.0
-0.67069322 -9.2704945 1.9779313 1.0
-0.60393476 -9.2750454 1.9814903 1.0
-0.36014763 -7.1513066 1.77902 1.0
-0.38189384 -7.860219 1.8493645 1.0
-0.46978951 -9.27561 1.9877523 1.0
-0.40654662 -8.8978519 1.9526522 1.0
-0.37233448 -8.8704691 1.9514719 1.0
-0.3924146 -9.5975809 2.023715 1.0
0.069234766 -3.7422154 1.455735 1.0
0.4351604 -3.4062805 1.5672058 1.0
0.57220018 -3.631073 1.6040457 1.0
0.61160213 -3.6107736 1.6031042 1.0
1.0815003 -3.4588804 1.4922639 1.0
1.162105 -3.5325427 1.5090493 1.0
1.3612169 -3.6731918 1.5423925 1.0
2.2983506 -5.2339425 1.8772042 1.0
2.312932 -5.1889629 1.868751 1.0
2.3090491 -5.1309505 1.8571965 1.0
2.3016009 -5.0423217 1.8395027 1.0
2.2996204 -4.9433084 1.8199238 1.0
2.2894003 -4.763422 1.7841728 1.0
2.2860987 -4.7129683 1.7741357 1.0
2.2365978 -4.4095249 1.7129172 1.0
2.2356758 -4.3680954 1.7047347 1.0
2.2305584 -4.2240176 1.6762308 1.0
2.228456 -4.1460333 1.6608286 1.0
2.2265298 -3.9139888 1.6151584 1.0
2.2289345 -3.8844049 1.6094197 1.0
2.3730729 -3.4633968 1.5313244 1.0
2.4644735 -3.3693194 1.5158222 1.0
2.9172854 -3.5073936 1.5573851 1.0
3.0374019 -3.3670895 1.5340382 1.0
3.0957885 -3.3923626 1.5408881 1.0
7.0239534 -4.9853592 1.0235627 1.0
6.5010281 -4.3289557 0.96528405 1.0
6.5121441 -4.285367 0.95899385 1.0
6.5153255 -4.2030015 0.94799572 1.0
6.5112953 -4.1002598 0.93462831 1.0
6.5095811 -4.0004115 0.92144328 1.0
6.5215282 -3.861999 0.90225667 1.0
6.5226412 -3.7987196 0.89366454 1.0
6.5152225 -3.6524189 0.87422466 1.0
6.5276093 -3.5972848 0.86600524 1.0
6.5286493 -3.5360479 0.85755163 1.0
6.7435579 -3.4064338 0.82739848 1.0
6.8502469 -3.4001827 0.82038695 1.0
6.9624891 -3.4109619 0.8154133 1.0
7.0700555 -3.4182858 0.81020731 1.0
7.1444907 -3.407882 0.80440569 1.0
7.2163286 -3.3955941 0.79847127 1.0
-6.8339725 -1.6969829 0.59531838 1.0
-6.7295175 -1.7476175 0.61041421 1.0
-6.7218399 -1.7981645 0.61635983 1.0
-6.737474 -1.8556473 0.62081432 1.0
-6.8354936 -1.9250726 0.61874491 1.0
-6.8499999 -1.9972557 0.62477344 1.0
-11.552017 -3.5255027 0.34038693 1.0
-11.544873 -3.7048149 0.3592557 1.0
-11.452631 -3.742202 0.37164113 1.0
-11.316444 -3.7411692 0.38423532 1.0
-6.8248272 -2.2358463 0.65130055 1.0
-11.225007 -3.934432 0.41212332 1.0
-11.223012 -4.0015821 0.41900259 1.0
-11.244844 -4.1006403 0.42682382 1.0
-11.254888 -4.1730518 0.43306991 1.0
-8.1042547 -3.0077491 0.60943347 1.0
-8.041276 -3.0167816 0.61614931 1.0
-7.9531746 -3.0155454 0.62416941 1.0
-7.8841605 -3.0212607 0.63110459 1.0
-7.6421795 -3.0373652 0.65499026 1.0
-1.0497844 1.8907095 0.037478924 1.0
-1.1202269 1.9128052 0.02162214 1.0
-1.362655 2.2202723 -0.11867008 1.0
-1.3897227 2.218426 -0.12121055 1.0
-1.6115414 2.5262988 -0.25955966 1.0
-1.5892864 2.4440014 -0.22710748 1.0
-1.7093053 2.3501742 -0.20899183 1.0
-1.8892438 2.2452924 -0.19752833 1.0
-2.4087024 2.6063097 -0.39881384 1.0
-2.0684011 2.2011075 -0.20955603 1.0
-2.071584 2.1768847 -0.20192005 1.0
-2.4783754 2.5553091 -0.39258832 1.0
-2.4730003 2.533457 -0.38444772 1.0
-2.4338143 2.4252553 -0.34224349 1.0
-2.1835339 1.8443359 -0.1118779 1.0
-2.4053652 1.8658983 -0.1578292 1.0
-2.5528343 1.8762951 -0.18773949 1.0
-2.6632948 1.8783957 -0.20870361 1.0
-2.8191154 1.8604715 -0.23250489 1.0
-3.2484739 2.0184033 -0.36055648 1.0
-7.0285654 -3.1533864 -0.014063569 1.0
-7.0393343 -3.349998 0.0056642522 1.0
-6.9295831 -3.3646786 0.025062393 1.0
-6.8760986 -3.3647594 0.033728037 1.0
-6.9059072 -3.4108322 0.033781957 1.0
-6.9934602 -3.4896846 0.027955558 1.0
-7.0192866 -3.565074 0.031672362 1.0
-7.0452805 -3.6413436 0.035403818 1.0
-7.079812 -3.6924524 0.035134252 1.0
-7.1060843 -3.7706435 0.038917925 1.0
-7.0874662 -3.8386147 0.048740413 1.0
-7.0765452 -3.8797369 0.054582428 1.0
-7.0746903 -3.9105852 0.057941251 1.0
-7.0861301 -3.9659703 0.061608706 1.0
-7.0896711 -4.0330834 0.06762661 1.0
-7.0760393 -4.0734024 0.073677294 1.0
-7.0854917 -4.1453791 0.079096437 1.0
-2.6547997 -4.9859085 0.69988728 1.0
-2.661432 -5.0987225 0.70336837 1.0
-2.6655736 -5.2094955 0.7069447 1.0
-2.6655693 -5.2875485 0.70968401 1.0
-4.3930011 -9.3986683 0.70878398 1.0
-4.3335714 -9.3970757 0.71364212 1.0
-4.052475 -9.0399427 0.72439551 1.0
-4.0729947 -9.2787209 0.73073554 1.0
-4.1136446 -9.4785471 0.73413235 1.0
-4.086226 -9.5074749 0.73724413 1.0
-1.6146333 -3.3663619 0.72957921 1.0
-1.3294184 -3.3199072 0.74833179 1.0
-1.1738727 -3.3904493 0.75993299 1.0
-0.99469525 -3.3570476 0.76895642 1.0
-0.82917047 -3.3739367 0.77733421 1.0
-0.83888823 -3.7142634 0.78495568 1.0
-0.82180721 -5.2229085 0.82041866 1.0
-0.75165993 -5.2224479 0.82288641 1.0
-7.6383038 -3.0027537 0.358329 1.0
-7.5009584 -3.0100989 0.37592953 1.0
-7.1164708 -3.0176151 0.42392299 1.0
-7.0162544 -3.0192366 0.43636051 1.0
-6.9113116 -3.0326827 0.45031798 1.0
-6.790729 -3.0524592 0.46666029 1.0
-6.804235 -3.3160782 0.48594898 1.0
-6.7951741 -3.3731265 0.49148992 1.0
-6.7573967 -3.4466219 0.5017181 1.0
-6.7337875 -3.5068681 0.50915611 1.0
-6.7686443 -3.6411231 0.515154 1.0
-6.8062725 -3.7098069 0.5158155 1.0
-6.1398015 -3.3846602 0.57090604 1.0
-5.91822 -3.4033301 0.59855109 1.0
-5.8642998 -3.4005351 0.60471445 1.0
-5.6958566 -3.4141455 0.62552208 1.0
-5.6535797 -3.4167521 0.63066745 1.0
-5.5478072 -3.421926 0.64341062 1.0
-5.3395886 -3.4291639 0.66815376 1.0
-5.2361717 -3.4304416 0.68021131 1.0
-0.032307073 2.0657673 1.1827772 1.0
-1.2315595 2.3765581 1.2329726 1.0
-1.2538048 2.2145634 1.2294406 1.0
-1.9379768 2.7511022 1.2923665 1.0
-1.936602 2.6810336 1.2908759 1.0
-1.9682581 2.5184019 1.2908516 1.0
-1.653965 -3.194736 2.1700554 1.0
-1.3629439 -3.0884523 2.1270747 1.0
-1.2511445 -3.1305068 2.1364868 1.0
-1.1891453 -3.1535704 2.1419511 1.0
-0.92826778 -3.152952 2.136951 1.0
-0.9173556 -3.1791081 2.1449947 1.0
-0.8681581 -3.2109795 2.1545165 1.0
-0.79516542 -3.2852151 2.1774015 1.0
-0.71520066 -3.4609809 2.2329609 1.0
0.91748577 2.0458393 1.342252 1.0
-0.69526386 -5.1403341 1.1742005 1.0
-1.046955 -7.1748061 1.215821 1.0
-0.99370664 -7.173667 1.2188364 1.0
-0.86278147 -7.1808305 1.2264113 1.0
-1.0483705 -8.9848289 1.270288 1.0
-0.60156399 -7.1875553 1.2409962 1.0
-0.52095079 -7.9396472 1.2674104 1.0
-0.4918938 -7.9355021 1.2687589 1.0
-0.40672961 -7.3331237 1.2553059 1.0
-0.34297282 -7.2089705 1.2548337 1.0
-0.31990865 -7.9288726 1.2770855 1.0
-0.36740261 -8.9717703 1.3053294 1.0
0.38866335 -3.4679046 1.3085797 1.0
0.40048239 -3.4272583 1.3064549 1.0
0.4570345 -3.5613863 1.3173217 1.0
0.57107419 -3.6762033 1.3291384 1.0
0.72454089 -3.2413447 1.306854 1.0
0.84549391 -3.2645583 1.3125505 1.0
-2.6243877 -4.4625974 0.81609309 1.0
-2.6662183 -4.8967862 0.81651866 1.0
-2.6926539 -5.0046978 0.81488055 1.0
-3.9919872 -7.3375554 0.70505893 1.0
-3.9508011 -7.3562088 0.70940059 1.0
-3.9092786 -7.3741837 0.71374434 1.0
-1.3032398 -3.2221761 0.93750894 1.0
-1.206375 -3.2464261 0.94637644 1.0
-1.1898396 -3.2410512 0.94783849 1.0
-0.98153913 -3.1688256 0.96575147 1.0
-0.85311389 -4.6344185 0.97348219 1.0
-0.81093395 -4.6437397 0.9763431 1.0
-0.68199116 -4.3317389 0.98617077 1.0
-0.66888463 -4.4271703 0.98666227 1.0
-0.68037587 -4.6516047 0.98499 1.0
-0.67726344 -4.9120207 0.98406571 1.0
-0.68610716 -5.1617727 0.98237878 1.0
-1.0219216 -7.2183185 0.95183378 1.0
-0.63651633 -6.1500525 0.75264657 1.0
-0.51490986 -6.1622124 0.75955427 1.0
-0.43745142 -6.1687169 0.76380724 1.0
-0.33794087 -6.1756268 0.76935619 1.0
-0.23824844 -6.1811538 0.77450567 1.0
-0.18285523 -6.1835938 0.77729189 1.0
0.12138949 -3.7611771 0.89375836 1.0
0.17883429 -3.5718467 0.91731507 1.0
0.57870144 -3.6719763 1.0510501 1.0
0.6803785 -3.6685927 1.0539942 1.0
0.74118423 -3.6633983 1.0556219 1.0
0.95552576 -3.6845539 1.0602044 1.0
-4.4753313 -2.067939 0.12145974 1.0
-4.4367023 -2.1507759 0.13242161 1.0
-4.3966541 -2.2329373 0.14336498 1.0
-4.3719044 -2.2818747 0.1499196 1.0
-4.3380284 -2.3466802 0.15864472 1.0
-4.2989159 -2.4190505 0.16844058 1.0
-4.2676845 -2.474894 0.17604236 1.0
-4.1888967 -2.6088276 0.19443308 1.0
-4.1176238 -2.7223768 0.2102076 1.0
-4.0809393 -2.7784827 0.21806198 1.0
-4.0244436 -2.861661 0.22979231 1.0
-3.9929857 -2.906589 0.23616692 1.0
-3.9609945 -2.9511395 0.24252047 1.0
4.4575901 -3.1228795 0.57319289 1.0
4.502913 -3.065017 0.5682438 1.0
4.5908732 -2.9472709 0.55801588 1.0
4.6398015 -2.8806329 0.55198842 1.0
4.6796932 -2.8244562 0.54685414 1.0
4.7653432 -2.6993783 0.53525931 1.0
4.80933 -2.6293521 0.52890509 1.0
4.833282 -2.5901532 0.52531898 1.0
4.8800435 -2.5110846 0.51801777 1.0
4.9323325 -2.4140306 0.50939089 1.0
4.9795356 -2.3247707 0.50114262 1.0
5.0391221 -2.2006779 0.48988098 1.0
0.95688808 -3.8232625 0.76641923 1.0
1.1448548 -4.1989083 0.73853773 1.0
1.176654 -4.0853872 0.74698979 1.0
1.1983076 -4.0418844 0.75016433 1.0
1.2383745 -4.0150442 0.75194579 1.0
1.5498054 -4.9027996 0.68444258 1.0
1.6564008 -4.8798695 0.68488145 1.0
1.7274235 -4.8640518 0.6849944 1.0
1.939237 -4.8101053 0.68456888 1.0
2.1175659 -4.7674818 0.68268287 1.0
-1.4378847 -3.3042548 1.6824591 1.0
-1.1500348 -3.358722 1.6966549 1.0
-1.0132942 -3.2519662 1.6681702 1.0
-0.95061469 -3.4123356 1.7119577 1.0
-0.86080462 -3.3654714 1.6998636 1.0
-0.85029274 -3.3841238 1.7050152 1.0
-0.79580176 -3.476835 1.7307061 1.0
-0.75911403 -3.6243939 1.7712082 1.0
-0.65942514 -4.3973651 1.9828557 1.0
-0.63011467 -4.3474946 1.969723 1.0
-0.61614251 -4.3855801 1.9803121 1.0
-0.59008193 -4.6368394 2.0491643 1.0
-0.15680279 -4.5746126 2.0410571 1.0
-0.068868704 -4.5811725 2.0450509 1.0
0.028255988 -4.5876527 2.0494165 1.0
-0.9236933 -3.9743555 0.66248488 1.0
-0.80437493 -3.9336729 0.6761362 1.0
-0.74078506 -3.9226604 0.68239278 1.0
-0.83546048 -4.8609514 0.6062302 1.0
-0.72212082 -4.9156313 0.61908382 1.0
-0.54098141 -4.9440103 0.62219429 1.0
-0.44328696 -4.9594245 0.62763011 1.0
-0.34535196 -4.9733849 0.63282645 1.0
2.2709992 -4.70824 0.68152583 1.0
2.3386171 -4.6804657 0.68082553 1.0
2.389065 -4.6590009 0.68021828 1.0
2.4377022 -4.6334558 0.67982084 1.0
2.3287532 -4.3034682 0.70476651 1.0
2.3495092 -4.1089668 0.71560615 1.0
2.3815727 -4.0248065 0.71904182 1.0
2.6922624 -4.5098872 0.67538494 1.0
2.7495964 -4.481658 0.67400074 1.0
2.8056836 -4.4318895 0.67373115 1.0
2.8227572 -4.425189 0.67314631 1.0
2.9017518 -4.3433828 0.6729784 1.0
2.8356242 -3.9251142 0.6985594 1.0
2.8081164 -3.8489547 0.70412445 1.0
6.8108006 0.97607952 0.18886884 1.0
6.7791734 1.1777843 0.1647471 1.0
6.7648954 1.2616155 0.15454283 1.0
6.7451925 1.3675131 0.14161247 1.0
6.7270613 1.4563887 0.13072199 1.0
6.7057405 1.5561748 0.1183603 1.0
6.6878223 1.6528534 0.10582662 1.0
6.6608014 1.7786062 0.089598879 1.0
6.6434565 1.8562068 0.079451546 1.0
4.4867887 -1.3217883 0.36743191 1.0
4.5034294 -1.2570753 0.36185881 1.0
4.5195522 -1.2031295 0.3566305 1.0
4.5381422 -1.1446605 0.35056096 1.0
4.5731373 -1.0238631 0.33801293 1.0
4.5922894 -0.94219565 0.329925 1.0
4.6101441 -0.87820387 0.32279646 1.0
4.6270866 -0.80343264 0.31490004 1.0
4.6516423 -0.71776187 0.30448496 1.0
4.6639223 -0.63493311 0.29621997 1.0
4.674016 -0.54325598 0.28732851 1.0
5.0544939 -2.1571107 0.48653117 1.0
5.0927081 -2.0334291 0.47733077 1.0
5.1131368 -1.9625497 0.47199079 1.0
5.1292882 -1.9033728 0.46749088 1.0
5.1543627 -1.8153 0.46042684 1.0
5.1931157 -1.7200778 0.45075449 1.0
5.2134032 -1.6695679 0.44551641 1.0
5.2330861 -1.6188095 0.44021913 1.0
5.2751775 -1.5053605 0.42828903 1.0
5.299089 -1.4304352 0.42066434 1.0
5.3365588 -1.3137432 0.40833127 1.0
-3.9121349 -3.0173285 0.25201452 1.0
-3.8790374 -3.0610662 0.25832117 1.0
-3.8055851 -3.1544781 0.27190375 1.0
-3.7593327 -3.211122 0.28020981 1.0
-3.7241387 -3.2531881 0.28641289 1.0
-3.646204 -3.3428965 0.29975894 1.0
-3.5973728 -3.3973281 0.30791992 1.0
-3.5288279 -3.4708986 0.31905419 1.0
-3.4908395 -3.5104568 0.32508737 1.0
-3.4330034 -3.5688992 0.33397141 1.0
-3.3486619 -3.6391687 0.34679455 1.0
1.1221597 1.9397951 0.63743758 1.0
1.072647 1.9401627 0.63354784 1.0
0.99249077 1.9484946 0.62653142 1.0
0.22778003 1.9218787 0.58163792 1.0
-8.4089937e-05 2.1210029 0.55367798 1.0
0.014395931 2.6418078 0.50594735 1.0
-0.26910728 1.9463845 0.56217235 1.0
-0.53907663 1.9791238 0.53523332 1.0
-0.85434508 1.9887915 0.57040298 1.0
-0.94340229 1.9742841 0.55277759 1.0
-1.0845839 1.9885145 0.57912964 1.0
-1.1535892 1.9464115 0.56229919 1.0
-1.2472094 1.9374816 0.56520754 1.0
-1.4654591 1.9320173 0.57158065 1.0
6.8030076 0.083552659 0.3011969 1.0
6.8127031 0.18464802 0.28840491 1.0
6.8198137 0.27475318 0.27696896 1.0
6.8257656 0.36506554 0.26544258 1.0
6.8359971 0.46708417 0.25177011 1.0
6.839056 0.56913203 0.23869218 1.0
6.835947 0.64836073 0.22903626 1.0
6.8326268 0.73900121 0.21775839 1.0
6.8260093 0.85794014 0.20291099 1.0
6.8184385 0.93128246 0.19402014 1.0
-7.2194452 0.14086494 -0.2738063 1.0
-7.2633042 0.067749761 -0.26697364 1.0
-7.2978258 0.018258641 -0.26311219 1.0
-7.3234162 -0.051694356 -0.25434703 1.0
-6.902998 -0.046959318 -0.19382781 1.0
-7.4232922 -0.15926845 -0.24984983 1.0
-7.5122614 -0.2648164 -0.24430326 1.0
-7.5537071 -0.36870885 -0.23229696 1.0
-7.6036296 -0.46222281 -0.22347206 1.0
-7.6549687 -0.53154314 -0.21910077 1.0
-7.7061625 -0.58893758 -0.21679755 1.0
-7.7569957 -0.64707255 -0.21436231 1.0
4.3489151 1.9778104 0.41889569 1.0
-0.79058152 -3.2261472 1.8850303 1.0
-0.75860447 -3.5068157 1.9535358 1.0
-0.71650159 -3.5098414 1.9550476 1.0
-0.79639059 -3.8791671 2.043355 1.0
-0.98610574 -4.7428079 2.2498407 1.0
-0.93632263 -4.7320948 2.2482634 1.0
-0.90776443 -4.767889 2.257616 1.0
-0.88374746 -4.8639574 2.2816215 1.0
-0.85826993 -5.0466809 2.3269088 1.0
-0.78025478 -5.048759 2.3294146 1.0
0.090529762 -3.6603813 2.0173659 1.0
0.35676891 -3.3704293 2.0932105 1.0
4.3496308 2.1766505 0.38161901 1.0
4.9139042 2.495553 0.32445094 1.0
4.9159956 2.5672596 0.31097105 1.0
3.299123 1.8994842 0.42853296 1.0
3.2801375 1.9735639 0.41937697 1.0
4.3253288 2.5387776 0.31328043 1.0
3.6398897 2.252846 0.36362863 1.0
3.9862022 2.4458025 0.32902303 1.0
3.905102 2.4410317 0.32948029 1.0
3.2920923 2.2590127 0.36051279 1.0
3.289608 2.3747098 0.33852383 1.0
3.0915759 2.3965325 0.33315486 1.0
3.0833683 2.434824 0.32580277 1.0
3.1246512 2.5453131 0.30498061 1.0
4.0968637 -3.5400462 0.60669583 1.0
4.1422591 -3.4943376 0.60296148 1.0
4.1917477 -3.4398267 0.59880126 1.0
4.2323551 -3.3896885 0.59532654 1.0
4.2809482 -3.3344915 0.59089327 1.0
0.059973698 -4.230443 0.55333304 1.0
0.14679264 -4.2374792 0.55658144 1.0
0.25583369 -5.0220218 0.65672904 1.0
0.30569389 -4.1684303 0.72570634 1.0
0.34865254 -4.0130248 0.73941886 1.0
0.39380217 -4.0717764 0.73630142 1.0
0.41056204 -4.1403041 0.73144865 1.0
0.53616339 -3.979562 0.7476176 1.0
-4.7287188 1.4808317 -0.34725022 1.0
-5.0034461 1.1220775 -0.31650549 1.0
-5.0997019 0.99296993 -0.3063539 1.0
-5.1351733 0.94652969 -0.30303252 1.0
-5.2102084 0.84372866 -0.29535216 1.0
-5.3435473 0.64633113 -0.27977881 1.0
-11.465967 -0.21420968 0.38770327 1.0
-11.448825 -0.35678345 0.40551901 1.0
-11.443998 -0.39746982 0.4105933 1.0
-11.749221 -0.45567152 0.3984597 1.0
-6.6671405 -0.21702722 0.68615341 1.0
-6.6688833 -0.29017729 0.6946066 1.0
-6.6684074 -0.33888131 0.70032936 1.0
-6.6632166 -0.3872247 0.70629555 1.0
-11.462216 -0.91230208 0.46966055 1.0
-11.475239 -0.99618793 0.47862363 1.0
-11.482426 -1.0590172 0.48548967 1.0
-6.7694345 -0.59521145 0.7239244 1.0
-6.6246033 -0.6638785 0.74087852 1.0
-11.508036 -1.4994566 0.53499454 1.0
4.89922 -2.551939 0.18677656 1.0
4.8980441 -2.4566989 0.17828475 1.0
4.8893247 -2.3442743 0.16908717 1.0
4.8784943 -2.2401912 0.16071658 1.0
4.8654394 -2.1423903 0.15303716 1.0
4.8411098 -2.0305285 0.14546435 1.0
4.8248925 -1.9711314 0.14184247 1.0
4.8115573 -1.9239945 0.13898154 1.0
4.7912087 -1.8541126 0.13472345 1.0
4.7467585 -1.646727 0.11881775 1.0
0.040531766 1.947667 0.42958209 1.0
-0.031371757 1.9541398 0.42517689 1.0
-0.34604645 2.644201 0.16540779 1.0
-0.54867601 2.6546495 0.14515547 1.0
-0.62225145 2.6406767 0.14131567 1.0
-1.1450008 2.4149079 0.14056873 1.0
-1.2568274 2.2811201 0.16325186 1.0
-1.2734642 2.1540761 0.19909386 1.0
-1.2751557 2.1139088 0.21092796 1.0
-1.9636767 2.2578955 0.032182761 1.0
-5.1547771 2.066077 -0.28492197 1.0
-5.9908371 2.3118808 -0.48653609 1.0
-5.9536843 2.2385995 -0.4670321 1.0
-5.9759784 2.1970737 -0.46433249 1.0
-5.982852 2.1185882 -0.45260835 1.0
-5.9711218 2.1350687 -0.45306516 1.0
-6.0466275 2.0366514 -0.45142859 1.0
-6.0799427 1.9856741 -0.44957563 1.0
-6.0919995 1.8331327 -0.4280276 1.0
-6.1048918 1.7294652 -0.41478491 1.0
6.6475186 -6.4504018 1.5633858 1.0
6.7241788 -6.45433 1.5626519 1.0
6.7737131 -6.4549513 1.5618944 1.0
6.8183684 -6.4505997 1.5605 1.0
7.0643668 -6.3987627 1.5486799 1.0
7.1365967 -6.4175782 1.5500937 1.0
7.1373911 -5.8770423 1.4714028 1.0
7.1543989 -5.6551762 1.4384946 1.0
7.1515174 -5.5689092 1.4258422 1.0
7.1457739 -5.3586192 1.3948685 1.0
7.1619916 -5.2900066 1.3843441 1.0
7.1657906 -5.2326646 1.3757404 1.0
7.060708 -4.9411564 1.334546 1.0
7.1273727 -4.9116817 1.3286536 1.0
6.5077329 -4.3208089 1.2538507 1.0
3.6746051 1.8905624 -0.18668787 1.0
3.4291234 1.927246 -0.16480249 1.0
3.4442098 2.0356209 -0.19426495 1.0
3.4101701 2.0826712 -0.20214921 1.0
3.3744395 2.1206141 -0.20760891 1.0
3.0596857 2.0445402 -0.14954264 1.0
3.0174546 2.0131936 -0.13620056 1.0
3.0678144 2.0996647 -0.16504242 1.0
2.7657788 2.0092349 -0.10508937 1.0
2.6835265 2.0061376 -0.094574474 1.0
2.5942814 2.0014524 -0.082893655 1.0
2.5264759 2.0009744 -0.07491526 1.0
2.4432418 1.9960002 -0.064005956 1.0
4.5644593 1.4540437 0.046662327 1.0
4.5373335 1.5548289 0.032891214 1.0
4.4997177 1.6741364 0.016844328 1.0
4.4742389 1.7582846 0.0048218532 1.0
4.4497876 1.8153448 -0.0022507873 1.0
4.3390975 1.7973218 0.021290848 1.0
4.2878308 1.8015312 0.029611839 1.0
4.2429204 1.8479574 0.027988551 1.0
4.2789507 1.9610282 -0.0021881086 1.0
4.2759762 2.0177934 -0.013818353 1.0
3.7302256 1.835224 0.12996258 1.0
3.6267846 1.8467497 0.13599488 1.0
3.5806375 1.863903 0.13814335 1.0
-1.425674 -3.0993218 1.991253 1.0
2.7903309 -3.4982991 0.72197795 1.0
3.3996792 -4.1078978 0.6502257 1.0
3.4376807 -4.0822062 0.64835167 1.0
3.4905653 -4.0457416 0.64565855 1.0
3.5579143 -3.9978688 0.64205724 1.0
3.6612091 -3.921236 0.6361497 1.0
3.7122917 -3.8821154 0.63308185 1.0
3.7628334 -3.842248 0.62990761 1.0
3.8315754 -3.7859116 0.62563944 1.0
3.9415975 -3.6882963 0.61851925 1.0
4.0177755 -3.6171012 0.61289924 1.0
0.55467588 1.9266901 0.60226315 1.0
0.00021662901 1.9504308 0.57252204 1.0
-0.6622265 1.9669249 0.50641692 1.0
-1.6340003 2.6594851 0.20670034 1.0
-1.765115 2.6599112 0.18815531 1.0
-1.9535581 2.6638932 0.15927061 1.0
-2.1438549 2.6704137 0.1291656 1.0
-2.158011 2.589983 0.12840122 1.0
-1.9383366 2.2728999 0.25247464 1.0
-1.9470222 2.1801076 0.27207789 1.0
-1.9348093 2.0733335 0.29788682 1.0
-2.0603952 2.0601861 0.28017282 1.0
-2.1488669 2.0603273 0.26542243 1.0
-2.2114446 2.0522039 0.25665706 1.0
6.5222073 -6.578073 1.9768111 1.0
6.5562649 -6.5673914 1.9767745 1.0
6.6504855 -6.5735478 1.9804025 1.0
6.719223 -6.5751534 1.9827417 1.0
6.7860036 -6.5740676 1.9847331 1.0
6.9360094 -6.5628099 1.9882636 1.0
6.9881253 -5.9983602 1.9304634 1.0
7.0579386 -5.594348 1.8898426 1.0
7.0137653 -5.0821681 1.8340431 1.0
7.039185 -5.0450511 1.8308411 1.0
7.0942645 -5.0309854 1.8309783 1.0
6.5275402 -4.4033542 1.7470874 1.0
6.5430713 -4.2312055 1.7290907 1.0
6.5572338 -4.1429486 1.720026 1.0
4.4725471 -5.3346682 0.40277436 1.0
4.5378957 -5.1435804 0.38911906 1.0
4.5723548 -5.0344467 0.38126266 1.0
4.6008949 -4.9390426 0.37436295 1.0
4.6300445 -4.8286901 0.36655188 1.0
4.6520438 -4.7304821 0.35983616 1.0
4.673501 -4.6334939 0.35304746 1.0
4.7051349 -4.5482364 0.34537882 1.0
4.7311745 -4.4588504 0.33800042 1.0
4.7621546 -4.3437371 0.32851136 1.0
-0.83952945 -4.065722 0.50624806 1.0
-0.7156195 -4.014256 0.52332765 1.0
-0.63241601 -4.1252341 0.51858723 1.0
-0.33673105 -4.1782546 0.53565371 1.0
-0.21000633 -4.1971073 0.5419696 1.0
-0.084200956 -4.2148218 0.5475049 1.0
3.9145308 -2.4809952 0.4707163 1.0
3.993458 -2.3470268 0.46113789 1.0
4.081768 -2.2199924 0.44877842 1.0
4.1428084 -2.1258013 0.43950319 1.0
4.1816707 -2.0633397 0.43331194 1.0
4.2290754 -1.983376 0.42532703 1.0
4.2549882 -1.9298979 0.4206796 1.0
4.2856421 -1.8151979 0.41440153 1.0
4.3318453 -1.7064183 0.40485939 1.0
4.3740501 -1.6115942 0.39557824 1.0
4.4505205 -1.4228151 0.37683466 1.0
-2.6508291 -4.0862851 2.0949206 1.0
-2.6526847 -4.1877971 2.1178911 1.0
-2.6655869 -4.3791771 2.1615307 1.0
-2.6831532 -4.6083341 2.2140803 1.0
-2.6763477 -4.6934133 2.2334833 1.0
-2.6748922 -4.7895675 2.2555478 1.0
-2.6829653 -4.8843904 2.277468 1.0
-2.6883802 -4.9558306 2.2939978 1.0
-1.2832257 -3.1592419 1.8661453 1.0
-1.227833 -3.197319 1.8751053 1.0
-1.1686256 -3.2111096 1.8784547 1.0
-1.0857438 -3.2301667 1.883289 1.0
-0.96201289 -3.1356044 1.8614708 1.0
-0.88958341 -3.2561069 1.8910413 1.0
-0.86764133 -3.2727087 1.8952893 1.0
2.4692662 -5.2209516 0.57555217 1.0
2.5694349 -5.20854 0.56868225 1.0
2.6486361 -5.1771555 0.56283635 1.0
2.6161306 -5.1164536 0.56454283 1.0
2.2395949 -4.0157471 0.57950187 1.0
2.2320178 -3.9196966 0.57873994 1.0
2.4550357 -3.796962 0.5580073 1.0
2.5406203 -3.7931409 0.55032694 1.0
2.4046109 -3.4042103 0.55390203 1.0
2.4244738 -3.4050076 0.55205011 1.0
2.7785077 -3.4827559 0.5193519 1.0
3.2497704 -4.0192533 0.48765042 1.0
4.4430037 -5.4170141 0.40856048 1.0
-3.6204729 -4.899693 0.48760986 1.0
1.4666281 1.9155231 0.34892207 1.0
1.3877947 1.9203279 0.35624355 1.0
1.3730253 1.9784607 0.33740592 1.0
0.918226 2.2682936 0.26448122 1.0
0.88640237 2.2851861 0.25925392 1.0
0.89087635 2.426162 0.2051394 1.0
0.45850798 2.3959846 0.22105324 1.0
0.27860698 2.4126282 0.20968948 1.0
-0.18061469 2.3541181 0.20226255 1.0
-5.4031329 -3.3631032 0.041531287 1.0
-5.3827033 -3.53493 0.057051644 1.0
-5.3716564 -3.5673802 0.061183669 1.0
-5.3506303 -3.6474359 0.070120513 1.0
-5.3438077 -3.739553 0.077156246 1.0
-4.9996657 -3.6130073 0.12936126 1.0
-4.9620056 -3.6494572 0.13798784 1.0
-5.2913094 -4.0631738 0.10526279 1.0
-5.2811861 -4.1243896 0.11035497 1.0
-5.274271 -4.1638303 0.11364777 1.0
-5.2596178 -4.2428689 0.12027044 1.0
2.8680909 1.976377 0.46652147 1.0
2.7644548 1.9697456 0.4773972 1.0
2.0462525 2.1099098 0.50418156 1.0
2.06528 2.3593316 0.44337493 1.0
1.6471663 1.9444236 0.56945652 1.0
1.6445495 1.9496827 0.56834239 1.0
1.1622047 1.9642313 0.58669585 1.0
6.5134192 -4.2563767 1.244007 1.0
6.5193367 -4.1589661 1.2291496 1.0
6.51612 -4.0569196 1.213756 1.0
6.5109763 -3.955096 1.1983948 1.0
6.5224204 -3.8648095 1.1843495 1.0
6.5147052 -3.7323232 1.1642549 1.0
6.5167308 -3.5767455 1.1402724 1.0
6.5279908 -3.4955766 1.124789 1.0
6.5286236 -3.368757 1.1077774 1.0
6.632093 -3.3782916 1.1065962 1.0
6.7310543 -3.3844485 1.1049955 1.0
6.8782544 -3.3676338 1.0985339 1.0
6.9794807 -3.3877892 1.0990314 1.0
7.0427094 -3.3881183 1.0974189 1.0
7.2298384 -3.3691967 1.0894872 1.0
4.7113419 -0.32019904 0.26132458 1.0
4.7182655 -0.25406969 0.25391632 1.0
4.7268128 -0.13672474 0.24088405 1.0
4.73138 -0.044769138 0.23059607 1.0
4.7341766 0.059526853 0.21884309 1.0
4.7344146 0.17765705 0.20542751 1.0
4.7334814 0.23134193 0.19929387 1.0
4.7274895 0.37693998 0.18253623 1.0
-2.1590848 2.6130052 -0.23655097 1.0
-2.2241912 2.6155515 -0.25238386 1.0
-2.1553829 2.4512935 -0.18565764 1.0
-1.964504 2.1396616 -0.045690775 1.0
-1.967558 2.0665784 -0.024703935 1.0
-1.9681717 1.9526584 0.0084065087 1.0
-2.0033731 1.924561 0.0070189387 1.0
-2.1358514 1.9550594 -0.036885824 1.0
-2.3700759 1.9573436 -0.096857436 1.0
-2.5270534 2.0173831 -0.15450425 1.0
5.138093 0.13017462 -0.013434594 1.0
5.1106358 0.18628183 -0.019762004 1.0
5.0681949 0.25099215 -0.025686944 1.0
5.0317321 0.30579716 -0.030715454 1.0
4.9890604 0.3686645 -0.036500875 1.0
4.9524045 0.42184857 -0.041406393 1.0
4.9095368 0.48295668 -0.047058113 1.0
4.8727107 0.53453672 -0.051841415 1.0
4.8235106 0.60228848 -0.058141228 1.0
4.7371511 0.71786427 -0.068937249 1.0
4.7000556 0.76631528 -0.073481105 1.0
4.6381221 0.84553313 -0.080936447 1.0
4.8127761 -4.1559205 0.3123312 1.0
4.8196983 -4.1011338 0.30844873 1.0
4.8248782 -4.045506 0.30466959 1.0
4.8330379 -3.9487367 0.29806182 1.0
4.8432946 -3.7412314 0.28422186 1.0
4.8433914 -3.6435385 0.27803555 1.0
4.8483458 -3.5376072 0.27046075 1.0
-0.65865922 1.8718201 0.14399347 1.0
-0.77754986 1.8815353 0.13298492 1.0
-2.1926951 2.5379086 -0.227228 1.0
-2.2162466 2.5162218 -0.22344701 1.0
-2.4078324 2.5487483 -0.25813416 1.0
-2.1571114 2.0913286 -0.08584585 1.0
-2.3660502 1.8756984 -0.052465744 1.0
-2.4435906 1.8626099 -0.060361791 1.0
-3.079355 2.191021 -0.24967574 1.0
-3.1895337 2.1180496 -0.24663955 1.0
-3.2357624 2.0745277 -0.24207322 1.0
-0.033757631 -6.3350682 0.40276244 1.0
0.0027843157 -3.8323731 0.52217579 1.0
0.27988169 -6.2973166 0.40676907 1.0
0.66421664 -3.7614019 0.66181058 1.0
0.935637 -3.7264357 0.65403849 1.0
1.0218792 -3.7129674 0.6508882 1.0
1.0744458 -3.6155119 0.64899969 1.0
1.136247 -3.6911423 0.6461612 1.0
1.1569433 -3.6218364 0.64531571 1.0
1.3545338 -3.6525095 0.63545185 1.0
1.4664358 -3.6715791 0.62926781 1.0
3.172235 -7.3733974 0.54396862 1.0
3.2620273 -7.3280387 0.53833497 1.0
2.3277562 -5.1210885 0.58405328 1.0
5.0434546 2.4613237 0.74067837 1.0
-1.404604 -3.3228016 0.7912339 1.0
-1.2873769 -3.2611172 0.80543131 1.0
-1.2717667 -3.3571162 0.80432516 1.0
-0.91497999 -3.3114533 0.84042597 1.0
-0.87472749 -3.2722301 0.84539211 1.0
-0.8252148 -3.5051434 0.84161067 1.0
-0.85280943 -3.6455894 0.83426565 1.0
-0.66801858 -3.651531 0.84904665 1.0
-0.65330517 -3.9609089 0.83841777 1.0
-0.65987408 -4.1292582 0.83145726 1.0
-0.66325444 -4.2179728 0.82778245 1.0
-0.72257102 -5.0182939 0.79231006 1.0
-0.72142512 -5.1108284 0.78874326 1.0
-0.89034718 -6.118217 0.73731339 1.0
-0.8351534 -6.1254506 0.74076629 1.0
-5.4431524 -2.8476772 0.16485468 1.0
1.1453184 -3.450588 2.3195243 1.0
-1.1534047 -3.396704 0.62926376 1.0
-1.0133158 -3.264533 0.63922602 1.0
-0.83949101 -3.7159891 0.64412481 1.0
-0.70869219 -4.0012574 0.64662802 1.0
-0.6984657 -4.374723 0.64253867 1.0
-0.69926924 -4.5662851 0.64017993 1.0
-0.69820005 -4.7512231 0.63796163 1.0
-0.69971192 -5.2169347 0.63218015 1.0
-0.82202601 -7.2920117 0.6021542 1.0
-0.73117089 -7.2984924 0.60512501 1.0
-0.65295374 -7.2978311 0.6076057 1.0
-0.49647763 -7.2862186 0.61221355 1.0
-0.43162325 -7.2882833 0.61383212 1.0
-0.32784465 -7.2950373 0.61616814 1.0
-0.26291749 -7.302382 0.61746264 1.0
-3.1905804 2.0228837 0.99698168 1.0
-3.3658545 2.0428212 1.0211208 1.0
-3.4515638 2.0489483 1.0333438 1.0
-3.5560541 2.0418057 1.0496677 1.0
-3.7501175 2.0407109 1.079254 1.0
0.70685631 2.4500477 0.89045852 1.0
0.70335239 2.533736 0.89243108 1.0
0.64586872 2.666292 0.89019334 1.0
0.35691965 2.6815968 0.86369699 1.0
0.26453376 2.6816485 0.85653704 1.0
-5.9855204 1.6961744 -0.40215743 1.0
-6.2328577 1.4316694 -0.38150808 1.0
-6.2708502 1.3636495 -0.37282446 1.0
-6.3097529 1.3130515 -0.36798927 1.0
-6.3533897 1.2591902 -0.36322325 1.0
-6.388689 1.2105629 -0.35840175 1.0
-6.4326768 1.1627464 -0.3550545 1.0
-6.5826092 1.0065238 -0.34544113 1.0
-6.6334696 0.94549704 -0.34073552 1.0
-3.4761987 0.54068106 -0.12557504 1.0
-3.4807763 0.44159088 -0.1131423 1.0
-3.4811814 0.35584393 -0.10209925 1.0
-3.4744051 0.30946463 -0.093951598 1.0
-3.4695408 0.23926264 -0.083635584 1.0
-3.4664872 0.16921575 -0.074143238 1.0
-3.4594593 0.047038849 -0.058007069 1.0
-3.4558797 -0.044545285 -0.047165342 1.0
-3.4496181 -0.14578864 -0.035178859 1.0
-3.4405384 -0.24677818 -0.023113906 1.0
-3.4319758 -0.32479596 -0.013791914 1.0
-3.3234928 1.446134 -0.24126419 1.0
-3.3520863 1.3384156 -0.22740138 1.0
-3.3823917 1.2071788 -0.21034464 1.0
-3.4133461 1.0355171 -0.18746264 1.0
-3.4300978 0.93333298 -0.17435436 1.0
-3.4554355 0.76318616 -0.15345187 1.0
-0.62109381 2.409766 -0.30434847 1.0
-0.63241106 2.1678078 -0.19196784 1.0
-0.7290746 2.1487389 -0.19089784 1.0
-0.7709555 2.4515343 -0.33507261 1.0
-0.78049207 2.4200044 -0.32121363 1.0
-0.77254105 2.0725718 -0.15945017 1.0
-0.78529906 1.9063404 -0.084104091 1.0
-0.92358088 1.9109594 -0.10189165 1.0
-1.0263859 1.916046 -0.11746065 1.0
-1.3572059 2.3161905 -0.34229127 1.0
-1.4004575 2.3061359 -0.34443206 1.0
-1.3082199 2.0208573 -0.20559448 1.0
2.5129735 -5.2210722 0.35645548 1.0
2.5460463 -5.2166047 0.3537679 1.0
2.5684702 -5.1014476 0.35433698 1.0
2.6696875 -5.0563598 0.34621716 1.0
2.7199883 -5.0330496 0.34204158 1.0
2.2939041 -4.2398992 0.3958829 1.0
2.2964408 -4.1560798 0.39708084 1.0
2.3273959 -4.0052876 0.39640525 1.0
2.4332285 -4.1122289 0.38434622 1.0
2.9997818 -4.6491251 0.31931901 1.0
3.0435562 -4.6060882 0.31495199 1.0
2.8856776 -4.3058982 0.33452749 1.0
-10.120081 0.12694278 -0.34132776 1.0
-7.5709977 0.04135951 -0.045156758 1.0
-6.9164329 0.028572595 0.029199937 1.0
-6.9174981 -0.028728237 0.039325826 1.0
-6.9137378 -0.15843089 0.062762 1.0
-6.9107981 -0.21175483 0.072489567 1.0
-6.8443389 -0.34315598 0.10276707 1.0
-6.8236971 -0.4551824 0.12444502 1.0
-6.9222422 -0.66361523 0.14932275 1.0
-6.9462576 -0.72555763 0.15719332 1.0
-7.0201025 -0.86748129 0.173005 1.0
-11.557042 -1.8600949 -0.15497799 1.0
-4.6297379 -4.0209479 0.35527897 1.0
-3.6965041 -1.5478276 -0.065040231 1.0
-3.6742692 -1.7854887 -0.045968864 1.0
-3.6642222 -1.8590388 -0.040003702 1.0
-3.6532116 -1.9327854 -0.034003768 1.0
-3.6313367 -2.05511 -0.023979906 1.0
-3.6122391 -2.1481256 -0.01630854 1.0
-1.2525291 2.2252419 -0.196044 1.0
-1.3295345 2.2155035 -0.20219184 1.0
-1.4322813 2.21364 -0.21555823 1.0
-1.4707767 2.1440818 -0.19365208 1.0
-1.4838415 2.0833962 -0.17182755 1.0
-1.9631896 2.4049983 -0.37222445 1.0
-1.9849046 2.3924713 -0.37112606 1.0
-1.7885354 1.866051 -0.14076599 1.0
-1.9615133 1.8647071 -0.17275186 1.0
-2.1538911 1.8740653 -0.2137811 1.0
-2.2053969 1.8762379 -0.22488211 1.0
-6.0220857 -1.25541 -0.042443145 1.0
-1.2760971 2.2165585 1.4046807 1.0
-1.5924816 2.4838901 1.4617821 1.0
-1.6478428 2.4395738 1.4651841 1.0
-1.6973108 2.4059737 1.469018 1.0
-1.9959877 2.6789865 1.5251704 1.0
-1.7833846 2.3969929 1.4794811 1.0
-1.8473618 2.4095359 1.4886959 1.0
-9.1723633 1.1572824 -0.42900914 1.0
-9.211998 1.11444 -0.42515746 1.0
-9.2517147 1.0712755 -0.42127272 1.0
-9.3048115 1.0130956 -0.41602847 1.0
-9.3580427 0.95437127 -0.41072839 1.0
-9.4025354 0.91014856 -0.40725148 1.0
-9.5471201 0.74349052 -0.39180255 1.0
-9.6015854 0.68179381 -0.38625887 1.0
-9.650795 0.63530135 -0.38301101 1.0
-9.7001104 0.58837807 -0.379715 1.0
-9.8119183 0.50975716 -0.37746012 1.0
-9.8958912 0.42879549 -0.37177324 1.0
-9.9564762 0.34632739 -0.36329415 1.0
-10.04128 0.24595036 -0.35428256 1.0
-10.079305 0.19518159 -0.34922323 1.0
-2.626281 1.9514062 -0.16345203 1.0
-2.7022979 1.9465861 -0.18270405 1.0
-2.7592425 1.9506525 -0.19919944 1.0
-3.0551956 2.0798216 -0.3128922 1.0
-3.0963767 2.0400224 -0.31408456 1.0
-3.1418736 1.9505471 -0.30441746 1.0
-3.1869376 1.8445978 -0.29140779 1.0
-3.2299652 1.7332717 -0.27757829 1.0
-3.2599952 1.6500334 -0.26715878 1.0
-3.2773199 1.5985156 -0.2606636 1.0
-3.2997916 1.5273649 -0.25163916 1.0
5.8500834 -4.1758471 1.1853482 1.0
5.8384008 -4.1197705 1.1822076 1.0
5.774755 -4.0392323 1.1790011 1.0
5.8745832 -3.8883333 1.1665614 1.0
5.9322009 -3.870718 1.1637022 1.0
5.8716888 -3.7679498 1.1588712 1.0
5.88131 -3.673094 1.1523566 1.0
5.8830047 -3.5884609 1.1466877 1.0
5.8824515 -3.5033891 1.140996 1.0
6.015626 -3.5068543 1.1369196 1.0
6.1074009 -3.5380831 1.1360517 1.0
6.1697059 -3.5065296 1.1318214 1.0
6.2299137 -3.5016272 1.1294745 1.0
6.4152622 -3.5298667 1.1252007 1.0
6.4971776 -3.521194 1.1217939 1.0
-0.67262304 -3.6130943 1.2675757 1.0
6.5076718 2.0501471 1.7146516 1.0
-1.3273413 -3.5007329 0.47907993 1.0
5.9420066 2.1191301 1.6331302 1.0
5.163969 2.6457312 1.4861871 1.0
-4.1496425 2.0228212 -0.25682014 1.0
2.4572377 -3.7314343 0.56703061 1.0
2.6366146 -3.6548178 0.55914658 1.0
-5.4093022 -2.648304 -0.016104197 1.0
-5.4154301 -2.7493062 -0.0085396059 1.0
-5.4199739 -2.8472261 -0.001171444 1.0
-5.4234986 -2.9584718 0.0072395573 1.0
-5.4250159 -3.045788 0.013872047 1.0
-5.4184699 -3.1628528 0.024079237 1.0
-3.2412434 2.4052706 0.85968971 1.0
-3.4843671 2.4997251 0.8505336 1.0
-3.4337604 2.4196553 0.85801542 1.0
-3.3982918 2.3872907 0.86106533 1.0
-3.442313 2.369293 0.8626768 1.0
-3.5041897 2.3781838 0.86177397 1.0
-3.1515756 2.1401498 0.88439488 1.0
-3.2545986 2.1405706 0.88427806 1.0
-3.3198926 2.1438549 0.8833189 1.0
-3.8530254 2.3968818 0.85907418 1.0
-3.8542545 2.333354 0.86512202 1.0
-3.5787809 2.1604407 0.88167495 1.0
-3.6514649 2.1620896 0.88152647 1.0
-3.8404059 2.1831129 0.87956554 1.0
-5.1191101 2.7039719 0.82982332 1.0
-5.1154938 2.6681638 0.83331221 1.0
-5.959784 2.7635515 0.82502306 1.0
6.5364537 -4.9438386 1.0425433 1.0
6.634479 -4.9436979 1.0377184 1.0
6.7330208 -4.9426017 1.0327102 1.0
3.6775339 -3.348614 0.22202863 1.0
3.7003765 -3.2753735 0.21647958 1.0
3.7637186 -3.0441751 0.19886729 1.0
3.7925589 -2.9222541 0.18949161 1.0
3.809725 -2.8323936 0.18284713 1.0
3.8189278 -2.7668128 0.17837341 1.0
3.8356907 -2.6512427 0.16999471 1.0
3.8666945 -2.4513681 0.15393402 1.0
3.8675013 -2.3604462 0.14844373 1.0
3.8715143 -2.2329671 0.13974914 1.0
3.8798113 -2.1050549 0.12963049 1.0
5.5064301 1.1661013 0.11857347 1.0
-1.088887 -7.4922018 2.0594957 1.0
2.3525422 -4.4780321 1.99612 1.0
-2.0218065 -4.4356589 0.20350491 1.0
-5.2439804 -1.4573941 -0.10639152 1.0
-5.2716594 -1.5634308 -0.099428698 1.0
-5.2769637 -1.6237649 -0.093442678 1.0
-5.3162951 -1.8384982 -0.077271186 1.0
-5.3354998 -1.9489379 -0.069271088 1.0
-5.3522124 -2.0553129 -0.061472267 1.0
-5.3659697 -2.1515925 -0.054375987 1.0
-5.3753047 -2.2312317 -0.048285227 1.0
-5.3783989 -2.2652562 -0.045555294 1.0
-5.3866577 -2.3681333 -0.037281118 1.0
-7.7932043 -0.69091785 -0.21224537 1.0
-7.8319917 -0.7488327 -0.2081842 1.0
-7.6815438 -0.78015429 -0.18117693 1.0
-7.6629562 -0.80340528 -0.17463286 1.0
-7.658711 -0.82870632 -0.16983634 1.0
-7.7073359 -0.86213273 -0.17135754 1.0
-8.039072 -0.95418203 -0.20418105 1.0
-6.9349132 -0.82542884 -0.065784037 1.0
-8.1639786 -1.0714272 -0.20307402 1.0
-8.1929636 -1.1043992 -0.20190388 1.0
-8.2393093 -1.1689928 -0.19814789 1.0
-8.2858028 -1.2628114 -0.18978179 1.0
-8.2662621 -1.2590209 -0.18757223 1.0
-8.3311224 -1.3578023 -0.18126908 1.0
-8.374485 -1.4245219 -0.17693493 1.0
-8.4275169 -1.4795829 -0.17587003 1.0
-8.4652405 -1.5318649 -0.17307465 1.0
-8.5031281 -1.5847399 -0.170242 1.0
-8.5538836 -1.6560609 -0.16641407 1.0
-8.5921164 -1.7101597 -0.16350484 1.0
2.789134 -3.9014778 0.34750766 1.0
2.7620864 -3.8204734 0.35087633 1.0
2.786587 -3.7809534 0.34805921 1.0
2.6909945 -3.5987756 0.35958275 1.0
2.6783481 -3.5016305 0.36105818 1.0
2.6991971 -3.4754505 0.35845935 1.0
3.3737841 -4.0499172 0.27610978 1.0
3.4357226 -3.9455147 0.26716933 1.0
3.4956284 -3.8695359 0.25830859 1.0
3.5407634 -3.7511036 0.25044629 1.0
3.5790067 -3.6421835 0.24319255 1.0
3.6074085 -3.5522106 0.23733065 1.0
3.6199157 -3.5126603 0.23466799 1.0
3.6507115 -3.4276075 0.22811241 1.0
-5.2566094 -3.5940285 0.97465575 1.0
-4.7273664 -3.8457143 1.0439221 1.0
-5.4809327 0.40373102 -0.25767827 1.0
-3.397289 1.1524044 -0.28240171 1.0
-5.0527558 1.9181268 -0.31962183 1.0
-3.1967709 -3.9477491 0.2403249 1.0
-2.6529007 2.0875189 0.65436852 1.0
-2.8622868 2.0821209 0.64260674 1.0
-3.0593898 2.0879424 0.6300993 1.0
-3.6174679 2.1090178 0.59392077 1.0
-3.8382015 2.1351264 0.5773195 1.0
-4.0834489 2.2293837 0.55066705 1.0
-4.1415167 2.2370753 0.54619241 1.0
-4.3139415 2.2375453 0.53570217 1.0
-4.4134526 2.2612143 0.5267114 1.0
-4.5222855 2.2780697 0.5180071 1.0
-4.6408901 2.2774849 0.51088816 1.0
-4.7795782 2.2727842 0.50305647 1.0
-4.8272634 2.2399032 0.50426096 1.0
-4.9485564 2.2451661 0.49622849 1.0
-5.0487213 2.2407877 0.49067739 1.0
4.1963696 2.2513316 -0.051896587 1.0
4.1660404 2.3399088 -0.067147009 1.0
4.1500297 2.3928399 -0.076807536 1.0
4.1344461 2.4106977 -0.078433819 1.0
4.1128712 2.442908 -0.082507662 1.0
3.2439952 1.9812053 0.16900353 1.0
3.201113 1.9834595 0.17540239 1.0
3.2921021 2.1108382 0.12992987 1.0
3.2883906 2.2116845 0.091513298 1.0
3.2145116 2.4417055 0.058171753 1.0
3.142951 2.524884 0.046610344 1.0
2.4653413 2.0161829 0.28473976 1.0
2.361872 2.0121698 0.28976792 1.0
2.2865555 2.0157769 0.30419442 1.0
2.2201059 2.0145986 0.31343243 1.0
2.1141613 2.0024176 0.33070624 1.0
2.0790336 1.9922471 0.33824018 1.0
2.1477077 2.1124058 0.29525599 1.0
-1.1424155 -3.355377 0.40857074 1.0
-3.50895 2.0096791 0.78653812 1.0
-7.2538481 1.9489348 0.13734639 1.0
-8.3790884 1.9825606 0.087716118 1.0
-9.8384228 1.692809 0.084549509 1.0
-9.9439402 1.6573834 0.086956903 1.0
-10.050551 1.6381875 0.086339034 1.0
-10.148449 1.6171041 0.086403795 1.0
-10.27509 1.5991493 0.084775724 1.0
-11.577042 1.2976403 0.089289881 1.0
-11.614748 1.2223421 0.10156751 1.0
-11.621013 1.1638861 0.11198841 1.0
-11.621736 1.0657585 0.12985058 1.0
-11.617523 0.94783586 0.15149514 1.0
-11.635591 0.79207015 0.17912912 1.0
-11.642473 0.67484194 0.20016214 1.0
-11.634102 0.59630573 0.21474715 1.0
-11.601649 -0.22309066 0.36418277 1.0
-11.605656 -0.32088432 0.38163847 1.0
-11.606504 -0.37954316 0.39216217 1.0
-11.607057 -0.43822432 0.40269518 1.0
-6.8452516 -0.26078722 0.55630976 1.0
-7.6623883 -3.2899108 1.0580512 1.0
-7.5831218 -3.2983148 1.0624523 1.0
-7.5871124 -3.3472478 1.0707641 1.0
-7.5948892 -3.4777992 1.0930253 1.0
-7.5866027 -3.5695474 1.1091623 1.0
-11.059985 -5.565773 1.325145 1.0
-11.05379 -5.6589546 1.3414192 1.0
-11.058919 -5.7591414 1.3584725 1.0
-11.05662 -5.8559351 1.3752036 1.0
-11.057238 -5.9551778 1.3922384 1.0
-7.2083178 -3.809531 1.1643455 1.0
-7.1431432 -3.8191192 1.168368 1.0
-7.0376725 -3.8197422 1.1723157 1.0
-6.9562383 -3.8497679 1.1804224 1.0
-6.9682469 -3.953644 1.1977792 1.0
-6.9727755 -4.0215106 1.2092315 1.0
-6.2030883 -3.5561697 1.1574248 1.0
2.7700984 -7.5966258 1.9500382 1.0
-2.4692249 2.0439754 0.21434343 1.0
-2.5090563 2.0489309 0.20641875 1.0
-2.5800412 2.0518868 0.19346507 1.0
-3.0122924 2.2213926 0.083131261 1.0
-3.276763 2.0414357 0.071193129 1.0
-3.3746884 2.0425122 0.053131092 1.0
-3.3953543 2.0365238 0.050491493 1.0
-3.5562172 2.0151639 0.024962135 1.0
-3.6889033 2.0257711 -0.0015329143 1.0
-3.8138916 2.0387535 -0.027110385 1.0
-4.1960096 2.1042383 -0.11028136 1.0
-4.2363353 2.0929511 -0.11578795 1.0
-4.4478698 2.1216919 -0.16063803 1.0
-4.5503688 2.1231632 -0.18018454 1.0
-4.6599989 2.1159227 -0.19957811 1.0
-4.7012854 2.1115174 -0.20660336 1.0
-4.8042254 2.1298971 -0.22930463 1.0
-4.9612207 2.1359177 -0.26011005 1.0
-5.0043755 2.1094217 -0.26370913 1.0
-5.0394554 2.0690353 -0.2634297 1.0
-1.9612955 2.3207631 1.1840428 1.0
2.7232985 -7.3187017 1.3483586 1.0
8.195364 -2.7072136 0.68489313 1.0
-11.58417 1.3587149 0.88126248 1.0
-11.728901 0.46449864 1.0450466 1.0
-2.7174118 -3.5645382 1.4399387 1.0
-2.6643605 -4.2534471 1.5760021 1.0
-2.6702995 -4.3835535 1.6015419 1.0
-2.6697664 -4.4645057 1.6174953 1.0
-2.6701496 -4.6364012 1.6513648 1.0
-2.6712568 -4.7737827 1.678436 1.0
-1.6428668 -3.3777072 1.4176965 1.0
-1.4528934 -3.3301556 1.4112674 1.0
-1.3985354 -3.4290206 1.431734 1.0
-1.1503018 -3.3657389 1.4233837 1.0
-2.6833594 -4.3739195 0.49053109 1.0
-2.9924572 -5.1511111 0.46322748 1.0
-2.9816902 -5.1760783 0.46458197 1.0
-2.9382205 -5.2056055 0.46943343 1.0
-3.9980128 -7.6610498 0.37337509 1.0
-2.7282317 -5.0487275 0.49043435 1.0
-2.7280056 -5.1701655 0.49102971 1.0
-3.8664601 -7.7706428 0.38733765 1.0
-3.8172841 -7.808579 0.39238238 1.0
-3.7406993 -7.859798 0.40006685 1.0
-3.6889565 -7.8927846 0.40515888 1.0
-3.623477 -7.9327126 0.41146204 1.0
-3.5584891 -7.9743376 0.4176195 1.0
-3.5269566 -8.0187426 0.42056742 1.0
-1.6520292 -3.3465765 0.59041578 1.0
-1.5974678 -3.3712828 0.59524173 1.0
-1.5779722 -3.4771082 0.59674329 1.0
-1.459 -3.4180889 0.60673726 1.0
4.9170318 2.0137255 0.80432355 1.0
5.5588608 0.55257601 0.1973338 1.0
1.9920849 -3.2614696 0.49892744 1.0
0.17935905 2.5523372 -0.16669959 1.0
-0.64778191 2.2791016 -0.076891318 1.0
4.184011 0.052259229 -0.028494574 1.0
-5.0289102 -4.9449 0.43785098 1.0
-3.2661064 -3.3932934 0.56415373 1.0
5.9529271 -1.6537403 0.15431952 1.0
-0.86750758 -4.0679455 0.33162042 1.0
-1.3298564 -3.3066275 1.5445999 1.0
-1.2457106 -3.3531942 1.55611 1.0
-1.156528 -3.3647993 1.5596189 1.0
-1.0088555 -3.2682257 1.5385164 1.0
-0.92213821 -3.4105859 1.5729337 1.0
-0.89053386 -3.42453 1.5765884 1.0
-0.87323272 -4.9133868 1.9266071 1.0
-0.85573453 -5.0108385 1.9497969 1.0
-0.8589561 -5.0946403 1.9435496 1.0
-0.82631886 -5.1935434 1.9932361 1.0
-0.77352786 -5.1925416 1.9938923 1.0
0.072908387 -3.7548268 1.6734656 1.0
0.35070542 -3.4728558 1.7565687 1.0
0.4841595 -3.4404757 1.7528565 1.0
0.59248316 -3.4837768 1.7689728 1.0
0.66109776 -3.4711115 1.7684633 1.0
1.0610045 -3.4466329 1.7808605 1.0
-5.4894462 -4.9542351 1.2840397 1.0
-3.6276407 -3.3659647 1.2224888 1.0
1.1192471 -3.4058907 1.8738354 1.0
0.098823793 -4.587676 2.0514081 1.0
0.11790074 -3.6342704 1.9415793 1.0
0.25687841 -3.596261 1.9349455 1.0
0.64124185 -3.4494224 1.9495443 1.0
0.96525162 -3.444284 1.9239069 1.0
1.0328954 -3.4364729 1.9257667 1.0
1.1336223 -3.5307069 1.9607749 1.0
1.196036 -3.5289366 1.9643521 1.0
1.2471497 -3.5779712 1.9825941 1.0
2.4499149 -3.3681242 2.020263 1.0
2.5501647 -3.3282242 2.0186439 1.0
6.9273424 2.1371043 1.46161 1.0
6.8708124 2.161788 1.4497988 1.0
6.7577434 2.1578164 1.4342737 1.0
6.5097733 2.1916173 1.393914 1.0
5.6649113 1.9976701 1.302801 1.0
5.5301824 1.9802938 1.2862705 1.0
5.45503 1.9796236 1.2757236 1.0
5.6501884 1.7705501 0.20716387 1.0
5.5747199 1.7686268 0.21608323 1.0
5.3787465 1.7592818 0.23990481 1.0
5.2775559 1.766529 0.25018829 1.0
5.1402869 1.7888284 0.26199257 1.0
5.1487956 1.866312 0.24801879 1.0
4.374145 1.7642287 0.35157198 1.0
4.2609282 1.776848 0.36177984 1.0
4.0843344 1.80742 0.37553459 1.0
4.050611 1.9175197 0.35914531 1.0
4.0532055 1.9344416 0.35575679 1.0
3.7338712 1.8767779 0.40008134 1.0
3.4669421 1.8033881 0.4416725 1.0
3.5373833 1.8738246 0.42102104 1.0
3.5933559 1.975178 0.39585435 1.0
3.6005201 2.0905523 0.37297088 1.0
3.1655254 1.9937187 0.43489322 1.0
3.0354989 1.9803728 0.45003408 1.0
2.9603059 1.9717257 0.45889771 1.0
-8.6142874 -1.7457289 -0.16118622 1.0
-8.1032324 -1.649976 -0.10311987 1.0
-8.0577736 -1.6812712 -0.0918651 1.0
-7.5973215 -1.645474 -0.031921148 1.0
-7.7481608 -1.7538311 -0.036938086 1.0
-8.8140535 -2.0755379 -0.13946365 1.0
-6.9474268 -1.7588599 0.076741412 1.0
-7.0010548 -1.7752335 0.071613625 1.0
-9.0497026 -2.4839699 -0.11232305 1.0
-9.0948801 -2.5647898 -0.1069229 1.0
-9.113204 -2.6209085 -0.10138191 1.0
-7.3042026 -2.0670416 0.071481526 1.0
-7.759336 -2.2762325 0.037985153 1.0
-7.0926065 -2.0876105 0.1038739 1.0
-7.0937629 -2.114222 0.10748493 1.0
-6.7870913 -2.0567517 0.14190032 1.0
-6.7984982 -2.1368091 0.15153652 1.0
-7.594594 -2.5177112 0.094688617 1.0
-5.5783024 -3.6968911 0.41542822 1.0
6.660933 -5.058423 1.5181032 1.0
6.7546849 -5.0607319 1.5184426 1.0
6.8281269 -5.064168 1.5188305 1.0
7.031003 -5.1706114 1.5279799 1.0
6.5318456 -4.4400988 1.4659896 1.0
6.5423164 -4.3469334 1.4580325 1.0
6.5444918 -4.2490306 1.4496278 1.0
6.5514321 -4.0591846 1.4331975 1.0
6.5624161 -3.939748 1.4227583 1.0
6.5594802 -3.8286343 1.413004 1.0
6.5533876 -3.7784879 1.4085929 1.0
0.17882288 -4.8693733 0.29268506 1.0
2.3218637 -4.919384 0.78639418 1.0
2.4038029 1.9974364 -0.059906881 1.0
2.2648838 1.9952823 -0.043684982 1.0
2.1800866 1.9940035 -0.03393627 1.0
2.0747421 1.9920924 -0.02190521 1.0
1.9399697 1.984993 -0.0054921662 1.0
1.9121051 1.9943609 -0.0052541327 1.0
1.9062951 2.0084653 -0.0087068342 1.0
1.9124495 2.1423926 -0.048230693 1.0
1.8999003 2.4600034 -0.14154987 1.0
1.904369 2.5756583 -0.17708948 1.0
1.895669 2.607492 -0.18605734 1.0
0.68116152 1.879529 0.13613081 1.0
0.92278141 2.6163807 -0.12003288 1.0
-0.24432091 1.885429 0.15560825 1.0
-0.41436473 1.8822521 0.15203802 1.0
-0.52714247 1.8817881 0.147522 1.0
8.4687233 -1.8173417 0.59242016 1.0
3.1494777 -1.9701308 0.10364774 1.0
5.252646 1.8168759 0.81766027 1.0
4.6567397 1.8276705 0.82058221 1.0
4.5515413 1.8393867 0.81971222 1.0
4.5525923 1.8905469 0.8127228 1.0
4.5609736 2.0840476 0.78602737 1.0
5.1408229 2.4176073 0.7364071 1.0
5.1482615 2.4820213 0.72737736 1.0
5.1416216 2.5714927 0.714867 1.0
4.7214408 2.4152298 0.73887652 1.0
3.1488185 2.0400534 0.79808694 1.0
3.0935395 2.0737238 0.79324579 1.0
3.4556699 2.3294857 0.75521654 1.0
2.9388943 2.0345504 0.79917741 1.0
2.7960441 2.0304747 0.79984927 1.0
2.6730456 2.0308392 0.79975533 1.0
2.1367357 2.0258341 0.79904646 1.0
1.6417389 1.9817157 0.74953771 1.0
0.76329529 1.9851406 0.78449708 1.0
0.66146153 1.978583 0.8292923 1.0
8.6658039 1.7491366 0.17426571 1.0
8.659153 1.9582378 0.14534476 1.0
-1.8097416 -10.599907 2.8506501 1.0
-5.9475675 -5.3467026 0.4325881 1.0
-3.5175757 -3.4105573 0.68794519 1.0
6.8673916 1.9469856 0.29081649 1.0
5.1632538 1.8025738 0.44662318 1.0
-6.5731902 -1.6165843 -0.12691377 1.0
-7.0451374 -3.2496018 -0.0061784512 1.0
-0.19487248 2.0387306 0.98953086 1.0
-1.2688546 2.0912819 0.98111296 1.0
8.6643171 -0.92076141 0.4929342 1.0
-7.5064473 -2.7454379 0.066286035 1.0
-0.54905063 -7.2253733 0.97939181 1.0
-0.4450134 -7.228478 0.9849605 1.0
-0.6610474 -3.7823741 1.1343184 1.0
-0.84917808 -5.1348424 1.1649324 1.0
5.1580644 2.5509315 1.2993066 1.0
5.1560783 2.6225171 1.292223 1.0
2.0230248 2.1241028 1.0549828 1.0
0.78560948 2.7270751 0.92501301 1.0
0.43762249 2.0152817 0.95379424 1.0
0.3313202 2.0133364 0.94874841 1.0
0.26285547 2.007808 0.94595766 1.0
0.13044116 2.7131197 0.86912465 1.0
0.043142412 2.7309146 0.87215626 1.0
-0.038728282 2.7093308 0.85399914 1.0
-0.1683501 2.6138449 0.90818453 1.0
-0.24958363 2.0163474 0.92600793 1.0
-0.35049433 2.017169 0.92297107 1.0
-0.4369027 2.0218341 0.9202683 1.0
-0.5465585 2.0299904 0.91692322 1.0
-0.70494723 2.0417142 0.9122048 1.0
-0.85206902 2.0413539 0.90932482 1.0
-0.92875254 2.0463796 0.907579 1.0
-2.7266867 -3.3280418 1.4323189 1.0
-0.74066335 -3.6669796 1.3477689 1.0
0.45666981 -3.5310025 1.4903189 1.0
-1.5837694 -3.1563296 2.1556742 1.0
-0.76927572 -3.4503148 2.2295072 1.0
-4.2417889 2.4286001 0.48177114 1.0
-4.9151273 2.0819991 0.55459023 1.0
-5.038578 2.0360751 0.56549591 1.0
-4.4086809 -9.7203569 0.71854949 1.0
-4.0876446 -9.0346107 0.7213738 1.0
-4.1043363 -9.2618628 0.72767317 1.0
-0.7412107 -5.2887702 0.82475209 1.0
-3.3511095 2.1664457 0.11449743 1.0
-3.3681104 2.0688682 0.13380776 1.0
-3.3735702 2.0027494 0.14723344 1.0
-4.009131 2.0985022 0.083948962 1.0
-3.8384333 1.9166678 0.13304481 1.0
-4.0435972 1.924063 0.1172292 1.0
-4.6332593 2.1487758 -0.0040925415 1.0
-4.6506 2.0098369 0.057166774 1.0
-4.7670431 1.9929105 0.052333448 1.0
-5.0531759 2.0167317 0.027219729 1.0
-5.1384659 2.0190897 0.020671159 1.0
-5.2184429 2.0186014 0.015062099 1.0
-5.2903991 2.0146158 0.010717496 1.0
-5.7491264 2.1829882 -0.015537058 1.0
-5.3397126 1.972809 0.015515843 1.0
-5.5822182 1.9925091 -0.0057996539 1.0
-5.6430283 1.9915614 -0.009982462 1.0
7.0397935 -5.073873 1.0341388 1.0
6.7878704 -3.3987775 0.82378304 1.0
-0.97419906 -9.2698841 1.9636729 1.0
-1.5022545 2.032459 0.17720531 1.0
-1.5637487 1.9012436 0.20613271 1.0
-2.0465441 1.9057963 0.16556072 1.0
-2.1277177 1.8974097 0.16052577 1.0
-2.2045796 1.8934793 0.15464929 1.0
-2.9823434 1.9457105 0.069763541 1.0
-3.2102647 1.9194049 0.05351501 1.0
-3.3316286 1.9103442 0.043540768 1.0
-3.4278712 1.912433 0.033477616 1.0
-3.5835836 1.9056946 0.019350374 1.0
-3.8821774 1.8981103 -0.0092849648 1.0
-4.0293517 1.90913 -0.026775939 1.0
-4.4828348 1.9590725 -0.084433369 1.0
-4.6533093 1.9916737 -0.10917469 1.0
-4.73632 1.9971926 -0.11899706 1.0
-5.0097532 1.9988328 -0.14788787 1.0
-5.0462422 1.9932659 -0.15051933 1.0
-5.1004486 1.9937466 -0.15630436 1.0
7.3810377 2.0880179 0.69123924 1.0
6.6092544 2.106976 0.65814281 1.0
4.5591207 1.884527 0.63277829 1.0
2.9150062 0.26170862 -0.07986021 1.0
-11.653384 0.80411267 0.57922554 1.0
-11.652021 0.70610368 0.59687763 1.0
-11.657715 0.62796593 0.61093515 1.0
-11.686732 0.39335364 0.65302199 1.0
-11.660351 0.29526612 0.67084372 1.0
-11.650874 0.19750743 0.68855888 1.0
-11.650475 0.15840925 0.69563603 1.0
-6.7721276 0.13295449 0.7181136 1.0
-6.8250318 0.086671509 0.72631007 1.0
-6.814549 -0.0030439126 0.74262983 1.0
-6.8150063 -0.10447973 0.7610631 1.0
-6.8123703 -0.14943759 0.76925284 1.0
-11.615005 -0.70098358 0.85191458 1.0
-11.622265 -0.78025544 0.86635149 1.0
-11.641593 -0.88062334 0.88460469 1.0
-11.634389 -0.93909341 0.89531469 1.0
-11.707748 -1.2259531 0.94752723 1.0
-11.624865 -1.3940079 0.97865653 1.0
-11.628671 -1.4744005 0.99339747 1.0
-11.63693 -1.57579 1.0119895 1.0
-1.1002536 -3.3560059 1.4223272 1.0
-0.96411937 -3.4944618 1.4522643 1.0
-0.82459569 -3.578078 1.4714837 1.0
-0.77037686 -3.6462638 1.4860749 1.0
-0.8481282 -4.9278817 1.7393178 1.0
-0.83926535 -5.0203671 1.7578769 1.0
-0.82632041 -5.0795994 1.7699071 1.0
-0.72201312 -4.225605 1.6021845 1.0
-0.72230542 -4.3971791 1.6362902 1.0
-0.72364986 -4.5933466 1.6752654 1.0
-0.76120394 -5.2129202 1.7977047 1.0
-0.73791045 -5.1706333 1.7897621 1.0
0.12943719 -3.5937116 1.6372745 1.0
0.52267081 -3.5681312 1.6429405 1.0
0.6440751 -3.5607319 1.6452284 1.0
0.69846857 -3.5743697 1.6502757 1.0
0.70000923 -3.4669609 1.6252146 1.0
0.85380626 -3.5221589 1.6436056 1.0
1.0360824 -3.506546 1.6468415 1.0
1.0840527 -3.4290178 1.6307051 1.0
1.3584229 -3.6878197 1.7018869 1.0
0.61809689 -3.6985672 0.91196644 1.0
-0.62823707 -4.2170224 2.3005784 1.0
-0.60889196 -4.4924378 2.3788123 1.0
0.088947117 -3.6489596 2.1617973 1.0
0.11849355 -3.6188772 2.1545234 1.0
0.64245987 -3.3526211 2.2454786 1.0
-11.602332 -0.71207905 0.45192537 1.0
-6.8889503 -0.35606456 0.57169485 1.0
-6.8311319 -0.48724973 0.59743208 1.0
-6.8103905 -0.55322051 0.61003113 1.0
-11.614973 -1.4248636 0.5788886 1.0
-11.620539 -1.5055277 0.59304613 1.0
-11.633159 -1.5675575 0.60360312 1.0
-11.624293 -1.7870172 0.64298028 1.0
-11.625229 -1.8881029 0.66089803 1.0
-11.623875 -1.9890779 0.67887008 1.0
-11.67113 -2.5124133 0.76967579 1.0
-11.647048 -2.5895429 0.78421926 1.0
-11.639792 -2.6918073 0.80254006 1.0
-11.6377 -2.7539361 0.81357378 1.0
-6.8155088 -1.5142615 0.78029764 1.0
-6.7364173 -1.58848 0.79639333 1.0
-6.7658429 -1.6941359 0.81383771 1.0
-6.7644086 -1.7670966 0.82670063 1.0
3.3959668 -9.2411709 2.8702593 1.0
2.2620647 -5.2181797 1.8931439 1.0
0.52734989 1.975091 0.83983743 1.0
0.51430225 1.9702336 0.83994639 1.0
0.34304374 1.9676538 0.83292341 1.0
0.12558262 2.6186011 0.73486507 1.0
0.12040359 2.0219193 0.81554729 1.0
-0.066594437 2.0154495 0.80764401 1.0
-0.62936831 2.268528 0.7451666 1.0
-0.59862369 2.0551651 0.77536374 1.0
-0.99252588 2.2723064 0.72550517 1.0
-0.99723178 2.044606 0.75547993 1.0
-1.1047612 2.0414 0.75000685 1.0
-1.3326008 2.0536814 0.77749181 1.0
-1.4390224 2.051125 0.73007101 1.0
-1.9892299 2.3924472 0.65425533 1.0
-2.161989 2.404063 0.6428473 1.0
-2.4853396 2.0858216 0.66503859 1.0
5.8843021 -5.2811046 0.82243812 1.0
5.8741369 -5.0827131 0.80360782 1.0
5.868782 -4.9856277 0.7943089 1.0
5.959033 -4.9522748 0.78430986 1.0
6.080153 -4.9615893 0.77626067 1.0
6.1512051 -4.9648027 0.77127308 1.0
6.1885648 -4.9583812 0.76780474 1.0
6.2500205 -4.9526482 0.76257044 1.0
6.3408666 -4.951201 0.75551593 1.0
6.4440064 -4.9581308 0.74834549 1.0
6.5164976 -4.9586368 0.74281824 1.0
6.5698452 -4.9623866 0.73908794 1.0
6.6249328 -4.9670739 0.73530918 1.0
5.8531432 -4.3136225 0.72604686 1.0
5.8549447 -4.217001 0.71555245 1.0
5.5925813 -3.9625862 0.7088744 1.0
5.5961976 -3.9041233 0.70222598 1.0
-7.0660582 -3.5116446 1.3175852 1.0
-5.4659362 -3.3201089 1.3422207 1.0
1.2734971 2.0592155 -0.14812581 1.0
1.1569706 1.9860719 -0.10574555 1.0
1.3577595 2.3432798 -0.2656067 1.0
1.1094911 2.0422094 -0.1210357 1.0
0.9835006 2.066467 -0.11565848 1.0
0.9721781 2.1564209 -0.14943834 1.0
1.1368836 2.4555147 -0.28392228 1.0
1.1195228 2.4632108 -0.28513801 1.0
0.95958805 2.5037963 -0.28582186 1.0
0.80122876 2.5582209 -0.29463679 1.0
0.70403826 2.5646744 -0.29020596 1.0
0.59597611 2.6128547 -0.30325505 1.0
0.29427308 2.3406754 -0.17452295 1.0
0.11231992 2.3941214 -0.19192529 1.0
0.071267828 2.388041 -0.18867289 1.0
-0.27946371 1.8435442 0.043984737 1.0
-0.52933127 2.265801 -0.14710486 1.0
-0.76336265 2.1534257 -0.11484303 1.0
-0.80826253 1.9122818 -0.017378787 1.0
-1.0022407 1.9200798 -0.04116049 1.0
8.7326164 0.082628071 0.37957856 1.0
-0.85955083 -3.3997617 1.8498012 1.0
-1.8378199 2.1005454 0.20578368 1.0
2.8092897 -3.0699339 0.17939246 1.0
-6.9133263 -3.4576771 0.8456102 1.0
-7.2761474 -3.8384163 0.87994486 1.0
-3.2993946 2.1122823 -0.12971702 1.0
-8.2576685 -7.5688128 1.7653266 1.0
-5.4617124 -5.1680665 1.4560525 1.0
-3.7349708 -3.5099003 1.235518 1.0
-0.9089238 -3.3052104 0.97182548 1.0
-2.6498501 -4.5294595 1.4384986 1.0
6.7513652 2.0389707 1.2617378 1.0
5.4510303 -5.48877 1.2671181 1.0
6.1029835 -5.4475346 0.52127653 1.0
-7.1770039 -0.41933447 0.16828045 1.0
-7.1940928 -0.46021715 0.17056541 1.0
-7.9442935 -1.2886254 0.16114604 1.0
-2.1618733 2.0421948 -0.17189828 1.0
2.7099338 0.66360366 -0.11302236 1.0
2.2683158 -3.7538276 1.2435831 1.0
-11.549499 -3.6153293 0.34975627 1.0
-11.412957 0.54284191 -0.095609814 1.0
-11.414349 0.46122861 -0.086008497 1.0
-6.7437482 0.30590117 0.38120133 1.0
-11.383217 0.25714651 -0.058806855 1.0
-11.379686 0.15547009 -0.046478197 1.0
-11.379668 0.074141316 -0.036916763 1.0
-11.382991 0.033423536 -0.032462433 1.0
-11.399313 -0.048309091 -0.024474015 1.0
-11.392328 -0.1499726 -0.011953867 1.0
-11.389832 -0.21098353 -0.0046260022 1.0
-11.377105 -0.25120091 0.0012588775 1.0
-6.7207327 -0.13464084 0.43493596 1.0
-6.7283249 -0.24548508 0.44694066 1.0
-11.440325 -0.62255162 0.037895411 1.0
-11.448377 -0.74646652 0.051231656 1.0
-6.6399922 -0.34883168 0.46719998 1.0
-11.458126 -0.82963163 0.059733544 1.0
-6.6489234 -0.43484348 0.47608703 1.0
6.4147673 0.58393818 -0.034374926 1.0
6.2757387 0.74291176 -0.050320685 1.0
6.5868621 2.0146551 -0.085231267 1.0
6.62883 2.0505755 -0.095311515 1.0
7.0747571 2.2053673 -0.15599413 1.0
7.0216947 2.2318478 -0.15799895 1.0
5.6570568 1.8889267 0.00086525001 1.0
5.5681272 1.8864553 0.0071185711 1.0
5.4763584 1.8825759 0.013839107 1.0
5.2993445 1.874764 0.026851228 1.0
4.9518986 1.873336 0.049406271 1.0
4.9414635 1.9095929 0.042492554 1.0
4.5628648 1.8465066 0.0797778 1.0
4.2619438 1.8359898 0.10099047 1.0
4.1420383 1.8376673 0.10815808 1.0
4.0578432 1.8417001 0.1125618 1.0
3.4304152 1.8445476 0.150573 1.0
3.3580739 1.8435887 0.15515524 1.0
3.3025105 1.8689712 0.15294212 1.0
5.3317823 1.8306305 1.0064212 1.0
5.161799 1.8321393 1.0016196 1.0
5.1501708 1.9268764 1.0213883 1.0
5.1340113 2.1741161 0.95848525 1.0
5.1354818 2.2924449 0.9437806 1.0
5.2868686 2.4085124 0.93348998 1.0
5.1496124 2.4254873 0.92754626 1.0
5.1469841 2.5813119 0.90794039 1.0
4.6198397 2.4556611 0.90889037 1.0
3.3003824 1.8596773 0.94663626 1.0
3.3649204 1.9433991 0.93789345 1.0
3.362102 2.026489 0.9272846 1.0
3.3428268 2.1377919 0.91258955 1.0
3.3288088 2.2104564 0.90292251 1.0
3.3488212 2.3941348 0.88002795 1.0
3.3610604 2.5668602 0.85821855 1.0
2.1181567 2.057591 0.88604474 1.0
-0.97959954 -3.2220814 1.3525652 1.0
-1.0929122 -7.3384538 1.7633582 1.0
-6.2940001 -1.0802256 -0.15466604 1.0
-7.6965823 -2.9942024 0.35038954 1.0
-7.323689 -2.9986944 0.39685366 1.0
-7.1991138 -3.0074635 0.41292515 1.0
-0.70513141 -4.1480103 0.95566624 1.0
0.076985598 -16.671791 1.6864455 1.0
0.64008838 -17.30022 1.731431 1.0
2.2635307 -5.0419359 1.4158624 1.0
-6.6338186 -1.6686269 0.85561293 1.0
-7.5070791 -3.5337734 1.0111454 1.0
-6.6517291 -3.2722504 1.0338655 1.0
-7.4383488 -3.3170352 0.50495929 1.0
-6.889431 -3.7861159 0.62384742 1.0
-6.9605403 -4.0221758 0.64861262 1.0
1.4028481 -4.4609189 0.28053215 1.0
1.929207 -4.1098762 0.25787789 1.0
0.4799642 -3.3337524 2.0897157 1.0
0.5598343 -3.3811514 2.108093 1.0
0.6006431 -3.4051211 2.1175127 1.0
0.93184698 -3.3899775 2.1369405 1.0
1.05366 -3.4083581 2.1519985 1.0
1.0859352 -3.3999515 2.1523504 1.0
1.2308611 -3.4601252 2.1819749 1.0
2.2421589 -3.6596172 2.3459876 1.0
2.282182 -3.6525085 2.3490155 1.0
2.319391 -3.4582527 2.3017836 1.0
2.4445977 -3.3889542 2.2997601 1.0
2.5033753 -3.3262789 2.2911749 1.0
2.6594677 -3.2908845 2.3034837 1.0
2.932281 -3.3845758 2.3665924 1.0
3.0262127 -3.3230681 2.3647459 1.0
3.108788 -3.3510265 2.3841386 1.0
0.25988761 2.0826254 0.15787433 1.0
0.10303906 2.1390383 0.14181727 1.0
-0.951639 2.1215339 0.11409622 1.0
-2.6405883 -4.5517449 1.0620387 1.0
-2.6683884 -5.1724834 1.1225907 1.0
-4.2592463 -9.0120106 1.4147137 1.0
-4.1141601 -9.2155867 1.4427532 1.0
-1.2499746 -3.2152722 1.6055523 1.0
-1.1785859 -3.2341881 1.6106243 1.0
-0.95987189 -3.1613033 1.6044219 1.0
-0.92361295 -3.2293944 1.617074 1.0
-0.88576198 -3.2580807 1.6231132 1.0
-0.81627262 -3.3173561 1.6353949 1.0
-0.78912318 -3.4077449 1.6517084 1.0
-0.72874057 -3.5397089 1.6762935 1.0
-0.9193204 -4.6168647 1.854385 1.0
-0.91861451 -4.6860442 1.8662796 1.0
-4.9210687 0.62847054 -0.20533419 1.0
-4.9188366 0.53354961 -0.19213435 1.0
-4.9144268 0.43279725 -0.17802247 1.0
-4.9096794 0.34151882 -0.16538838 1.0
-4.8982043 0.15980232 -0.14070359 1.0
-4.8855028 0.044179916 -0.12440984 1.0
-2.6993542 -4.0725608 0.62017524 1.0
-3.3879936 -5.1397762 0.51571733 1.0
-3.3615355 -5.1606631 0.51883805 1.0
-3.3180122 -5.1964378 0.52388924 1.0
-3.2564714 -5.2458897 0.53091776 1.0
-3.2032075 -5.2877302 0.53690463 1.0
-3.1400485 -5.3352661 0.54387861 1.0
-3.0839653 -5.3730121 0.55005205 1.0
-2.717397 -4.8942652 0.6038667 1.0
-2.709163 -5.076797 0.60105222 1.0
-2.9044361 -5.4672289 0.5696044 1.0
-2.8842602 -5.4772239 0.57175165 1.0
-1.5775073 -3.2439687 0.77388585 1.0
-1.6538943 -3.6366081 0.75575513 1.0
3.6291189 1.9469259 -0.0335247 1.0
3.6173694 1.9853736 -0.040628977 1.0
3.5622654 2.113529 -0.061980855 1.0
3.2560985 1.9651651 0.03640781 1.0
3.279253 1.9578511 0.10285947 1.0
3.1699126 1.969407 0.052107189 1.0
2.9357016 1.9713057 0.096435018 1.0
2.8872726 1.9723322 0.10524552 1.0
2.898035 2.0402339 0.084620535 1.0
2.7993209 1.9849219 0.11812413 1.0
2.7679234 1.9760244 0.12636553 1.0
2.6657736 1.9804835 0.14370109 1.0
4.5307302 -3.0284648 0.56508744 1.0
2.7392538 -7.3393197 1.6350865 1.0
2.2809024 -5.3434839 1.4902129 1.0
2.2717011 -5.2567358 1.4841672 1.0
2.2729578 -5.1419506 1.4764824 1.0
2.2673087 -4.3667321 1.4238352 1.0
5.8618283 -5.8938656 0.9802292 1.0
5.9032125 -5.7912517 0.97582549 1.0
5.924531 -5.689806 0.97219664 1.0
5.983995 -5.6291986 0.96783406 1.0
6.0476909 -5.5931511 0.96385306 1.0
6.0503688 -5.495965 0.96093595 1.0
5.7750897 -5.166151 0.96446735 1.0
6.116056 -5.461956 0.95677263 1.0
6.1402812 -5.3941164 0.95352894 1.0
5.9513965 -5.1875024 0.95650744 1.0
6.183557 -5.3128052 0.94886041 1.0
6.1696324 -5.2046871 0.94610542 1.0
6.240128 -5.1563997 0.9409045 1.0
6.4643507 -5.2629805 0.9328208 1.0
-1.750492 2.0392904 0.97200692 1.0
-2.220288 2.5290904 1.0525929 1.0
-2.2103035 2.4062176 1.049122 1.0
-2.2071583 2.3671138 1.0481422 1.0
-2.2074032 2.1982918 1.0469029 1.0
-2.2382905 2.1569431 1.0790107 1.0
-2.2041161 2.0102429 1.0466037 1.0
-2.2089059 1.9911228 1.0475984 1.0
-2.2147059 1.9846156 1.0486939 1.0
-2.3456373 1.9792979 1.0727035 1.0
-2.4885724 1.9986767 1.0992397 1.0
-2.7591372 2.0522332 1.1503046 1.0
-3.693177 2.4498494 1.3239188 1.0
-3.759378 2.4507127 1.3375304 1.0
0.48695517 -3.6207509 0.49769872 1.0
-4.16009 -2.655499 0.20089683 1.0
0.56817663 -3.9191029 0.75312048 1.0
1.235649 -4.002955 0.75287026 1.0
1.8688447 -4.8290992 0.68483019 1.0
0.0576199 -3.7904694 0.88949031 1.0
0.35737154 -3.3968945 1.0455533 1.0
2.3474851 -4.1824398 0.71129584 1.0
2.8379254 -4.1104536 0.68900806 1.0
5.27316 1.9502379 1.0469694 1.0
5.039125 1.9396138 1.0236542 1.0
4.9349785 1.9561859 1.0100085 1.0
4.9179215 2.0396597 0.99536777 1.0
4.9143338 2.1515718 0.97795206 1.0
4.8959856 2.272824 0.95777953 1.0
4.8970222 2.2936151 0.95478219 1.0
4.8930335 2.3535166 0.94545329 1.0
4.8967028 2.4170289 0.93644333 1.0
4.9018397 2.4399686 0.93359637 1.0
4.9127893 2.4968982 0.92636842 1.0
4.9122305 2.6275966 0.90729243 1.0
1.423331 1.9711375 0.65831226 1.0
1.1838259 1.9713019 0.63873178 1.0
-0.8622722 -4.0347362 0.66379035 1.0
-1.3242142 -3.3004329 1.6810046 1.0
-3.6944513 -3.2879424 0.29156268 1.0
4.3291979 -3.2790129 0.58632392 1.0
4.3765182 -3.2227509 0.58163083 1.0
-4.0793586 2.1284659 -0.092938215 1.0
-0.83755213 1.9486564 0.86578953 1.0
-0.97335571 1.9533689 0.87584525 1.0
-1.0701281 1.9646876 0.88485497 1.0
-1.1291953 1.9698805 0.89076298 1.0
-1.2130966 1.9760989 0.89971787 1.0
-1.3578053 1.9834825 0.91666901 1.0
-1.4614398 1.9626163 0.86869323 1.0
-1.5332848 1.968586 0.93887711 1.0
-1.6471473 2.0452697 0.9570449 1.0
0.034492534 1.9495397 0.86851639 1.0
-0.021500083 1.9443944 0.86431676 1.0
0.0093739508 2.5927546 0.91861308 1.0
-0.049223077 2.1959977 0.88307095 1.0
-0.057543315 2.5973551 0.91554946 1.0
-0.11794992 2.6371939 0.91615844 1.0
-0.34384125 2.6567504 0.85560107 1.0
-0.57742798 1.937622 0.85333407 1.0
-0.62468678 1.9404498 0.85494435 1.0
-0.67259812 1.9436103 0.85688633 1.0
-0.86424631 -7.541326 1.2371495 1.0
-0.73383367 -7.1989565 1.2340096 1.0
0.2982572 -3.5624123 1.310897 1.0
-11.503712 -1.3525511 0.51825267 1.0
-11.506772 -1.4156151 0.52536869 1.0
-7.9055624 -1.5623724 -0.095197812 1.0
-6.8350096 -1.4333208 0.066205584 1.0
-7.8577676 -1.7607518 -0.069579192 1.0
-7.8327866 -1.8596236 -0.056858391 1.0
-7.8065338 -1.9581412 -0.044112314 1.0
-7.7869687 -2.0282743 -0.034993 1.0
-7.7708139 -2.0842261 -0.027689319 1.0
-7.7486696 -2.1535773 -0.018371047 1.0
-7.6287341 -2.1780446 0.0027815197 1.0
-7.5754428 -2.1917353 0.012392136 1.0
-7.5187879 -2.2040429 0.022413192 1.0
-7.5466213 -2.2575252 0.02231054 1.0
-7.6355042 -2.3615041 0.016518714 1.0
-7.6138687 -2.4305282 0.02540281 1.0
-0.53575915 2.0742955 1.0504975 1.0
-0.67537361 2.0646684 1.0514054 1.0
-0.95742774 2.0908556 1.0551491 1.0
-1.1785353 2.1232171 1.0596247 1.0
-1.2231345 2.1049407 1.0613179 1.0
-1.943668 2.737324 1.0658139 1.0
-1.9502141 2.6755421 1.0679004 1.0
-1.954803 2.3045678 1.0808015 1.0
-1.963208 2.1480653 1.0869933 1.0
-2.0876055 2.1381764 1.0930723 1.0
-2.1473231 2.1440151 1.0956098 1.0
-2.482388 2.2223685 1.108261 1.0
-2.5221205 2.2211025 1.1103349 1.0
-2.6596425 2.2187474 1.1175648 1.0
2.2827759 -4.4955616 1.0639414 1.0
2.2820039 -4.4038167 1.0637125 1.0
2.2822783 -4.1918368 1.0630403 1.0
2.289185 -4.0479665 1.0623907 1.0
2.2942157 -3.9824362 1.0620309 1.0
2.2820113 -3.8831246 1.0617183 1.0
2.3075309 -3.7929199 1.0613174 1.0
2.4961638 -3.8135748 1.0581533 1.0
2.4722424 -3.5793738 1.0566696 1.0
3.0925221 -3.5373638 1.0387653 1.0
3.3406882 -3.4682205 1.0284227 1.0
5.684051 -6.1717587 0.99408686 1.0
5.7581143 -6.1024175 0.98955536 1.0
5.8199906 -6.0631776 0.986103 1.0
5.7829576 -5.9560056 0.98512232 1.0
4.7637596 -1.7522396 0.12796469 1.0
-0.78400779 -3.3566804 1.9166881 1.0
4.3996 -1.5514529 0.3896488 1.0
-0.81430489 -3.6590629 1.632725 1.0
0.39746004 -3.5006588 1.765837 1.0
0.59856659 2.5078063 1.0864187 1.0
0.54090232 2.4072051 1.0826426 1.0
0.31026003 2.3918414 1.0698801 1.0
0.035720687 2.0624123 1.0583708 1.0
-0.056253385 2.0487361 1.0558877 1.0
-2.6503501 -3.9275737 2.0592086 1.0
-2.6741173 -4.4641428 2.1810143 1.0
-6.9773841 -1.5934067 0.04803326 1.0
-7.6079063 -2.4940522 0.089581013 1.0
-2.5411637 -4.2617931 0.45169032 1.0
-2.4934487 -4.2885742 0.45717448 1.0
-2.4293933 -4.3234038 0.46440613 1.0
-2.2334604 -4.4296703 0.48530999 1.0
-2.1656511 -4.4667511 0.49212497 1.0
-2.1174157 -4.4922543 0.49687222 1.0
-2.0255725 -4.5425305 0.50549364 1.0
-1.557054 -3.9449911 0.59777212 1.0
-1.5301807 -3.9814186 0.59866214 1.0
-1.1255933 -3.3809173 0.6822924 1.0
-0.93587542 -3.9360795 0.66403788 1.0
-8.1599064 1.2298832 -0.44985166 1.0
-8.1404552 1.0334746 -0.42078608 1.0
-8.1318769 0.92865419 -0.4058021 1.0
-8.125988 0.8244729 -0.39149293 1.0
-8.1183214 0.73531157 -0.37894431 1.0
-8.0919876 0.52807695 -0.34882727 1.0
-8.0810318 0.45445445 -0.33801362 1.0
-8.0740976 0.41039371 -0.33151874 1.0
-5.6726761 -3.5508142 0.24105844 1.0
-5.5157108 -3.6591148 0.27426428 1.0
-4.8472905 -3.6325228 0.36970666 1.0
3.2485225 2.3787737 0.069427438 1.0
0.63741255 2.4009933 0.96274477 1.0
0.62692893 2.5102482 0.96825862 1.0
0.58154368 2.6105211 0.96938193 1.0
0.4819521 2.6026702 0.957802 1.0
0.33335602 2.2243752 0.91553736 1.0
0.20753461 1.9606416 0.88394684 1.0
0.14766079 1.9593729 0.8783589 1.0
0.082310632 1.9538722 0.87242895 1.0
-0.52794117 -4.1457982 0.52498525 1.0
-0.43438801 -4.1627207 0.5303241 1.0
-3.1776495 -3.2772415 1.5825289 1.0
-3.0553818 -3.4115646 1.6051503 1.0
-2.9471564 -3.3950503 1.6038296 1.0
-2.9137118 -3.383203 1.6023562 1.0
-2.7577925 -3.2823362 1.5882257 1.0
-2.7442245 -3.2915401 1.589875 1.0
-2.6636713 -3.4505446 1.6165346 1.0
-2.6502647 -3.6504657 1.6490724 1.0
-2.648782 -3.7482588 1.6649774 1.0
-2.6260126 -3.956728 1.6993476 1.0
-2.6482115 -4.165175 1.7330866 1.0
-2.6438539 -4.3988423 1.7715858 1.0
-2.668587 -4.6989326 1.8206434 1.0
-1.466756 -3.1862361 1.5953369 1.0
-7.2405505 -1.9701371 0.8441447 1.0
-6.7689281 -1.9044174 0.85060084 1.0
-11.29915 -3.9646132 1.0387319 1.0
-11.325545 -4.0843244 1.0586029 1.0
-11.328048 -4.1735001 1.0740421 1.0
-11.324151 -4.2828135 1.0932164 1.0
-11.35022 -4.338273 1.1018829 1.0
-11.319593 -4.7556167 1.1755048 1.0
-11.764618 -5.0544434 1.2106751 1.0
-7.7270231 -3.2895255 1.0555788 1.0
-6.9520655 0.0644738 0.4937031 1.0
-0.23726349 2.6863077 0.83184773 1.0
-0.30820447 2.674742 0.82963568 1.0
-0.40601197 2.6712713 0.82806277 1.0
-0.39412031 1.9397105 0.79315144 1.0
-0.47889295 2.2648945 0.80839509 1.0
-0.67949742 2.3819427 0.81607527 1.0
-0.8682518 2.2701855 0.81754309 1.0
-1.1043615 1.9546338 0.82190883 1.0
-1.3133898 2.2647624 0.84634143 1.0
-1.3726951 1.9593376 0.84689236 1.0
7.1516652 -5.7593622 1.4538655 1.0
7.1428413 -5.4585714 1.4097259 1.0
0.34222332 1.8732964 0.15455872 1.0
-0.38211161 1.8841555 0.1524855 1.0
4.5060692 -5.2391219 0.39596355 1.0
6.7979331 1.0544776 0.17967501 1.0
0.95198524 1.9207143 0.25868693 1.0
0.68013674 2.5025382 0.1127796 1.0
0.60159028 2.6128016 0.084297366 1.0
0.46803012 2.6035297 0.087721318 1.0
-0.14399496 1.9065962 0.31478855 1.0
-0.20117009 1.9073851 0.30353671 1.0
-0.47130787 2.5556302 0.089978456 1.0
-0.52036124 2.5724468 0.083911687 1.0
-0.66783869 2.5576961 0.082966998 1.0
-0.9499355 2.5587244 0.070965543 1.0
-0.99665862 2.5362625 0.074789748 1.0
-1.1332077 2.5355294 0.068087816 1.0
-1.4504931 2.4495714 0.072391331 1.0
-1.4888322 2.1521492 0.14731008 1.0
6.3531022 -6.558187 1.9693491 1.0
6.6023669 -6.5695567 1.9784621 1.0
7.0589647 -5.5337381 1.8834424 1.0
6.5371985 -4.3264875 1.7391376 1.0
-11.064996 -5.4725604 1.3088987 1.0
-5.3966751 -3.4645207 0.049767181 1.0
-5.0457397 -3.5564356 0.11794753 1.0
-5.3000736 -3.9914484 0.099743657 1.0
-0.14851418 2.7117746 0.85484982 1.0
-6.1602473 -3.5573606 1.1591743 1.0
-5.9609466 -3.5690298 1.1683394 1.0
-5.8555646 -3.554213 1.1695892 1.0
-5.7529631 -3.5678763 1.1755892 1.0
-5.5573916 -3.568567 1.1826738 1.0
-5.4443197 -3.5829773 1.1891366 1.0
-5.2504268 -3.5878389 1.1967306 1.0
-5.1557508 -3.5962434 1.2014846 1.0
-5.0584044 -3.6005971 1.2056328 1.0
-4.9464316 -3.6046298 1.2102239 1.0
4.7907009 -4.2390537 0.31955555 1.0
4.8407493 -3.8388889 0.29053897 1.0
-1.0811884 -3.312712 0.82475924 1.0
-0.93939674 -3.1895545 0.84221464 1.0
-0.64274031 -3.7854719 0.84591526 1.0
-0.74510157 -4.8981586 0.79542667 1.0
-0.73588264 -6.1383848 0.74679679 1.0
0.46500829 -4.1876512 0.72935867 1.0
0.52099532 -4.1003079 0.73776919 1.0
3.3129227 1.9055959 0.42745364 1.0
4.5291467 2.5166461 0.31853139 1.0
4.3599429 2.5161293 0.31774166 1.0
-3.4199946 -0.47540587 0.0015071825 1.0
4.5493526 0.95880616 -0.091970421 1.0
-11.629574 -1.2951323 0.96050411 1.0
-11.62786 -1.3346816 0.96776223 1.0
-1.5716788 1.9608357 0.86918384 1.0
-1.6838908 1.9600593 0.88297945 1.0
-1.7061386 1.9632297 0.88576752 1.0
-1.7871566 1.9867685 0.89606971 1.0
-2.2103779 2.2927165 0.94911849 1.0
-2.2611954 1.9750854 0.96448523 1.0
-2.577364 1.9897193 1.0143346 1.0
-2.6593256 2.0380392 1.025581 1.0
-2.3201861 2.5463405 -0.24601798 1.0
-3.0545011 2.2031579 -0.24925429 1.0
-3.1328268 2.1659646 -0.25098908 1.0
0.73208666 -3.4007342 1.8970693 1.0
6.6598482 2.1571667 1.4204218 1.0
6.5494108 2.1649282 1.4035379 1.0
-0.70095414 -4.2315731 0.64417297 1.0
3.8824589 -3.7417619 0.62267047 1.0
3.9843471 -3.6487057 0.61540788 1.0
7.2131386 -4.5860696 0.86307365 1.0
5.9779201 -3.5975213 0.89385217 1.0
6.0271635 -3.5732877 0.88960153 1.0
6.1751428 -3.6275973 0.88285643 1.0
6.3660803 -3.5896344 0.86873323 1.0
7.51053 -4.1533871 0.82297963 1.0
7.5837145 -4.0277843 0.81263167 1.0
7.6187367 -3.9806225 0.80772603 1.0
7.1886172 -3.6391928 0.81785434 1.0
7.6828847 -3.8826766 0.79795337 1.0
7.2574081 -3.5990429 0.81090921 1.0
7.7218575 -3.7709315 0.78891611 1.0
7.7970262 -3.6129949 0.77439034 1.0
7.8074694 -3.552999 0.77003551 1.0
2.6788487 1.9535953 0.48853487 1.0
2.0681195 2.2955554 0.45854199 1.0
0.87130076 1.921882 0.60424 1.0
-0.66072822 2.0491896 0.77291131 1.0
-1.2375633 2.0446661 0.76258844 1.0
-2.324466 2.1791945 0.66249704 1.0
1.1812893 1.8705977 -0.15319838 1.0
1.0822477 1.8899654 -0.14555874 1.0
0.98864084 1.8897548 -0.1316213 1.0
0.95334953 1.9231366 -0.14050613 1.0
1.0292013 2.178179 -0.25816363 1.0
-5.2412505 -4.3352785 0.12805426 1.0
-5.2133594 -4.4524822 0.13839109 1.0
-4.9612761 -4.36659 0.17513086 1.0
-4.9777861 -4.4307818 0.17539743 1.0
-5.1306748 -4.6506577 0.16081636 1.0
-5.1039815 -4.7419715 0.16896726 1.0
-5.0860815 -4.8093119 0.17458819 1.0
-5.0711322 -4.8632903 0.17910071 1.0
-5.0518475 -4.9308558 0.18475589 1.0
-5.0399175 -4.9714451 0.18815713 1.0
-5.0144353 -5.0154219 0.19370069 1.0
-4.9538083 -5.0381565 0.2037098 1.0
-4.9732914 -5.1342998 0.20423523 1.0
-3.7010603 -1.4546369 -0.072324172 1.0
-3.6876345 -1.6613177 -0.055967927 1.0
-3.6805427 -1.7317961 -0.050302457 1.0
0.37102348 -3.3798537 2.2368343 1.0
5.1514912 1.8214934 0.81781423 1.0
4.5559173 1.9947276 0.79840189 1.0
3.2361388 2.0459797 0.79704654 1.0
-10.229235 0.022370072 -0.33444405 1.0
-6.8816328 -0.54229844 0.13307288 1.0
-6.9540277 -0.90343887 0.18619713 1.0
-5.3945298 -2.4613967 -0.03008144 1.0
-5.4025154 -2.5562398 -0.022969831 1.0
-5.4080181 -3.262352 0.0333925 1.0
6.5076647 -3.6338179 1.1492928 1.0
7.1355252 -3.3867376 1.094749 1.0
5.772975 -3.9620943 1.1742197 1.0
5.9451938 -3.4888835 1.1379886 1.0
6.5412173 -5.2352438 0.92780381 1.0
6.662231 -5.1873817 0.91959566 1.0
6.7470679 -5.1074805 0.91201025 1.0
5.9748683 -4.3873463 0.9277181 1.0
6.0456357 -4.3791685 0.92341757 1.0
5.6984701 -4.0554976 0.93042481 1.0
5.697937 -3.9946277 0.92802757 1.0
5.7498975 -3.8851731 0.92051709 1.0
7.0871053 -4.7106457 0.87629437 1.0
7.170958 -4.6276345 0.86753976 1.0
-11.356849 1.2720129 0.21964635 1.0
-11.358429 1.1699359 0.2317687 1.0
-11.359252 1.0883359 0.24147472 1.0
-11.361133 0.98649704 0.25352049 1.0
-11.449247 0.86911529 0.26205859 1.0
-11.466337 0.74690336 0.27555171 1.0
-11.472436 0.68561769 0.28246245 1.0
-11.475778 0.58320379 0.29442292 1.0
-11.471879 0.50111634 0.30440712 1.0
-6.6723013 0.36478028 0.61821216 1.0
-6.7409935 0.32936555 0.61814886 1.0
-11.469687 0.33725482 0.32395893 1.0
-11.472632 0.27585918 0.3310402 1.0
-11.469695 0.19397613 0.34090176 1.0
-11.467359 0.11269487 0.34987018 1.0
-6.6363082 0.11126222 0.64947999 1.0
-6.6520181 0.0020818585 0.66136825 1.0
-2.3055403 1.9550641 -0.079321533 1.0
-2.5634437 1.9767357 -0.15329321 1.0
-6.083272 2.2753041 0.64983988 1.0
-6.0728931 2.2474878 0.65329164 1.0
-6.8933277 2.4794705 0.60324878 1.0
-6.8930016 2.3423853 0.61881989 1.0
-6.9327679 2.3129737 0.62101799 1.0
-7.1111908 2.3224707 0.6147967 1.0
-8.2047625 2.3140571 0.58435684 1.0
-11.36518 1.7850162 0.55368966 1.0
-11.449892 1.6924442 0.56206411 1.0
-11.459695 1.6106715 0.57132095 1.0
-11.459885 1.5071468 0.5834024 1.0
-11.472353 1.4050221 0.5949865 1.0
-11.469528 1.3015176 0.60718268 1.0
-11.474072 1.1988281 0.61908942 1.0
-11.465972 1.1158462 0.62905663 1.0
0.05601199 -6.323442 0.40431264 1.0
0.16138053 -3.6074119 0.6695407 1.0
-11.640254 -1.6767476 1.0305357 1.0
-11.650429 -1.7591357 1.0456535 1.0
-11.647568 -1.9610322 1.0828531 1.0
-11.658563 -2.0650632 1.1019958 1.0
-11.660466 -2.1676455 1.1209223 1.0
-11.66409 -2.2504976 1.136212 1.0
-11.902545 -2.4929991 1.1800709 1.0
-11.6671 -2.4782751 1.1783271 1.0
-11.663945 -2.5606458 1.1935943 1.0
-11.673412 -2.6673257 1.2133236 1.0
-11.664134 -2.748672 1.2284493 1.0
-5.1125417 2.2109182 0.49050522 1.0
-6.0876513 2.2681768 0.4238635 1.0
-6.0798821 2.228904 0.42919108 1.0
-6.8896856 2.3181608 0.36857376 1.0
-6.9156432 2.2710874 0.37277639 1.0
-8.6373196 2.2596946 0.26833689 1.0
-8.6608391 2.1993816 0.27425122 1.0
-10.901672 1.8046333 0.18378626 1.0
-11.35182 1.6614823 0.17319104 1.0
-11.357091 1.5797628 0.18269642 1.0
-11.356542 1.4769323 0.19508722 1.0
-6.0556374 1.61786 -0.39537948 1.0
-5.3000855 -1.758106 -0.08286535 1.0
0.84013849 2.5437522 -0.2917783 1.0
3.7359176 -3.1510897 0.20704061 1.0
3.8526618 -2.5489416 0.16174784 1.0
0.46291789 2.6723697 0.87241751 1.0
0.42160287 2.6826999 0.86914641 1.0
-1.1128452 2.0697498 0.90285456 1.0
-1.505748 2.0739789 0.89770865 1.0
-1.604239 2.0807908 0.89620739 1.0
-1.7695799 2.0907235 0.89399195 1.0
-1.9481684 2.0922709 0.89260364 1.0
-2.0456815 2.0975316 0.89156264 1.0
-2.4464588 2.1172118 0.88799447 1.0
-2.5694237 2.114002 0.88787943 1.0
-3.1177907 2.3877485 0.86157089 1.0
-3.3767433 1.2334813 -0.21377885 1.0
-3.4463625 0.83134079 -0.16187184 1.0
-3.470984 0.61342955 -0.13475843 1.0
5.8805642 -5.2202458 0.81673986 1.0
-1.974079 1.9951699 0.58255398 1.0
-2.8929834 2.3639569 0.57851911 1.0
-3.0067725 2.3784332 0.58215564 1.0
-2.504154 1.9563282 0.61118984 1.0
-2.6371756 1.9562123 0.61782163 1.0
-2.7198713 1.9521922 0.62255329 1.0
-3.8117876 2.0256488 0.67253149 1.0
-3.9767847 2.0129523 0.68393582 1.0
-4.6501594 2.1740689 0.7004984 1.0
-4.6467404 2.1163859 0.70871836 1.0
-4.7773356 2.0927682 0.72006291 1.0
-5.3842878 2.0369794 0.76571047 1.0
-6.3335228 2.1218071 0.81221944 1.0
2.3658774 -3.784163 0.90530252 1.0
2.4117732 -3.4466612 0.87660003 1.0
2.5070214 -3.3884423 0.86688042 1.0
2.6523805 -3.4054463 0.86031914 1.0
3.0492446 -3.4875362 0.84417671 1.0
3.1248753 -3.4808052 0.83893597 1.0
3.228071 -3.4632609 0.83088756 1.0
3.2525418 -3.4377072 0.82701313 1.0
6.2065458 -6.508091 0.91633236 1.0
6.3595157 -6.5026021 0.90587789 1.0
5.8600931 -5.8845315 0.88161266 1.0
5.8625731 -5.8446636 0.87773585 1.0
5.9132209 -5.7688651 0.86723393 1.0
-0.96823233 -3.1315346 2.1308277 1.0
2.7891791 -4.038856 0.34693176 1.0
-3.0437355 2.0890346 -0.31212232 1.0
-3.1726336 1.8793513 -0.29569289 1.0
-1.5574156 2.6099749 1.4676621 1.0
-1.2859604 2.1875823 1.4035323 1.0
-5.0537848 1.0541508 -0.31102338 1.0
-5.2550688 0.77908248 -0.2902942 1.0
-6.9485641 -0.8758415 0.66217351 1.0
-11.627397 -2.0710442 0.6932683 1.0
4.7323451 -1.5536578 0.11040702 1.0
4.7096071 -1.4306792 0.099498942 1.0
4.6890831 -1.3296913 0.090509981 1.0
4.6645241 -1.2477521 0.084298715 1.0
4.6166978 -1.1150564 0.075192437 1.0
4.5974569 -1.0559679 0.070607901 1.0
4.5637298 -0.94680303 0.061566837 1.0
4.5325108 -0.7860027 0.044377957 1.0
4.5056305 -0.73174202 0.04116942 1.0
5.4498053 -0.46011648 0.044620611 1.0
5.4197974 -0.41665211 0.041641474 1.0
5.3425913 -0.24698816 0.023991346 1.0
5.2570872 -0.062855959 0.0042204577 1.0
5.1974506 0.044070028 -0.0063081887 1.0
3.2885556 1.8541261 0.29756525 1.0
3.3142881 1.9101406 0.28545246 1.0
3.3818371 2.0021899 0.26481846 1.0
3.0506368 2.0624721 0.2611143 1.0
2.6506379 1.9810456 0.28812093 1.0
2.5568624 1.9972553 0.28701946 1.0
3.3746531 2.6103148 0.13862737 1.0
2.1699417 1.9997803 0.25916332 1.0
2.0552459 1.9819027 0.28222504 1.0
2.0022283 1.9797564 0.30338806 1.0
1.9069884 1.9685498 0.30778843 1.0
1.868786 2.2746782 0.24216214 1.0
1.4282777 2.5212858 0.19377005 1.0
1.3265156 2.5831084 0.18082379 1.0
1.2755461 2.5869746 0.18037926 1.0
0.93286151 2.509583 0.20007184 1.0
0.96797603 2.6439104 0.16914335 1.0
-4.8197742 -0.94495207 -0.01590565 1.0
-4.8132334 -0.98982227 -0.011793852 1.0
-4.8083177 -1.0417954 -0.0068758642 1.0
-4.7842474 -1.1991255 0.0095255245 1.0
-4.7412281 -1.3484434 0.028731393 1.0
-4.7181306 -1.4274023 0.038658153 1.0
-4.6851377 -1.5320132 0.051899865 1.0
-4.6438389 -1.6531376 0.067348123 1.0
-4.601757 -1.7675164 0.082052141 1.0
-4.585784 -1.8070583 0.087329581 1.0
-4.5635138 -1.862128 0.094543256 1.0
-4.5285439 -1.9465677 0.10553712 1.0
-8.2320509 1.9966857 -0.49151808 1.0
-8.3139257 1.9270928 -0.4863494 1.0
-8.4250822 1.8032037 -0.47358713 1.0
-8.5212317 1.7326474 -0.46999073 1.0
-8.5881672 1.6852189 -0.46786675 1.0
-8.638751 1.6491064 -0.46623576 1.0
-8.7041321 1.5999646 -0.46367165 1.0
-8.8039494 1.5099407 -0.45689201 1.0
-8.8513336 1.4563193 -0.4515844 1.0
-8.8859758 1.4155772 -0.44743159 1.0
-8.9321852 1.3608062 -0.44189161 1.0
-9.0572319 1.268666 -0.43780628 1.0
-9.1196642 1.2137845 -0.43408099 1.0
6.6420412 -0.81986099 0.41211057 1.0
6.6885586 -0.60212886 0.38617116 1.0
6.6999488 -0.52506995 0.37729707 1.0
6.7264657 -0.42708358 0.36435232 1.0
6.7451963 -0.32791263 0.35196826 1.0
6.7615733 -0.22883901 0.34050998 1.0
6.778019 -0.11766003 0.32659122 1.0
6.7913022 -0.017229492 0.31394896 1.0
-4.2652969 1.98658 -0.067958727 1.0
-4.3397956 1.9848082 -0.07524287 1.0
-4.8258133 1.9861394 -0.12594561 1.0
-4.8981748 1.9766462 -0.13146603 1.0
-9.4550819 0.85014594 -0.40170747 1.0
-9.4851046 0.80418879 -0.39636201 1.0
-9.7494802 0.55729157 -0.37938333 1.0
-9.996273 0.29637679 -0.35853168 1.0
7.8008852 -1.3099136 0.14992973 1.0
7.7536354 -1.2436407 0.14418717 1.0
7.6619034 -1.142009 0.13724957 1.0
7.5901494 -1.0459027 0.12905855 1.0
7.5413632 -0.96893162 0.12153513 1.0
7.4728932 -0.84949738 0.10896066 1.0
7.4306855 -0.77598667 0.10114347 1.0
7.4024792 -0.73200631 0.09672831 1.0
7.3481674 -0.67179334 0.092254564 1.0
7.30267 -0.62657845 0.089350075 1.0
7.2047701 -0.52409011 0.082125537 1.0
2.2549937 -4.234901 0.58114189 1.0
2.4226274 -3.5796707 0.55632168 1.0
-1.8096668 2.479542 -0.3760761 1.0
-1.4254776 1.8681598 -0.079234101 1.0
-2.0108895 2.3772278 -0.36978444 1.0
-2.1196649 2.312674 -0.36474743 1.0
-2.066251 1.8679363 -0.19425225 1.0
2.3047378 -4.017231 0.39847127 1.0
2.4828508 -4.0270128 0.3803246 1.0
2.9062994 -4.2857871 0.33237144 1.0
-0.5132578 2.1977253 -0.19820844 1.0
-0.20002387 2.368397 0.19488792 1.0
-0.44805449 2.624145 0.070246182 1.0
-0.44115806 2.3001757 0.19390759 1.0
-0.52473933 2.2727761 0.19320132 1.0
-0.69981521 2.6170757 0.040390622 1.0
-0.69867706 2.5788755 0.060884114 1.0
-0.6087144 2.2453518 0.19169402 1.0
-0.75859547 2.1690125 0.19644164 1.0
-1.1807069 2.5774415 -0.022190949 1.0
-0.96559781 2.0057442 0.2173769 1.0
-1.2605559 1.9475424 0.1765653 1.0
-1.9704071 2.6102166 -0.19304599 1.0
-1.9837404 2.5984733 -0.19225639 1.0
-1.997348 2.5615475 -0.1835648 1.0
-2.113749 2.6112137 -0.22561902 1.0
-4.8808227 -3.4409847 1.5960773 1.0
-4.8897095 -3.5291247 1.6093216 1.0
-4.897728 -3.6322415 1.6248764 1.0
-4.8880868 -3.7237267 1.6386601 1.0
-4.8974476 -3.8313906 1.6547105 1.0
-4.9018035 -3.9376605 1.6709235 1.0
-10.600547 -8.7333775 2.3687441 1.0
-3.5606577 -3.2503159 1.5747266 1.0
-3.4600334 -3.3299229 1.5880281 1.0
-3.348573 -3.3599455 1.5938013 1.0
1.2783401 1.9696298 0.3501105 1.0
1.1163129 2.0471053 0.33585829 1.0
6.6263905 1.9339467 0.069101281 1.0
5.8655119 1.7701014 0.18261197 1.0
4.0439386 1.8366848 0.374605 1.0
-0.74086392 -5.1177459 0.44261929 1.0
-0.63250333 -6.3537374 0.38815495 1.0
-0.52500254 -6.355792 0.39143193 1.0
-0.42881772 -6.3556757 0.39413214 1.0
-0.2592234 -6.3522682 0.39825913 1.0
-0.20275153 -6.3493838 0.39948905 1.0
-0.12379123 -6.3438993 0.40109086 1.0
4.7136683 0.55276978 0.16206607 1.0
4.7030177 0.64931083 0.15071835 1.0
4.6903858 0.74560809 0.13932821 1.0
4.67418 0.85378563 0.12628116 1.0
4.6617188 0.94808942 0.11411127 1.0
4.631465 1.1453 0.088192843 1.0
4.6114635 1.2510678 0.074154414 1.0
1.0346923 -3.6473734 1.0617836 1.0
1.1801673 -3.6398706 1.0638615 1.0
1.3622273 -3.7896392 1.0650891 1.0
1.4779166 -3.6509106 1.0660725 1.0
2.6926806 -7.3888307 1.0631598 1.0
2.7508066 -7.3886757 1.0632706 1.0
2.9643102 -7.4112511 1.0632828 1.0
3.0364308 -7.4046249 1.0631595 1.0
2.3053956 -5.2813683 1.0647928 1.0
2.3038664 -5.2185836 1.0647786 1.0
2.2941155 -5.1349525 1.0647753 1.0
2.2885237 -5.0639529 1.0647548 1.0
2.2844172 -4.640182 1.0642402 1.0
-11.533423 -1.6705592 0.96012729 1.0
-11.554569 -1.8642634 0.98309886 1.0
-11.558194 -1.971136 0.99602592 1.0
-11.57055 -2.1656659 1.0194306 1.0
-11.573776 -2.2736707 1.032553 1.0
-11.600144 -2.4955583 1.0589931 1.0
-11.606052 -2.5621812 1.067003 1.0
-11.60638 -2.6495273 1.0777261 1.0
-11.589172 -2.7109199 1.0857714 1.0
-11.579832 -2.7742877 1.0938396 1.0
-11.244376 -2.8392134 1.1115165 1.0
-11.871474 -3.9277425 1.2282053 1.0
-11.751543 -3.9335761 1.232439 1.0
-11.63585 -3.9633367 1.2395341 1.0
-2.8289969 2.0389853 1.053893 1.0
-3.0411541 2.030062 1.0908788 1.0
-3.7440476 2.4172819 1.1900064 1.0
-3.8587019 2.4213467 1.2100101 1.0
-3.9788842 2.4255693 1.231168 1.0
0.64617103 1.9319469 0.93778461 1.0
0.67793715 2.0565364 0.94885164 1.0
0.66640067 2.1245525 0.95077056 1.0
0.6271407 2.2564454 0.95268095 1.0
0.62230504 2.2814791 0.95351857 1.0
5.1526713 1.8821597 1.3653005 1.0
5.1467853 1.9648272 1.3562967 1.0
5.1517053 2.0665627 1.3464757 1.0
5.1356292 2.1517844 1.3363818 1.0
5.134408 2.2585361 1.3256481 1.0
5.1496119 2.3543084 1.3176576 1.0
5.152842 2.4631977 1.307321 1.0
-3.2886419 -3.6817327 0.35602781 1.0
-3.1210108 -3.8273883 0.38942915 1.0
-3.0735066 -3.878722 0.38598835 1.0
-3.0243628 -3.9194627 0.39251906 1.0
-2.9677062 -3.9654365 0.39993379 1.0
-2.9317882 -3.9935293 0.40455848 1.0
-2.8555074 -4.0437312 0.41450563 1.0
-2.6916234 -3.9400182 0.44385299 1.0
-2.6880202 -4.0896616 0.43807036 1.0
-2.6814289 -4.1602354 0.43596244 1.0
-0.75438499 2.6018591 0.1374837 1.0
-1.1286136 2.6700091 0.061494358 1.0
-1.230143 2.3884678 0.13458328 1.0
-1.3896462 1.965994 0.23266196 1.0
-8.1817589 2.2297087 -0.5936017 1.0
-8.1077805 2.1189907 -0.56543684 1.0
-8.1490812 2.0196581 -0.55770648 1.0
-8.1630316 1.8373207 -0.53387296 1.0
-8.178565 1.7941421 -0.53028703 1.0
-8.20119 1.7214305 -0.52375168 1.0
-8.1920605 1.6127419 -0.50711864 1.0
-8.1752663 1.5490842 -0.49558243 1.0
-8.1706228 1.5028238 -0.48847142 1.0
-8.1686926 1.4268366 -0.47778642 1.0
-8.1634884 1.3656995 -0.4686453 1.0
-8.1592865 1.3199559 -0.46179479 1.0
-1.3457174 1.9865294 -0.19683036 1.0
-1.5356286 2.255322 -0.34415403 1.0
-1.4188827 2.0118129 -0.22004375 1.0
-1.424642 1.9573737 -0.19785823 1.0
-1.4606743 1.8740028 -0.16918264 1.0
-1.5205979 1.8648553 -0.17660221 1.0
-1.6214597 1.8641319 -0.19583832 1.0
-2.8573854 -3.4575169 1.4173204 1.0
-2.7664182 -3.4934444 1.4254154 1.0
-1.2455844 -3.3620474 1.4210134 1.0
3.0555329 -3.3350575 2.3721418 1.0
0.1868725 1.9839629 0.63802886 1.0
0.042244747 1.9885459 0.6291424 1.0
-0.0409122 1.9951925 0.62244499 1.0
-0.21234068 2.0104704 0.60689157 1.0
-0.33467478 2.0132453 0.59661996 1.0
-0.92061037 1.9820006 0.54631531 1.0
-1.2581862 1.9980907 0.50333697 1.0
-2.2774141 2.6814673 0.23223075 1.0
-2.3202889 2.4605057 0.27112705 1.0
-2.2793407 2.0365317 0.35936868 1.0
-2.5117583 2.0133903 0.32977045 1.0
6.543385 -4.1502514 1.4411052 1.0
6.5749235 -3.6501451 1.3971527 1.0
-2.4370313 2.0931246 0.77851129 1.0
-2.7064047 2.1104612 0.76827425 1.0
-3.0045655 2.1541643 0.75434548 1.0
-3.1467369 2.1408827 0.75147927 1.0
-3.3818753 2.170943 0.74105197 1.0
-3.474246 2.2026708 0.73476273 1.0
-3.5697885 2.1924887 0.73301417 1.0
-4.3973989 2.3983595 0.68543345 1.0
-4.4296327 2.3215368 0.69303435 1.0
-4.5361104 2.2902179 0.69337738 1.0
-4.6316571 2.2829118 0.68854433 1.0
-4.9232602 2.3798556 0.67193192 1.0
-4.8157701 2.3147931 0.68238127 1.0
-5.9566479 2.7410131 0.60106981 1.0
-6.0576973 2.6154392 0.61220187 1.0
-5.1230364 2.2132268 0.69831187 1.0
2.2476869 -3.8006988 1.9459836 1.0
2.49997 -3.341357 1.8460046 1.0
2.6259985 -3.3293288 1.852563 1.0
7.3704123 2.1307778 1.243919 1.0
7.0765538 2.139967 1.2106956 1.0
7.0811968 2.1680117 1.2067133 1.0
7.0880723 2.1967175 1.2028745 1.0
6.6086049 2.1351008 1.1610545 1.0
5.6295638 1.9695201 1.0820855 1.0
5.5192008 1.9594706 1.0718409 1.0
5.4366069 1.9567915 1.0634195 1.0
5.3538103 1.9534794 1.0550821 1.0
-2.3230762 1.9892271 0.23461579 1.0
-5.4635525 2.2210596 0.35180038 1.0
-5.8115149 2.3184576 0.33314309 1.0
-5.5183735 2.1593692 0.36230704 1.0
-5.5036998 2.1337619 0.3668493 1.0
-5.4002576 2.0772235 0.37721357 1.0
-5.4022202 2.0283551 0.38574931 1.0
-5.3145075 1.9693928 0.39646974 1.0
-5.7347651 2.0369878 0.38271776 1.0
-6.0479655 2.1047778 0.3694241 1.0
-6.1426306 2.0901241 0.37157062 1.0
-6.3159776 2.0753896 0.37338895 1.0
-6.3045125 2.0155427 0.38395306 1.0
-6.4448719 2.0098162 0.38435051 1.0
-6.6384892 2.0050778 0.38435093 1.0
-7.130785 2.0877528 0.36769238 1.0
-11.622491 0.87810457 -0.23943353 1.0
-11.600079 0.74007672 -0.21234623 1.0
-11.712645 0.52775359 -0.18180521 1.0
-11.609423 0.42792937 -0.15589461 1.0
-11.605713 0.15484703 -0.10601042 1.0
-11.609185 0.076789029 -0.09215574 1.0
-11.594598 -0.020373849 -0.073542088 1.0
-6.9196515 0.058527127 0.26036468 1.0
-6.9055042 -0.043820489 0.27977383 1.0
-8.3411741 -0.43483061 0.24253821 1.0
-6.9163609 -0.40050218 0.34225824 1.0
-6.915637 -0.58551496 0.37464854 1.0
-11.595571 -2.0363817 0.27966744 1.0
-11.729396 -2.5601165 0.35862958 1.0
5.8671279 -5.6428499 1.562325 1.0
5.8716993 -5.5460463 1.5547335 1.0
5.8766217 -5.3530011 1.5394779 1.0
5.8767362 -5.2566128 1.5318024 1.0
5.8792124 -5.1641846 1.5244205 1.0
5.9458122 -5.0411935 1.5147902 1.0
6.0455399 -5.0413818 1.5151591 1.0
6.1347899 -5.0488153 1.5160538 1.0
6.3362603 -5.0427485 1.516127 1.0
6.4235716 -5.0442138 1.5164572 1.0
6.5456247 -5.0551867 1.5176222 1.0
3.8815467 -2.068722 0.12675026 1.0
3.8851292 -1.9543731 0.1176669 1.0
3.8861547 -1.8351012 0.10816575 1.0
3.880573 -1.7618325 0.10320462 1.0
3.8513541 -1.5429344 0.089548729 1.0
3.8449545 -1.4572686 0.082707383 1.0
3.8356082 -1.3555323 0.074547842 1.0
3.8229983 -1.2388124 0.064986281 1.0
3.7808242 -0.95481551 0.041457575 1.0
3.7282732 -0.66867584 0.015987605 1.0
3.6985161 -0.54115963 0.004663466 1.0
-6.3278489 2.0183725 0.82797951 1.0
-7.1451139 2.2146723 0.84923387 1.0
-7.1431618 2.1380405 0.86118013 1.0
-7.1484704 2.0637157 0.8732878 1.0
-7.2635536 2.0552187 0.88203573 1.0
-7.3437986 2.0497906 0.88806671 1.0
-8.3958149 2.1069093 0.94693333 1.0
-8.3867664 2.0611062 0.95376444 1.0
-3.6604822 -3.3991716 1.7593222 1.0
-3.6674156 -3.539607 1.794632 1.0
-3.0721493 -3.4106245 1.741858 1.0
-2.7649305 -3.4237435 1.7362587 1.0
-2.7311623 -3.4878771 1.7518986 1.0
-2.6594808 -4.0167327 1.8876836 1.0
-2.6533532 -4.2891035 1.9589334 1.0
-1.5884886 -3.3637264 1.6993333 1.0
-1.4550358 -3.2701178 1.6733928 1.0
3.632019 -0.30109543 -0.016820231 1.0
3.576653 -0.13283315 -0.031903341 1.0
3.5371692 -0.023740374 -0.041791335 1.0
3.5270123 0.0031743061 -0.04424338 1.0
3.4770908 0.12884393 -0.055768419 1.0
3.4236963 0.25110745 -0.066896059 1.0
3.377846 0.34707254 -0.075514562 1.0
3.2939649 0.52729315 -0.093764119 1.0
3.2387989 0.64179331 -0.10620587 1.0
3.216615 0.68506879 -0.11084477 1.0
3.1909964 0.72437656 -0.11405426 1.0
2.9805565 1.0272712 -0.14040814 1.0
2.8366289 1.2012429 -0.15463391 1.0
2.7876976 1.2564179 -0.15914574 1.0
2.7548385 1.2924334 -0.16209106 1.0
-0.8444683 -7.295167 0.86635119 1.0
-0.76136971 -7.6503558 0.87690181 1.0
-0.720945 -7.6637263 0.87841302 1.0
-0.62444025 -7.6558366 0.88101161 1.0
-0.55583906 -7.6544814 0.88283724 1.0
-0.35093203 -7.7074389 0.8889913 1.0
-0.24235179 -7.2835808 0.88199228 1.0
-0.20319483 -9.0527344 0.92160058 1.0
-0.033204082 -14.643207 1.0475526 1.0
0.30349559 -14.688701 1.0540847 1.0
0.35428599 -14.66627 1.0543194 1.0
0.4046087 -14.636576 1.0543587 1.0
0.48141068 -14.624934 1.055107 1.0
0.5580951 -14.612692 1.0557839 1.0
-0.019073162 -3.8702822 0.81049716 1.0
0.3226583 -3.5868886 0.94224542 1.0
0.76635683 -5.3591709 1.0462261 1.0
-3.3032246 2.0285954 -0.2404245 1.0
-3.3274021 1.9431803 -0.22149827 1.0
-3.3764529 1.8717451 -0.21068443 1.0
-3.520015 1.8736129 -0.23484746 1.0
-4.1451421 2.0299578 -0.37921238 1.0
-4.1955371 2.0031028 -0.38087365 1.0
-4.3320169 1.8789388 -0.37300503 1.0
-4.4235816 1.8230803 -0.37500539 1.0
-4.6088815 1.6209067 -0.35871866 1.0
-4.7105846 1.5008965 -0.34866107 1.0
-3.5777876 -0.50332785 -0.13105932 1.0
-3.5912735 -0.5577324 -0.12796511 1.0
-3.6172981 -0.67140645 -0.12145733 1.0
-3.6386175 -0.77758569 -0.11531942 1.0
-3.652509 -0.8559044 -0.11075581 1.0
-3.6677403 -0.96107221 -0.1042707 1.0
-3.6752136 -1.0231376 -0.10031696 1.0
-3.6817329 -1.0858552 -0.096304812 1.0
-3.6881747 -1.1906095 -0.08892563 1.0
-3.6916189 -1.2708234 -0.08332324 1.0
-3.6975985 -1.3537315 -0.078578912 1.0
4.4901705 1.037042 -0.10019007 1.0
4.432632 1.1112057 -0.10803183 1.0
4.3921547 1.1621301 -0.11343262 1.0
4.2932796 1.2827729 -0.12627766 1.0
4.2288933 1.3585222 -0.13438179 1.0
4.2112803 1.3788619 -0.13656333 1.0
4.1671491 1.4291009 -0.14196222 1.0
4.1227374 1.4785994 -0.14726467 1.0
4.0731063 1.5296949 -0.15239947 1.0
3.9678998 1.6491449 -0.16633858 1.0
3.8658481 1.7384018 -0.17424595 1.0
3.7801888 1.809171 -0.18023799 1.0
3.7072787 1.8637451 -0.18423481 1.0
-1.7034903 1.8658545 -0.2129752 1.0
-1.9293767 2.0496852 -0.33301157 1.0
-1.9989637 2.0116756 -0.3326239 1.0
-2.0969467 1.9518553 -0.33069283 1.0
-2.2983949 1.8008219 -0.3207331 1.0
-2.3228905 1.7734169 -0.31670639 1.0
-2.454973 1.6516801 -0.30642372 1.0
-2.6072841 1.5023668 -0.29566532 1.0
-2.7519207 1.3503131 -0.28630105 1.0
-2.8461137 1.2217525 -0.27370214 1.0
-2.9231093 1.1293302 -0.26883492 1.0
-2.9606731 1.0741246 -0.26398364 1.0
-2.9999437 1.0131801 -0.25857794 1.0
5.6010699 -3.8169246 0.69227684 1.0
5.7440109 -3.7648304 0.6748597 1.0
5.7849998 -3.7622631 0.67120504 1.0
5.8378525 -3.7672904 0.66741657 1.0
5.8618441 -3.7079158 0.65870804 1.0
5.8605752 -3.5151033 0.63669467 1.0
5.8692532 -3.4191942 0.62477231 1.0
6.1660357 -3.3901951 0.59576237 1.0
6.261003 -3.3999655 0.58866614 1.0
6.4519558 -3.4169478 0.57399738 1.0
7.0068083 -3.5292561 0.53866172 1.0
7.0301123 -3.4937353 0.53216916 1.0
-11.655441 0.46745497 -0.51735413 1.0
-11.388317 0.38051936 -0.47217768 1.0
-6.729178 0.28177008 0.14628632 1.0
-7.1077166 0.23317392 0.10274807 1.0
-7.158145 0.18123302 0.10230175 1.0
-7.2085614 0.063161694 0.10952891 1.0
-7.230814 -0.029123478 0.11729611 1.0
-7.2007937 -0.12848154 0.13257296 1.0
-7.188952 -0.21071278 0.14344034 1.0
-7.1762309 -0.26222911 0.15089326 1.0
-6.7354827 -0.29503205 0.21186531 1.0
5.1573019 1.8645341 0.038095698 1.0
6.8419404 -3.5120883 1.3839256 1.0
6.9160972 -3.5088494 1.3833642 1.0
7.0710826 -3.5344939 1.385114 1.0
7.1486378 -3.5314968 1.3855966 1.0
7.2352233 -3.5321178 1.3853135 1.0
7.3193955 1.9432124 0.7839219 1.0
7.2996635 1.9769599 0.77970475 1.0
7.3192825 2.0077193 0.77552783 1.0
6.8453345 1.9355925 0.78900182 1.0
7.067946 2.0691423 0.76962727 1.0
5.7759342 1.8192571 0.81320298 1.0
5.6983762 1.8169599 0.8141346 1.0
5.4845343 1.8125782 0.81642431 1.0
-6.7315569 0.84304917 -0.3348738 1.0
-6.8153381 0.73661739 -0.32639936 1.0
-6.8570204 0.68246138 -0.32203776 1.0
-6.9645133 0.5731678 -0.31684935 1.0
-6.9916964 0.52786881 -0.31224018 1.0
-7.1103263 0.33160889 -0.29285204 1.0
-7.1580253 0.24892214 -0.28456756 1.0
3.3002162 2.0828476 0.10573518 1.0
3.1007593 2.019074 0.1315418 1.0
3.2670736 2.2550511 0.068874955 1.0
3.1997242 2.3653197 0.047473863 1.0
2.2191148 2.0409198 0.17481241 1.0
2.139204 2.0567946 0.1857854 1.0
1.9838785 2.0653405 0.18067485 1.0
1.9482723 2.1874275 0.15304427 1.0
1.9397337 2.2762856 0.13188736 1.0
1.4121923 1.9228694 0.24110954 1.0
1.4021219 1.9245652 0.24111392 1.0
1.2994961 2.0449603 0.21529588 1.0
2.5999377 1.9829258 0.15480369 1.0
2.777421 2.1733503 0.068767041 1.0
2.4197621 2.0054622 0.17986903 1.0
2.2984457 2.0032458 0.20086509 1.0
2.1346278 2.1482368 0.18182521 1.0
2.1250186 2.286413 0.13892892 1.0
2.1202834 2.3407493 0.12192012 1.0
2.2680867 2.5855217 0.021272218 1.0
2.1115346 2.5127752 0.066309161 1.0
1.5646429 1.9240382 0.33413512 1.0
-4.8796806 -0.15656087 -0.10111797 1.0
-4.880393 -0.23829097 -0.092788093 1.0
-4.875505 -0.46111143 -0.069808125 1.0
-4.8712807 -0.54301727 -0.061265018 1.0
-4.8638992 -0.6476652 -0.050271355 1.0
-4.8544936 -0.74763131 -0.039588511 1.0
-4.8435516 -0.81969148 -0.031158689 1.0
4.8585196 -3.4374902 0.26232249 1.0
4.8673277 -3.3381059 0.25418791 1.0
4.8809595 -3.1415882 0.23793955 1.0
4.8858414 -3.0444815 0.22983037 1.0
4.8898573 -2.9524956 0.22206073 1.0
4.8944883 -2.8423207 0.21244204 1.0
4.8976622 -2.7330341 0.20283929 1.0
4.8989897 -2.6440513 0.19496958 1.0
5.7644897 -5.0491147 1.2384456 1.0
5.8619714 -5.0505891 1.2363285 1.0
5.9557157 -5.0469666 1.2339648 1.0
6.1551914 -5.0641594 1.2301943 1.0
6.257278 -5.0631928 1.227638 1.0
6.4402275 -5.0748625 1.2237146 1.0
6.6059632 -5.0855322 1.2200522 1.0
5.884726 -4.4452386 1.2007823 1.0
5.8763843 -4.3728924 1.1966511 1.0
5.861299 -4.2639775 1.1904461 1.0
-4.954855 -0.64090329 -0.15524071 1.0
-4.982204 -0.70502722 -0.15161163 1.0
-5.0052996 -0.76083094 -0.14843808 1.0
-5.0413418 -0.85041195 -0.14332087 1.0
-5.070363 -0.931225 -0.13817319 1.0
-5.1081095 -1.0558627 -0.12917428 1.0
-5.1496978 -1.1847804 -0.12091371 1.0
-5.1663489 -1.2354859 -0.11786302 1.0
-5.1929703 -1.2899296 -0.11650405 1.0
-5.2150064 -1.3624564 -0.11202347 1.0
-11.647091 1.0668888 0.6296764 1.0
-11.461102 0.88965136 0.65578967 1.0
-11.457576 0.80750722 0.66556764 1.0
-11.458595 0.70518535 0.67760682 1.0
-11.462058 0.52121556 0.69924802 1.0
-11.462478 0.31683165 0.72344708 1.0
-11.46662 0.21467662 0.73545408 1.0
-11.465119 0.1125103 0.74763906 1.0
-11.461175 0.010400993 0.75990087 1.0
-11.462989 -0.071378447 0.76959264 1.0
-11.46717 -0.21465091 0.78656745 1.0
-11.468897 -0.27611503 0.79386169 1.0
-0.56336784 2.7447681 0.77562785 1.0
-0.76268625 2.7509503 0.76717889 1.0
-0.98639685 2.7540822 0.75833756 1.0
-1.2375207 2.5649953 0.76867479 1.0
-1.2913326 2.3582733 0.78830665 1.0
-1.3120097 2.2135818 0.80273998 1.0
-1.5795929 2.067306 0.80875945 1.0
-2.0610957 2.4167454 0.75567144 1.0
-2.1719148 2.4163265 0.75209647 1.0
-2.2531579 2.4247792 0.74855506 1.0
-2.3199909 2.2232125 0.76809561 1.0
-2.3272834 2.1006985 0.78112209 1.0
-5.7296286 1.9878732 -0.015483164 1.0
-5.8862224 2.0048692 -0.030125143 1.0
-6.0542569 2.0126705 -0.043786503 1.0
-6.1366262 2.0152011 -0.050233826 1.0
-6.5317974 1.9563637 -0.067300312 1.0
-6.6343279 1.9485078 -0.073212676 1.0
-7.4092689 2.1251757 -0.16409288 1.0
-7.4056606 1.9670196 -0.1330256 1.0
-7.5692925 1.9524475 -0.14215052 1.0
-7.6819644 1.9512917 -0.1501656 1.0
-11.603909 1.0534621 -0.27047989 1.0
-11.614265 0.93646795 -0.24959862 1.0
2.1403487 2.2570243 0.25423381 1.0
1.5953764 1.9314183 0.41238505 1.0
1.5910077 1.9445945 0.40879977 1.0
1.6005517 2.2006056 0.32828593 1.0
1.3227272 2.3426685 0.30389911 1.0
1.2436832 2.3722436 0.29881391 1.0
0.85306865 2.6127591 0.23064397 1.0
0.75958234 2.6361899 0.22334939 1.0
0.6723935 2.6398249 0.22226623 1.0
0.59210622 2.6508939 0.21793561 1.0
-11.691236 -2.9671929 1.2689047 1.0
-11.689036 -3.0516508 1.2846134 1.0
-11.681669 -3.1134996 1.2961485 1.0
-11.769341 -3.1827011 1.3086358 1.0
-11.680986 -3.198946 1.3120522 1.0
-11.661139 -3.2357745 1.3189981 1.0
-11.351484 -3.2658584 1.3259972 1.0
-11.373225 -4.8391471 1.6208184 1.0
-11.113079 -4.878871 1.6297112 1.0
-11.100211 -5.0341549 1.6590954 1.0
-11.094139 -5.1241951 1.6761402 1.0
-6.061131 -3.5466149 1.4069605 1.0
-5.959878 -3.5508986 1.4084611 1.0
-5.8256888 -3.5450108 1.4082538 1.0
-5.730175 -3.5493248 1.4097416 1.0
-5.6388893 -3.5551424 1.4114965 1.0
-5.6025476 -3.7282889 1.4449353 1.0
0.73039591 1.969992 -0.13210751 1.0
0.70524335 1.9766098 -0.13213491 1.0
0.70615882 1.9998857 -0.14238952 1.0
0.67347825 2.3060896 -0.27444208 1.0
0.58554387 2.3350708 -0.27994788 1.0
0.48319268 2.3654292 -0.28607377 1.0
0.24837247 2.1541715 -0.17509778 1.0
0.081596427 2.1436231 -0.16383132 1.0
-0.13730137 1.8531897 -0.024400266 1.0
-0.41344586 2.318465 -0.25017932 1.0
-0.43806189 2.2067018 -0.19857064 1.0
-0.46492955 2.1856 -0.18992421 1.0
-0.48703551 2.1903892 -0.19332017 1.0
-3.4607174 2.6219056 1.1384643 1.0
-3.5848842 2.625345 1.1450406 1.0
-3.7288969 2.6370585 1.1523507 1.0
-3.6279392 -3.1792986 1.9298979 1.0
-3.5771296 -3.1832809 1.9285671 1.0
-3.4463162 -3.1869376 1.9239273 1.0
-3.3767967 -3.195272 1.9228686 1.0
-3.1970603 -3.1570103 1.9079275 1.0
-3.1639709 -3.1843584 1.9124165 1.0
-3.0845897 -3.2012534 1.9130762 1.0
-2.9044583 -3.2315354 1.9132888 1.0
-2.7376163 -3.2184818 1.905145 1.0
-2.697087 -3.295217 1.9205686 1.0
-2.6728244 -3.4454224 1.9527081 1.0
-2.6507173 -3.4976196 1.9636049 1.0
-2.6366963 -3.6163158 1.9894876 1.0
-2.6361156 -3.671808 2.00179 1.0
-2.6346519 -3.7561984 2.0205424 1.0
-3.849241 2.157871 0.57379514 1.0
-4.2205191 2.2441623 0.54052609 1.0
-6.0557647 2.5813956 0.38697657 1.0
2.7052069 1.3452985 -0.16641426 1.0
2.528672 1.5198523 -0.18065801 1.0
2.3701265 1.6604131 -0.19215636 1.0
2.3311155 1.6927457 -0.19477272 1.0
2.0737727 1.9005765 -0.21491621 1.0
1.9819409 1.9349637 -0.21081798 1.0
1.9150096 1.9445308 -0.20295773 1.0
1.8946805 2.0249989 -0.22705576 1.0
1.8280944 2.0947142 -0.24054593 1.0
1.7669841 2.1219258 -0.2407712 1.0
1.4364513 1.9005572 -0.11294229 1.0
1.3140956 1.8959513 -0.093625858 1.0
0.70769674 2.6104281 0.17716397 1.0
-0.040582541 1.9075577 0.33628508 1.0
-0.37635362 2.6151567 0.16317287 1.0
-1.6283622 2.5712771 0.12736921 1.0
-1.7896624 2.5572197 0.12260572 1.0
-1.4925704 1.9036245 0.28562328 1.0
-2.249927 2.4913681 0.11269205 1.0
-2.3559611 2.576962 0.087687559 1.0
-2.3514743 2.4921525 0.10673176 1.0
-2.1655409 2.09832 0.20435083 1.0
-2.239783 1.9669648 0.22852175 1.0
-2.6171319 1.938661 0.21081552 1.0
-2.7146742 1.9441483 0.20332913 1.0
-3.1389747 2.1808772 0.20706038 1.0
-3.3132465 2.0658448 0.20140205 1.0
-3.3881202 2.0713532 0.18911508 1.0
-3.7900844 2.2278876 0.10093523 1.0
-3.7930584 2.1936536 0.10640191 1.0
-4.4081678 2.2689185 -0.00075829559 1.0
-4.4071708 2.1802919 0.01421267 1.0
-4.4992385 2.1593921 0.0033807331 1.0
-4.8238616 2.1758132 -0.049969435 1.0
-8.0466595 0.24958122 -0.30771422 1.0
-6.8221021 0.14675127 -0.094488479 1.0
-6.7321301 0.16042161 -0.081768259 1.0
-8.0390501 0.032163911 -0.28218675 1.0
-8.0292654 -0.069342978 -0.26892844 1.0
-8.0353031 -0.17138404 -0.25836366 1.0
-8.0170679 -0.2576704 -0.24571314 1.0
-7.989326 -0.31405541 -0.23490016 1.0
-7.9746242 -0.35652933 -0.22781253 1.0
-7.9802094 -0.4004049 -0.22393315 1.0
-7.989439 -0.45920196 -0.2190721 1.0
-7.9015527 -0.59588498 -0.19000159 1.0
-11.472334 -0.37868622 0.80603111 1.0
-11.47611 -0.48141649 0.81822461 1.0
-11.480733 -0.58437896 0.83043891 1.0
-11.485989 -0.68757534 0.84267813 1.0
-11.491122 -0.77037489 0.85248423 1.0
-11.492082 -0.87360561 0.86487889 1.0
-11.495725 -0.97727525 0.87726539 1.0
-11.499822 -1.0397977 0.88468909 1.0
-11.508054 -1.1029037 0.89207244 1.0
-11.517982 -1.3747232 0.92466551 1.0
-11.524611 -1.4802099 0.93726319 1.0
-11.529347 -1.5647831 0.94739181 1.0
-0.69809866 -3.7335396 1.8591204 1.0
-0.69390571 -3.8052318 1.874108 1.0
-0.71323925 -4.1069064 1.9361826 1.0
-0.71848625 -4.2326951 1.9621651 1.0
-0.72375578 -4.4024787 1.9973075 1.0
-0.72799343 -4.498621 2.0171778 1.0
-0.8347854 -5.0656333 2.1318693 1.0
-0.76652586 -5.0198641 2.1244888 1.0
-0.56053388 -7.1067953 2.5681701 1.0
-0.56311142 -7.1283226 2.5725751 1.0
-0.47268766 -7.1064839 2.5716074 1.0
-0.40393189 -7.1197333 2.5771832 1.0
0.44894916 -3.3630881 1.9594181 1.0
1.3045328 -3.5138385 2.055053 1.0
2.2458131 -5.1713881 2.5377073 1.0
2.2795815 -5.0557446 2.5131147 1.0
-6.2867751 2.1242414 -0.30911154 1.0
-6.2525768 1.9221842 -0.26338807 1.0
-6.3396277 1.9120772 -0.27060914 1.0
-6.5662627 1.9145966 -0.2954016 1.0
-6.6494532 1.9125752 -0.30390793 1.0
-6.7450857 1.9131225 -0.31428382 1.0
-6.8528996 1.9160306 -0.32645929 1.0
-6.9030976 1.9040956 -0.3294121 1.0
-6.9860377 1.8997231 -0.33743924 1.0
-7.1917481 1.9239275 -0.36451754 1.0
-8.0938396 2.1093946 -0.49945593 1.0
-7.3567452 1.9112664 -0.37971655 1.0
-7.4000454 1.8952228 -0.38112783 1.0
-8.1644421 2.0395234 -0.49287933 1.0
-5.6632628 2.2321167 0.025583286 1.0
-5.6758389 2.2130222 0.02679679 1.0
-5.8198609 2.2133138 0.0086395312 1.0
-5.9366899 2.2270875 -0.0080746701 1.0
-6.1527562 2.2590387 -0.039943002 1.0
-6.4410853 2.3109515 -0.083830185 1.0
-6.0395532 2.1501877 -0.0099357376 1.0
-6.2366061 2.1725466 -0.038066208 1.0
-6.29843 2.1657896 -0.044922449 1.0
-7.173378 2.3379178 -0.18038628 1.0
-7.0057621 2.152885 -0.13289432 1.0
-7.1867194 2.1725855 -0.15870409 1.0
-8.1290665 2.213871 -0.28472042 1.0
-11.318725 1.6024837 -0.61453879 1.0
-11.571174 1.3388605 -0.61368543 1.0
-11.613477 1.0915214 -0.58815104 1.0
-11.598242 1.0486778 -0.58084196 1.0
-11.590805 0.92315614 -0.5643416 1.0
-11.312819 0.84584945 -0.51866883 1.0
8.5961208 -2.5190885 0.25349456 1.0
8.5458784 -2.4369681 0.24650232 1.0
8.4821949 -2.335557 0.23797554 1.0
8.431448 -2.2555153 0.23127142 1.0
8.4063377 -2.2159948 0.22791702 1.0
8.2987366 -2.0427153 0.21279632 1.0
8.1680508 -1.8375829 0.19486356 1.0
8.1201782 -1.7645162 0.18851559 1.0
8.0962458 -1.7283604 0.18537705 1.0
8.047761 -1.656646 0.17921105 1.0
7.8335443 -1.359658 0.15448737 1.0
-6.080605 1.92564 -0.44003147 1.0
-6.1179838 1.619688 -0.40133032 1.0
4.1427302 2.3879681 0.58520383 1.0
4.1004906 2.5964057 0.5527721 1.0
3.4710236 2.425128 0.60143185 1.0
1.6088651 1.9583907 0.72762245 1.0
1.5688332 1.9550624 0.72867137 1.0
1.4850969 1.9659182 0.72736371 1.0
1.3991401 1.9546255 0.73008502 1.0
0.89675695 1.9457445 0.73012269 1.0
0.77262318 1.9790429 0.72138482 1.0
0.24080773 1.9653994 0.70706654 1.0
0.21226536 2.1869514 0.66008371 1.0
0.17235351 2.6041758 0.57221919 1.0
-2.7962549 2.2765763 0.36863312 1.0
-4.9560962 2.546602 0.067130193 1.0
-5.3447866 2.6239197 0.0075512519 1.0
-5.3462639 2.5894732 0.012623845 1.0
-5.669549 2.5177071 -0.016524065 1.0
-5.7312827 2.5171263 -0.024107033 1.0
-5.9106479 2.5230346 -0.047309455 1.0
-5.9308991 2.4809127 -0.043575905 1.0
-5.6125689 2.3305154 0.018442441 1.0
-3.1092627 0.82494861 -0.24139573 1.0
-3.1638241 0.72360665 -0.23255625 1.0
-3.2162931 0.61666995 -0.22301219 1.0
-3.2814391 0.47650596 -0.21118218 1.0
-3.3314953 0.35393268 -0.2004406 1.0
-3.4094498 0.13159381 -0.18069537 1.0
-3.4264488 0.076300867 -0.17573649 1.0
-3.4653478 -0.064731151 -0.16304284 1.0
-3.4901841 -0.15159078 -0.1562987 1.0
-3.515975 -0.2460715 -0.14927652 1.0
-3.541353 -0.35046673 -0.14142001 1.0
-3.5678473 -0.46534121 -0.13320941 1.0
0.16501127 2.512758 0.59071606 1.0
0.15328278 2.3306875 0.62767386 1.0
0.14718474 2.2144175 0.6513325 1.0
0.15624085 2.1736262 0.6943925 1.0
0.13795587 2.1550634 0.66310358 1.0
0.069594003 2.0087416 0.72130209 1.0
-1.5726533 2.0125103 0.55033964 1.0
-1.630403 2.0160227 0.54358506 1.0
-2.3199902 2.4401569 0.39420161 1.0
-2.3166757 2.2238805 0.43210912 1.0
-2.3319411 2.0712664 0.45638889 1.0
-2.7773929 2.3431726 0.35963851 1.0
-2.7829957 2.331018 0.36104089 1.0
-5.0632014 -3.5899677 1.42243 1.0
-4.9149413 -3.6469667 1.4345629 1.0
-4.9249315 -3.7535326 1.4550152 1.0
-4.9253626 -3.8253143 1.4688524 1.0
-4.9309721 -4.0366459 1.509602 1.0
-3.7454021 -3.4587541 1.4083103 1.0
-3.5423877 -3.4965343 1.4176239 1.0
-3.3563676 -3.5441315 1.4287883 1.0
-3.2082677 -3.5211539 1.4258708 1.0
-3.1616066 -3.5522759 1.4324542 1.0
-2.9738369 -3.553638 1.4348048 1.0
4.7214622 0.46415848 0.17241158 1.0
-7.5615702 -0.61716437 -0.13195887 1.0
-8.0071831 -0.69414002 -0.19698982 1.0
-6.8401451 -0.59019464 -0.016448244 1.0
-6.8107615 -0.6369977 -0.0067746993 1.0
-8.0102787 -0.85581404 -0.18078083 1.0
-8.0097437 -0.95877087 -0.17023948 1.0
-7.9474349 -1.1554154 -0.14055081 1.0
-7.931747 -1.255936 -0.12825119 1.0
-7.9133201 -1.3559573 -0.11570159 1.0
-7.5440803 -1.3982161 -0.051781822 1.0
-7.4782786 -1.4127861 -0.039760884 1.0
2.2824075 -4.9771824 2.49458 1.0
2.2600727 -4.7022491 2.4267974 1.0
2.2608578 -4.5774527 2.3971312 1.0
2.3094192 -4.5251479 2.3894145 1.0
2.2637033 -4.1917033 2.3058259 1.0
2.2628119 -4.063467 2.2754161 1.0
2.2641802 -3.8884439 2.2342978 1.0
2.2667408 -3.7999039 2.213748 1.0
2.368078 -3.4550629 2.1441469 1.0
2.5337877 -3.3223364 2.1323106 1.0
2.6926031 -3.3179612 2.1499255 1.0
2.7670853 -3.3735223 2.1713657 1.0
3.1265512 -3.3671765 2.2141333 1.0
3.1775048 -3.392467 2.2261584 1.0
5.1428409 2.459636 1.6919193 1.0
0.91178471 2.0079086 1.1104226 1.0
6.5455499 -3.9428394 1.6981486 1.0
6.549366 -3.8825719 1.6917601 1.0
6.8496184 -3.9825873 1.7112302 1.0
6.5528245 -3.7302322 1.675405 1.0
6.5779119 -3.4752166 1.6484845 1.0
6.6442246 -3.4549298 1.6481661 1.0
6.9405918 -3.53474 1.665254 1.0
7.1343169 -3.5040278 1.6673831 1.0
7.2870111 -3.508805 1.6722034 1.0
7.3483691 -3.494302 1.6723417 1.0
7.5959597 1.9552928 1.0520933 1.0
7.5850387 2.0060427 1.0456127 1.0
7.3309789 2.0344548 1.0353303 1.0
7.02525 2.0054114 1.0306705 1.0
6.7002478 1.943023 1.0295675 1.0
6.6203675 1.9450321 1.0271728 1.0
6.5758605 1.9679431 1.0231682 1.0
5.700202 1.835826 1.0157568 1.0
-11.646557 -4.0603704 1.251322 1.0
-11.64721 -4.1543689 1.2630371 1.0
-11.643902 -4.2237697 1.2718045 1.0
-11.859704 -4.4487114 1.2935851 1.0
-11.310967 -4.284276 1.2891761 1.0
-7.7634735 -2.9562721 1.2275089 1.0
-7.659019 -2.9631374 1.2314546 1.0
-7.5438595 -2.9803553 1.2370214 1.0
-7.5425034 -3.1721296 1.2611618 1.0
-7.5359015 -3.2502947 1.2712001 1.0
-11.065834 -4.8843813 1.3718451 1.0
-11.070499 -4.9577847 1.380963 1.0
-11.07033 -5.0526791 1.3923682 1.0
-11.072222 -5.1491637 1.4039274 1.0
-11.071375 -5.2455873 1.4161502 1.0
-11.077683 -5.3461642 1.4286933 1.0
3.28918 -3.4671543 1.8982637 1.0
3.117363 2.643697 0.28612572 1.0
1.8484691 2.0956893 0.38214639 1.0
1.8316075 2.152122 0.37112951 1.0
1.8505784 2.4900687 0.30591869 1.0
0.018354487 2.1980097 0.33965215 1.0
-0.0097234175 2.1960704 0.33950943 1.0
-0.10735824 2.1079538 0.35514301 1.0
-0.11138365 2.2165811 0.33345884 1.0
-0.36154881 2.6297541 0.24601343 1.0
-1.4571537 2.6233449 0.21901748 1.0
-2.5069623 2.5761333 0.19506513 1.0
-2.7228136 1.9043036 0.3169345 1.0
-4.3145618 2.3970907 0.16502331 1.0
-4.0222378 1.9232483 0.26540411 1.0
-5.1454148 2.3849845 0.136351 1.0
-5.23704 2.3836408 0.13316244 1.0
-5.5903907 2.4469256 0.10797124 1.0
-4.9769983 -5.1947966 0.20580754 1.0
-4.9765835 -5.2322049 0.20716082 1.0
-4.9857388 -5.3978763 0.21135233 1.0
-4.9727807 -5.461514 0.21527866 1.0
-4.9593797 -5.525352 0.2192183 1.0
-3.2129261 -3.4650252 0.40718648 1.0
-3.690232 -4.1660094 0.35981411 1.0
-3.7019203 -4.2447958 0.3603417 1.0
-4.873683 -5.8779197 0.24136312 1.0
-4.8524017 -6.0497942 0.24862324 1.0
-2.7946012 -3.6536167 0.46778029 1.0
-2.7534723 -3.7081954 0.47388202 1.0
-2.6400938 -3.8325467 0.48950148 1.0
-2.6750257 -3.9599373 0.48703063 1.0
-2.666862 -4.1189637 0.48984396 1.0
-2.676558 -4.3222275 0.49081054 1.0
0.43013397 1.9756809 0.77463531 1.0
0.20799728 2.1577961 0.73387605 1.0
0.11660919 2.0132165 0.75422895 1.0
-0.82655245 2.0439568 0.69181132 1.0
-0.95881063 2.0280728 0.68485093 1.0
-1.7616633 2.1008053 0.61005962 1.0
-2.3402512 2.0605142 0.56724495 1.0
-3.6445222 2.4239538 0.39939764 1.0
-4.1445446 2.1195965 -0.10346478 1.0
-5.6560917 -5.2261605 0.64524394 1.0
-4.8461313 -4.5279002 0.6677599 1.0
-5.2388878 -5.2177854 0.68863952 1.0
-5.1787596 -5.2078424 0.69399565 1.0
-3.2433484 -3.3317666 0.7275399 1.0
-3.2179043 -3.3514483 0.7317369 1.0
-3.4054716 -3.6375864 0.73740983 1.0
-2.8899245 -3.4989662 0.77500957 1.0
-2.8773992 -3.5651636 0.78135115 1.0
-2.7229745 -3.6806157 0.80380481 1.0
-2.6561792 -3.7567542 0.81517339 1.0
-2.6839635 -3.868921 0.8211478 1.0
-2.6570966 -4.169208 0.84512472 1.0
-2.6453605 -4.5821371 0.87512445 1.0
-2.6458242 -4.7585225 0.88726902 1.0
-2.6474464 -4.9005728 0.89686787 1.0
-2.6546264 -5.086741 0.90898001 1.0
-2.668247 -5.2455735 0.91871244 1.0
-4.2347856 -8.9908371 1.0605093 1.0
-3.7530143 2.4194682 0.39034158 1.0
-3.5168533 2.1131647 0.45522326 1.0
-3.8209465 2.1387053 0.42403013 1.0
-3.9432576 2.1502399 0.41126925 1.0
-5.1436872 2.5760436 0.24214171 1.0
-5.1557565 2.4778912 0.25464347 1.0
-5.158505 2.3843317 0.26729476 1.0
-5.1649976 2.2987094 0.27844191 1.0
1.1046189 -4.1942601 0.73886263 1.0
2.0912097 -4.7752018 0.68294263 1.0
-0.70537478 -4.1055427 0.65902561 1.0
-0.65022802 -4.9250622 0.61582565 1.0
-6.8778105 -3.9894538 0.37479481 1.0
-6.1864176 -3.5711663 0.41372055 1.0
-6.0358105 -3.6152136 0.43747824 1.0
-5.940371 -3.6075175 0.44843417 1.0
-5.8311048 -3.6170576 0.46294847 1.0
-5.7205195 -3.6237111 0.47722459 1.0
-5.5990915 -3.6201549 0.49161297 1.0
-5.5190673 -3.6170561 0.50096411 1.0
-5.4676552 -3.62042 0.507523 1.0
-5.3116555 -3.6262405 0.52682996 1.0
-5.1411076 -3.6154871 0.54591882 1.0
-4.8536048 -3.7331703 0.59130794 1.0
-4.8266978 -3.9505155 0.61569512 1.0
-4.8370657 -4.0784016 0.62677348 1.0
-4.9189048 -4.2180591 0.6310389 1.0
-5.8841972 -5.2658148 0.62421429 1.0
-5.8013835 -5.221591 0.6290912 1.0
-5.7283521 -5.2238874 0.63722956 1.0
1.1491419 -3.5430825 0.50731999 1.0
4.9008727 2.2138107 0.96714133 1.0
-4.2326174 -2.5355685 0.1843482 1.0
7.1159244 -3.4582174 0.52003753 1.0
9.2301035 -3.7750576 0.36686909 1.0
9.1754522 -3.7135177 0.36378697 1.0
9.1287928 -3.6558781 0.36046121 1.0
9.1056919 -3.6084979 0.35628331 1.0
9.078476 -3.5410428 0.34977284 1.0
9.03195 -3.4478374 0.34156606 1.0
8.9161186 -3.2741506 0.32888126 1.0
8.9524508 -3.2338908 0.31989393 1.0
8.8085823 -2.9319642 0.291711 1.0
8.7665129 -2.8476193 0.28388894 1.0
8.7295961 -2.7659478 0.27588931 1.0
8.7001534 -2.7046826 0.27002236 1.0
8.6669025 -2.6427414 0.26439357 1.0
8.6316528 -2.5806446 0.25890896 1.0
0.64536029 -3.3677781 0.92808139 1.0
1.0299709 -3.6130798 0.93791211 1.0
1.1449612 -3.6591725 0.93859679 1.0
1.3691642 -3.6686893 0.93389308 1.0
1.4205551 -3.6760838 0.93300045 1.0
3.130214 -7.3427191 1.1305974 1.0
2.273797 -5.3446741 1.0207328 1.0
2.4051731 -5.3468857 1.0168022 1.0
2.2952914 -4.9975109 0.99625319 1.0
2.3038402 -4.7681208 0.9799459 1.0
2.301784 -4.7212071 0.9767133 1.0
2.2399206 -4.5596628 0.96751392 1.0
2.7641971 -5.353549 1.0047243 1.0
2.8392217 -5.3518705 1.0017346 1.0
2.537966 -4.6638379 0.9636538 1.0
3.0644839 -5.3386798 0.99164933 1.0
-5.2267079 2.2077563 -0.11834319 1.0
-5.1199446 2.1157701 -0.086805455 1.0
-5.2934442 2.0994329 -0.11161061 1.0
-5.4975505 2.1000926 -0.14404185 1.0
-5.5342245 2.0893328 -0.14817485 1.0
-5.6173429 2.0930121 -0.16194786 1.0
-5.7027187 2.0968089 -0.17610744 1.0
-5.7793288 2.0972948 -0.18836771 1.0
-6.4297671 2.2719123 -0.31896448 1.0
-5.963963 2.106101 -0.2191326 1.0
-6.0583959 2.1101508 -0.23481248 1.0
-6.2202668 2.1332798 -0.2641955 1.0
-6.3014126 2.1318944 -0.27694044 1.0
-6.3916554 2.1325357 -0.29145965 1.0
-6.6151419 2.1177323 -0.32497665 1.0
-6.691874 2.1123834 -0.33646628 1.0
-6.7782555 2.1090748 -0.34982195 1.0
-6.9510531 2.127867 -0.38038152 1.0
-7.0608587 2.1291037 -0.39820319 1.0
-7.2216911 2.1144958 -0.42188087 1.0
-8.178194 2.30756 -0.60452139 1.0
-9.4255171 -3.2717454 -0.053042799 1.0
-9.453124 -3.3367918 -0.047899425 1.0
-7.1705236 -2.4644306 0.14558637 1.0
-6.9117012 -2.4230759 0.17534821 1.0
-6.9148526 -2.5623264 0.19366476 1.0
-9.679122 -3.8031616 -0.015776176 1.0
-9.7088099 -3.8545065 -0.012980055 1.0
-9.7530994 -3.932127 -0.0087044127 1.0
-9.8071203 -4.0345478 -0.0025183579 1.0
-9.8467112 -4.1117964 0.0022636557 1.0
-8.0492859 -3.3353815 0.14242259 1.0
-7.539165 -3.3278656 0.20950384 1.0
-7.5379105 -3.4207761 0.22140516 1.0
-7.7025127 -3.5689175 0.21827663 1.0
-7.0217233 -3.274925 0.27114481 1.0
-6.87148 -3.4300857 0.30977327 1.0
-6.8753247 -3.5220308 0.32036036 1.0
-6.8582516 -3.6180234 0.33400694 1.0
-6.7143817 -3.8214924 0.37607217 1.0
-6.9556246 -1.6616378 0.061259579 1.0
-5.1364055 2.2457166 0.87529653 1.0
-6.0832095 2.3216388 0.87003827 1.0
-8.1514235 2.407526 0.86822534 1.0
-11.614048 -0.77915412 1.2543726 1.0
-11.56756 -0.83741426 1.2613657 1.0
-11.584067 -1.0470014 1.2876083 1.0
-5.9651861 -3.2610633 1.5665003 1.0
-5.7635074 -3.2604949 1.5667133 1.0
-5.6784706 -3.2672603 1.567853 1.0
-5.6037707 -3.2790191 1.5697235 1.0
-5.5553689 -3.3195674 1.5757929 1.0
-5.5554137 -3.4177115 1.5902774 1.0
-5.605092 -3.5344527 1.6074265 1.0
-5.1370983 -3.3176131 1.576646 1.0
-5.0769463 -3.332062 1.5789975 1.0
-7.2906628 2.0010862 0.38229841 1.0
-8.38554 2.239794 0.33560795 1.0
-8.3876553 2.181236 0.3459399 1.0
-8.3894205 2.093374 0.3614608 1.0
-8.3755293 2.0025582 0.37758422 1.0
-11.314296 1.4185344 0.47021914 1.0
-11.589512 1.3290124 0.48521802 1.0
-11.65698 1.2563522 0.49798656 1.0
-11.662257 1.0992041 0.52615571 1.0
-11.663308 0.98127055 0.54733092 1.0
-11.656057 0.88268614 0.56507981 1.0
7.3877797 2.044476 0.13859335 1.0
7.0985694 2.0716851 0.14218442 1.0
6.6292167 2.0459943 0.16149509 1.0
6.8130012 2.1450608 0.13659444 1.0
6.8333602 2.1897204 0.127253 1.0
5.6322584 1.899936 0.22022878 1.0
5.4579692 1.8946867 0.22650737 1.0
5.364934 1.8894756 0.23032536 1.0
5.2439733 1.8858005 0.23467329 1.0
5.0466681 1.8782821 0.24204813 1.0
4.9356236 1.8939819 0.24225296 1.0
4.9367952 1.9634701 0.22847359 1.0
4.5839963 1.8773082 0.25593671 1.0
4.432704 1.8726999 0.26128656 1.0
4.3632469 1.8908759 0.25969145 1.0
4.3563356 1.9363517 0.25082222 1.0
3.9522758 1.8912981 0.2714535 1.0
3.8817756 1.897298 0.27225262 1.0
5.9360528 1.8622611 1.2311176 1.0
5.8237443 1.8503194 1.2254918 1.0
5.6815224 1.8489289 1.2168113 1.0
5.4198236 1.8474102 1.2007341 1.0
5.3590384 1.8473829 1.1969659 1.0
5.2981443 1.8468968 1.1932439 1.0
5.1957045 1.8510926 1.1864184 1.0
5.1426225 1.9363271 1.1735144 1.0
5.1426511 2.0406451 1.1617795 1.0
5.1302595 2.1512151 1.1486127 1.0
5.1518493 2.4173386 1.1202309 1.0
2.1228163 2.0622704 0.97713053 1.0
2.0143254 2.101572 0.96680039 1.0
2.0339875 2.2046173 0.95706576 1.0
0.91353798 1.9619077 0.92122418 1.0
0.93545347 2.7089148 0.84643197 1.0
-0.16473141 2.7311268 0.79334658 1.0
-0.34987256 2.729893 0.78576994 1.0
-0.40889394 2.7387748 0.78244877 1.0
-0.12955785 -4.2088156 0.5455513 1.0
-11.503154 -1.6035483 0.5473302 1.0
3.493752 2.2267044 0.35616434 1.0
-0.57020587 -6.1569943 0.7564503 1.0
4.3090649 -1.7551867 0.40959486 1.0
-5.5940571 2.4055157 0.11560988 1.0
-5.8049974 2.4343238 0.10224015 1.0
-5.8191819 2.395685 0.10895026 1.0
-6.0420423 2.4349763 0.093151577 1.0
-6.0316396 2.3970525 0.10064971 1.0
-6.2563949 2.444396 0.083263151 1.0
-6.2697554 2.4140701 0.088431537 1.0
-6.2793527 2.3242211 0.10486659 1.0
-6.3043141 2.3094416 0.10667788 1.0
-5.3358722 1.9643337 0.20801064 1.0
-6.4237971 2.1734469 0.12749292 1.0
-6.4275012 2.0624599 0.14801648 1.0
-6.4892564 2.1114993 0.13652782 1.0
-6.3829131 2.0572586 0.15069385 1.0
-6.2592478 1.9541831 0.17460382 1.0
-8.372798 2.3349006 0.022738671 1.0
-7.2956877 1.9845884 0.12912978 1.0
5.2808843 2.3751237 0.93749374 1.0
3.3696718 2.6417227 0.84884083 1.0
-2.6622994 -4.536943 1.7939993 1.0
7.2133961 -3.5394354 1.0978327 1.0
7.5959969 1.9067869 0.51337302 1.0
7.3096471 1.9305203 0.52282798 1.0
6.8455601 1.9260607 0.54392159 1.0
6.7209082 1.9770746 0.54224265 1.0
5.7613602 1.7968394 0.60941023 1.0
5.6579747 1.7972116 0.61382973 1.0
5.4257555 1.7968931 0.62387276 1.0
5.3705177 1.7991959 0.62590939 1.0
5.145071 1.896594 0.62136251 1.0
4.5597439 1.8281482 0.65574938 1.0
4.5686688 1.9854751 0.63183141 1.0
4.5668836 2.1072652 0.6133852 1.0
5.1507516 2.4865818 0.53235018 1.0
4.8270011 2.4320796 0.55315924 1.0
4.7654943 2.4309158 0.55565745 1.0
1.245446 -3.5645049 1.3604984 1.0
0.55618209 2.7387655 0.91164315 1.0
-4.9189057 -3.6782033 1.2236311 1.0
7.0972686 -5.9306936 1.4800351 1.0
1.9595537 2.2935452 0.77213007 1.0
-8.1055098 0.63148403 -0.36384305 1.0
-8.0619841 0.33717418 -0.32070202 1.0
-1.2231374 -3.3564332 0.62480468 1.0
-0.72106278 -3.7150819 0.64949983 1.0
-5.3506236 2.1674008 0.27908611 1.0
-5.4414425 2.1536608 0.27248517 1.0
-5.6347399 2.1609178 0.25348228 1.0
-5.7550297 2.1649261 0.24171211 1.0
-5.8073316 2.1463852 0.23931055 1.0
-5.9911757 2.179965 0.21762191 1.0
-6.1023107 2.1899025 0.20589352 1.0
-7.0103669 2.440289 0.087442301 1.0
-6.3220949 2.2066445 0.18307479 1.0
-7.0106721 2.3707094 0.096680209 1.0
-8.1258383 2.6177974 -0.040786445 1.0
-8.1235981 2.5694673 -0.034178533 1.0
-11.336378 1.642953 -0.22245356 1.0
-11.336832 1.5812364 -0.21482219 1.0
-11.343026 0.88640732 -0.13020937 1.0
-11.413303 0.64498687 -0.10787143 1.0
-1.0545026 2.1035745 1.056982 1.0
-1.9499428 2.5114012 1.0731905 1.0
7.0975623 -4.470902 0.86492163 1.0
7.5379124 -4.1021791 0.81926125 1.0
7.1229019 -3.6646447 0.82370818 1.0
7.7429547 -3.7161255 0.78426892 1.0
-0.99694633 1.893322 0.11175424 1.0
7.041203 -4.7670064 0.88147199 1.0
0.25547504 1.9729755 0.82832158 1.0
6.4435406 -6.5632343 1.9727587 1.0
-0.43251795 -7.6525741 0.88589305 1.0
-0.10996339 -14.689331 1.0471411 1.0
-3.5848203 -2.264986 -0.0065817935 1.0
-11.656096 -1.8612653 1.0644355 1.0
-11.661269 -2.3528154 1.1551386 1.0
-11.688465 -2.8605299 1.2491053 1.0
-2.8290005 2.3566716 0.57640892 1.0
-4.0650167 1.9910694 0.69227082 1.0
-4.8660917 2.0919092 0.72557503 1.0
0.82604933 -4.6439805 0.29789343 1.0
6.6638613 -0.7221325 0.40049821 1.0
-3.3935387 -3.3877628 1.4174972 1.0
1.0324396 2.5002277 -0.29115716 1.0
-5.2880812 -1.7068053 -0.086187415 1.0
-6.326304 2.0517135 0.8226698 1.0
-3.3628113 -3.4139705 1.7522644 1.0
-3.2028177 -3.3906744 1.740983 1.0
-6.8862958 2.5739872 0.59274679 1.0
-6.8912067 2.4101882 0.61117089 1.0
4.7926974 0.64391243 -0.062023576 1.0
3.5325003 -1.918344 0.39185363 1.0
-2.2094123 2.4481676 0.94685984 1.0
-1.8758782 1.9793148 0.90806746 1.0
-2.7261121 2.0490024 1.0361202 1.0
4.5364676 -0.83863318 0.051166482 1.0
-6.1589398 -3.5384114 1.4047444 1.0
-5.3106098 0.69669551 -0.28379476 1.0
-5.9378076 1.7472359 -0.40639991 1.0
-6.5428419 1.0569515 -0.34973124 1.0
-3.5595431 2.1063325 0.59774935 1.0
0.055765968 -8.9533682 0.60157591 1.0
-4.7955289 -1.1453521 0.0033166762 1.0
-4.501472 -2.0095429 0.1137768 1.0
-3.6581113 -3.3282089 1.9616911 1.0
-2.8101909 -3.226326 1.9091104 1.0
-8.3402166 1.8598081 -0.4756926 1.0
-8.7485027 1.5619072 -0.46102658 1.0
-0.70009512 -3.9224045 1.8982496 1.0
-0.71879536 -4.3061781 1.9774315 1.0
0.73488569 -3.3823545 1.9811898 1.0
4.5901465 1.3490307 0.060929365 1.0
-2.6253829 -4.210763 0.44190779 1.0
-2.3566813 -4.3612533 0.4724583 1.0
-1.6842862 -4.1710296 0.56897449 1.0
-0.78250521 -3.2597237 0.72569573 1.0
-3.2077191 -3.7414234 0.3680732 1.0
-11.544521 -1.7778569 0.97286284 1.0
-11.563398 -2.0786905 1.0090061 1.0
-11.587222 -2.4492531 1.0536829 1.0
2.2858849 -4.5725417 1.0640906 1.0
-4.9522085 -3.3424435 1.5809976 1.0
-4.8755198 -3.3567188 1.5834374 1.0
-10.540723 -8.7476521 2.3713524 1.0
1.1636425 -3.5035002 2.1881967 1.0
-11.597939 0.64236498 -0.19424872 1.0
-8.3053532 -0.37600076 0.23479211 1.0
-11.595821 -2.0769732 0.286569 1.0
-8.1528358 1.9122808 -0.54288965 1.0
6.2694135 -6.5033598 0.91182882 1.0
6.4277968 -6.501996 0.9013297 1.0
5.9374709 -5.7094355 0.85997313 1.0
5.9196973 -5.6104774 0.85177904 1.0
5.885087 -5.5173035 0.84525317 1.0
-0.14460394 1.9856267 0.6177423 1.0
2.1518197 -4.7547278 0.68247849 1.0
-5.4380703 2.2676265 0.34380636 1.0
-5.6247182 2.0424485 0.38226113 1.0
-6.5658045 2.0087028 0.38402483 1.0
0.63749331 2.3623583 0.96039569 1.0
7.5157042 -0.92382276 0.11679129 1.0
7.2605824 -0.58233464 0.0862296 1.0
7.1474271 -0.45373288 0.076065421 1.0
3.065819 0.91450804 -0.1311201 1.0
-4.6185517 2.0645344 0.048370842 1.0
3.1310222 -7.3417497 1.4237794 1.0
2.4081643 -4.6042833 1.160274 1.0
3.7995424 -1.0747604 0.051661331 1.0
3.7700465 -0.88427079 0.035105176 1.0
3.7454021 -0.75006771 0.023186469 1.0
-6.382256 2.1649988 -0.055426374 1.0
-7.1692867 2.2521782 -0.16770592 1.0
-7.4096799 2.2017493 -0.19120125 1.0
-11.563479 1.3799452 -0.61788535 1.0
-5.0355639 -3.6258593 0.55940241 1.0
-4.9198871 -4.2811208 0.63690358 1.0
3.8117135 1.7834874 -0.17806496 1.0
7.0210052 -5.086041 1.5208714 1.0
-4.3383765 1.8979439 -0.37879038 1.0
-4.5140224 1.7309952 -0.36836389 1.0
5.660563 -3.7680757 0.68204194 1.0
5.9617147 -3.3878977 0.61316395 1.0
6.3863907 -3.4106812 0.57899261 1.0
-4.877809 -0.40196154 -0.075948074 1.0
-6.0395184 -3.3863659 0.58294404 1.0
-2.6898944 1.4166538 -0.2901696 1.0
2.7975233 -3.5743661 0.55135077 1.0
-4.9044795 0.24599312 -0.1524559 1.0
-4.8784966 -0.020679006 -0.11549201 1.0
2.2634962 -4.278367 2.3263283 1.0
2.2638791 -3.9654298 2.2523971 1.0
3.0541494 -3.3395162 2.1989098 1.0
-6.7848969 0.79110038 -0.33251339 1.0
-6.9162264 0.62843364 -0.32033294 1.0
-7.0463085 0.43624809 -0.30298886 1.0
-7.1827374 0.20120493 -0.27943206 1.0
-3.1884239 1.4315708 -0.30647075 1.0
-0.80212736 -3.2314255 1.6211804 1.0
-0.79612517 -3.3406732 1.640023 1.0
-0.95968461 -5.0846658 1.9332623 1.0
-0.96791548 -7.4926724 2.064791 1.0
0.26180041 -3.6253278 0.49062145 1.0
-4.9509687 2.1820402 -0.070890158 1.0
-5.0144114 2.1738534 -0.079519376 1.0
-5.237752 2.1459465 -0.11021379 1.0
-7.5474124 -3.2700799 0.20105012 1.0
-6.9091067 -3.273839 0.28576893 1.0
-6.8701277 -3.2820725 0.29187983 1.0
6.0364547 -5.0481815 1.2321335 1.0
0.52677441 -19.215654 2.523355 1.0
5.5535264 1.8999498 0.22259958 1.0
3.6510813 1.9338121 0.27136964 1.0
-11.515216 -1.2700756 0.91207433 1.0
0.79089648 2.2768719 -0.2729533 1.0
-7.4569216 0.20721862 -0.20559308 1.0
-7.983541 -0.54588312 -0.20878772 1.0
5.8793354 -5.1731606 1.1020087 1.0
-0.75062847 1.9460802 0.86064583 1.0
-5.0880103 -0.98843032 -0.1340494 1.0
-1.2473803 1.9818997 0.42561442 1.0
6.8175688 2.2305994 1.168388 1.0
7.3553586 2.43485 1.1938725 1.0
-4.9638572 -3.5911965 1.4234391 1.0
-3.6783762 -3.4644954 1.4100652 1.0
-1.7604049 2.5657778 0.12213589 1.0
-2.413537 1.9584411 0.21955681 1.0
2.9699471 -3.4384348 1.0412083 1.0
5.4649882 -6.3617744 1.0063133 1.0
-3.2333813 0.58219916 -0.22020601 1.0
-0.63736093 2.7464333 0.77252895 1.0
-0.83682871 2.7508852 0.76433367 1.0
1.1929264 1.8436984 -0.057704132 1.0
0.17339663 2.4162579 1.0637996 1.0
-2.7030256 -4.0154085 0.62044549 1.0
-2.708168 -5.0118051 0.60255319 1.0
6.5408292 -4.0509248 1.7096514 1.0
7.293047 1.973138 1.041803 1.0
6.5314584 1.9904994 1.019207 1.0
1.0624688 2.6094556 0.17665409 1.0
-0.38990372 -4.9672575 0.63050044 1.0
-3.1479514 2.0589099 0.2275068 1.0
-3.8203065 2.0654714 0.12414005 1.0
-2.9109333 2.1452754 0.7581827 1.0
-4.4003267 2.3797998 0.68741167 1.0
1.4841218 1.9330896 0.41057655 1.0
0.69050419 2.6488199 0.26136175 1.0
-1.4964262 2.5783095 0.22673455 1.0
-2.7501338 2.3113182 0.23790695 1.0
-4.4009748 2.3968346 0.16187607 1.0
-5.5937843 2.4268246 0.11161894 1.0
-2.8104563 2.2078688 0.37842008 1.0
-3.8029196 2.0719543 0.2814723 1.0
-5.0996971 2.5422354 0.050178718 1.0
-5.7968073 2.6282506 -0.048920851 1.0
-5.819066 2.5626748 -0.041841529 1.0
-5.9452944 2.3759587 -0.030914284 1.0
-11.410475 0.74869847 -0.51948005 1.0
-11.499985 0.4231503 -0.4918085 1.0
-7.1972289 0.12876622 0.10336214 1.0
-6.7263641 -0.12246383 0.19362812 1.0
-7.1730146 -0.34481308 0.16053501 1.0
-0.71107644 2.6436977 0.1291692 1.0
2.3107798 -4.9144263 0.98995632 1.0
3.0269101 -5.3416967 0.99344689 1.0
-2.6186717 -3.982384 0.98774081 1.0
-0.58368367 2.3694804 0.81393427 1.0
-0.72647768 2.3838522 0.81726825 1.0
-0.74180526 2.3519051 0.81631643 1.0
5.5477977 1.8481879 1.2085898 1.0
5.1339417 2.2305293 1.1399634 1.0
5.1607976 2.5233543 1.1089975 1.0
2.0316136 2.676522 0.90756279 1.0
-6.8879037 2.4408038 0.35356244 1.0
-7.0569181 2.2695169 0.36430117 1.0
-8.1392212 2.2864583 0.29571927 1.0
-4.7358055 -3.9992409 1.0655307 1.0
-11.506029 -1.6880164 0.55690646 1.0
7.0684009 -3.4658256 0.52525932 1.0
8.9043388 -3.1437354 0.31204575 1.0
8.8514929 -3.0353761 0.30205253 1.0
-2.6646149 -4.7127504 1.4682508 1.0
-5.6633077 -3.5749452 1.179992 1.0
-5.3521152 -3.5829391 1.1923127 1.0
4.3373928 2.3969829 0.57680374 1.0
4.2508864 2.3949294 0.58024275 1.0
1.4271251 1.9404469 0.7326417 1.0
1.2444695 1.9564338 0.7301662 1.0
3.1030099 1.969908 0.06492278 1.0
-1.2661914 2.0643499 0.9011879 1.0
-1.8437392 2.0868943 0.89376515 1.0
-2.1414661 2.1044962 0.89043659 1.0
-2.2177062 2.1075587 0.88978761 1.0
-0.79533583 2.1445677 0.19913851 1.0
-8.1534786 1.1243066 -0.43481827 1.0
7.7080765 -3.7966204 0.79134238 1.0
7.1307168 -4.6704369 0.87190151 1.0
1.0219077 2.1823237 -0.25897881 1.0
0.90100002 2.2410998 -0.26940063 1.0
6.236877 -5.0478101 1.5162748 1.0
-3.5929563 -4.2273388 0.37494341 1.0
-2.6604679 -4.1794796 0.49121371 1.0
4.8747983 -3.2394681 0.24605949 1.0
-1.6830889 1.9364171 0.73054248 1.0
5.4635282 -0.73407745 0.34866375 1.0
-7.5344853 -3.0722327 1.2488375 1.0
-2.6599445 -5.1746783 0.91453183 1.0
-0.21329485 -8.9836845 0.5967021 1.0
-0.13404953 -8.9725256 0.5983218 1.0
4.6376944 -1.1694877 0.078751795 1.0
-6.6816111 0.89462674 -0.33770573 1.0
2.8589468 -7.4056487 1.0633415 1.0
-11.084516 -4.8195791 1.6186805 1.0
-2.2072806 2.2173281 0.95007122 1.0
-2.3437617 1.968544 0.97757483 1.0
-8.1723661 2.3374403 0.58260965 1.0
-4.6678176 -1.5840505 0.058520898 1.0
-11.31587 -4.0147333 1.0468392 1.0
-11.327078 -4.3957634 1.1127497 1.0
-11.323787 -4.5069022 1.1321863 1.0
4.6439004 1.0697325 0.097974449 1.0
0.055453926 -3.8146405 0.80995542 1.0
5.5415578 -0.63426042 0.060060065 1.0
5.4938064 -0.53946942 0.051437955 1.0
1.3657992 2.3251834 0.30681831 1.0
1.1615393 2.3562801 0.30851999 1.0
0.12183413 1.940503 0.45418796 1.0
-3.5310884 2.6200421 1.1423901 1.0
-3.661834 2.6347013 1.1487547 1.0
-0.7229411 -6.3493905 0.38520405 1.0
-0.32704115 -6.3544383 0.39667705 1.0
-3.6137648 2.0000544 0.66476488 1.0
-6.2164922 2.4839664 0.74964851 1.0
-3.3837948 1.9700289 0.90508956 1.0
3.5071859 2.1087122 0.51624715 1.0
8.3584385 -2.1384318 0.22115237 1.0
8.2155247 -1.9113034 0.20130701 1.0
7.9620409 -1.5477512 0.17097245 1.0
7.8912544 -1.444245 0.16195425 1.0
3.076488 2.0658276 0.12243214 1.0
2.0718796 2.0337288 0.18392019 1.0
1.899206 2.0046065 0.19928646 1.0
1.9271461 2.3946264 0.10351555 1.0
-11.879711 -2.5551248 0.34683049 1.0
5.6277838 1.8342956 1.0139872 1.0
-6.3683982 2.0493286 -0.07371062 1.0
-6.2520471 1.9595342 -0.047630295 1.0
-7.4064188 2.0587504 -0.15092824 1.0
-7.2357559 1.9268694 -0.11281876 1.0
-11.462325 0.62347394 0.68715042 1.0
-11.458169 0.41893747 0.7114653 1.0
-11.467159 -0.15328009 0.77924234 1.0
7.001214 -3.545373 1.1059012 1.0
3.5206244 1.8649865 0.69098419 1.0
3.4118855 0.2763854 -0.069157876 1.0
-3.1867485 -3.3052583 0.89316171 1.0
-3.6055498 1.9167244 0.28219151 1.0
-4.7235003 2.3890376 0.15136845 1.0
3.8106661 -1.1481556 0.057635389 1.0
-7.5606213 -0.58940643 -0.13472563 1.0
-8.0078516 -1.0174969 -0.16403529 1.0
-7.9598694 -1.0691023 -0.15107027 1.0
-7.4871969 -1.4429244 -0.038422532 1.0
-2.7880774 1.3029233 -0.28177044 1.0
5.7966514 -3.8901083 1.1689802 1.0
-11.579358 -2.3826246 1.0457391 1.0
-2.9324193 1.9812746 0.96296448 1.0
5.8612928 -3.6034899 0.64683264 1.0
5.1418428 2.3725812 1.1245993 1.0
-3.6760793 2.3239758 0.41090092 1.0
-5.1217041 2.1994295 0.29600415 1.0
-5.2395158 2.1945786 0.28572845 1.0
-3.2287288 2.0184591 1.0029469 1.0
-5.141305 2.301621 0.86967427 1.0
-11.56279 -0.98232353 1.2794046 1.0
0.70075661 2.5961134 0.087645195 1.0
0.33626691 2.5680289 0.097729683 1.0
0.26953319 2.5031779 0.11525217 1.0
0.16666168 2.6078348 0.086610064 1.0
-0.36085981 2.5792301 0.086517572 1.0
-1.2399669 2.6115797 0.042060371 1.0
-1.2852856 2.5794604 0.048058212 1.0
-0.82328391 -3.264004 0.72145867 1.0
-5.1916766 -4.5289693 0.14553887 1.0
-5.5523057 2.1567721 0.26173106 1.0
-8.1377535 2.2582934 0.0053607118 1.0
-11.406055 0.80815589 -0.12680307 1.0
2.8568568 2.0132751 -0.1169635 1.0
-2.160677 2.1522841 0.1927862 1.0
-6.4266624 2.244457 0.11414504 1.0
-6.5396934 1.9859308 0.15794522 1.0
-6.6423564 1.9902331 0.15320507 1.0
6.5775185 -3.5815914 1.3910303 1.0
6.7470326 -3.5175602 1.3847485 1.0
7.2882142 -3.4982047 1.3819805 1.0
7.6044631 1.8928535 0.78793019 1.0
7.5978684 1.9312656 0.78302348 1.0
7.0440412 2.0375655 0.77397037 1.0
6.7509718 2.0187707 0.77888852 1.0
5.9203258 1.819187 0.8120321 1.0
5.5556312 1.8144794 0.81560761 1.0
-5.1700144 2.1009376 -0.092342891 1.0
-5.3783555 2.1057231 -0.12604058 1.0
-6.5439959 2.1370621 -0.3165178 1.0
-7.1353931 2.1205761 -0.4089078 1.0
2.1768432 1.8207669 -0.2070297 1.0
0.55191869 1.9749094 0.77932841 1.0
-1.8818189 2.1002624 0.60020792 1.0
-7.140903 2.0146022 0.38054195 1.0
-8.9364443 1.9045258 0.3927134 1.0
5.6899333 -5.1612267 1.2461994 1.0
6.3410654 -5.0629683 1.225533 1.0
6.5340257 -5.0806746 1.2216408 1.0
-2.5073895 2.5219166 -0.2631852 1.0
-5.0623207 2.5485644 0.053800147 1.0
-5.154613 -3.5804396 1.4198985 1.0
-3.2227178 -3.4580035 1.4133928 1.0
-5.4080019 1.9236267 -0.17384717 1.0
-6.2740722 2.1775358 -0.31894735 1.0
-7.7633305 2.3646176 -0.51641679 1.0
-1.2650653 2.4058795 0.78425992 1.0
-2.2777245 2.093049 0.78350806 1.0
-3.2452486 -3.7633514 0.23357084 1.0
-2.3111649 2.1205893 0.88821888 1.0
-0.80697685 -5.0730872 2.1342914 1.0
-4.8736868 -3.5829217 1.1731204 1.0
3.5908425 2.0471869 -0.050798699 1.0
7.0954442 2.2256517 1.1990608 1.0
-3.1292963 2.256408 0.19482069 1.0
-11.105551 -4.9442673 1.6420938 1.0
-5.0626817 2.0843933 0.73869562 1.0
-3.6205802 -3.3624401 0.6916557 1.0
-8.9961901 1.3075827 -0.43863851 1.0
-4.8774958 -0.056805018 -0.11129239 1.0
-4.879457 -0.33525771 -0.082834788 1.0
2.3059354 -4.8157725 0.98322046 1.0
5.3802085 -0.33347988 0.033327006 1.0
-6.8049254 -1.3743545 0.065738529 1.0
0.35450903 -3.6251032 0.49372286 1.0
-6.3818121 1.9503748 -0.055239357 1.0
-8.3725891 1.9456868 -0.19967838 1.0
-11.513719 -1.1866423 0.90202761 1.0
-6.9236217 -0.80832142 0.41273573 1.0
3.6506793 -0.36332747 -0.011288892 1.0
-2.6727235 -3.9358175 0.65709603 1.0
5.335516 1.8146704 0.81731373 1.0
-6.8898029 2.3865025 0.36014441 1.0
-0.49744946 -7.1902022 1.2464863 1.0
-6.473805 1.9910512 0.15952201 1.0
-6.0741935 -3.249445 1.5646811 1.0
-7.3407245 -1.3154641 0.24148881 1.0
-11.664524 1.1978416 0.50844938 1.0
-1.0357076 -7.1745534 1.7495643 1.0
8.9894066 -3.357343 0.33329031 1.0
-3.7243857 2.1917036 0.72846693 1.0
-0.7049399 -4.3106389 0.96501446 1.0
-0.41171736 -7.6451893 1.1631321 1.0
-4.9950452 -5.3309197 0.20777196 1.0
1.335992 1.9680321 0.72775763 1.0
-5.2385073 1.9941312 -0.17088561 1.0
-5.3460054 1.9525878 -0.1734062 1.0
-6.291986 2.0346572 -0.29094949 1.0
-6.7549872 -2.176398 0.89867437 1.0
1.1812137 -3.5329669 2.0498836 1.0
-0.25871912 2.6201227 0.91020423 1.0
1.8676497 2.4476662 0.2042648 1.0
-1.4616398 2.4150429 0.080723062 1.0
-11.24274 -4.8480258 1.6231917 1.0
-0.8132391 -6.3427768 0.38208914 1.0
-1.4560277 1.9943639 0.92938143 1.0
-2.6503758 -4.9788675 0.90198058 1.0
-1.3657674 2.0060756 0.57300317 1.0
7.1380997 -3.5446451 1.1009394 1.0
6.7063751 1.9254835 0.55011147 1.0
-3.760047 2.3047037 0.40608767 1.0
-11.602505 1.131858 -0.28492066 1.0
-11.290107 1.3777696 0.47760507 1.0
-0.35129923 -7.221386 1.6682847 1.0
2.2733607 -5.2338376 1.6576684 1.0
-0.74793136 -7.5493722 1.5217127 1.0
-2.8589256 2.1444879 0.75986284 1.0
-0.67414784 -4.800642 0.98475432 1.0
-0.68149322 -5.0335293 0.98325354 1.0
2.3561592 2.0026858 0.19143221 1.0
5.3037558 -0.15686321 0.014007979 1.0
-3.0621519 0.91033286 -0.24935471 1.0
-11.34414 0.92718941 -0.13525669 1.0
-11.430456 0.76840329 -0.12435268 1.0
-8.3817167 2.3073771 0.027499551 1.0
-4.7762547 -3.4079089 0.51623166 1.0
-2.2599595 2.0863202 0.57032597 1.0
-7.899457 -1.4272646 -0.10673173 1.0
-6.2576122 1.9683594 -0.27349544 1.0
-8.136095 2.3481851 0.28835252 1.0
-11.357651 1.3744693 0.20731653 1.0
-2.5420489 2.4766579 0.36339462 1.0
-2.7776785 2.4741673 0.33742312 1.0
-0.9247154 -4.5676303 1.8457515 1.0
8.2511387 -1.9672796 0.20620327 1.0
-6.7715154 -1.9551575 0.85938579 1.0
-11.322352 -4.574213 1.1439285 1.0
-11.337405 -4.67204 1.1603431 1.0
2.1454768 2.1851068 0.27455154 1.0
-2.4996197 1.8749062 -0.17761996 1.0
5.8789511 1.7812638 0.39390233 1.0
3.6796536 -0.46742353 -0.0019504727 1.0
-4.8660951 -5.9116745 0.24328919 1.0
-6.7687807 -0.60696954 -0.0030035218 1.0
7.6128387 1.8707232 0.51755542 1.0
